Copyright 1986-2022 Xilinx, Inc. All Rights Reserved. Copyright 2022-2025 Advanced Micro Devices, Inc. All Rights Reserved.
-------------------------------------------------------------------------------------------------------------------------------------------------------------------------------------------
| Tool Version      : Vivado v.2025.2 (win64) Build 6299465 Fri Nov 14 19:35:11 GMT 2025
| Date              : Fri Sep 11 23:02:30 2026
| Host              : zhangxuanhao running 64-bit major release  (build 9200)
| Command           : report_timing_summary -delay_type max -max_paths 20 -report_unconstrained -file C:/Users/zhangxuanhao/AppData/Local/Temp/b3v_a33aacd7/ooc_results/timing_summary.rpt
| Design            : cats_r4_b3_pv_32lane
| Device            : xczu15eg-ffvb1156
| Speed File        : -2  PRODUCTION 1.30 05-15-2022
| Design State      : Synthesized
| Temperature Grade : I
-------------------------------------------------------------------------------------------------------------------------------------------------------------------------------------------

Timing Summary Report

------------------------------------------------------------------------------------------------
| Timer Settings
| --------------
------------------------------------------------------------------------------------------------

  Enable Multi Corner Analysis               :  Yes
  Enable Pessimism Removal                   :  Yes
  Pessimism Removal Resolution               :  Nearest Common Node
  Enable Input Delay Default Clock           :  No
  Enable Preset / Clear Arcs                 :  No
  Disable Flight Delays                      :  No
  Ignore I/O Paths                           :  No
  Timing Early Launch at Borrowing Latches   :  No
  Borrow Time for Max Delay Exceptions       :  Yes
  Merge Timing Exceptions                    :  Yes
  Inter-SLR Compensation                     :  Conservative

  Corner  Analyze    Analyze    
  Name    Max Paths  Min Paths  
  ------  ---------  ---------  
  Slow    Yes        Yes        
  Fast    Yes        Yes        


------------------------------------------------------------------------------------------------
| Report Methodology
| ------------------
------------------------------------------------------------------------------------------------

No report available as report_methodology has not been run prior. Run report_methodology on the current design for the summary of methodology violations.



check_timing report

Table of Contents
-----------------
1. checking no_clock (0)
2. checking constant_clock (0)
3. checking pulse_width_clock (0)
4. checking unconstrained_internal_endpoints (0)
5. checking no_input_delay (0)
6. checking no_output_delay (0)
7. checking multiple_clock (0)
8. checking generated_clocks (0)
9. checking loops (0)
10. checking partial_input_delay (0)
11. checking partial_output_delay (0)
12. checking latch_loops (0)

1. checking no_clock (0)
------------------------
 There are 0 register/latch pins with no clock.


2. checking constant_clock (0)
------------------------------
 There are 0 register/latch pins with constant_clock.


3. checking pulse_width_clock (0)
---------------------------------
 There are 0 register/latch pins which need pulse_width check


4. checking unconstrained_internal_endpoints (0)
------------------------------------------------
 There are 0 pins that are not constrained for maximum delay.

 There are 0 pins that are not constrained for maximum delay due to constant clock.


5. checking no_input_delay (0)
------------------------------
 There are 0 input ports with no input delay specified.

 There are 0 input ports with no input delay but user has a false path constraint.


6. checking no_output_delay (0)
-------------------------------
 There are 0 ports with no output delay specified.

 There are 0 ports with no output delay but user has a false path constraint

 There are 0 ports with no output delay but with a timing clock defined on it or propagating through it


7. checking multiple_clock (0)
------------------------------
 There are 0 register/latch pins with multiple clocks.


8. checking generated_clocks (0)
--------------------------------
 There are 0 generated clocks that are not connected to a clock source.


9. checking loops (0)
---------------------
 There are 0 combinational loops in the design.


10. checking partial_input_delay (0)
------------------------------------
 There are 0 input ports with partial input delay specified.


11. checking partial_output_delay (0)
-------------------------------------
 There are 0 ports with partial output delay specified.


12. checking latch_loops (0)
----------------------------
 There are 0 combinational latch loops in the design through latch input



------------------------------------------------------------------------------------------------
| Design Timing Summary
| ---------------------
------------------------------------------------------------------------------------------------

    WNS(ns)      TNS(ns)  TNS Failing Endpoints  TNS Total Endpoints     WPWS(ns)     TPWS(ns)  TPWS Failing Endpoints  TPWS Total Endpoints  
    -------      -------  ---------------------  -------------------     --------     --------  ----------------------  --------------------  
      3.057        0.000                      0               142010        2.801        0.000                       0                 43804  


All user specified timing constraints are met.


------------------------------------------------------------------------------------------------
| Clock Summary
| -------------
------------------------------------------------------------------------------------------------

Clock     Waveform(ns)         Period(ns)      Frequency(MHz)
-----     ------------         ----------      --------------
core_clk  {0.000 3.333}        6.666           150.015         


------------------------------------------------------------------------------------------------
| Intra Clock Table
| -----------------
------------------------------------------------------------------------------------------------

Clock             WNS(ns)      TNS(ns)  TNS Failing Endpoints  TNS Total Endpoints     WPWS(ns)     TPWS(ns)  TPWS Failing Endpoints  TPWS Total Endpoints  
-----             -------      -------  ---------------------  -------------------     --------     --------  ----------------------  --------------------  
core_clk            3.057        0.000                      0               137176        2.801        0.000                       0                 43804  


------------------------------------------------------------------------------------------------
| Inter Clock Table
| -----------------
------------------------------------------------------------------------------------------------

From Clock    To Clock          WNS(ns)      TNS(ns)  TNS Failing Endpoints  TNS Total Endpoints  
----------    --------          -------      -------  ---------------------  -------------------  


------------------------------------------------------------------------------------------------
| Other Path Groups Table
| -----------------------
------------------------------------------------------------------------------------------------

Path Group         From Clock         To Clock               WNS(ns)      TNS(ns)  TNS Failing Endpoints  TNS Total Endpoints  
----------         ----------         --------               -------      -------  ---------------------  -------------------  
**async_default**  core_clk           core_clk                 5.130        0.000                      0                 4834  


------------------------------------------------------------------------------------------------
| User Ignored Path Table
| -----------------------
------------------------------------------------------------------------------------------------

Path Group    From Clock    To Clock    
----------    ----------    --------    


------------------------------------------------------------------------------------------------
| Unconstrained Path Table
| ------------------------
------------------------------------------------------------------------------------------------

Path Group    From Clock    To Clock    
----------    ----------    --------    


------------------------------------------------------------------------------------------------
| Timing Details
| --------------
------------------------------------------------------------------------------------------------


---------------------------------------------------------------------------------------------------
From Clock:  core_clk
  To Clock:  core_clk

Setup :            0  Failing Endpoints,  Worst Slack        3.057ns,  Total Violation        0.000ns
Hold  :           NA  Failing Endpoints,  Worst Slack           NA  ,  Total Violation           NA
PW    :            0  Failing Endpoints,  Worst Slack        2.801ns,  Total Violation        0.000ns
---------------------------------------------------------------------------------------------------


Max Delay Paths
--------------------------------------------------------------------------------------
Slack (MET) :             3.057ns  (required time - arrival time)
  Source:                 cats_r4_b3_pv_32lane/cats_r4_b3_pv_normalize_32lane/fp32_mul_ip__parameterized0__xdcDup__30/floating_point_2_HD7929/<hidden>/<hidden>/<hidden>
                            (rising edge-triggered cell FDRE clocked by core_clk  {rise@0.000ns fall@3.333ns period=6.666ns})
  Destination:            cats_r4_b3_pv_32lane/cats_r4_b3_pv_mac_32lane/fp32_add_ip__xdcDup__1/floating_point_1/<hidden>/<hidden>/<hidden>/<hidden>/<hidden>
                            (rising edge-triggered cell FDRE clocked by core_clk  {rise@0.000ns fall@3.333ns period=6.666ns})
  Path Group:             core_clk
  Path Type:              Setup (Max at Slow Process Corner)
  Requirement:            6.666ns  (core_clk rise@6.666ns - core_clk rise@0.000ns)
  Data Path Delay:        3.500ns  (logic 0.832ns (23.771%)  route 2.668ns (76.229%))
  Logic Levels:           10  (LUT2=2 LUT3=1 LUT4=1 LUT5=1 LUT6=5)
  Clock Uncertainty:      0.035ns  ((TSJ^2 + TIJ^2)^1/2 + DJ) / 2 + PE
    Total System Jitter     (TSJ):    0.071ns
    Total Input Jitter      (TIJ):    0.000ns
    Discrete Jitter          (DJ):    0.000ns
    Phase Error              (PE):    0.000ns

    Location             Delay type                Incr(ns)  Path(ns)    Netlist Resource(s)
  -------------------------------------------------------------------    -------------------
                         (clock core_clk rise edge)
                                                      0.000     0.000 r  
                                                      0.000     0.000 r  clk (IN)
                         net (fo=44667, unset)        0.000     0.000    cats_r4_b3_pv_32lane/cats_r4_b3_pv_normalize_32lane/fp32_mul_ip__parameterized0__xdcDup__30/floating_point_2_HD7929/<hidden>/<hidden>/<hidden>
                         FDRE                                         r  cats_r4_b3_pv_32lane/cats_r4_b3_pv_normalize_32lane/fp32_mul_ip__parameterized0__xdcDup__30/floating_point_2_HD7929/<hidden>/<hidden>/<hidden>
  -------------------------------------------------------------------    -------------------
                         FDRE (Prop_FDRE_C_Q)         0.077     0.077 r  cats_r4_b3_pv_32lane/cats_r4_b3_pv_normalize_32lane/fp32_mul_ip__parameterized0__xdcDup__30/floating_point_2_HD7929/<hidden>/<hidden>/<hidden>
                         net (fo=5, unplaced)         0.173     0.250    u_normalize/mul_a_ready[29]
                         LUT6 (Prop_LUT6_I0_O)        0.150     0.400 f  u_normalize/norm_ready_INST_0_i_7/O
                         net (fo=1, unplaced)         0.144     0.544    u_normalize/norm_ready_INST_0_i_7_n_0
                         LUT5 (Prop_LUT5_I0_O)        0.125     0.669 f  u_normalize/norm_ready_INST_0_i_1/O
                         net (fo=4, unplaced)         0.164     0.833    u_normalize/norm_ready_INST_0_i_1_n_0
                         LUT6 (Prop_LUT6_I0_O)        0.150     0.983 r  u_normalize/norm_ready_INST_0/O
                         net (fo=15, unplaced)        0.275     1.258    u_controller/norm_ready
                         LUT2 (Prop_LUT2_I0_O)        0.070     1.328 r  u_controller/mac_rsp_ready_INST_0/O
                         net (fo=2, unplaced)         0.232     1.560    u_mac/mac_rsp_ready
                         LUT6 (Prop_LUT6_I5_O)        0.038     1.598 r  u_mac/mac_rsp_context_tag[3]_i_4/O
                         net (fo=1, unplaced)         0.232     1.830    u_mac/mac_rsp_context_tag[3]_i_4_n_0
                         LUT4 (Prop_LUT4_I0_O)        0.038     1.868 r  u_mac/mac_rsp_context_tag[3]_i_2/O
                         net (fo=3, unplaced)         0.238     2.106    u_mac/mac_rsp_context_tag[3]_i_2_n_0
                         LUT6 (Prop_LUT6_I5_O)        0.038     2.144 r  u_mac/mac_rsp_valid_i_3/O
                         net (fo=22, unplaced)        0.283     2.427    u_mac/add_commit_fire
                         LUT6 (Prop_LUT6_I5_O)        0.038     2.465 r  u_mac/GEN_PV_LANE[0].u_add_i_34/O
                         net (fo=32, unplaced)        0.292     2.757    cats_r4_b3_pv_32lane/cats_r4_b3_pv_mac_32lane/fp32_add_ip__xdcDup__1/floating_point_1/<hidden>/<hidden>/<hidden>
                         LUT3 (Prop_LUT3_I1_O)        0.038     2.795 r  cats_r4_b3_pv_32lane/cats_r4_b3_pv_mac_32lane/fp32_add_ip__xdcDup__1/floating_point_1/<hidden>/<hidden>/<hidden>
                         net (fo=369, unplaced)       0.347     3.142    cats_r4_b3_pv_32lane/cats_r4_b3_pv_mac_32lane/fp32_add_ip__xdcDup__1/floating_point_1/<hidden>/<hidden>/<hidden>/<hidden>/<hidden>/<hidden>/<hidden>
                         LUT2 (Prop_LUT2_I1_O)        0.070     3.212 r  cats_r4_b3_pv_32lane/cats_r4_b3_pv_mac_32lane/fp32_add_ip__xdcDup__1/floating_point_1/<hidden>/<hidden>/<hidden>/<hidden>/<hidden>/<hidden>/<hidden>
                         net (fo=22, unplaced)        0.288     3.500    cats_r4_b3_pv_32lane/cats_r4_b3_pv_mac_32lane/fp32_add_ip__xdcDup__1/floating_point_1/<hidden>/<hidden>/<hidden>/<hidden>/<hidden>
                         FDRE                                         r  cats_r4_b3_pv_32lane/cats_r4_b3_pv_mac_32lane/fp32_add_ip__xdcDup__1/floating_point_1/<hidden>/<hidden>/<hidden>/<hidden>/<hidden>
  -------------------------------------------------------------------    -------------------

                         (clock core_clk rise edge)
                                                      6.666     6.666 r  
                                                      0.000     6.666 r  clk (IN)
                         net (fo=44667, unset)        0.000     6.666    cats_r4_b3_pv_32lane/cats_r4_b3_pv_mac_32lane/fp32_add_ip__xdcDup__1/floating_point_1/<hidden>/<hidden>/<hidden>/<hidden>/<hidden>
                         FDRE                                         r  cats_r4_b3_pv_32lane/cats_r4_b3_pv_mac_32lane/fp32_add_ip__xdcDup__1/floating_point_1/<hidden>/<hidden>/<hidden>/<hidden>/<hidden>
                         clock pessimism              0.000     6.666    
                         clock uncertainty           -0.035     6.631    
                         FDRE (Setup_FDRE_C_R)       -0.074     6.557    cats_r4_b3_pv_32lane/cats_r4_b3_pv_mac_32lane/fp32_add_ip__xdcDup__1/floating_point_1/<hidden>/<hidden>/<hidden>/<hidden>/<hidden>
  -------------------------------------------------------------------
                         required time                          6.557    
                         arrival time                          -3.500    
  -------------------------------------------------------------------
                         slack                                  3.057    

Slack (MET) :             3.057ns  (required time - arrival time)
  Source:                 cats_r4_b3_pv_32lane/cats_r4_b3_pv_normalize_32lane/fp32_mul_ip__parameterized0__xdcDup__30/floating_point_2_HD7929/<hidden>/<hidden>/<hidden>
                            (rising edge-triggered cell FDRE clocked by core_clk  {rise@0.000ns fall@3.333ns period=6.666ns})
  Destination:            cats_r4_b3_pv_32lane/cats_r4_b3_pv_mac_32lane/fp32_add_ip__xdcDup__1/floating_point_1/<hidden>/<hidden>/<hidden>/<hidden>/<hidden>
                            (rising edge-triggered cell FDRE clocked by core_clk  {rise@0.000ns fall@3.333ns period=6.666ns})
  Path Group:             core_clk
  Path Type:              Setup (Max at Slow Process Corner)
  Requirement:            6.666ns  (core_clk rise@6.666ns - core_clk rise@0.000ns)
  Data Path Delay:        3.500ns  (logic 0.832ns (23.771%)  route 2.668ns (76.229%))
  Logic Levels:           10  (LUT2=2 LUT3=1 LUT4=1 LUT5=1 LUT6=5)
  Clock Uncertainty:      0.035ns  ((TSJ^2 + TIJ^2)^1/2 + DJ) / 2 + PE
    Total System Jitter     (TSJ):    0.071ns
    Total Input Jitter      (TIJ):    0.000ns
    Discrete Jitter          (DJ):    0.000ns
    Phase Error              (PE):    0.000ns

    Location             Delay type                Incr(ns)  Path(ns)    Netlist Resource(s)
  -------------------------------------------------------------------    -------------------
                         (clock core_clk rise edge)
                                                      0.000     0.000 r  
                                                      0.000     0.000 r  clk (IN)
                         net (fo=44667, unset)        0.000     0.000    cats_r4_b3_pv_32lane/cats_r4_b3_pv_normalize_32lane/fp32_mul_ip__parameterized0__xdcDup__30/floating_point_2_HD7929/<hidden>/<hidden>/<hidden>
                         FDRE                                         r  cats_r4_b3_pv_32lane/cats_r4_b3_pv_normalize_32lane/fp32_mul_ip__parameterized0__xdcDup__30/floating_point_2_HD7929/<hidden>/<hidden>/<hidden>
  -------------------------------------------------------------------    -------------------
                         FDRE (Prop_FDRE_C_Q)         0.077     0.077 r  cats_r4_b3_pv_32lane/cats_r4_b3_pv_normalize_32lane/fp32_mul_ip__parameterized0__xdcDup__30/floating_point_2_HD7929/<hidden>/<hidden>/<hidden>
                         net (fo=5, unplaced)         0.173     0.250    u_normalize/mul_a_ready[29]
                         LUT6 (Prop_LUT6_I0_O)        0.150     0.400 f  u_normalize/norm_ready_INST_0_i_7/O
                         net (fo=1, unplaced)         0.144     0.544    u_normalize/norm_ready_INST_0_i_7_n_0
                         LUT5 (Prop_LUT5_I0_O)        0.125     0.669 f  u_normalize/norm_ready_INST_0_i_1/O
                         net (fo=4, unplaced)         0.164     0.833    u_normalize/norm_ready_INST_0_i_1_n_0
                         LUT6 (Prop_LUT6_I0_O)        0.150     0.983 r  u_normalize/norm_ready_INST_0/O
                         net (fo=15, unplaced)        0.275     1.258    u_controller/norm_ready
                         LUT2 (Prop_LUT2_I0_O)        0.070     1.328 r  u_controller/mac_rsp_ready_INST_0/O
                         net (fo=2, unplaced)         0.232     1.560    u_mac/mac_rsp_ready
                         LUT6 (Prop_LUT6_I5_O)        0.038     1.598 r  u_mac/mac_rsp_context_tag[3]_i_4/O
                         net (fo=1, unplaced)         0.232     1.830    u_mac/mac_rsp_context_tag[3]_i_4_n_0
                         LUT4 (Prop_LUT4_I0_O)        0.038     1.868 r  u_mac/mac_rsp_context_tag[3]_i_2/O
                         net (fo=3, unplaced)         0.238     2.106    u_mac/mac_rsp_context_tag[3]_i_2_n_0
                         LUT6 (Prop_LUT6_I5_O)        0.038     2.144 r  u_mac/mac_rsp_valid_i_3/O
                         net (fo=22, unplaced)        0.283     2.427    u_mac/add_commit_fire
                         LUT6 (Prop_LUT6_I5_O)        0.038     2.465 r  u_mac/GEN_PV_LANE[0].u_add_i_34/O
                         net (fo=32, unplaced)        0.292     2.757    cats_r4_b3_pv_32lane/cats_r4_b3_pv_mac_32lane/fp32_add_ip__xdcDup__1/floating_point_1/<hidden>/<hidden>/<hidden>
                         LUT3 (Prop_LUT3_I1_O)        0.038     2.795 r  cats_r4_b3_pv_32lane/cats_r4_b3_pv_mac_32lane/fp32_add_ip__xdcDup__1/floating_point_1/<hidden>/<hidden>/<hidden>
                         net (fo=369, unplaced)       0.347     3.142    cats_r4_b3_pv_32lane/cats_r4_b3_pv_mac_32lane/fp32_add_ip__xdcDup__1/floating_point_1/<hidden>/<hidden>/<hidden>/<hidden>/<hidden>/<hidden>/<hidden>
                         LUT2 (Prop_LUT2_I1_O)        0.070     3.212 r  cats_r4_b3_pv_32lane/cats_r4_b3_pv_mac_32lane/fp32_add_ip__xdcDup__1/floating_point_1/<hidden>/<hidden>/<hidden>/<hidden>/<hidden>/<hidden>/<hidden>
                         net (fo=22, unplaced)        0.288     3.500    cats_r4_b3_pv_32lane/cats_r4_b3_pv_mac_32lane/fp32_add_ip__xdcDup__1/floating_point_1/<hidden>/<hidden>/<hidden>/<hidden>/<hidden>
                         FDRE                                         r  cats_r4_b3_pv_32lane/cats_r4_b3_pv_mac_32lane/fp32_add_ip__xdcDup__1/floating_point_1/<hidden>/<hidden>/<hidden>/<hidden>/<hidden>
  -------------------------------------------------------------------    -------------------

                         (clock core_clk rise edge)
                                                      6.666     6.666 r  
                                                      0.000     6.666 r  clk (IN)
                         net (fo=44667, unset)        0.000     6.666    cats_r4_b3_pv_32lane/cats_r4_b3_pv_mac_32lane/fp32_add_ip__xdcDup__1/floating_point_1/<hidden>/<hidden>/<hidden>/<hidden>/<hidden>
                         FDRE                                         r  cats_r4_b3_pv_32lane/cats_r4_b3_pv_mac_32lane/fp32_add_ip__xdcDup__1/floating_point_1/<hidden>/<hidden>/<hidden>/<hidden>/<hidden>
                         clock pessimism              0.000     6.666    
                         clock uncertainty           -0.035     6.631    
                         FDRE (Setup_FDRE_C_R)       -0.074     6.557    cats_r4_b3_pv_32lane/cats_r4_b3_pv_mac_32lane/fp32_add_ip__xdcDup__1/floating_point_1/<hidden>/<hidden>/<hidden>/<hidden>/<hidden>
  -------------------------------------------------------------------
                         required time                          6.557    
                         arrival time                          -3.500    
  -------------------------------------------------------------------
                         slack                                  3.057    

Slack (MET) :             3.057ns  (required time - arrival time)
  Source:                 cats_r4_b3_pv_32lane/cats_r4_b3_pv_normalize_32lane/fp32_mul_ip__parameterized0__xdcDup__30/floating_point_2_HD7929/<hidden>/<hidden>/<hidden>
                            (rising edge-triggered cell FDRE clocked by core_clk  {rise@0.000ns fall@3.333ns period=6.666ns})
  Destination:            cats_r4_b3_pv_32lane/cats_r4_b3_pv_mac_32lane/fp32_add_ip__xdcDup__1/floating_point_1/<hidden>/<hidden>/<hidden>/<hidden>/<hidden>
                            (rising edge-triggered cell FDRE clocked by core_clk  {rise@0.000ns fall@3.333ns period=6.666ns})
  Path Group:             core_clk
  Path Type:              Setup (Max at Slow Process Corner)
  Requirement:            6.666ns  (core_clk rise@6.666ns - core_clk rise@0.000ns)
  Data Path Delay:        3.500ns  (logic 0.832ns (23.771%)  route 2.668ns (76.229%))
  Logic Levels:           10  (LUT2=2 LUT3=1 LUT4=1 LUT5=1 LUT6=5)
  Clock Uncertainty:      0.035ns  ((TSJ^2 + TIJ^2)^1/2 + DJ) / 2 + PE
    Total System Jitter     (TSJ):    0.071ns
    Total Input Jitter      (TIJ):    0.000ns
    Discrete Jitter          (DJ):    0.000ns
    Phase Error              (PE):    0.000ns

    Location             Delay type                Incr(ns)  Path(ns)    Netlist Resource(s)
  -------------------------------------------------------------------    -------------------
                         (clock core_clk rise edge)
                                                      0.000     0.000 r  
                                                      0.000     0.000 r  clk (IN)
                         net (fo=44667, unset)        0.000     0.000    cats_r4_b3_pv_32lane/cats_r4_b3_pv_normalize_32lane/fp32_mul_ip__parameterized0__xdcDup__30/floating_point_2_HD7929/<hidden>/<hidden>/<hidden>
                         FDRE                                         r  cats_r4_b3_pv_32lane/cats_r4_b3_pv_normalize_32lane/fp32_mul_ip__parameterized0__xdcDup__30/floating_point_2_HD7929/<hidden>/<hidden>/<hidden>
  -------------------------------------------------------------------    -------------------
                         FDRE (Prop_FDRE_C_Q)         0.077     0.077 r  cats_r4_b3_pv_32lane/cats_r4_b3_pv_normalize_32lane/fp32_mul_ip__parameterized0__xdcDup__30/floating_point_2_HD7929/<hidden>/<hidden>/<hidden>
                         net (fo=5, unplaced)         0.173     0.250    u_normalize/mul_a_ready[29]
                         LUT6 (Prop_LUT6_I0_O)        0.150     0.400 f  u_normalize/norm_ready_INST_0_i_7/O
                         net (fo=1, unplaced)         0.144     0.544    u_normalize/norm_ready_INST_0_i_7_n_0
                         LUT5 (Prop_LUT5_I0_O)        0.125     0.669 f  u_normalize/norm_ready_INST_0_i_1/O
                         net (fo=4, unplaced)         0.164     0.833    u_normalize/norm_ready_INST_0_i_1_n_0
                         LUT6 (Prop_LUT6_I0_O)        0.150     0.983 r  u_normalize/norm_ready_INST_0/O
                         net (fo=15, unplaced)        0.275     1.258    u_controller/norm_ready
                         LUT2 (Prop_LUT2_I0_O)        0.070     1.328 r  u_controller/mac_rsp_ready_INST_0/O
                         net (fo=2, unplaced)         0.232     1.560    u_mac/mac_rsp_ready
                         LUT6 (Prop_LUT6_I5_O)        0.038     1.598 r  u_mac/mac_rsp_context_tag[3]_i_4/O
                         net (fo=1, unplaced)         0.232     1.830    u_mac/mac_rsp_context_tag[3]_i_4_n_0
                         LUT4 (Prop_LUT4_I0_O)        0.038     1.868 r  u_mac/mac_rsp_context_tag[3]_i_2/O
                         net (fo=3, unplaced)         0.238     2.106    u_mac/mac_rsp_context_tag[3]_i_2_n_0
                         LUT6 (Prop_LUT6_I5_O)        0.038     2.144 r  u_mac/mac_rsp_valid_i_3/O
                         net (fo=22, unplaced)        0.283     2.427    u_mac/add_commit_fire
                         LUT6 (Prop_LUT6_I5_O)        0.038     2.465 r  u_mac/GEN_PV_LANE[0].u_add_i_34/O
                         net (fo=32, unplaced)        0.292     2.757    cats_r4_b3_pv_32lane/cats_r4_b3_pv_mac_32lane/fp32_add_ip__xdcDup__1/floating_point_1/<hidden>/<hidden>/<hidden>
                         LUT3 (Prop_LUT3_I1_O)        0.038     2.795 r  cats_r4_b3_pv_32lane/cats_r4_b3_pv_mac_32lane/fp32_add_ip__xdcDup__1/floating_point_1/<hidden>/<hidden>/<hidden>
                         net (fo=369, unplaced)       0.347     3.142    cats_r4_b3_pv_32lane/cats_r4_b3_pv_mac_32lane/fp32_add_ip__xdcDup__1/floating_point_1/<hidden>/<hidden>/<hidden>/<hidden>/<hidden>/<hidden>/<hidden>
                         LUT2 (Prop_LUT2_I1_O)        0.070     3.212 r  cats_r4_b3_pv_32lane/cats_r4_b3_pv_mac_32lane/fp32_add_ip__xdcDup__1/floating_point_1/<hidden>/<hidden>/<hidden>/<hidden>/<hidden>/<hidden>/<hidden>
                         net (fo=22, unplaced)        0.288     3.500    cats_r4_b3_pv_32lane/cats_r4_b3_pv_mac_32lane/fp32_add_ip__xdcDup__1/floating_point_1/<hidden>/<hidden>/<hidden>/<hidden>/<hidden>
                         FDRE                                         r  cats_r4_b3_pv_32lane/cats_r4_b3_pv_mac_32lane/fp32_add_ip__xdcDup__1/floating_point_1/<hidden>/<hidden>/<hidden>/<hidden>/<hidden>
  -------------------------------------------------------------------    -------------------

                         (clock core_clk rise edge)
                                                      6.666     6.666 r  
                                                      0.000     6.666 r  clk (IN)
                         net (fo=44667, unset)        0.000     6.666    cats_r4_b3_pv_32lane/cats_r4_b3_pv_mac_32lane/fp32_add_ip__xdcDup__1/floating_point_1/<hidden>/<hidden>/<hidden>/<hidden>/<hidden>
                         FDRE                                         r  cats_r4_b3_pv_32lane/cats_r4_b3_pv_mac_32lane/fp32_add_ip__xdcDup__1/floating_point_1/<hidden>/<hidden>/<hidden>/<hidden>/<hidden>
                         clock pessimism              0.000     6.666    
                         clock uncertainty           -0.035     6.631    
                         FDRE (Setup_FDRE_C_R)       -0.074     6.557    cats_r4_b3_pv_32lane/cats_r4_b3_pv_mac_32lane/fp32_add_ip__xdcDup__1/floating_point_1/<hidden>/<hidden>/<hidden>/<hidden>/<hidden>
  -------------------------------------------------------------------
                         required time                          6.557    
                         arrival time                          -3.500    
  -------------------------------------------------------------------
                         slack                                  3.057    

Slack (MET) :             3.057ns  (required time - arrival time)
  Source:                 cats_r4_b3_pv_32lane/cats_r4_b3_pv_normalize_32lane/fp32_mul_ip__parameterized0__xdcDup__30/floating_point_2_HD7929/<hidden>/<hidden>/<hidden>
                            (rising edge-triggered cell FDRE clocked by core_clk  {rise@0.000ns fall@3.333ns period=6.666ns})
  Destination:            cats_r4_b3_pv_32lane/cats_r4_b3_pv_mac_32lane/fp32_add_ip__xdcDup__1/floating_point_1/<hidden>/<hidden>/<hidden>/<hidden>/<hidden>
                            (rising edge-triggered cell FDRE clocked by core_clk  {rise@0.000ns fall@3.333ns period=6.666ns})
  Path Group:             core_clk
  Path Type:              Setup (Max at Slow Process Corner)
  Requirement:            6.666ns  (core_clk rise@6.666ns - core_clk rise@0.000ns)
  Data Path Delay:        3.500ns  (logic 0.832ns (23.771%)  route 2.668ns (76.229%))
  Logic Levels:           10  (LUT2=2 LUT3=1 LUT4=1 LUT5=1 LUT6=5)
  Clock Uncertainty:      0.035ns  ((TSJ^2 + TIJ^2)^1/2 + DJ) / 2 + PE
    Total System Jitter     (TSJ):    0.071ns
    Total Input Jitter      (TIJ):    0.000ns
    Discrete Jitter          (DJ):    0.000ns
    Phase Error              (PE):    0.000ns

    Location             Delay type                Incr(ns)  Path(ns)    Netlist Resource(s)
  -------------------------------------------------------------------    -------------------
                         (clock core_clk rise edge)
                                                      0.000     0.000 r  
                                                      0.000     0.000 r  clk (IN)
                         net (fo=44667, unset)        0.000     0.000    cats_r4_b3_pv_32lane/cats_r4_b3_pv_normalize_32lane/fp32_mul_ip__parameterized0__xdcDup__30/floating_point_2_HD7929/<hidden>/<hidden>/<hidden>
                         FDRE                                         r  cats_r4_b3_pv_32lane/cats_r4_b3_pv_normalize_32lane/fp32_mul_ip__parameterized0__xdcDup__30/floating_point_2_HD7929/<hidden>/<hidden>/<hidden>
  -------------------------------------------------------------------    -------------------
                         FDRE (Prop_FDRE_C_Q)         0.077     0.077 r  cats_r4_b3_pv_32lane/cats_r4_b3_pv_normalize_32lane/fp32_mul_ip__parameterized0__xdcDup__30/floating_point_2_HD7929/<hidden>/<hidden>/<hidden>
                         net (fo=5, unplaced)         0.173     0.250    u_normalize/mul_a_ready[29]
                         LUT6 (Prop_LUT6_I0_O)        0.150     0.400 f  u_normalize/norm_ready_INST_0_i_7/O
                         net (fo=1, unplaced)         0.144     0.544    u_normalize/norm_ready_INST_0_i_7_n_0
                         LUT5 (Prop_LUT5_I0_O)        0.125     0.669 f  u_normalize/norm_ready_INST_0_i_1/O
                         net (fo=4, unplaced)         0.164     0.833    u_normalize/norm_ready_INST_0_i_1_n_0
                         LUT6 (Prop_LUT6_I0_O)        0.150     0.983 r  u_normalize/norm_ready_INST_0/O
                         net (fo=15, unplaced)        0.275     1.258    u_controller/norm_ready
                         LUT2 (Prop_LUT2_I0_O)        0.070     1.328 r  u_controller/mac_rsp_ready_INST_0/O
                         net (fo=2, unplaced)         0.232     1.560    u_mac/mac_rsp_ready
                         LUT6 (Prop_LUT6_I5_O)        0.038     1.598 r  u_mac/mac_rsp_context_tag[3]_i_4/O
                         net (fo=1, unplaced)         0.232     1.830    u_mac/mac_rsp_context_tag[3]_i_4_n_0
                         LUT4 (Prop_LUT4_I0_O)        0.038     1.868 r  u_mac/mac_rsp_context_tag[3]_i_2/O
                         net (fo=3, unplaced)         0.238     2.106    u_mac/mac_rsp_context_tag[3]_i_2_n_0
                         LUT6 (Prop_LUT6_I5_O)        0.038     2.144 r  u_mac/mac_rsp_valid_i_3/O
                         net (fo=22, unplaced)        0.283     2.427    u_mac/add_commit_fire
                         LUT6 (Prop_LUT6_I5_O)        0.038     2.465 r  u_mac/GEN_PV_LANE[0].u_add_i_34/O
                         net (fo=32, unplaced)        0.292     2.757    cats_r4_b3_pv_32lane/cats_r4_b3_pv_mac_32lane/fp32_add_ip__xdcDup__1/floating_point_1/<hidden>/<hidden>/<hidden>
                         LUT3 (Prop_LUT3_I1_O)        0.038     2.795 r  cats_r4_b3_pv_32lane/cats_r4_b3_pv_mac_32lane/fp32_add_ip__xdcDup__1/floating_point_1/<hidden>/<hidden>/<hidden>
                         net (fo=369, unplaced)       0.347     3.142    cats_r4_b3_pv_32lane/cats_r4_b3_pv_mac_32lane/fp32_add_ip__xdcDup__1/floating_point_1/<hidden>/<hidden>/<hidden>/<hidden>/<hidden>/<hidden>/<hidden>
                         LUT2 (Prop_LUT2_I1_O)        0.070     3.212 r  cats_r4_b3_pv_32lane/cats_r4_b3_pv_mac_32lane/fp32_add_ip__xdcDup__1/floating_point_1/<hidden>/<hidden>/<hidden>/<hidden>/<hidden>/<hidden>/<hidden>
                         net (fo=22, unplaced)        0.288     3.500    cats_r4_b3_pv_32lane/cats_r4_b3_pv_mac_32lane/fp32_add_ip__xdcDup__1/floating_point_1/<hidden>/<hidden>/<hidden>/<hidden>/<hidden>
                         FDRE                                         r  cats_r4_b3_pv_32lane/cats_r4_b3_pv_mac_32lane/fp32_add_ip__xdcDup__1/floating_point_1/<hidden>/<hidden>/<hidden>/<hidden>/<hidden>
  -------------------------------------------------------------------    -------------------

                         (clock core_clk rise edge)
                                                      6.666     6.666 r  
                                                      0.000     6.666 r  clk (IN)
                         net (fo=44667, unset)        0.000     6.666    cats_r4_b3_pv_32lane/cats_r4_b3_pv_mac_32lane/fp32_add_ip__xdcDup__1/floating_point_1/<hidden>/<hidden>/<hidden>/<hidden>/<hidden>
                         FDRE                                         r  cats_r4_b3_pv_32lane/cats_r4_b3_pv_mac_32lane/fp32_add_ip__xdcDup__1/floating_point_1/<hidden>/<hidden>/<hidden>/<hidden>/<hidden>
                         clock pessimism              0.000     6.666    
                         clock uncertainty           -0.035     6.631    
                         FDRE (Setup_FDRE_C_R)       -0.074     6.557    cats_r4_b3_pv_32lane/cats_r4_b3_pv_mac_32lane/fp32_add_ip__xdcDup__1/floating_point_1/<hidden>/<hidden>/<hidden>/<hidden>/<hidden>
  -------------------------------------------------------------------
                         required time                          6.557    
                         arrival time                          -3.500    
  -------------------------------------------------------------------
                         slack                                  3.057    

Slack (MET) :             3.057ns  (required time - arrival time)
  Source:                 cats_r4_b3_pv_32lane/cats_r4_b3_pv_normalize_32lane/fp32_mul_ip__parameterized0__xdcDup__30/floating_point_2_HD7929/<hidden>/<hidden>/<hidden>
                            (rising edge-triggered cell FDRE clocked by core_clk  {rise@0.000ns fall@3.333ns period=6.666ns})
  Destination:            cats_r4_b3_pv_32lane/cats_r4_b3_pv_mac_32lane/fp32_add_ip__xdcDup__1/floating_point_1/<hidden>/<hidden>/<hidden>/<hidden>/<hidden>
                            (rising edge-triggered cell FDRE clocked by core_clk  {rise@0.000ns fall@3.333ns period=6.666ns})
  Path Group:             core_clk
  Path Type:              Setup (Max at Slow Process Corner)
  Requirement:            6.666ns  (core_clk rise@6.666ns - core_clk rise@0.000ns)
  Data Path Delay:        3.500ns  (logic 0.832ns (23.771%)  route 2.668ns (76.229%))
  Logic Levels:           10  (LUT2=2 LUT3=1 LUT4=1 LUT5=1 LUT6=5)
  Clock Uncertainty:      0.035ns  ((TSJ^2 + TIJ^2)^1/2 + DJ) / 2 + PE
    Total System Jitter     (TSJ):    0.071ns
    Total Input Jitter      (TIJ):    0.000ns
    Discrete Jitter          (DJ):    0.000ns
    Phase Error              (PE):    0.000ns

    Location             Delay type                Incr(ns)  Path(ns)    Netlist Resource(s)
  -------------------------------------------------------------------    -------------------
                         (clock core_clk rise edge)
                                                      0.000     0.000 r  
                                                      0.000     0.000 r  clk (IN)
                         net (fo=44667, unset)        0.000     0.000    cats_r4_b3_pv_32lane/cats_r4_b3_pv_normalize_32lane/fp32_mul_ip__parameterized0__xdcDup__30/floating_point_2_HD7929/<hidden>/<hidden>/<hidden>
                         FDRE                                         r  cats_r4_b3_pv_32lane/cats_r4_b3_pv_normalize_32lane/fp32_mul_ip__parameterized0__xdcDup__30/floating_point_2_HD7929/<hidden>/<hidden>/<hidden>
  -------------------------------------------------------------------    -------------------
                         FDRE (Prop_FDRE_C_Q)         0.077     0.077 r  cats_r4_b3_pv_32lane/cats_r4_b3_pv_normalize_32lane/fp32_mul_ip__parameterized0__xdcDup__30/floating_point_2_HD7929/<hidden>/<hidden>/<hidden>
                         net (fo=5, unplaced)         0.173     0.250    u_normalize/mul_a_ready[29]
                         LUT6 (Prop_LUT6_I0_O)        0.150     0.400 f  u_normalize/norm_ready_INST_0_i_7/O
                         net (fo=1, unplaced)         0.144     0.544    u_normalize/norm_ready_INST_0_i_7_n_0
                         LUT5 (Prop_LUT5_I0_O)        0.125     0.669 f  u_normalize/norm_ready_INST_0_i_1/O
                         net (fo=4, unplaced)         0.164     0.833    u_normalize/norm_ready_INST_0_i_1_n_0
                         LUT6 (Prop_LUT6_I0_O)        0.150     0.983 r  u_normalize/norm_ready_INST_0/O
                         net (fo=15, unplaced)        0.275     1.258    u_controller/norm_ready
                         LUT2 (Prop_LUT2_I0_O)        0.070     1.328 r  u_controller/mac_rsp_ready_INST_0/O
                         net (fo=2, unplaced)         0.232     1.560    u_mac/mac_rsp_ready
                         LUT6 (Prop_LUT6_I5_O)        0.038     1.598 r  u_mac/mac_rsp_context_tag[3]_i_4/O
                         net (fo=1, unplaced)         0.232     1.830    u_mac/mac_rsp_context_tag[3]_i_4_n_0
                         LUT4 (Prop_LUT4_I0_O)        0.038     1.868 r  u_mac/mac_rsp_context_tag[3]_i_2/O
                         net (fo=3, unplaced)         0.238     2.106    u_mac/mac_rsp_context_tag[3]_i_2_n_0
                         LUT6 (Prop_LUT6_I5_O)        0.038     2.144 r  u_mac/mac_rsp_valid_i_3/O
                         net (fo=22, unplaced)        0.283     2.427    u_mac/add_commit_fire
                         LUT6 (Prop_LUT6_I5_O)        0.038     2.465 r  u_mac/GEN_PV_LANE[0].u_add_i_34/O
                         net (fo=32, unplaced)        0.292     2.757    cats_r4_b3_pv_32lane/cats_r4_b3_pv_mac_32lane/fp32_add_ip__xdcDup__1/floating_point_1/<hidden>/<hidden>/<hidden>
                         LUT3 (Prop_LUT3_I1_O)        0.038     2.795 r  cats_r4_b3_pv_32lane/cats_r4_b3_pv_mac_32lane/fp32_add_ip__xdcDup__1/floating_point_1/<hidden>/<hidden>/<hidden>
                         net (fo=369, unplaced)       0.347     3.142    cats_r4_b3_pv_32lane/cats_r4_b3_pv_mac_32lane/fp32_add_ip__xdcDup__1/floating_point_1/<hidden>/<hidden>/<hidden>/<hidden>/<hidden>/<hidden>/<hidden>
                         LUT2 (Prop_LUT2_I1_O)        0.070     3.212 r  cats_r4_b3_pv_32lane/cats_r4_b3_pv_mac_32lane/fp32_add_ip__xdcDup__1/floating_point_1/<hidden>/<hidden>/<hidden>/<hidden>/<hidden>/<hidden>/<hidden>
                         net (fo=22, unplaced)        0.288     3.500    cats_r4_b3_pv_32lane/cats_r4_b3_pv_mac_32lane/fp32_add_ip__xdcDup__1/floating_point_1/<hidden>/<hidden>/<hidden>/<hidden>/<hidden>
                         FDRE                                         r  cats_r4_b3_pv_32lane/cats_r4_b3_pv_mac_32lane/fp32_add_ip__xdcDup__1/floating_point_1/<hidden>/<hidden>/<hidden>/<hidden>/<hidden>
  -------------------------------------------------------------------    -------------------

                         (clock core_clk rise edge)
                                                      6.666     6.666 r  
                                                      0.000     6.666 r  clk (IN)
                         net (fo=44667, unset)        0.000     6.666    cats_r4_b3_pv_32lane/cats_r4_b3_pv_mac_32lane/fp32_add_ip__xdcDup__1/floating_point_1/<hidden>/<hidden>/<hidden>/<hidden>/<hidden>
                         FDRE                                         r  cats_r4_b3_pv_32lane/cats_r4_b3_pv_mac_32lane/fp32_add_ip__xdcDup__1/floating_point_1/<hidden>/<hidden>/<hidden>/<hidden>/<hidden>
                         clock pessimism              0.000     6.666    
                         clock uncertainty           -0.035     6.631    
                         FDRE (Setup_FDRE_C_R)       -0.074     6.557    cats_r4_b3_pv_32lane/cats_r4_b3_pv_mac_32lane/fp32_add_ip__xdcDup__1/floating_point_1/<hidden>/<hidden>/<hidden>/<hidden>/<hidden>
  -------------------------------------------------------------------
                         required time                          6.557    
                         arrival time                          -3.500    
  -------------------------------------------------------------------
                         slack                                  3.057    

Slack (MET) :             3.057ns  (required time - arrival time)
  Source:                 cats_r4_b3_pv_32lane/cats_r4_b3_pv_normalize_32lane/fp32_mul_ip__parameterized0__xdcDup__30/floating_point_2_HD7929/<hidden>/<hidden>/<hidden>
                            (rising edge-triggered cell FDRE clocked by core_clk  {rise@0.000ns fall@3.333ns period=6.666ns})
  Destination:            cats_r4_b3_pv_32lane/cats_r4_b3_pv_mac_32lane/fp32_add_ip__xdcDup__1/floating_point_1/<hidden>/<hidden>/<hidden>/<hidden>/<hidden>
                            (rising edge-triggered cell FDRE clocked by core_clk  {rise@0.000ns fall@3.333ns period=6.666ns})
  Path Group:             core_clk
  Path Type:              Setup (Max at Slow Process Corner)
  Requirement:            6.666ns  (core_clk rise@6.666ns - core_clk rise@0.000ns)
  Data Path Delay:        3.500ns  (logic 0.832ns (23.771%)  route 2.668ns (76.229%))
  Logic Levels:           10  (LUT2=2 LUT3=1 LUT4=1 LUT5=1 LUT6=5)
  Clock Uncertainty:      0.035ns  ((TSJ^2 + TIJ^2)^1/2 + DJ) / 2 + PE
    Total System Jitter     (TSJ):    0.071ns
    Total Input Jitter      (TIJ):    0.000ns
    Discrete Jitter          (DJ):    0.000ns
    Phase Error              (PE):    0.000ns

    Location             Delay type                Incr(ns)  Path(ns)    Netlist Resource(s)
  -------------------------------------------------------------------    -------------------
                         (clock core_clk rise edge)
                                                      0.000     0.000 r  
                                                      0.000     0.000 r  clk (IN)
                         net (fo=44667, unset)        0.000     0.000    cats_r4_b3_pv_32lane/cats_r4_b3_pv_normalize_32lane/fp32_mul_ip__parameterized0__xdcDup__30/floating_point_2_HD7929/<hidden>/<hidden>/<hidden>
                         FDRE                                         r  cats_r4_b3_pv_32lane/cats_r4_b3_pv_normalize_32lane/fp32_mul_ip__parameterized0__xdcDup__30/floating_point_2_HD7929/<hidden>/<hidden>/<hidden>
  -------------------------------------------------------------------    -------------------
                         FDRE (Prop_FDRE_C_Q)         0.077     0.077 r  cats_r4_b3_pv_32lane/cats_r4_b3_pv_normalize_32lane/fp32_mul_ip__parameterized0__xdcDup__30/floating_point_2_HD7929/<hidden>/<hidden>/<hidden>
                         net (fo=5, unplaced)         0.173     0.250    u_normalize/mul_a_ready[29]
                         LUT6 (Prop_LUT6_I0_O)        0.150     0.400 f  u_normalize/norm_ready_INST_0_i_7/O
                         net (fo=1, unplaced)         0.144     0.544    u_normalize/norm_ready_INST_0_i_7_n_0
                         LUT5 (Prop_LUT5_I0_O)        0.125     0.669 f  u_normalize/norm_ready_INST_0_i_1/O
                         net (fo=4, unplaced)         0.164     0.833    u_normalize/norm_ready_INST_0_i_1_n_0
                         LUT6 (Prop_LUT6_I0_O)        0.150     0.983 r  u_normalize/norm_ready_INST_0/O
                         net (fo=15, unplaced)        0.275     1.258    u_controller/norm_ready
                         LUT2 (Prop_LUT2_I0_O)        0.070     1.328 r  u_controller/mac_rsp_ready_INST_0/O
                         net (fo=2, unplaced)         0.232     1.560    u_mac/mac_rsp_ready
                         LUT6 (Prop_LUT6_I5_O)        0.038     1.598 r  u_mac/mac_rsp_context_tag[3]_i_4/O
                         net (fo=1, unplaced)         0.232     1.830    u_mac/mac_rsp_context_tag[3]_i_4_n_0
                         LUT4 (Prop_LUT4_I0_O)        0.038     1.868 r  u_mac/mac_rsp_context_tag[3]_i_2/O
                         net (fo=3, unplaced)         0.238     2.106    u_mac/mac_rsp_context_tag[3]_i_2_n_0
                         LUT6 (Prop_LUT6_I5_O)        0.038     2.144 r  u_mac/mac_rsp_valid_i_3/O
                         net (fo=22, unplaced)        0.283     2.427    u_mac/add_commit_fire
                         LUT6 (Prop_LUT6_I5_O)        0.038     2.465 r  u_mac/GEN_PV_LANE[0].u_add_i_34/O
                         net (fo=32, unplaced)        0.292     2.757    cats_r4_b3_pv_32lane/cats_r4_b3_pv_mac_32lane/fp32_add_ip__xdcDup__1/floating_point_1/<hidden>/<hidden>/<hidden>
                         LUT3 (Prop_LUT3_I1_O)        0.038     2.795 r  cats_r4_b3_pv_32lane/cats_r4_b3_pv_mac_32lane/fp32_add_ip__xdcDup__1/floating_point_1/<hidden>/<hidden>/<hidden>
                         net (fo=369, unplaced)       0.347     3.142    cats_r4_b3_pv_32lane/cats_r4_b3_pv_mac_32lane/fp32_add_ip__xdcDup__1/floating_point_1/<hidden>/<hidden>/<hidden>/<hidden>/<hidden>/<hidden>/<hidden>
                         LUT2 (Prop_LUT2_I1_O)        0.070     3.212 r  cats_r4_b3_pv_32lane/cats_r4_b3_pv_mac_32lane/fp32_add_ip__xdcDup__1/floating_point_1/<hidden>/<hidden>/<hidden>/<hidden>/<hidden>/<hidden>/<hidden>
                         net (fo=22, unplaced)        0.288     3.500    cats_r4_b3_pv_32lane/cats_r4_b3_pv_mac_32lane/fp32_add_ip__xdcDup__1/floating_point_1/<hidden>/<hidden>/<hidden>/<hidden>/<hidden>
                         FDRE                                         r  cats_r4_b3_pv_32lane/cats_r4_b3_pv_mac_32lane/fp32_add_ip__xdcDup__1/floating_point_1/<hidden>/<hidden>/<hidden>/<hidden>/<hidden>
  -------------------------------------------------------------------    -------------------

                         (clock core_clk rise edge)
                                                      6.666     6.666 r  
                                                      0.000     6.666 r  clk (IN)
                         net (fo=44667, unset)        0.000     6.666    cats_r4_b3_pv_32lane/cats_r4_b3_pv_mac_32lane/fp32_add_ip__xdcDup__1/floating_point_1/<hidden>/<hidden>/<hidden>/<hidden>/<hidden>
                         FDRE                                         r  cats_r4_b3_pv_32lane/cats_r4_b3_pv_mac_32lane/fp32_add_ip__xdcDup__1/floating_point_1/<hidden>/<hidden>/<hidden>/<hidden>/<hidden>
                         clock pessimism              0.000     6.666    
                         clock uncertainty           -0.035     6.631    
                         FDRE (Setup_FDRE_C_R)       -0.074     6.557    cats_r4_b3_pv_32lane/cats_r4_b3_pv_mac_32lane/fp32_add_ip__xdcDup__1/floating_point_1/<hidden>/<hidden>/<hidden>/<hidden>/<hidden>
  -------------------------------------------------------------------
                         required time                          6.557    
                         arrival time                          -3.500    
  -------------------------------------------------------------------
                         slack                                  3.057    

Slack (MET) :             3.057ns  (required time - arrival time)
  Source:                 cats_r4_b3_pv_32lane/cats_r4_b3_pv_normalize_32lane/fp32_mul_ip__parameterized0__xdcDup__30/floating_point_2_HD7929/<hidden>/<hidden>/<hidden>
                            (rising edge-triggered cell FDRE clocked by core_clk  {rise@0.000ns fall@3.333ns period=6.666ns})
  Destination:            cats_r4_b3_pv_32lane/cats_r4_b3_pv_mac_32lane/fp32_add_ip__xdcDup__1/floating_point_1/<hidden>/<hidden>/<hidden>/<hidden>/<hidden>
                            (rising edge-triggered cell FDRE clocked by core_clk  {rise@0.000ns fall@3.333ns period=6.666ns})
  Path Group:             core_clk
  Path Type:              Setup (Max at Slow Process Corner)
  Requirement:            6.666ns  (core_clk rise@6.666ns - core_clk rise@0.000ns)
  Data Path Delay:        3.500ns  (logic 0.832ns (23.771%)  route 2.668ns (76.229%))
  Logic Levels:           10  (LUT2=2 LUT3=1 LUT4=1 LUT5=1 LUT6=5)
  Clock Uncertainty:      0.035ns  ((TSJ^2 + TIJ^2)^1/2 + DJ) / 2 + PE
    Total System Jitter     (TSJ):    0.071ns
    Total Input Jitter      (TIJ):    0.000ns
    Discrete Jitter          (DJ):    0.000ns
    Phase Error              (PE):    0.000ns

    Location             Delay type                Incr(ns)  Path(ns)    Netlist Resource(s)
  -------------------------------------------------------------------    -------------------
                         (clock core_clk rise edge)
                                                      0.000     0.000 r  
                                                      0.000     0.000 r  clk (IN)
                         net (fo=44667, unset)        0.000     0.000    cats_r4_b3_pv_32lane/cats_r4_b3_pv_normalize_32lane/fp32_mul_ip__parameterized0__xdcDup__30/floating_point_2_HD7929/<hidden>/<hidden>/<hidden>
                         FDRE                                         r  cats_r4_b3_pv_32lane/cats_r4_b3_pv_normalize_32lane/fp32_mul_ip__parameterized0__xdcDup__30/floating_point_2_HD7929/<hidden>/<hidden>/<hidden>
  -------------------------------------------------------------------    -------------------
                         FDRE (Prop_FDRE_C_Q)         0.077     0.077 r  cats_r4_b3_pv_32lane/cats_r4_b3_pv_normalize_32lane/fp32_mul_ip__parameterized0__xdcDup__30/floating_point_2_HD7929/<hidden>/<hidden>/<hidden>
                         net (fo=5, unplaced)         0.173     0.250    u_normalize/mul_a_ready[29]
                         LUT6 (Prop_LUT6_I0_O)        0.150     0.400 f  u_normalize/norm_ready_INST_0_i_7/O
                         net (fo=1, unplaced)         0.144     0.544    u_normalize/norm_ready_INST_0_i_7_n_0
                         LUT5 (Prop_LUT5_I0_O)        0.125     0.669 f  u_normalize/norm_ready_INST_0_i_1/O
                         net (fo=4, unplaced)         0.164     0.833    u_normalize/norm_ready_INST_0_i_1_n_0
                         LUT6 (Prop_LUT6_I0_O)        0.150     0.983 r  u_normalize/norm_ready_INST_0/O
                         net (fo=15, unplaced)        0.275     1.258    u_controller/norm_ready
                         LUT2 (Prop_LUT2_I0_O)        0.070     1.328 r  u_controller/mac_rsp_ready_INST_0/O
                         net (fo=2, unplaced)         0.232     1.560    u_mac/mac_rsp_ready
                         LUT6 (Prop_LUT6_I5_O)        0.038     1.598 r  u_mac/mac_rsp_context_tag[3]_i_4/O
                         net (fo=1, unplaced)         0.232     1.830    u_mac/mac_rsp_context_tag[3]_i_4_n_0
                         LUT4 (Prop_LUT4_I0_O)        0.038     1.868 r  u_mac/mac_rsp_context_tag[3]_i_2/O
                         net (fo=3, unplaced)         0.238     2.106    u_mac/mac_rsp_context_tag[3]_i_2_n_0
                         LUT6 (Prop_LUT6_I5_O)        0.038     2.144 r  u_mac/mac_rsp_valid_i_3/O
                         net (fo=22, unplaced)        0.283     2.427    u_mac/add_commit_fire
                         LUT6 (Prop_LUT6_I5_O)        0.038     2.465 r  u_mac/GEN_PV_LANE[0].u_add_i_34/O
                         net (fo=32, unplaced)        0.292     2.757    cats_r4_b3_pv_32lane/cats_r4_b3_pv_mac_32lane/fp32_add_ip__xdcDup__1/floating_point_1/<hidden>/<hidden>/<hidden>
                         LUT3 (Prop_LUT3_I1_O)        0.038     2.795 r  cats_r4_b3_pv_32lane/cats_r4_b3_pv_mac_32lane/fp32_add_ip__xdcDup__1/floating_point_1/<hidden>/<hidden>/<hidden>
                         net (fo=369, unplaced)       0.347     3.142    cats_r4_b3_pv_32lane/cats_r4_b3_pv_mac_32lane/fp32_add_ip__xdcDup__1/floating_point_1/<hidden>/<hidden>/<hidden>/<hidden>/<hidden>/<hidden>/<hidden>
                         LUT2 (Prop_LUT2_I1_O)        0.070     3.212 r  cats_r4_b3_pv_32lane/cats_r4_b3_pv_mac_32lane/fp32_add_ip__xdcDup__1/floating_point_1/<hidden>/<hidden>/<hidden>/<hidden>/<hidden>/<hidden>/<hidden>
                         net (fo=22, unplaced)        0.288     3.500    cats_r4_b3_pv_32lane/cats_r4_b3_pv_mac_32lane/fp32_add_ip__xdcDup__1/floating_point_1/<hidden>/<hidden>/<hidden>/<hidden>/<hidden>
                         FDRE                                         r  cats_r4_b3_pv_32lane/cats_r4_b3_pv_mac_32lane/fp32_add_ip__xdcDup__1/floating_point_1/<hidden>/<hidden>/<hidden>/<hidden>/<hidden>
  -------------------------------------------------------------------    -------------------

                         (clock core_clk rise edge)
                                                      6.666     6.666 r  
                                                      0.000     6.666 r  clk (IN)
                         net (fo=44667, unset)        0.000     6.666    cats_r4_b3_pv_32lane/cats_r4_b3_pv_mac_32lane/fp32_add_ip__xdcDup__1/floating_point_1/<hidden>/<hidden>/<hidden>/<hidden>/<hidden>
                         FDRE                                         r  cats_r4_b3_pv_32lane/cats_r4_b3_pv_mac_32lane/fp32_add_ip__xdcDup__1/floating_point_1/<hidden>/<hidden>/<hidden>/<hidden>/<hidden>
                         clock pessimism              0.000     6.666    
                         clock uncertainty           -0.035     6.631    
                         FDRE (Setup_FDRE_C_R)       -0.074     6.557    cats_r4_b3_pv_32lane/cats_r4_b3_pv_mac_32lane/fp32_add_ip__xdcDup__1/floating_point_1/<hidden>/<hidden>/<hidden>/<hidden>/<hidden>
  -------------------------------------------------------------------
                         required time                          6.557    
                         arrival time                          -3.500    
  -------------------------------------------------------------------
                         slack                                  3.057    

Slack (MET) :             3.057ns  (required time - arrival time)
  Source:                 cats_r4_b3_pv_32lane/cats_r4_b3_pv_normalize_32lane/fp32_mul_ip__parameterized0__xdcDup__30/floating_point_2_HD7929/<hidden>/<hidden>/<hidden>
                            (rising edge-triggered cell FDRE clocked by core_clk  {rise@0.000ns fall@3.333ns period=6.666ns})
  Destination:            cats_r4_b3_pv_32lane/cats_r4_b3_pv_mac_32lane/fp32_add_ip__xdcDup__1/floating_point_1/<hidden>/<hidden>/<hidden>/<hidden>/<hidden>
                            (rising edge-triggered cell FDRE clocked by core_clk  {rise@0.000ns fall@3.333ns period=6.666ns})
  Path Group:             core_clk
  Path Type:              Setup (Max at Slow Process Corner)
  Requirement:            6.666ns  (core_clk rise@6.666ns - core_clk rise@0.000ns)
  Data Path Delay:        3.500ns  (logic 0.832ns (23.771%)  route 2.668ns (76.229%))
  Logic Levels:           10  (LUT2=2 LUT3=1 LUT4=1 LUT5=1 LUT6=5)
  Clock Uncertainty:      0.035ns  ((TSJ^2 + TIJ^2)^1/2 + DJ) / 2 + PE
    Total System Jitter     (TSJ):    0.071ns
    Total Input Jitter      (TIJ):    0.000ns
    Discrete Jitter          (DJ):    0.000ns
    Phase Error              (PE):    0.000ns

    Location             Delay type                Incr(ns)  Path(ns)    Netlist Resource(s)
  -------------------------------------------------------------------    -------------------
                         (clock core_clk rise edge)
                                                      0.000     0.000 r  
                                                      0.000     0.000 r  clk (IN)
                         net (fo=44667, unset)        0.000     0.000    cats_r4_b3_pv_32lane/cats_r4_b3_pv_normalize_32lane/fp32_mul_ip__parameterized0__xdcDup__30/floating_point_2_HD7929/<hidden>/<hidden>/<hidden>
                         FDRE                                         r  cats_r4_b3_pv_32lane/cats_r4_b3_pv_normalize_32lane/fp32_mul_ip__parameterized0__xdcDup__30/floating_point_2_HD7929/<hidden>/<hidden>/<hidden>
  -------------------------------------------------------------------    -------------------
                         FDRE (Prop_FDRE_C_Q)         0.077     0.077 r  cats_r4_b3_pv_32lane/cats_r4_b3_pv_normalize_32lane/fp32_mul_ip__parameterized0__xdcDup__30/floating_point_2_HD7929/<hidden>/<hidden>/<hidden>
                         net (fo=5, unplaced)         0.173     0.250    u_normalize/mul_a_ready[29]
                         LUT6 (Prop_LUT6_I0_O)        0.150     0.400 f  u_normalize/norm_ready_INST_0_i_7/O
                         net (fo=1, unplaced)         0.144     0.544    u_normalize/norm_ready_INST_0_i_7_n_0
                         LUT5 (Prop_LUT5_I0_O)        0.125     0.669 f  u_normalize/norm_ready_INST_0_i_1/O
                         net (fo=4, unplaced)         0.164     0.833    u_normalize/norm_ready_INST_0_i_1_n_0
                         LUT6 (Prop_LUT6_I0_O)        0.150     0.983 r  u_normalize/norm_ready_INST_0/O
                         net (fo=15, unplaced)        0.275     1.258    u_controller/norm_ready
                         LUT2 (Prop_LUT2_I0_O)        0.070     1.328 r  u_controller/mac_rsp_ready_INST_0/O
                         net (fo=2, unplaced)         0.232     1.560    u_mac/mac_rsp_ready
                         LUT6 (Prop_LUT6_I5_O)        0.038     1.598 r  u_mac/mac_rsp_context_tag[3]_i_4/O
                         net (fo=1, unplaced)         0.232     1.830    u_mac/mac_rsp_context_tag[3]_i_4_n_0
                         LUT4 (Prop_LUT4_I0_O)        0.038     1.868 r  u_mac/mac_rsp_context_tag[3]_i_2/O
                         net (fo=3, unplaced)         0.238     2.106    u_mac/mac_rsp_context_tag[3]_i_2_n_0
                         LUT6 (Prop_LUT6_I5_O)        0.038     2.144 r  u_mac/mac_rsp_valid_i_3/O
                         net (fo=22, unplaced)        0.283     2.427    u_mac/add_commit_fire
                         LUT6 (Prop_LUT6_I5_O)        0.038     2.465 r  u_mac/GEN_PV_LANE[0].u_add_i_34/O
                         net (fo=32, unplaced)        0.292     2.757    cats_r4_b3_pv_32lane/cats_r4_b3_pv_mac_32lane/fp32_add_ip__xdcDup__1/floating_point_1/<hidden>/<hidden>/<hidden>
                         LUT3 (Prop_LUT3_I1_O)        0.038     2.795 r  cats_r4_b3_pv_32lane/cats_r4_b3_pv_mac_32lane/fp32_add_ip__xdcDup__1/floating_point_1/<hidden>/<hidden>/<hidden>
                         net (fo=369, unplaced)       0.347     3.142    cats_r4_b3_pv_32lane/cats_r4_b3_pv_mac_32lane/fp32_add_ip__xdcDup__1/floating_point_1/<hidden>/<hidden>/<hidden>/<hidden>/<hidden>/<hidden>/<hidden>
                         LUT2 (Prop_LUT2_I1_O)        0.070     3.212 r  cats_r4_b3_pv_32lane/cats_r4_b3_pv_mac_32lane/fp32_add_ip__xdcDup__1/floating_point_1/<hidden>/<hidden>/<hidden>/<hidden>/<hidden>/<hidden>/<hidden>
                         net (fo=22, unplaced)        0.288     3.500    cats_r4_b3_pv_32lane/cats_r4_b3_pv_mac_32lane/fp32_add_ip__xdcDup__1/floating_point_1/<hidden>/<hidden>/<hidden>/<hidden>/<hidden>
                         FDRE                                         r  cats_r4_b3_pv_32lane/cats_r4_b3_pv_mac_32lane/fp32_add_ip__xdcDup__1/floating_point_1/<hidden>/<hidden>/<hidden>/<hidden>/<hidden>
  -------------------------------------------------------------------    -------------------

                         (clock core_clk rise edge)
                                                      6.666     6.666 r  
                                                      0.000     6.666 r  clk (IN)
                         net (fo=44667, unset)        0.000     6.666    cats_r4_b3_pv_32lane/cats_r4_b3_pv_mac_32lane/fp32_add_ip__xdcDup__1/floating_point_1/<hidden>/<hidden>/<hidden>/<hidden>/<hidden>
                         FDRE                                         r  cats_r4_b3_pv_32lane/cats_r4_b3_pv_mac_32lane/fp32_add_ip__xdcDup__1/floating_point_1/<hidden>/<hidden>/<hidden>/<hidden>/<hidden>
                         clock pessimism              0.000     6.666    
                         clock uncertainty           -0.035     6.631    
                         FDRE (Setup_FDRE_C_R)       -0.074     6.557    cats_r4_b3_pv_32lane/cats_r4_b3_pv_mac_32lane/fp32_add_ip__xdcDup__1/floating_point_1/<hidden>/<hidden>/<hidden>/<hidden>/<hidden>
  -------------------------------------------------------------------
                         required time                          6.557    
                         arrival time                          -3.500    
  -------------------------------------------------------------------
                         slack                                  3.057    

Slack (MET) :             3.057ns  (required time - arrival time)
  Source:                 cats_r4_b3_pv_32lane/cats_r4_b3_pv_normalize_32lane/fp32_mul_ip__parameterized0__xdcDup__30/floating_point_2_HD7929/<hidden>/<hidden>/<hidden>
                            (rising edge-triggered cell FDRE clocked by core_clk  {rise@0.000ns fall@3.333ns period=6.666ns})
  Destination:            cats_r4_b3_pv_32lane/cats_r4_b3_pv_mac_32lane/fp32_add_ip__xdcDup__1/floating_point_1/<hidden>/<hidden>/<hidden>/<hidden>/<hidden>
                            (rising edge-triggered cell FDRE clocked by core_clk  {rise@0.000ns fall@3.333ns period=6.666ns})
  Path Group:             core_clk
  Path Type:              Setup (Max at Slow Process Corner)
  Requirement:            6.666ns  (core_clk rise@6.666ns - core_clk rise@0.000ns)
  Data Path Delay:        3.500ns  (logic 0.832ns (23.771%)  route 2.668ns (76.229%))
  Logic Levels:           10  (LUT2=2 LUT3=1 LUT4=1 LUT5=1 LUT6=5)
  Clock Uncertainty:      0.035ns  ((TSJ^2 + TIJ^2)^1/2 + DJ) / 2 + PE
    Total System Jitter     (TSJ):    0.071ns
    Total Input Jitter      (TIJ):    0.000ns
    Discrete Jitter          (DJ):    0.000ns
    Phase Error              (PE):    0.000ns

    Location             Delay type                Incr(ns)  Path(ns)    Netlist Resource(s)
  -------------------------------------------------------------------    -------------------
                         (clock core_clk rise edge)
                                                      0.000     0.000 r  
                                                      0.000     0.000 r  clk (IN)
                         net (fo=44667, unset)        0.000     0.000    cats_r4_b3_pv_32lane/cats_r4_b3_pv_normalize_32lane/fp32_mul_ip__parameterized0__xdcDup__30/floating_point_2_HD7929/<hidden>/<hidden>/<hidden>
                         FDRE                                         r  cats_r4_b3_pv_32lane/cats_r4_b3_pv_normalize_32lane/fp32_mul_ip__parameterized0__xdcDup__30/floating_point_2_HD7929/<hidden>/<hidden>/<hidden>
  -------------------------------------------------------------------    -------------------
                         FDRE (Prop_FDRE_C_Q)         0.077     0.077 r  cats_r4_b3_pv_32lane/cats_r4_b3_pv_normalize_32lane/fp32_mul_ip__parameterized0__xdcDup__30/floating_point_2_HD7929/<hidden>/<hidden>/<hidden>
                         net (fo=5, unplaced)         0.173     0.250    u_normalize/mul_a_ready[29]
                         LUT6 (Prop_LUT6_I0_O)        0.150     0.400 f  u_normalize/norm_ready_INST_0_i_7/O
                         net (fo=1, unplaced)         0.144     0.544    u_normalize/norm_ready_INST_0_i_7_n_0
                         LUT5 (Prop_LUT5_I0_O)        0.125     0.669 f  u_normalize/norm_ready_INST_0_i_1/O
                         net (fo=4, unplaced)         0.164     0.833    u_normalize/norm_ready_INST_0_i_1_n_0
                         LUT6 (Prop_LUT6_I0_O)        0.150     0.983 r  u_normalize/norm_ready_INST_0/O
                         net (fo=15, unplaced)        0.275     1.258    u_controller/norm_ready
                         LUT2 (Prop_LUT2_I0_O)        0.070     1.328 r  u_controller/mac_rsp_ready_INST_0/O
                         net (fo=2, unplaced)         0.232     1.560    u_mac/mac_rsp_ready
                         LUT6 (Prop_LUT6_I5_O)        0.038     1.598 r  u_mac/mac_rsp_context_tag[3]_i_4/O
                         net (fo=1, unplaced)         0.232     1.830    u_mac/mac_rsp_context_tag[3]_i_4_n_0
                         LUT4 (Prop_LUT4_I0_O)        0.038     1.868 r  u_mac/mac_rsp_context_tag[3]_i_2/O
                         net (fo=3, unplaced)         0.238     2.106    u_mac/mac_rsp_context_tag[3]_i_2_n_0
                         LUT6 (Prop_LUT6_I5_O)        0.038     2.144 r  u_mac/mac_rsp_valid_i_3/O
                         net (fo=22, unplaced)        0.283     2.427    u_mac/add_commit_fire
                         LUT6 (Prop_LUT6_I5_O)        0.038     2.465 r  u_mac/GEN_PV_LANE[0].u_add_i_34/O
                         net (fo=32, unplaced)        0.292     2.757    cats_r4_b3_pv_32lane/cats_r4_b3_pv_mac_32lane/fp32_add_ip__xdcDup__1/floating_point_1/<hidden>/<hidden>/<hidden>
                         LUT3 (Prop_LUT3_I1_O)        0.038     2.795 r  cats_r4_b3_pv_32lane/cats_r4_b3_pv_mac_32lane/fp32_add_ip__xdcDup__1/floating_point_1/<hidden>/<hidden>/<hidden>
                         net (fo=369, unplaced)       0.347     3.142    cats_r4_b3_pv_32lane/cats_r4_b3_pv_mac_32lane/fp32_add_ip__xdcDup__1/floating_point_1/<hidden>/<hidden>/<hidden>/<hidden>/<hidden>/<hidden>/<hidden>
                         LUT2 (Prop_LUT2_I1_O)        0.070     3.212 r  cats_r4_b3_pv_32lane/cats_r4_b3_pv_mac_32lane/fp32_add_ip__xdcDup__1/floating_point_1/<hidden>/<hidden>/<hidden>/<hidden>/<hidden>/<hidden>/<hidden>
                         net (fo=22, unplaced)        0.288     3.500    cats_r4_b3_pv_32lane/cats_r4_b3_pv_mac_32lane/fp32_add_ip__xdcDup__1/floating_point_1/<hidden>/<hidden>/<hidden>/<hidden>/<hidden>
                         FDRE                                         r  cats_r4_b3_pv_32lane/cats_r4_b3_pv_mac_32lane/fp32_add_ip__xdcDup__1/floating_point_1/<hidden>/<hidden>/<hidden>/<hidden>/<hidden>
  -------------------------------------------------------------------    -------------------

                         (clock core_clk rise edge)
                                                      6.666     6.666 r  
                                                      0.000     6.666 r  clk (IN)
                         net (fo=44667, unset)        0.000     6.666    cats_r4_b3_pv_32lane/cats_r4_b3_pv_mac_32lane/fp32_add_ip__xdcDup__1/floating_point_1/<hidden>/<hidden>/<hidden>/<hidden>/<hidden>
                         FDRE                                         r  cats_r4_b3_pv_32lane/cats_r4_b3_pv_mac_32lane/fp32_add_ip__xdcDup__1/floating_point_1/<hidden>/<hidden>/<hidden>/<hidden>/<hidden>
                         clock pessimism              0.000     6.666    
                         clock uncertainty           -0.035     6.631    
                         FDRE (Setup_FDRE_C_R)       -0.074     6.557    cats_r4_b3_pv_32lane/cats_r4_b3_pv_mac_32lane/fp32_add_ip__xdcDup__1/floating_point_1/<hidden>/<hidden>/<hidden>/<hidden>/<hidden>
  -------------------------------------------------------------------
                         required time                          6.557    
                         arrival time                          -3.500    
  -------------------------------------------------------------------
                         slack                                  3.057    

Slack (MET) :             3.057ns  (required time - arrival time)
  Source:                 cats_r4_b3_pv_32lane/cats_r4_b3_pv_normalize_32lane/fp32_mul_ip__parameterized0__xdcDup__30/floating_point_2_HD7929/<hidden>/<hidden>/<hidden>
                            (rising edge-triggered cell FDRE clocked by core_clk  {rise@0.000ns fall@3.333ns period=6.666ns})
  Destination:            cats_r4_b3_pv_32lane/cats_r4_b3_pv_mac_32lane/fp32_add_ip__xdcDup__1/floating_point_1/<hidden>/<hidden>/<hidden>/<hidden>/<hidden>
                            (rising edge-triggered cell FDRE clocked by core_clk  {rise@0.000ns fall@3.333ns period=6.666ns})
  Path Group:             core_clk
  Path Type:              Setup (Max at Slow Process Corner)
  Requirement:            6.666ns  (core_clk rise@6.666ns - core_clk rise@0.000ns)
  Data Path Delay:        3.500ns  (logic 0.832ns (23.771%)  route 2.668ns (76.229%))
  Logic Levels:           10  (LUT2=2 LUT3=1 LUT4=1 LUT5=1 LUT6=5)
  Clock Uncertainty:      0.035ns  ((TSJ^2 + TIJ^2)^1/2 + DJ) / 2 + PE
    Total System Jitter     (TSJ):    0.071ns
    Total Input Jitter      (TIJ):    0.000ns
    Discrete Jitter          (DJ):    0.000ns
    Phase Error              (PE):    0.000ns

    Location             Delay type                Incr(ns)  Path(ns)    Netlist Resource(s)
  -------------------------------------------------------------------    -------------------
                         (clock core_clk rise edge)
                                                      0.000     0.000 r  
                                                      0.000     0.000 r  clk (IN)
                         net (fo=44667, unset)        0.000     0.000    cats_r4_b3_pv_32lane/cats_r4_b3_pv_normalize_32lane/fp32_mul_ip__parameterized0__xdcDup__30/floating_point_2_HD7929/<hidden>/<hidden>/<hidden>
                         FDRE                                         r  cats_r4_b3_pv_32lane/cats_r4_b3_pv_normalize_32lane/fp32_mul_ip__parameterized0__xdcDup__30/floating_point_2_HD7929/<hidden>/<hidden>/<hidden>
  -------------------------------------------------------------------    -------------------
                         FDRE (Prop_FDRE_C_Q)         0.077     0.077 r  cats_r4_b3_pv_32lane/cats_r4_b3_pv_normalize_32lane/fp32_mul_ip__parameterized0__xdcDup__30/floating_point_2_HD7929/<hidden>/<hidden>/<hidden>
                         net (fo=5, unplaced)         0.173     0.250    u_normalize/mul_a_ready[29]
                         LUT6 (Prop_LUT6_I0_O)        0.150     0.400 f  u_normalize/norm_ready_INST_0_i_7/O
                         net (fo=1, unplaced)         0.144     0.544    u_normalize/norm_ready_INST_0_i_7_n_0
                         LUT5 (Prop_LUT5_I0_O)        0.125     0.669 f  u_normalize/norm_ready_INST_0_i_1/O
                         net (fo=4, unplaced)         0.164     0.833    u_normalize/norm_ready_INST_0_i_1_n_0
                         LUT6 (Prop_LUT6_I0_O)        0.150     0.983 r  u_normalize/norm_ready_INST_0/O
                         net (fo=15, unplaced)        0.275     1.258    u_controller/norm_ready
                         LUT2 (Prop_LUT2_I0_O)        0.070     1.328 r  u_controller/mac_rsp_ready_INST_0/O
                         net (fo=2, unplaced)         0.232     1.560    u_mac/mac_rsp_ready
                         LUT6 (Prop_LUT6_I5_O)        0.038     1.598 r  u_mac/mac_rsp_context_tag[3]_i_4/O
                         net (fo=1, unplaced)         0.232     1.830    u_mac/mac_rsp_context_tag[3]_i_4_n_0
                         LUT4 (Prop_LUT4_I0_O)        0.038     1.868 r  u_mac/mac_rsp_context_tag[3]_i_2/O
                         net (fo=3, unplaced)         0.238     2.106    u_mac/mac_rsp_context_tag[3]_i_2_n_0
                         LUT6 (Prop_LUT6_I5_O)        0.038     2.144 r  u_mac/mac_rsp_valid_i_3/O
                         net (fo=22, unplaced)        0.283     2.427    u_mac/add_commit_fire
                         LUT6 (Prop_LUT6_I5_O)        0.038     2.465 r  u_mac/GEN_PV_LANE[0].u_add_i_34/O
                         net (fo=32, unplaced)        0.292     2.757    cats_r4_b3_pv_32lane/cats_r4_b3_pv_mac_32lane/fp32_add_ip__xdcDup__1/floating_point_1/<hidden>/<hidden>/<hidden>
                         LUT3 (Prop_LUT3_I1_O)        0.038     2.795 r  cats_r4_b3_pv_32lane/cats_r4_b3_pv_mac_32lane/fp32_add_ip__xdcDup__1/floating_point_1/<hidden>/<hidden>/<hidden>
                         net (fo=369, unplaced)       0.347     3.142    cats_r4_b3_pv_32lane/cats_r4_b3_pv_mac_32lane/fp32_add_ip__xdcDup__1/floating_point_1/<hidden>/<hidden>/<hidden>/<hidden>/<hidden>/<hidden>/<hidden>
                         LUT2 (Prop_LUT2_I1_O)        0.070     3.212 r  cats_r4_b3_pv_32lane/cats_r4_b3_pv_mac_32lane/fp32_add_ip__xdcDup__1/floating_point_1/<hidden>/<hidden>/<hidden>/<hidden>/<hidden>/<hidden>/<hidden>
                         net (fo=22, unplaced)        0.288     3.500    cats_r4_b3_pv_32lane/cats_r4_b3_pv_mac_32lane/fp32_add_ip__xdcDup__1/floating_point_1/<hidden>/<hidden>/<hidden>/<hidden>/<hidden>
                         FDRE                                         r  cats_r4_b3_pv_32lane/cats_r4_b3_pv_mac_32lane/fp32_add_ip__xdcDup__1/floating_point_1/<hidden>/<hidden>/<hidden>/<hidden>/<hidden>
  -------------------------------------------------------------------    -------------------

                         (clock core_clk rise edge)
                                                      6.666     6.666 r  
                                                      0.000     6.666 r  clk (IN)
                         net (fo=44667, unset)        0.000     6.666    cats_r4_b3_pv_32lane/cats_r4_b3_pv_mac_32lane/fp32_add_ip__xdcDup__1/floating_point_1/<hidden>/<hidden>/<hidden>/<hidden>/<hidden>
                         FDRE                                         r  cats_r4_b3_pv_32lane/cats_r4_b3_pv_mac_32lane/fp32_add_ip__xdcDup__1/floating_point_1/<hidden>/<hidden>/<hidden>/<hidden>/<hidden>
                         clock pessimism              0.000     6.666    
                         clock uncertainty           -0.035     6.631    
                         FDRE (Setup_FDRE_C_R)       -0.074     6.557    cats_r4_b3_pv_32lane/cats_r4_b3_pv_mac_32lane/fp32_add_ip__xdcDup__1/floating_point_1/<hidden>/<hidden>/<hidden>/<hidden>/<hidden>
  -------------------------------------------------------------------
                         required time                          6.557    
                         arrival time                          -3.500    
  -------------------------------------------------------------------
                         slack                                  3.057    

Slack (MET) :             3.057ns  (required time - arrival time)
  Source:                 cats_r4_b3_pv_32lane/cats_r4_b3_pv_normalize_32lane/fp32_mul_ip__parameterized0__xdcDup__30/floating_point_2_HD7929/<hidden>/<hidden>/<hidden>
                            (rising edge-triggered cell FDRE clocked by core_clk  {rise@0.000ns fall@3.333ns period=6.666ns})
  Destination:            cats_r4_b3_pv_32lane/cats_r4_b3_pv_mac_32lane/fp32_add_ip__xdcDup__1/floating_point_1/<hidden>/<hidden>/<hidden>/<hidden>/<hidden>
                            (rising edge-triggered cell FDRE clocked by core_clk  {rise@0.000ns fall@3.333ns period=6.666ns})
  Path Group:             core_clk
  Path Type:              Setup (Max at Slow Process Corner)
  Requirement:            6.666ns  (core_clk rise@6.666ns - core_clk rise@0.000ns)
  Data Path Delay:        3.500ns  (logic 0.832ns (23.771%)  route 2.668ns (76.229%))
  Logic Levels:           10  (LUT2=2 LUT3=1 LUT4=1 LUT5=1 LUT6=5)
  Clock Uncertainty:      0.035ns  ((TSJ^2 + TIJ^2)^1/2 + DJ) / 2 + PE
    Total System Jitter     (TSJ):    0.071ns
    Total Input Jitter      (TIJ):    0.000ns
    Discrete Jitter          (DJ):    0.000ns
    Phase Error              (PE):    0.000ns

    Location             Delay type                Incr(ns)  Path(ns)    Netlist Resource(s)
  -------------------------------------------------------------------    -------------------
                         (clock core_clk rise edge)
                                                      0.000     0.000 r  
                                                      0.000     0.000 r  clk (IN)
                         net (fo=44667, unset)        0.000     0.000    cats_r4_b3_pv_32lane/cats_r4_b3_pv_normalize_32lane/fp32_mul_ip__parameterized0__xdcDup__30/floating_point_2_HD7929/<hidden>/<hidden>/<hidden>
                         FDRE                                         r  cats_r4_b3_pv_32lane/cats_r4_b3_pv_normalize_32lane/fp32_mul_ip__parameterized0__xdcDup__30/floating_point_2_HD7929/<hidden>/<hidden>/<hidden>
  -------------------------------------------------------------------    -------------------
                         FDRE (Prop_FDRE_C_Q)         0.077     0.077 r  cats_r4_b3_pv_32lane/cats_r4_b3_pv_normalize_32lane/fp32_mul_ip__parameterized0__xdcDup__30/floating_point_2_HD7929/<hidden>/<hidden>/<hidden>
                         net (fo=5, unplaced)         0.173     0.250    u_normalize/mul_a_ready[29]
                         LUT6 (Prop_LUT6_I0_O)        0.150     0.400 f  u_normalize/norm_ready_INST_0_i_7/O
                         net (fo=1, unplaced)         0.144     0.544    u_normalize/norm_ready_INST_0_i_7_n_0
                         LUT5 (Prop_LUT5_I0_O)        0.125     0.669 f  u_normalize/norm_ready_INST_0_i_1/O
                         net (fo=4, unplaced)         0.164     0.833    u_normalize/norm_ready_INST_0_i_1_n_0
                         LUT6 (Prop_LUT6_I0_O)        0.150     0.983 r  u_normalize/norm_ready_INST_0/O
                         net (fo=15, unplaced)        0.275     1.258    u_controller/norm_ready
                         LUT2 (Prop_LUT2_I0_O)        0.070     1.328 r  u_controller/mac_rsp_ready_INST_0/O
                         net (fo=2, unplaced)         0.232     1.560    u_mac/mac_rsp_ready
                         LUT6 (Prop_LUT6_I5_O)        0.038     1.598 r  u_mac/mac_rsp_context_tag[3]_i_4/O
                         net (fo=1, unplaced)         0.232     1.830    u_mac/mac_rsp_context_tag[3]_i_4_n_0
                         LUT4 (Prop_LUT4_I0_O)        0.038     1.868 r  u_mac/mac_rsp_context_tag[3]_i_2/O
                         net (fo=3, unplaced)         0.238     2.106    u_mac/mac_rsp_context_tag[3]_i_2_n_0
                         LUT6 (Prop_LUT6_I5_O)        0.038     2.144 r  u_mac/mac_rsp_valid_i_3/O
                         net (fo=22, unplaced)        0.283     2.427    u_mac/add_commit_fire
                         LUT6 (Prop_LUT6_I5_O)        0.038     2.465 r  u_mac/GEN_PV_LANE[0].u_add_i_34/O
                         net (fo=32, unplaced)        0.292     2.757    cats_r4_b3_pv_32lane/cats_r4_b3_pv_mac_32lane/fp32_add_ip__xdcDup__1/floating_point_1/<hidden>/<hidden>/<hidden>
                         LUT3 (Prop_LUT3_I1_O)        0.038     2.795 r  cats_r4_b3_pv_32lane/cats_r4_b3_pv_mac_32lane/fp32_add_ip__xdcDup__1/floating_point_1/<hidden>/<hidden>/<hidden>
                         net (fo=369, unplaced)       0.347     3.142    cats_r4_b3_pv_32lane/cats_r4_b3_pv_mac_32lane/fp32_add_ip__xdcDup__1/floating_point_1/<hidden>/<hidden>/<hidden>/<hidden>/<hidden>/<hidden>/<hidden>
                         LUT2 (Prop_LUT2_I1_O)        0.070     3.212 r  cats_r4_b3_pv_32lane/cats_r4_b3_pv_mac_32lane/fp32_add_ip__xdcDup__1/floating_point_1/<hidden>/<hidden>/<hidden>/<hidden>/<hidden>/<hidden>/<hidden>
                         net (fo=22, unplaced)        0.288     3.500    cats_r4_b3_pv_32lane/cats_r4_b3_pv_mac_32lane/fp32_add_ip__xdcDup__1/floating_point_1/<hidden>/<hidden>/<hidden>/<hidden>/<hidden>
                         FDRE                                         r  cats_r4_b3_pv_32lane/cats_r4_b3_pv_mac_32lane/fp32_add_ip__xdcDup__1/floating_point_1/<hidden>/<hidden>/<hidden>/<hidden>/<hidden>
  -------------------------------------------------------------------    -------------------

                         (clock core_clk rise edge)
                                                      6.666     6.666 r  
                                                      0.000     6.666 r  clk (IN)
                         net (fo=44667, unset)        0.000     6.666    cats_r4_b3_pv_32lane/cats_r4_b3_pv_mac_32lane/fp32_add_ip__xdcDup__1/floating_point_1/<hidden>/<hidden>/<hidden>/<hidden>/<hidden>
                         FDRE                                         r  cats_r4_b3_pv_32lane/cats_r4_b3_pv_mac_32lane/fp32_add_ip__xdcDup__1/floating_point_1/<hidden>/<hidden>/<hidden>/<hidden>/<hidden>
                         clock pessimism              0.000     6.666    
                         clock uncertainty           -0.035     6.631    
                         FDRE (Setup_FDRE_C_R)       -0.074     6.557    cats_r4_b3_pv_32lane/cats_r4_b3_pv_mac_32lane/fp32_add_ip__xdcDup__1/floating_point_1/<hidden>/<hidden>/<hidden>/<hidden>/<hidden>
  -------------------------------------------------------------------
                         required time                          6.557    
                         arrival time                          -3.500    
  -------------------------------------------------------------------
                         slack                                  3.057    

Slack (MET) :             3.057ns  (required time - arrival time)
  Source:                 cats_r4_b3_pv_32lane/cats_r4_b3_pv_normalize_32lane/fp32_mul_ip__parameterized0__xdcDup__30/floating_point_2_HD7929/<hidden>/<hidden>/<hidden>
                            (rising edge-triggered cell FDRE clocked by core_clk  {rise@0.000ns fall@3.333ns period=6.666ns})
  Destination:            cats_r4_b3_pv_32lane/cats_r4_b3_pv_mac_32lane/fp32_add_ip__xdcDup__1/floating_point_1/<hidden>/<hidden>/<hidden>/<hidden>/<hidden>
                            (rising edge-triggered cell FDRE clocked by core_clk  {rise@0.000ns fall@3.333ns period=6.666ns})
  Path Group:             core_clk
  Path Type:              Setup (Max at Slow Process Corner)
  Requirement:            6.666ns  (core_clk rise@6.666ns - core_clk rise@0.000ns)
  Data Path Delay:        3.500ns  (logic 0.832ns (23.771%)  route 2.668ns (76.229%))
  Logic Levels:           10  (LUT2=2 LUT3=1 LUT4=1 LUT5=1 LUT6=5)
  Clock Uncertainty:      0.035ns  ((TSJ^2 + TIJ^2)^1/2 + DJ) / 2 + PE
    Total System Jitter     (TSJ):    0.071ns
    Total Input Jitter      (TIJ):    0.000ns
    Discrete Jitter          (DJ):    0.000ns
    Phase Error              (PE):    0.000ns

    Location             Delay type                Incr(ns)  Path(ns)    Netlist Resource(s)
  -------------------------------------------------------------------    -------------------
                         (clock core_clk rise edge)
                                                      0.000     0.000 r  
                                                      0.000     0.000 r  clk (IN)
                         net (fo=44667, unset)        0.000     0.000    cats_r4_b3_pv_32lane/cats_r4_b3_pv_normalize_32lane/fp32_mul_ip__parameterized0__xdcDup__30/floating_point_2_HD7929/<hidden>/<hidden>/<hidden>
                         FDRE                                         r  cats_r4_b3_pv_32lane/cats_r4_b3_pv_normalize_32lane/fp32_mul_ip__parameterized0__xdcDup__30/floating_point_2_HD7929/<hidden>/<hidden>/<hidden>
  -------------------------------------------------------------------    -------------------
                         FDRE (Prop_FDRE_C_Q)         0.077     0.077 r  cats_r4_b3_pv_32lane/cats_r4_b3_pv_normalize_32lane/fp32_mul_ip__parameterized0__xdcDup__30/floating_point_2_HD7929/<hidden>/<hidden>/<hidden>
                         net (fo=5, unplaced)         0.173     0.250    u_normalize/mul_a_ready[29]
                         LUT6 (Prop_LUT6_I0_O)        0.150     0.400 f  u_normalize/norm_ready_INST_0_i_7/O
                         net (fo=1, unplaced)         0.144     0.544    u_normalize/norm_ready_INST_0_i_7_n_0
                         LUT5 (Prop_LUT5_I0_O)        0.125     0.669 f  u_normalize/norm_ready_INST_0_i_1/O
                         net (fo=4, unplaced)         0.164     0.833    u_normalize/norm_ready_INST_0_i_1_n_0
                         LUT6 (Prop_LUT6_I0_O)        0.150     0.983 r  u_normalize/norm_ready_INST_0/O
                         net (fo=15, unplaced)        0.275     1.258    u_controller/norm_ready
                         LUT2 (Prop_LUT2_I0_O)        0.070     1.328 r  u_controller/mac_rsp_ready_INST_0/O
                         net (fo=2, unplaced)         0.232     1.560    u_mac/mac_rsp_ready
                         LUT6 (Prop_LUT6_I5_O)        0.038     1.598 r  u_mac/mac_rsp_context_tag[3]_i_4/O
                         net (fo=1, unplaced)         0.232     1.830    u_mac/mac_rsp_context_tag[3]_i_4_n_0
                         LUT4 (Prop_LUT4_I0_O)        0.038     1.868 r  u_mac/mac_rsp_context_tag[3]_i_2/O
                         net (fo=3, unplaced)         0.238     2.106    u_mac/mac_rsp_context_tag[3]_i_2_n_0
                         LUT6 (Prop_LUT6_I5_O)        0.038     2.144 r  u_mac/mac_rsp_valid_i_3/O
                         net (fo=22, unplaced)        0.283     2.427    u_mac/add_commit_fire
                         LUT6 (Prop_LUT6_I5_O)        0.038     2.465 r  u_mac/GEN_PV_LANE[0].u_add_i_34/O
                         net (fo=32, unplaced)        0.292     2.757    cats_r4_b3_pv_32lane/cats_r4_b3_pv_mac_32lane/fp32_add_ip__xdcDup__1/floating_point_1/<hidden>/<hidden>/<hidden>
                         LUT3 (Prop_LUT3_I1_O)        0.038     2.795 r  cats_r4_b3_pv_32lane/cats_r4_b3_pv_mac_32lane/fp32_add_ip__xdcDup__1/floating_point_1/<hidden>/<hidden>/<hidden>
                         net (fo=369, unplaced)       0.347     3.142    cats_r4_b3_pv_32lane/cats_r4_b3_pv_mac_32lane/fp32_add_ip__xdcDup__1/floating_point_1/<hidden>/<hidden>/<hidden>/<hidden>/<hidden>/<hidden>/<hidden>
                         LUT2 (Prop_LUT2_I1_O)        0.070     3.212 r  cats_r4_b3_pv_32lane/cats_r4_b3_pv_mac_32lane/fp32_add_ip__xdcDup__1/floating_point_1/<hidden>/<hidden>/<hidden>/<hidden>/<hidden>/<hidden>/<hidden>
                         net (fo=22, unplaced)        0.288     3.500    cats_r4_b3_pv_32lane/cats_r4_b3_pv_mac_32lane/fp32_add_ip__xdcDup__1/floating_point_1/<hidden>/<hidden>/<hidden>/<hidden>/<hidden>
                         FDRE                                         r  cats_r4_b3_pv_32lane/cats_r4_b3_pv_mac_32lane/fp32_add_ip__xdcDup__1/floating_point_1/<hidden>/<hidden>/<hidden>/<hidden>/<hidden>
  -------------------------------------------------------------------    -------------------

                         (clock core_clk rise edge)
                                                      6.666     6.666 r  
                                                      0.000     6.666 r  clk (IN)
                         net (fo=44667, unset)        0.000     6.666    cats_r4_b3_pv_32lane/cats_r4_b3_pv_mac_32lane/fp32_add_ip__xdcDup__1/floating_point_1/<hidden>/<hidden>/<hidden>/<hidden>/<hidden>
                         FDRE                                         r  cats_r4_b3_pv_32lane/cats_r4_b3_pv_mac_32lane/fp32_add_ip__xdcDup__1/floating_point_1/<hidden>/<hidden>/<hidden>/<hidden>/<hidden>
                         clock pessimism              0.000     6.666    
                         clock uncertainty           -0.035     6.631    
                         FDRE (Setup_FDRE_C_R)       -0.074     6.557    cats_r4_b3_pv_32lane/cats_r4_b3_pv_mac_32lane/fp32_add_ip__xdcDup__1/floating_point_1/<hidden>/<hidden>/<hidden>/<hidden>/<hidden>
  -------------------------------------------------------------------
                         required time                          6.557    
                         arrival time                          -3.500    
  -------------------------------------------------------------------
                         slack                                  3.057    

Slack (MET) :             3.057ns  (required time - arrival time)
  Source:                 cats_r4_b3_pv_32lane/cats_r4_b3_pv_normalize_32lane/fp32_mul_ip__parameterized0__xdcDup__30/floating_point_2_HD7929/<hidden>/<hidden>/<hidden>
                            (rising edge-triggered cell FDRE clocked by core_clk  {rise@0.000ns fall@3.333ns period=6.666ns})
  Destination:            cats_r4_b3_pv_32lane/cats_r4_b3_pv_mac_32lane/fp32_add_ip__xdcDup__1/floating_point_1/<hidden>/<hidden>/<hidden>/<hidden>/<hidden>
                            (rising edge-triggered cell FDRE clocked by core_clk  {rise@0.000ns fall@3.333ns period=6.666ns})
  Path Group:             core_clk
  Path Type:              Setup (Max at Slow Process Corner)
  Requirement:            6.666ns  (core_clk rise@6.666ns - core_clk rise@0.000ns)
  Data Path Delay:        3.500ns  (logic 0.832ns (23.771%)  route 2.668ns (76.229%))
  Logic Levels:           10  (LUT2=2 LUT3=1 LUT4=1 LUT5=1 LUT6=5)
  Clock Uncertainty:      0.035ns  ((TSJ^2 + TIJ^2)^1/2 + DJ) / 2 + PE
    Total System Jitter     (TSJ):    0.071ns
    Total Input Jitter      (TIJ):    0.000ns
    Discrete Jitter          (DJ):    0.000ns
    Phase Error              (PE):    0.000ns

    Location             Delay type                Incr(ns)  Path(ns)    Netlist Resource(s)
  -------------------------------------------------------------------    -------------------
                         (clock core_clk rise edge)
                                                      0.000     0.000 r  
                                                      0.000     0.000 r  clk (IN)
                         net (fo=44667, unset)        0.000     0.000    cats_r4_b3_pv_32lane/cats_r4_b3_pv_normalize_32lane/fp32_mul_ip__parameterized0__xdcDup__30/floating_point_2_HD7929/<hidden>/<hidden>/<hidden>
                         FDRE                                         r  cats_r4_b3_pv_32lane/cats_r4_b3_pv_normalize_32lane/fp32_mul_ip__parameterized0__xdcDup__30/floating_point_2_HD7929/<hidden>/<hidden>/<hidden>
  -------------------------------------------------------------------    -------------------
                         FDRE (Prop_FDRE_C_Q)         0.077     0.077 r  cats_r4_b3_pv_32lane/cats_r4_b3_pv_normalize_32lane/fp32_mul_ip__parameterized0__xdcDup__30/floating_point_2_HD7929/<hidden>/<hidden>/<hidden>
                         net (fo=5, unplaced)         0.173     0.250    u_normalize/mul_a_ready[29]
                         LUT6 (Prop_LUT6_I0_O)        0.150     0.400 f  u_normalize/norm_ready_INST_0_i_7/O
                         net (fo=1, unplaced)         0.144     0.544    u_normalize/norm_ready_INST_0_i_7_n_0
                         LUT5 (Prop_LUT5_I0_O)        0.125     0.669 f  u_normalize/norm_ready_INST_0_i_1/O
                         net (fo=4, unplaced)         0.164     0.833    u_normalize/norm_ready_INST_0_i_1_n_0
                         LUT6 (Prop_LUT6_I0_O)        0.150     0.983 r  u_normalize/norm_ready_INST_0/O
                         net (fo=15, unplaced)        0.275     1.258    u_controller/norm_ready
                         LUT2 (Prop_LUT2_I0_O)        0.070     1.328 r  u_controller/mac_rsp_ready_INST_0/O
                         net (fo=2, unplaced)         0.232     1.560    u_mac/mac_rsp_ready
                         LUT6 (Prop_LUT6_I5_O)        0.038     1.598 r  u_mac/mac_rsp_context_tag[3]_i_4/O
                         net (fo=1, unplaced)         0.232     1.830    u_mac/mac_rsp_context_tag[3]_i_4_n_0
                         LUT4 (Prop_LUT4_I0_O)        0.038     1.868 r  u_mac/mac_rsp_context_tag[3]_i_2/O
                         net (fo=3, unplaced)         0.238     2.106    u_mac/mac_rsp_context_tag[3]_i_2_n_0
                         LUT6 (Prop_LUT6_I5_O)        0.038     2.144 r  u_mac/mac_rsp_valid_i_3/O
                         net (fo=22, unplaced)        0.283     2.427    u_mac/add_commit_fire
                         LUT6 (Prop_LUT6_I5_O)        0.038     2.465 r  u_mac/GEN_PV_LANE[0].u_add_i_34/O
                         net (fo=32, unplaced)        0.292     2.757    cats_r4_b3_pv_32lane/cats_r4_b3_pv_mac_32lane/fp32_add_ip__xdcDup__1/floating_point_1/<hidden>/<hidden>/<hidden>
                         LUT3 (Prop_LUT3_I1_O)        0.038     2.795 r  cats_r4_b3_pv_32lane/cats_r4_b3_pv_mac_32lane/fp32_add_ip__xdcDup__1/floating_point_1/<hidden>/<hidden>/<hidden>
                         net (fo=369, unplaced)       0.347     3.142    cats_r4_b3_pv_32lane/cats_r4_b3_pv_mac_32lane/fp32_add_ip__xdcDup__1/floating_point_1/<hidden>/<hidden>/<hidden>/<hidden>/<hidden>/<hidden>/<hidden>
                         LUT2 (Prop_LUT2_I1_O)        0.070     3.212 r  cats_r4_b3_pv_32lane/cats_r4_b3_pv_mac_32lane/fp32_add_ip__xdcDup__1/floating_point_1/<hidden>/<hidden>/<hidden>/<hidden>/<hidden>/<hidden>/<hidden>
                         net (fo=22, unplaced)        0.288     3.500    cats_r4_b3_pv_32lane/cats_r4_b3_pv_mac_32lane/fp32_add_ip__xdcDup__1/floating_point_1/<hidden>/<hidden>/<hidden>/<hidden>/<hidden>
                         FDRE                                         r  cats_r4_b3_pv_32lane/cats_r4_b3_pv_mac_32lane/fp32_add_ip__xdcDup__1/floating_point_1/<hidden>/<hidden>/<hidden>/<hidden>/<hidden>
  -------------------------------------------------------------------    -------------------

                         (clock core_clk rise edge)
                                                      6.666     6.666 r  
                                                      0.000     6.666 r  clk (IN)
                         net (fo=44667, unset)        0.000     6.666    cats_r4_b3_pv_32lane/cats_r4_b3_pv_mac_32lane/fp32_add_ip__xdcDup__1/floating_point_1/<hidden>/<hidden>/<hidden>/<hidden>/<hidden>
                         FDRE                                         r  cats_r4_b3_pv_32lane/cats_r4_b3_pv_mac_32lane/fp32_add_ip__xdcDup__1/floating_point_1/<hidden>/<hidden>/<hidden>/<hidden>/<hidden>
                         clock pessimism              0.000     6.666    
                         clock uncertainty           -0.035     6.631    
                         FDRE (Setup_FDRE_C_R)       -0.074     6.557    cats_r4_b3_pv_32lane/cats_r4_b3_pv_mac_32lane/fp32_add_ip__xdcDup__1/floating_point_1/<hidden>/<hidden>/<hidden>/<hidden>/<hidden>
  -------------------------------------------------------------------
                         required time                          6.557    
                         arrival time                          -3.500    
  -------------------------------------------------------------------
                         slack                                  3.057    

Slack (MET) :             3.057ns  (required time - arrival time)
  Source:                 cats_r4_b3_pv_32lane/cats_r4_b3_pv_normalize_32lane/fp32_mul_ip__parameterized0__xdcDup__30/floating_point_2_HD7929/<hidden>/<hidden>/<hidden>
                            (rising edge-triggered cell FDRE clocked by core_clk  {rise@0.000ns fall@3.333ns period=6.666ns})
  Destination:            cats_r4_b3_pv_32lane/cats_r4_b3_pv_mac_32lane/fp32_add_ip__xdcDup__1/floating_point_1/<hidden>/<hidden>/<hidden>/<hidden>/<hidden>
                            (rising edge-triggered cell FDRE clocked by core_clk  {rise@0.000ns fall@3.333ns period=6.666ns})
  Path Group:             core_clk
  Path Type:              Setup (Max at Slow Process Corner)
  Requirement:            6.666ns  (core_clk rise@6.666ns - core_clk rise@0.000ns)
  Data Path Delay:        3.500ns  (logic 0.832ns (23.771%)  route 2.668ns (76.229%))
  Logic Levels:           10  (LUT2=2 LUT3=1 LUT4=1 LUT5=1 LUT6=5)
  Clock Uncertainty:      0.035ns  ((TSJ^2 + TIJ^2)^1/2 + DJ) / 2 + PE
    Total System Jitter     (TSJ):    0.071ns
    Total Input Jitter      (TIJ):    0.000ns
    Discrete Jitter          (DJ):    0.000ns
    Phase Error              (PE):    0.000ns

    Location             Delay type                Incr(ns)  Path(ns)    Netlist Resource(s)
  -------------------------------------------------------------------    -------------------
                         (clock core_clk rise edge)
                                                      0.000     0.000 r  
                                                      0.000     0.000 r  clk (IN)
                         net (fo=44667, unset)        0.000     0.000    cats_r4_b3_pv_32lane/cats_r4_b3_pv_normalize_32lane/fp32_mul_ip__parameterized0__xdcDup__30/floating_point_2_HD7929/<hidden>/<hidden>/<hidden>
                         FDRE                                         r  cats_r4_b3_pv_32lane/cats_r4_b3_pv_normalize_32lane/fp32_mul_ip__parameterized0__xdcDup__30/floating_point_2_HD7929/<hidden>/<hidden>/<hidden>
  -------------------------------------------------------------------    -------------------
                         FDRE (Prop_FDRE_C_Q)         0.077     0.077 r  cats_r4_b3_pv_32lane/cats_r4_b3_pv_normalize_32lane/fp32_mul_ip__parameterized0__xdcDup__30/floating_point_2_HD7929/<hidden>/<hidden>/<hidden>
                         net (fo=5, unplaced)         0.173     0.250    u_normalize/mul_a_ready[29]
                         LUT6 (Prop_LUT6_I0_O)        0.150     0.400 f  u_normalize/norm_ready_INST_0_i_7/O
                         net (fo=1, unplaced)         0.144     0.544    u_normalize/norm_ready_INST_0_i_7_n_0
                         LUT5 (Prop_LUT5_I0_O)        0.125     0.669 f  u_normalize/norm_ready_INST_0_i_1/O
                         net (fo=4, unplaced)         0.164     0.833    u_normalize/norm_ready_INST_0_i_1_n_0
                         LUT6 (Prop_LUT6_I0_O)        0.150     0.983 r  u_normalize/norm_ready_INST_0/O
                         net (fo=15, unplaced)        0.275     1.258    u_controller/norm_ready
                         LUT2 (Prop_LUT2_I0_O)        0.070     1.328 r  u_controller/mac_rsp_ready_INST_0/O
                         net (fo=2, unplaced)         0.232     1.560    u_mac/mac_rsp_ready
                         LUT6 (Prop_LUT6_I5_O)        0.038     1.598 r  u_mac/mac_rsp_context_tag[3]_i_4/O
                         net (fo=1, unplaced)         0.232     1.830    u_mac/mac_rsp_context_tag[3]_i_4_n_0
                         LUT4 (Prop_LUT4_I0_O)        0.038     1.868 r  u_mac/mac_rsp_context_tag[3]_i_2/O
                         net (fo=3, unplaced)         0.238     2.106    u_mac/mac_rsp_context_tag[3]_i_2_n_0
                         LUT6 (Prop_LUT6_I5_O)        0.038     2.144 r  u_mac/mac_rsp_valid_i_3/O
                         net (fo=22, unplaced)        0.283     2.427    u_mac/add_commit_fire
                         LUT6 (Prop_LUT6_I5_O)        0.038     2.465 r  u_mac/GEN_PV_LANE[0].u_add_i_34/O
                         net (fo=32, unplaced)        0.292     2.757    cats_r4_b3_pv_32lane/cats_r4_b3_pv_mac_32lane/fp32_add_ip__xdcDup__1/floating_point_1/<hidden>/<hidden>/<hidden>
                         LUT3 (Prop_LUT3_I1_O)        0.038     2.795 r  cats_r4_b3_pv_32lane/cats_r4_b3_pv_mac_32lane/fp32_add_ip__xdcDup__1/floating_point_1/<hidden>/<hidden>/<hidden>
                         net (fo=369, unplaced)       0.347     3.142    cats_r4_b3_pv_32lane/cats_r4_b3_pv_mac_32lane/fp32_add_ip__xdcDup__1/floating_point_1/<hidden>/<hidden>/<hidden>/<hidden>/<hidden>/<hidden>/<hidden>
                         LUT2 (Prop_LUT2_I1_O)        0.070     3.212 r  cats_r4_b3_pv_32lane/cats_r4_b3_pv_mac_32lane/fp32_add_ip__xdcDup__1/floating_point_1/<hidden>/<hidden>/<hidden>/<hidden>/<hidden>/<hidden>/<hidden>
                         net (fo=22, unplaced)        0.288     3.500    cats_r4_b3_pv_32lane/cats_r4_b3_pv_mac_32lane/fp32_add_ip__xdcDup__1/floating_point_1/<hidden>/<hidden>/<hidden>/<hidden>/<hidden>
                         FDRE                                         r  cats_r4_b3_pv_32lane/cats_r4_b3_pv_mac_32lane/fp32_add_ip__xdcDup__1/floating_point_1/<hidden>/<hidden>/<hidden>/<hidden>/<hidden>
  -------------------------------------------------------------------    -------------------

                         (clock core_clk rise edge)
                                                      6.666     6.666 r  
                                                      0.000     6.666 r  clk (IN)
                         net (fo=44667, unset)        0.000     6.666    cats_r4_b3_pv_32lane/cats_r4_b3_pv_mac_32lane/fp32_add_ip__xdcDup__1/floating_point_1/<hidden>/<hidden>/<hidden>/<hidden>/<hidden>
                         FDRE                                         r  cats_r4_b3_pv_32lane/cats_r4_b3_pv_mac_32lane/fp32_add_ip__xdcDup__1/floating_point_1/<hidden>/<hidden>/<hidden>/<hidden>/<hidden>
                         clock pessimism              0.000     6.666    
                         clock uncertainty           -0.035     6.631    
                         FDRE (Setup_FDRE_C_R)       -0.074     6.557    cats_r4_b3_pv_32lane/cats_r4_b3_pv_mac_32lane/fp32_add_ip__xdcDup__1/floating_point_1/<hidden>/<hidden>/<hidden>/<hidden>/<hidden>
  -------------------------------------------------------------------
                         required time                          6.557    
                         arrival time                          -3.500    
  -------------------------------------------------------------------
                         slack                                  3.057    

Slack (MET) :             3.057ns  (required time - arrival time)
  Source:                 cats_r4_b3_pv_32lane/cats_r4_b3_pv_normalize_32lane/fp32_mul_ip__parameterized0__xdcDup__30/floating_point_2_HD7929/<hidden>/<hidden>/<hidden>
                            (rising edge-triggered cell FDRE clocked by core_clk  {rise@0.000ns fall@3.333ns period=6.666ns})
  Destination:            cats_r4_b3_pv_32lane/cats_r4_b3_pv_mac_32lane/fp32_add_ip__xdcDup__1/floating_point_1/<hidden>/<hidden>/<hidden>/<hidden>/<hidden>
                            (rising edge-triggered cell FDRE clocked by core_clk  {rise@0.000ns fall@3.333ns period=6.666ns})
  Path Group:             core_clk
  Path Type:              Setup (Max at Slow Process Corner)
  Requirement:            6.666ns  (core_clk rise@6.666ns - core_clk rise@0.000ns)
  Data Path Delay:        3.500ns  (logic 0.832ns (23.771%)  route 2.668ns (76.229%))
  Logic Levels:           10  (LUT2=2 LUT3=1 LUT4=1 LUT5=1 LUT6=5)
  Clock Uncertainty:      0.035ns  ((TSJ^2 + TIJ^2)^1/2 + DJ) / 2 + PE
    Total System Jitter     (TSJ):    0.071ns
    Total Input Jitter      (TIJ):    0.000ns
    Discrete Jitter          (DJ):    0.000ns
    Phase Error              (PE):    0.000ns

    Location             Delay type                Incr(ns)  Path(ns)    Netlist Resource(s)
  -------------------------------------------------------------------    -------------------
                         (clock core_clk rise edge)
                                                      0.000     0.000 r  
                                                      0.000     0.000 r  clk (IN)
                         net (fo=44667, unset)        0.000     0.000    cats_r4_b3_pv_32lane/cats_r4_b3_pv_normalize_32lane/fp32_mul_ip__parameterized0__xdcDup__30/floating_point_2_HD7929/<hidden>/<hidden>/<hidden>
                         FDRE                                         r  cats_r4_b3_pv_32lane/cats_r4_b3_pv_normalize_32lane/fp32_mul_ip__parameterized0__xdcDup__30/floating_point_2_HD7929/<hidden>/<hidden>/<hidden>
  -------------------------------------------------------------------    -------------------
                         FDRE (Prop_FDRE_C_Q)         0.077     0.077 r  cats_r4_b3_pv_32lane/cats_r4_b3_pv_normalize_32lane/fp32_mul_ip__parameterized0__xdcDup__30/floating_point_2_HD7929/<hidden>/<hidden>/<hidden>
                         net (fo=5, unplaced)         0.173     0.250    u_normalize/mul_a_ready[29]
                         LUT6 (Prop_LUT6_I0_O)        0.150     0.400 f  u_normalize/norm_ready_INST_0_i_7/O
                         net (fo=1, unplaced)         0.144     0.544    u_normalize/norm_ready_INST_0_i_7_n_0
                         LUT5 (Prop_LUT5_I0_O)        0.125     0.669 f  u_normalize/norm_ready_INST_0_i_1/O
                         net (fo=4, unplaced)         0.164     0.833    u_normalize/norm_ready_INST_0_i_1_n_0
                         LUT6 (Prop_LUT6_I0_O)        0.150     0.983 r  u_normalize/norm_ready_INST_0/O
                         net (fo=15, unplaced)        0.275     1.258    u_controller/norm_ready
                         LUT2 (Prop_LUT2_I0_O)        0.070     1.328 r  u_controller/mac_rsp_ready_INST_0/O
                         net (fo=2, unplaced)         0.232     1.560    u_mac/mac_rsp_ready
                         LUT6 (Prop_LUT6_I5_O)        0.038     1.598 r  u_mac/mac_rsp_context_tag[3]_i_4/O
                         net (fo=1, unplaced)         0.232     1.830    u_mac/mac_rsp_context_tag[3]_i_4_n_0
                         LUT4 (Prop_LUT4_I0_O)        0.038     1.868 r  u_mac/mac_rsp_context_tag[3]_i_2/O
                         net (fo=3, unplaced)         0.238     2.106    u_mac/mac_rsp_context_tag[3]_i_2_n_0
                         LUT6 (Prop_LUT6_I5_O)        0.038     2.144 r  u_mac/mac_rsp_valid_i_3/O
                         net (fo=22, unplaced)        0.283     2.427    u_mac/add_commit_fire
                         LUT6 (Prop_LUT6_I5_O)        0.038     2.465 r  u_mac/GEN_PV_LANE[0].u_add_i_34/O
                         net (fo=32, unplaced)        0.292     2.757    cats_r4_b3_pv_32lane/cats_r4_b3_pv_mac_32lane/fp32_add_ip__xdcDup__1/floating_point_1/<hidden>/<hidden>/<hidden>
                         LUT3 (Prop_LUT3_I1_O)        0.038     2.795 r  cats_r4_b3_pv_32lane/cats_r4_b3_pv_mac_32lane/fp32_add_ip__xdcDup__1/floating_point_1/<hidden>/<hidden>/<hidden>
                         net (fo=369, unplaced)       0.347     3.142    cats_r4_b3_pv_32lane/cats_r4_b3_pv_mac_32lane/fp32_add_ip__xdcDup__1/floating_point_1/<hidden>/<hidden>/<hidden>/<hidden>/<hidden>/<hidden>/<hidden>
                         LUT2 (Prop_LUT2_I1_O)        0.070     3.212 r  cats_r4_b3_pv_32lane/cats_r4_b3_pv_mac_32lane/fp32_add_ip__xdcDup__1/floating_point_1/<hidden>/<hidden>/<hidden>/<hidden>/<hidden>/<hidden>/<hidden>
                         net (fo=22, unplaced)        0.288     3.500    cats_r4_b3_pv_32lane/cats_r4_b3_pv_mac_32lane/fp32_add_ip__xdcDup__1/floating_point_1/<hidden>/<hidden>/<hidden>/<hidden>/<hidden>
                         FDRE                                         r  cats_r4_b3_pv_32lane/cats_r4_b3_pv_mac_32lane/fp32_add_ip__xdcDup__1/floating_point_1/<hidden>/<hidden>/<hidden>/<hidden>/<hidden>
  -------------------------------------------------------------------    -------------------

                         (clock core_clk rise edge)
                                                      6.666     6.666 r  
                                                      0.000     6.666 r  clk (IN)
                         net (fo=44667, unset)        0.000     6.666    cats_r4_b3_pv_32lane/cats_r4_b3_pv_mac_32lane/fp32_add_ip__xdcDup__1/floating_point_1/<hidden>/<hidden>/<hidden>/<hidden>/<hidden>
                         FDRE                                         r  cats_r4_b3_pv_32lane/cats_r4_b3_pv_mac_32lane/fp32_add_ip__xdcDup__1/floating_point_1/<hidden>/<hidden>/<hidden>/<hidden>/<hidden>
                         clock pessimism              0.000     6.666    
                         clock uncertainty           -0.035     6.631    
                         FDRE (Setup_FDRE_C_R)       -0.074     6.557    cats_r4_b3_pv_32lane/cats_r4_b3_pv_mac_32lane/fp32_add_ip__xdcDup__1/floating_point_1/<hidden>/<hidden>/<hidden>/<hidden>/<hidden>
  -------------------------------------------------------------------
                         required time                          6.557    
                         arrival time                          -3.500    
  -------------------------------------------------------------------
                         slack                                  3.057    

Slack (MET) :             3.057ns  (required time - arrival time)
  Source:                 cats_r4_b3_pv_32lane/cats_r4_b3_pv_normalize_32lane/fp32_mul_ip__parameterized0__xdcDup__30/floating_point_2_HD7929/<hidden>/<hidden>/<hidden>
                            (rising edge-triggered cell FDRE clocked by core_clk  {rise@0.000ns fall@3.333ns period=6.666ns})
  Destination:            cats_r4_b3_pv_32lane/cats_r4_b3_pv_mac_32lane/fp32_add_ip__xdcDup__1/floating_point_1/<hidden>/<hidden>/<hidden>/<hidden>/<hidden>
                            (rising edge-triggered cell FDRE clocked by core_clk  {rise@0.000ns fall@3.333ns period=6.666ns})
  Path Group:             core_clk
  Path Type:              Setup (Max at Slow Process Corner)
  Requirement:            6.666ns  (core_clk rise@6.666ns - core_clk rise@0.000ns)
  Data Path Delay:        3.500ns  (logic 0.832ns (23.771%)  route 2.668ns (76.229%))
  Logic Levels:           10  (LUT2=2 LUT3=1 LUT4=1 LUT5=1 LUT6=5)
  Clock Uncertainty:      0.035ns  ((TSJ^2 + TIJ^2)^1/2 + DJ) / 2 + PE
    Total System Jitter     (TSJ):    0.071ns
    Total Input Jitter      (TIJ):    0.000ns
    Discrete Jitter          (DJ):    0.000ns
    Phase Error              (PE):    0.000ns

    Location             Delay type                Incr(ns)  Path(ns)    Netlist Resource(s)
  -------------------------------------------------------------------    -------------------
                         (clock core_clk rise edge)
                                                      0.000     0.000 r  
                                                      0.000     0.000 r  clk (IN)
                         net (fo=44667, unset)        0.000     0.000    cats_r4_b3_pv_32lane/cats_r4_b3_pv_normalize_32lane/fp32_mul_ip__parameterized0__xdcDup__30/floating_point_2_HD7929/<hidden>/<hidden>/<hidden>
                         FDRE                                         r  cats_r4_b3_pv_32lane/cats_r4_b3_pv_normalize_32lane/fp32_mul_ip__parameterized0__xdcDup__30/floating_point_2_HD7929/<hidden>/<hidden>/<hidden>
  -------------------------------------------------------------------    -------------------
                         FDRE (Prop_FDRE_C_Q)         0.077     0.077 r  cats_r4_b3_pv_32lane/cats_r4_b3_pv_normalize_32lane/fp32_mul_ip__parameterized0__xdcDup__30/floating_point_2_HD7929/<hidden>/<hidden>/<hidden>
                         net (fo=5, unplaced)         0.173     0.250    u_normalize/mul_a_ready[29]
                         LUT6 (Prop_LUT6_I0_O)        0.150     0.400 f  u_normalize/norm_ready_INST_0_i_7/O
                         net (fo=1, unplaced)         0.144     0.544    u_normalize/norm_ready_INST_0_i_7_n_0
                         LUT5 (Prop_LUT5_I0_O)        0.125     0.669 f  u_normalize/norm_ready_INST_0_i_1/O
                         net (fo=4, unplaced)         0.164     0.833    u_normalize/norm_ready_INST_0_i_1_n_0
                         LUT6 (Prop_LUT6_I0_O)        0.150     0.983 r  u_normalize/norm_ready_INST_0/O
                         net (fo=15, unplaced)        0.275     1.258    u_controller/norm_ready
                         LUT2 (Prop_LUT2_I0_O)        0.070     1.328 r  u_controller/mac_rsp_ready_INST_0/O
                         net (fo=2, unplaced)         0.232     1.560    u_mac/mac_rsp_ready
                         LUT6 (Prop_LUT6_I5_O)        0.038     1.598 r  u_mac/mac_rsp_context_tag[3]_i_4/O
                         net (fo=1, unplaced)         0.232     1.830    u_mac/mac_rsp_context_tag[3]_i_4_n_0
                         LUT4 (Prop_LUT4_I0_O)        0.038     1.868 r  u_mac/mac_rsp_context_tag[3]_i_2/O
                         net (fo=3, unplaced)         0.238     2.106    u_mac/mac_rsp_context_tag[3]_i_2_n_0
                         LUT6 (Prop_LUT6_I5_O)        0.038     2.144 r  u_mac/mac_rsp_valid_i_3/O
                         net (fo=22, unplaced)        0.283     2.427    u_mac/add_commit_fire
                         LUT6 (Prop_LUT6_I5_O)        0.038     2.465 r  u_mac/GEN_PV_LANE[0].u_add_i_34/O
                         net (fo=32, unplaced)        0.292     2.757    cats_r4_b3_pv_32lane/cats_r4_b3_pv_mac_32lane/fp32_add_ip__xdcDup__1/floating_point_1/<hidden>/<hidden>/<hidden>
                         LUT3 (Prop_LUT3_I1_O)        0.038     2.795 r  cats_r4_b3_pv_32lane/cats_r4_b3_pv_mac_32lane/fp32_add_ip__xdcDup__1/floating_point_1/<hidden>/<hidden>/<hidden>
                         net (fo=369, unplaced)       0.347     3.142    cats_r4_b3_pv_32lane/cats_r4_b3_pv_mac_32lane/fp32_add_ip__xdcDup__1/floating_point_1/<hidden>/<hidden>/<hidden>/<hidden>/<hidden>/<hidden>/<hidden>
                         LUT2 (Prop_LUT2_I1_O)        0.070     3.212 r  cats_r4_b3_pv_32lane/cats_r4_b3_pv_mac_32lane/fp32_add_ip__xdcDup__1/floating_point_1/<hidden>/<hidden>/<hidden>/<hidden>/<hidden>/<hidden>/<hidden>
                         net (fo=22, unplaced)        0.288     3.500    cats_r4_b3_pv_32lane/cats_r4_b3_pv_mac_32lane/fp32_add_ip__xdcDup__1/floating_point_1/<hidden>/<hidden>/<hidden>/<hidden>/<hidden>
                         FDRE                                         r  cats_r4_b3_pv_32lane/cats_r4_b3_pv_mac_32lane/fp32_add_ip__xdcDup__1/floating_point_1/<hidden>/<hidden>/<hidden>/<hidden>/<hidden>
  -------------------------------------------------------------------    -------------------

                         (clock core_clk rise edge)
                                                      6.666     6.666 r  
                                                      0.000     6.666 r  clk (IN)
                         net (fo=44667, unset)        0.000     6.666    cats_r4_b3_pv_32lane/cats_r4_b3_pv_mac_32lane/fp32_add_ip__xdcDup__1/floating_point_1/<hidden>/<hidden>/<hidden>/<hidden>/<hidden>
                         FDRE                                         r  cats_r4_b3_pv_32lane/cats_r4_b3_pv_mac_32lane/fp32_add_ip__xdcDup__1/floating_point_1/<hidden>/<hidden>/<hidden>/<hidden>/<hidden>
                         clock pessimism              0.000     6.666    
                         clock uncertainty           -0.035     6.631    
                         FDRE (Setup_FDRE_C_R)       -0.074     6.557    cats_r4_b3_pv_32lane/cats_r4_b3_pv_mac_32lane/fp32_add_ip__xdcDup__1/floating_point_1/<hidden>/<hidden>/<hidden>/<hidden>/<hidden>
  -------------------------------------------------------------------
                         required time                          6.557    
                         arrival time                          -3.500    
  -------------------------------------------------------------------
                         slack                                  3.057    

Slack (MET) :             3.057ns  (required time - arrival time)
  Source:                 cats_r4_b3_pv_32lane/cats_r4_b3_pv_normalize_32lane/fp32_mul_ip__parameterized0__xdcDup__30/floating_point_2_HD7929/<hidden>/<hidden>/<hidden>
                            (rising edge-triggered cell FDRE clocked by core_clk  {rise@0.000ns fall@3.333ns period=6.666ns})
  Destination:            cats_r4_b3_pv_32lane/cats_r4_b3_pv_mac_32lane/fp32_add_ip__xdcDup__1/floating_point_1/<hidden>/<hidden>/<hidden>/<hidden>/<hidden>
                            (rising edge-triggered cell FDRE clocked by core_clk  {rise@0.000ns fall@3.333ns period=6.666ns})
  Path Group:             core_clk
  Path Type:              Setup (Max at Slow Process Corner)
  Requirement:            6.666ns  (core_clk rise@6.666ns - core_clk rise@0.000ns)
  Data Path Delay:        3.500ns  (logic 0.832ns (23.771%)  route 2.668ns (76.229%))
  Logic Levels:           10  (LUT2=2 LUT3=1 LUT4=1 LUT5=1 LUT6=5)
  Clock Uncertainty:      0.035ns  ((TSJ^2 + TIJ^2)^1/2 + DJ) / 2 + PE
    Total System Jitter     (TSJ):    0.071ns
    Total Input Jitter      (TIJ):    0.000ns
    Discrete Jitter          (DJ):    0.000ns
    Phase Error              (PE):    0.000ns

    Location             Delay type                Incr(ns)  Path(ns)    Netlist Resource(s)
  -------------------------------------------------------------------    -------------------
                         (clock core_clk rise edge)
                                                      0.000     0.000 r  
                                                      0.000     0.000 r  clk (IN)
                         net (fo=44667, unset)        0.000     0.000    cats_r4_b3_pv_32lane/cats_r4_b3_pv_normalize_32lane/fp32_mul_ip__parameterized0__xdcDup__30/floating_point_2_HD7929/<hidden>/<hidden>/<hidden>
                         FDRE                                         r  cats_r4_b3_pv_32lane/cats_r4_b3_pv_normalize_32lane/fp32_mul_ip__parameterized0__xdcDup__30/floating_point_2_HD7929/<hidden>/<hidden>/<hidden>
  -------------------------------------------------------------------    -------------------
                         FDRE (Prop_FDRE_C_Q)         0.077     0.077 r  cats_r4_b3_pv_32lane/cats_r4_b3_pv_normalize_32lane/fp32_mul_ip__parameterized0__xdcDup__30/floating_point_2_HD7929/<hidden>/<hidden>/<hidden>
                         net (fo=5, unplaced)         0.173     0.250    u_normalize/mul_a_ready[29]
                         LUT6 (Prop_LUT6_I0_O)        0.150     0.400 f  u_normalize/norm_ready_INST_0_i_7/O
                         net (fo=1, unplaced)         0.144     0.544    u_normalize/norm_ready_INST_0_i_7_n_0
                         LUT5 (Prop_LUT5_I0_O)        0.125     0.669 f  u_normalize/norm_ready_INST_0_i_1/O
                         net (fo=4, unplaced)         0.164     0.833    u_normalize/norm_ready_INST_0_i_1_n_0
                         LUT6 (Prop_LUT6_I0_O)        0.150     0.983 r  u_normalize/norm_ready_INST_0/O
                         net (fo=15, unplaced)        0.275     1.258    u_controller/norm_ready
                         LUT2 (Prop_LUT2_I0_O)        0.070     1.328 r  u_controller/mac_rsp_ready_INST_0/O
                         net (fo=2, unplaced)         0.232     1.560    u_mac/mac_rsp_ready
                         LUT6 (Prop_LUT6_I5_O)        0.038     1.598 r  u_mac/mac_rsp_context_tag[3]_i_4/O
                         net (fo=1, unplaced)         0.232     1.830    u_mac/mac_rsp_context_tag[3]_i_4_n_0
                         LUT4 (Prop_LUT4_I0_O)        0.038     1.868 r  u_mac/mac_rsp_context_tag[3]_i_2/O
                         net (fo=3, unplaced)         0.238     2.106    u_mac/mac_rsp_context_tag[3]_i_2_n_0
                         LUT6 (Prop_LUT6_I5_O)        0.038     2.144 r  u_mac/mac_rsp_valid_i_3/O
                         net (fo=22, unplaced)        0.283     2.427    u_mac/add_commit_fire
                         LUT6 (Prop_LUT6_I5_O)        0.038     2.465 r  u_mac/GEN_PV_LANE[0].u_add_i_34/O
                         net (fo=32, unplaced)        0.292     2.757    cats_r4_b3_pv_32lane/cats_r4_b3_pv_mac_32lane/fp32_add_ip__xdcDup__1/floating_point_1/<hidden>/<hidden>/<hidden>
                         LUT3 (Prop_LUT3_I1_O)        0.038     2.795 r  cats_r4_b3_pv_32lane/cats_r4_b3_pv_mac_32lane/fp32_add_ip__xdcDup__1/floating_point_1/<hidden>/<hidden>/<hidden>
                         net (fo=369, unplaced)       0.347     3.142    cats_r4_b3_pv_32lane/cats_r4_b3_pv_mac_32lane/fp32_add_ip__xdcDup__1/floating_point_1/<hidden>/<hidden>/<hidden>/<hidden>/<hidden>/<hidden>/<hidden>
                         LUT2 (Prop_LUT2_I1_O)        0.070     3.212 r  cats_r4_b3_pv_32lane/cats_r4_b3_pv_mac_32lane/fp32_add_ip__xdcDup__1/floating_point_1/<hidden>/<hidden>/<hidden>/<hidden>/<hidden>/<hidden>/<hidden>
                         net (fo=22, unplaced)        0.288     3.500    cats_r4_b3_pv_32lane/cats_r4_b3_pv_mac_32lane/fp32_add_ip__xdcDup__1/floating_point_1/<hidden>/<hidden>/<hidden>/<hidden>/<hidden>
                         FDRE                                         r  cats_r4_b3_pv_32lane/cats_r4_b3_pv_mac_32lane/fp32_add_ip__xdcDup__1/floating_point_1/<hidden>/<hidden>/<hidden>/<hidden>/<hidden>
  -------------------------------------------------------------------    -------------------

                         (clock core_clk rise edge)
                                                      6.666     6.666 r  
                                                      0.000     6.666 r  clk (IN)
                         net (fo=44667, unset)        0.000     6.666    cats_r4_b3_pv_32lane/cats_r4_b3_pv_mac_32lane/fp32_add_ip__xdcDup__1/floating_point_1/<hidden>/<hidden>/<hidden>/<hidden>/<hidden>
                         FDRE                                         r  cats_r4_b3_pv_32lane/cats_r4_b3_pv_mac_32lane/fp32_add_ip__xdcDup__1/floating_point_1/<hidden>/<hidden>/<hidden>/<hidden>/<hidden>
                         clock pessimism              0.000     6.666    
                         clock uncertainty           -0.035     6.631    
                         FDRE (Setup_FDRE_C_R)       -0.074     6.557    cats_r4_b3_pv_32lane/cats_r4_b3_pv_mac_32lane/fp32_add_ip__xdcDup__1/floating_point_1/<hidden>/<hidden>/<hidden>/<hidden>/<hidden>
  -------------------------------------------------------------------
                         required time                          6.557    
                         arrival time                          -3.500    
  -------------------------------------------------------------------
                         slack                                  3.057    

Slack (MET) :             3.057ns  (required time - arrival time)
  Source:                 cats_r4_b3_pv_32lane/cats_r4_b3_pv_normalize_32lane/fp32_mul_ip__parameterized0__xdcDup__30/floating_point_2_HD7929/<hidden>/<hidden>/<hidden>
                            (rising edge-triggered cell FDRE clocked by core_clk  {rise@0.000ns fall@3.333ns period=6.666ns})
  Destination:            cats_r4_b3_pv_32lane/cats_r4_b3_pv_mac_32lane/fp32_add_ip__xdcDup__1/floating_point_1/<hidden>/<hidden>/<hidden>/<hidden>/<hidden>
                            (rising edge-triggered cell FDRE clocked by core_clk  {rise@0.000ns fall@3.333ns period=6.666ns})
  Path Group:             core_clk
  Path Type:              Setup (Max at Slow Process Corner)
  Requirement:            6.666ns  (core_clk rise@6.666ns - core_clk rise@0.000ns)
  Data Path Delay:        3.500ns  (logic 0.832ns (23.771%)  route 2.668ns (76.229%))
  Logic Levels:           10  (LUT2=2 LUT3=1 LUT4=1 LUT5=1 LUT6=5)
  Clock Uncertainty:      0.035ns  ((TSJ^2 + TIJ^2)^1/2 + DJ) / 2 + PE
    Total System Jitter     (TSJ):    0.071ns
    Total Input Jitter      (TIJ):    0.000ns
    Discrete Jitter          (DJ):    0.000ns
    Phase Error              (PE):    0.000ns

    Location             Delay type                Incr(ns)  Path(ns)    Netlist Resource(s)
  -------------------------------------------------------------------    -------------------
                         (clock core_clk rise edge)
                                                      0.000     0.000 r  
                                                      0.000     0.000 r  clk (IN)
                         net (fo=44667, unset)        0.000     0.000    cats_r4_b3_pv_32lane/cats_r4_b3_pv_normalize_32lane/fp32_mul_ip__parameterized0__xdcDup__30/floating_point_2_HD7929/<hidden>/<hidden>/<hidden>
                         FDRE                                         r  cats_r4_b3_pv_32lane/cats_r4_b3_pv_normalize_32lane/fp32_mul_ip__parameterized0__xdcDup__30/floating_point_2_HD7929/<hidden>/<hidden>/<hidden>
  -------------------------------------------------------------------    -------------------
                         FDRE (Prop_FDRE_C_Q)         0.077     0.077 r  cats_r4_b3_pv_32lane/cats_r4_b3_pv_normalize_32lane/fp32_mul_ip__parameterized0__xdcDup__30/floating_point_2_HD7929/<hidden>/<hidden>/<hidden>
                         net (fo=5, unplaced)         0.173     0.250    u_normalize/mul_a_ready[29]
                         LUT6 (Prop_LUT6_I0_O)        0.150     0.400 f  u_normalize/norm_ready_INST_0_i_7/O
                         net (fo=1, unplaced)         0.144     0.544    u_normalize/norm_ready_INST_0_i_7_n_0
                         LUT5 (Prop_LUT5_I0_O)        0.125     0.669 f  u_normalize/norm_ready_INST_0_i_1/O
                         net (fo=4, unplaced)         0.164     0.833    u_normalize/norm_ready_INST_0_i_1_n_0
                         LUT6 (Prop_LUT6_I0_O)        0.150     0.983 r  u_normalize/norm_ready_INST_0/O
                         net (fo=15, unplaced)        0.275     1.258    u_controller/norm_ready
                         LUT2 (Prop_LUT2_I0_O)        0.070     1.328 r  u_controller/mac_rsp_ready_INST_0/O
                         net (fo=2, unplaced)         0.232     1.560    u_mac/mac_rsp_ready
                         LUT6 (Prop_LUT6_I5_O)        0.038     1.598 r  u_mac/mac_rsp_context_tag[3]_i_4/O
                         net (fo=1, unplaced)         0.232     1.830    u_mac/mac_rsp_context_tag[3]_i_4_n_0
                         LUT4 (Prop_LUT4_I0_O)        0.038     1.868 r  u_mac/mac_rsp_context_tag[3]_i_2/O
                         net (fo=3, unplaced)         0.238     2.106    u_mac/mac_rsp_context_tag[3]_i_2_n_0
                         LUT6 (Prop_LUT6_I5_O)        0.038     2.144 r  u_mac/mac_rsp_valid_i_3/O
                         net (fo=22, unplaced)        0.283     2.427    u_mac/add_commit_fire
                         LUT6 (Prop_LUT6_I5_O)        0.038     2.465 r  u_mac/GEN_PV_LANE[0].u_add_i_34/O
                         net (fo=32, unplaced)        0.292     2.757    cats_r4_b3_pv_32lane/cats_r4_b3_pv_mac_32lane/fp32_add_ip__xdcDup__1/floating_point_1/<hidden>/<hidden>/<hidden>
                         LUT3 (Prop_LUT3_I1_O)        0.038     2.795 r  cats_r4_b3_pv_32lane/cats_r4_b3_pv_mac_32lane/fp32_add_ip__xdcDup__1/floating_point_1/<hidden>/<hidden>/<hidden>
                         net (fo=369, unplaced)       0.347     3.142    cats_r4_b3_pv_32lane/cats_r4_b3_pv_mac_32lane/fp32_add_ip__xdcDup__1/floating_point_1/<hidden>/<hidden>/<hidden>/<hidden>/<hidden>/<hidden>/<hidden>
                         LUT2 (Prop_LUT2_I1_O)        0.070     3.212 r  cats_r4_b3_pv_32lane/cats_r4_b3_pv_mac_32lane/fp32_add_ip__xdcDup__1/floating_point_1/<hidden>/<hidden>/<hidden>/<hidden>/<hidden>/<hidden>/<hidden>
                         net (fo=22, unplaced)        0.288     3.500    cats_r4_b3_pv_32lane/cats_r4_b3_pv_mac_32lane/fp32_add_ip__xdcDup__1/floating_point_1/<hidden>/<hidden>/<hidden>/<hidden>/<hidden>
                         FDRE                                         r  cats_r4_b3_pv_32lane/cats_r4_b3_pv_mac_32lane/fp32_add_ip__xdcDup__1/floating_point_1/<hidden>/<hidden>/<hidden>/<hidden>/<hidden>
  -------------------------------------------------------------------    -------------------

                         (clock core_clk rise edge)
                                                      6.666     6.666 r  
                                                      0.000     6.666 r  clk (IN)
                         net (fo=44667, unset)        0.000     6.666    cats_r4_b3_pv_32lane/cats_r4_b3_pv_mac_32lane/fp32_add_ip__xdcDup__1/floating_point_1/<hidden>/<hidden>/<hidden>/<hidden>/<hidden>
                         FDRE                                         r  cats_r4_b3_pv_32lane/cats_r4_b3_pv_mac_32lane/fp32_add_ip__xdcDup__1/floating_point_1/<hidden>/<hidden>/<hidden>/<hidden>/<hidden>
                         clock pessimism              0.000     6.666    
                         clock uncertainty           -0.035     6.631    
                         FDRE (Setup_FDRE_C_R)       -0.074     6.557    cats_r4_b3_pv_32lane/cats_r4_b3_pv_mac_32lane/fp32_add_ip__xdcDup__1/floating_point_1/<hidden>/<hidden>/<hidden>/<hidden>/<hidden>
  -------------------------------------------------------------------
                         required time                          6.557    
                         arrival time                          -3.500    
  -------------------------------------------------------------------
                         slack                                  3.057    

Slack (MET) :             3.057ns  (required time - arrival time)
  Source:                 cats_r4_b3_pv_32lane/cats_r4_b3_pv_normalize_32lane/fp32_mul_ip__parameterized0__xdcDup__30/floating_point_2_HD7929/<hidden>/<hidden>/<hidden>
                            (rising edge-triggered cell FDRE clocked by core_clk  {rise@0.000ns fall@3.333ns period=6.666ns})
  Destination:            cats_r4_b3_pv_32lane/cats_r4_b3_pv_mac_32lane/fp32_add_ip__xdcDup__1/floating_point_1/<hidden>/<hidden>/<hidden>/<hidden>/<hidden>
                            (rising edge-triggered cell FDRE clocked by core_clk  {rise@0.000ns fall@3.333ns period=6.666ns})
  Path Group:             core_clk
  Path Type:              Setup (Max at Slow Process Corner)
  Requirement:            6.666ns  (core_clk rise@6.666ns - core_clk rise@0.000ns)
  Data Path Delay:        3.500ns  (logic 0.832ns (23.771%)  route 2.668ns (76.229%))
  Logic Levels:           10  (LUT2=2 LUT3=1 LUT4=1 LUT5=1 LUT6=5)
  Clock Uncertainty:      0.035ns  ((TSJ^2 + TIJ^2)^1/2 + DJ) / 2 + PE
    Total System Jitter     (TSJ):    0.071ns
    Total Input Jitter      (TIJ):    0.000ns
    Discrete Jitter          (DJ):    0.000ns
    Phase Error              (PE):    0.000ns

    Location             Delay type                Incr(ns)  Path(ns)    Netlist Resource(s)
  -------------------------------------------------------------------    -------------------
                         (clock core_clk rise edge)
                                                      0.000     0.000 r  
                                                      0.000     0.000 r  clk (IN)
                         net (fo=44667, unset)        0.000     0.000    cats_r4_b3_pv_32lane/cats_r4_b3_pv_normalize_32lane/fp32_mul_ip__parameterized0__xdcDup__30/floating_point_2_HD7929/<hidden>/<hidden>/<hidden>
                         FDRE                                         r  cats_r4_b3_pv_32lane/cats_r4_b3_pv_normalize_32lane/fp32_mul_ip__parameterized0__xdcDup__30/floating_point_2_HD7929/<hidden>/<hidden>/<hidden>
  -------------------------------------------------------------------    -------------------
                         FDRE (Prop_FDRE_C_Q)         0.077     0.077 r  cats_r4_b3_pv_32lane/cats_r4_b3_pv_normalize_32lane/fp32_mul_ip__parameterized0__xdcDup__30/floating_point_2_HD7929/<hidden>/<hidden>/<hidden>
                         net (fo=5, unplaced)         0.173     0.250    u_normalize/mul_a_ready[29]
                         LUT6 (Prop_LUT6_I0_O)        0.150     0.400 f  u_normalize/norm_ready_INST_0_i_7/O
                         net (fo=1, unplaced)         0.144     0.544    u_normalize/norm_ready_INST_0_i_7_n_0
                         LUT5 (Prop_LUT5_I0_O)        0.125     0.669 f  u_normalize/norm_ready_INST_0_i_1/O
                         net (fo=4, unplaced)         0.164     0.833    u_normalize/norm_ready_INST_0_i_1_n_0
                         LUT6 (Prop_LUT6_I0_O)        0.150     0.983 r  u_normalize/norm_ready_INST_0/O
                         net (fo=15, unplaced)        0.275     1.258    u_controller/norm_ready
                         LUT2 (Prop_LUT2_I0_O)        0.070     1.328 r  u_controller/mac_rsp_ready_INST_0/O
                         net (fo=2, unplaced)         0.232     1.560    u_mac/mac_rsp_ready
                         LUT6 (Prop_LUT6_I5_O)        0.038     1.598 r  u_mac/mac_rsp_context_tag[3]_i_4/O
                         net (fo=1, unplaced)         0.232     1.830    u_mac/mac_rsp_context_tag[3]_i_4_n_0
                         LUT4 (Prop_LUT4_I0_O)        0.038     1.868 r  u_mac/mac_rsp_context_tag[3]_i_2/O
                         net (fo=3, unplaced)         0.238     2.106    u_mac/mac_rsp_context_tag[3]_i_2_n_0
                         LUT6 (Prop_LUT6_I5_O)        0.038     2.144 r  u_mac/mac_rsp_valid_i_3/O
                         net (fo=22, unplaced)        0.283     2.427    u_mac/add_commit_fire
                         LUT6 (Prop_LUT6_I5_O)        0.038     2.465 r  u_mac/GEN_PV_LANE[0].u_add_i_34/O
                         net (fo=32, unplaced)        0.292     2.757    cats_r4_b3_pv_32lane/cats_r4_b3_pv_mac_32lane/fp32_add_ip__xdcDup__1/floating_point_1/<hidden>/<hidden>/<hidden>
                         LUT3 (Prop_LUT3_I1_O)        0.038     2.795 r  cats_r4_b3_pv_32lane/cats_r4_b3_pv_mac_32lane/fp32_add_ip__xdcDup__1/floating_point_1/<hidden>/<hidden>/<hidden>
                         net (fo=369, unplaced)       0.347     3.142    cats_r4_b3_pv_32lane/cats_r4_b3_pv_mac_32lane/fp32_add_ip__xdcDup__1/floating_point_1/<hidden>/<hidden>/<hidden>/<hidden>/<hidden>/<hidden>/<hidden>
                         LUT2 (Prop_LUT2_I1_O)        0.070     3.212 r  cats_r4_b3_pv_32lane/cats_r4_b3_pv_mac_32lane/fp32_add_ip__xdcDup__1/floating_point_1/<hidden>/<hidden>/<hidden>/<hidden>/<hidden>/<hidden>/<hidden>
                         net (fo=22, unplaced)        0.288     3.500    cats_r4_b3_pv_32lane/cats_r4_b3_pv_mac_32lane/fp32_add_ip__xdcDup__1/floating_point_1/<hidden>/<hidden>/<hidden>/<hidden>/<hidden>
                         FDRE                                         r  cats_r4_b3_pv_32lane/cats_r4_b3_pv_mac_32lane/fp32_add_ip__xdcDup__1/floating_point_1/<hidden>/<hidden>/<hidden>/<hidden>/<hidden>
  -------------------------------------------------------------------    -------------------

                         (clock core_clk rise edge)
                                                      6.666     6.666 r  
                                                      0.000     6.666 r  clk (IN)
                         net (fo=44667, unset)        0.000     6.666    cats_r4_b3_pv_32lane/cats_r4_b3_pv_mac_32lane/fp32_add_ip__xdcDup__1/floating_point_1/<hidden>/<hidden>/<hidden>/<hidden>/<hidden>
                         FDRE                                         r  cats_r4_b3_pv_32lane/cats_r4_b3_pv_mac_32lane/fp32_add_ip__xdcDup__1/floating_point_1/<hidden>/<hidden>/<hidden>/<hidden>/<hidden>
                         clock pessimism              0.000     6.666    
                         clock uncertainty           -0.035     6.631    
                         FDRE (Setup_FDRE_C_R)       -0.074     6.557    cats_r4_b3_pv_32lane/cats_r4_b3_pv_mac_32lane/fp32_add_ip__xdcDup__1/floating_point_1/<hidden>/<hidden>/<hidden>/<hidden>/<hidden>
  -------------------------------------------------------------------
                         required time                          6.557    
                         arrival time                          -3.500    
  -------------------------------------------------------------------
                         slack                                  3.057    

Slack (MET) :             3.057ns  (required time - arrival time)
  Source:                 cats_r4_b3_pv_32lane/cats_r4_b3_pv_normalize_32lane/fp32_mul_ip__parameterized0__xdcDup__30/floating_point_2_HD7929/<hidden>/<hidden>/<hidden>
                            (rising edge-triggered cell FDRE clocked by core_clk  {rise@0.000ns fall@3.333ns period=6.666ns})
  Destination:            cats_r4_b3_pv_32lane/cats_r4_b3_pv_mac_32lane/fp32_add_ip__xdcDup__1/floating_point_1/<hidden>/<hidden>/<hidden>/<hidden>/<hidden>
                            (rising edge-triggered cell FDRE clocked by core_clk  {rise@0.000ns fall@3.333ns period=6.666ns})
  Path Group:             core_clk
  Path Type:              Setup (Max at Slow Process Corner)
  Requirement:            6.666ns  (core_clk rise@6.666ns - core_clk rise@0.000ns)
  Data Path Delay:        3.500ns  (logic 0.832ns (23.771%)  route 2.668ns (76.229%))
  Logic Levels:           10  (LUT2=2 LUT3=1 LUT4=1 LUT5=1 LUT6=5)
  Clock Uncertainty:      0.035ns  ((TSJ^2 + TIJ^2)^1/2 + DJ) / 2 + PE
    Total System Jitter     (TSJ):    0.071ns
    Total Input Jitter      (TIJ):    0.000ns
    Discrete Jitter          (DJ):    0.000ns
    Phase Error              (PE):    0.000ns

    Location             Delay type                Incr(ns)  Path(ns)    Netlist Resource(s)
  -------------------------------------------------------------------    -------------------
                         (clock core_clk rise edge)
                                                      0.000     0.000 r  
                                                      0.000     0.000 r  clk (IN)
                         net (fo=44667, unset)        0.000     0.000    cats_r4_b3_pv_32lane/cats_r4_b3_pv_normalize_32lane/fp32_mul_ip__parameterized0__xdcDup__30/floating_point_2_HD7929/<hidden>/<hidden>/<hidden>
                         FDRE                                         r  cats_r4_b3_pv_32lane/cats_r4_b3_pv_normalize_32lane/fp32_mul_ip__parameterized0__xdcDup__30/floating_point_2_HD7929/<hidden>/<hidden>/<hidden>
  -------------------------------------------------------------------    -------------------
                         FDRE (Prop_FDRE_C_Q)         0.077     0.077 r  cats_r4_b3_pv_32lane/cats_r4_b3_pv_normalize_32lane/fp32_mul_ip__parameterized0__xdcDup__30/floating_point_2_HD7929/<hidden>/<hidden>/<hidden>
                         net (fo=5, unplaced)         0.173     0.250    u_normalize/mul_a_ready[29]
                         LUT6 (Prop_LUT6_I0_O)        0.150     0.400 f  u_normalize/norm_ready_INST_0_i_7/O
                         net (fo=1, unplaced)         0.144     0.544    u_normalize/norm_ready_INST_0_i_7_n_0
                         LUT5 (Prop_LUT5_I0_O)        0.125     0.669 f  u_normalize/norm_ready_INST_0_i_1/O
                         net (fo=4, unplaced)         0.164     0.833    u_normalize/norm_ready_INST_0_i_1_n_0
                         LUT6 (Prop_LUT6_I0_O)        0.150     0.983 r  u_normalize/norm_ready_INST_0/O
                         net (fo=15, unplaced)        0.275     1.258    u_controller/norm_ready
                         LUT2 (Prop_LUT2_I0_O)        0.070     1.328 r  u_controller/mac_rsp_ready_INST_0/O
                         net (fo=2, unplaced)         0.232     1.560    u_mac/mac_rsp_ready
                         LUT6 (Prop_LUT6_I5_O)        0.038     1.598 r  u_mac/mac_rsp_context_tag[3]_i_4/O
                         net (fo=1, unplaced)         0.232     1.830    u_mac/mac_rsp_context_tag[3]_i_4_n_0
                         LUT4 (Prop_LUT4_I0_O)        0.038     1.868 r  u_mac/mac_rsp_context_tag[3]_i_2/O
                         net (fo=3, unplaced)         0.238     2.106    u_mac/mac_rsp_context_tag[3]_i_2_n_0
                         LUT6 (Prop_LUT6_I5_O)        0.038     2.144 r  u_mac/mac_rsp_valid_i_3/O
                         net (fo=22, unplaced)        0.283     2.427    u_mac/add_commit_fire
                         LUT6 (Prop_LUT6_I5_O)        0.038     2.465 r  u_mac/GEN_PV_LANE[0].u_add_i_34/O
                         net (fo=32, unplaced)        0.292     2.757    cats_r4_b3_pv_32lane/cats_r4_b3_pv_mac_32lane/fp32_add_ip__xdcDup__1/floating_point_1/<hidden>/<hidden>/<hidden>
                         LUT3 (Prop_LUT3_I1_O)        0.038     2.795 r  cats_r4_b3_pv_32lane/cats_r4_b3_pv_mac_32lane/fp32_add_ip__xdcDup__1/floating_point_1/<hidden>/<hidden>/<hidden>
                         net (fo=369, unplaced)       0.347     3.142    cats_r4_b3_pv_32lane/cats_r4_b3_pv_mac_32lane/fp32_add_ip__xdcDup__1/floating_point_1/<hidden>/<hidden>/<hidden>/<hidden>/<hidden>/<hidden>/<hidden>
                         LUT2 (Prop_LUT2_I1_O)        0.070     3.212 r  cats_r4_b3_pv_32lane/cats_r4_b3_pv_mac_32lane/fp32_add_ip__xdcDup__1/floating_point_1/<hidden>/<hidden>/<hidden>/<hidden>/<hidden>/<hidden>/<hidden>
                         net (fo=22, unplaced)        0.288     3.500    cats_r4_b3_pv_32lane/cats_r4_b3_pv_mac_32lane/fp32_add_ip__xdcDup__1/floating_point_1/<hidden>/<hidden>/<hidden>/<hidden>/<hidden>
                         FDRE                                         r  cats_r4_b3_pv_32lane/cats_r4_b3_pv_mac_32lane/fp32_add_ip__xdcDup__1/floating_point_1/<hidden>/<hidden>/<hidden>/<hidden>/<hidden>
  -------------------------------------------------------------------    -------------------

                         (clock core_clk rise edge)
                                                      6.666     6.666 r  
                                                      0.000     6.666 r  clk (IN)
                         net (fo=44667, unset)        0.000     6.666    cats_r4_b3_pv_32lane/cats_r4_b3_pv_mac_32lane/fp32_add_ip__xdcDup__1/floating_point_1/<hidden>/<hidden>/<hidden>/<hidden>/<hidden>
                         FDRE                                         r  cats_r4_b3_pv_32lane/cats_r4_b3_pv_mac_32lane/fp32_add_ip__xdcDup__1/floating_point_1/<hidden>/<hidden>/<hidden>/<hidden>/<hidden>
                         clock pessimism              0.000     6.666    
                         clock uncertainty           -0.035     6.631    
                         FDRE (Setup_FDRE_C_R)       -0.074     6.557    cats_r4_b3_pv_32lane/cats_r4_b3_pv_mac_32lane/fp32_add_ip__xdcDup__1/floating_point_1/<hidden>/<hidden>/<hidden>/<hidden>/<hidden>
  -------------------------------------------------------------------
                         required time                          6.557    
                         arrival time                          -3.500    
  -------------------------------------------------------------------
                         slack                                  3.057    





Pulse Width Checks
--------------------------------------------------------------------------------------
Clock Name:         core_clk
Waveform(ns):       { 0.000 3.333 }
Period(ns):         6.666
Sources:            { clk }

Check Type        Corner  Lib Pin     Reference Pin  Required(ns)  Actual(ns)  Slack(ns)  Location  Pin
Min Period        n/a     RAMD32/CLK  n/a            1.064         6.666       5.602                u_controller/fifo_context_reg_0_15_0_3/RAMA/CLK
Min Period        n/a     RAMD32/CLK  n/a            1.064         6.666       5.602                u_controller/fifo_context_reg_0_15_0_3/RAMA_D1/CLK
Min Period        n/a     RAMD32/CLK  n/a            1.064         6.666       5.602                u_controller/fifo_context_reg_0_15_0_3/RAMB/CLK
Min Period        n/a     RAMD32/CLK  n/a            1.064         6.666       5.602                u_controller/fifo_context_reg_0_15_0_3/RAMB_D1/CLK
Min Period        n/a     RAMD32/CLK  n/a            1.064         6.666       5.602                u_controller/fifo_context_reg_0_15_0_3/RAMC/CLK
Min Period        n/a     RAMD32/CLK  n/a            1.064         6.666       5.602                u_controller/fifo_context_reg_0_15_0_3/RAMC_D1/CLK
Min Period        n/a     RAMD32/CLK  n/a            1.064         6.666       5.602                u_controller/fifo_context_reg_0_15_0_3/RAMD/CLK
Min Period        n/a     RAMD32/CLK  n/a            1.064         6.666       5.602                u_controller/fifo_context_reg_0_15_0_3/RAMD_D1/CLK
Min Period        n/a     RAMD32/CLK  n/a            1.064         6.666       5.602                u_controller/fifo_context_reg_0_15_0_3/RAME/CLK
Min Period        n/a     RAMD32/CLK  n/a            1.064         6.666       5.602                u_controller/fifo_context_reg_0_15_0_3/RAME_D1/CLK
Min Period        n/a     RAMD32/CLK  n/a            1.064         6.666       5.602                u_controller/fifo_context_reg_0_15_0_3/RAMF/CLK
Min Period        n/a     RAMD32/CLK  n/a            1.064         6.666       5.602                u_controller/fifo_context_reg_0_15_0_3/RAMF_D1/CLK
Min Period        n/a     RAMD32/CLK  n/a            1.064         6.666       5.602                u_controller/fifo_context_reg_0_15_0_3/RAMG/CLK
Min Period        n/a     RAMD32/CLK  n/a            1.064         6.666       5.602                u_controller/fifo_context_reg_0_15_0_3/RAMG_D1/CLK
Min Period        n/a     RAMS32/CLK  n/a            1.064         6.666       5.602                u_controller/fifo_context_reg_0_15_0_3/RAMH/CLK
Min Period        n/a     RAMS32/CLK  n/a            1.064         6.666       5.602                u_controller/fifo_context_reg_0_15_0_3/RAMH_D1/CLK
Min Period        n/a     RAMD32/CLK  n/a            1.064         6.666       5.602                u_controller/fifo_first_reg_0_15_0_0/DP/CLK
Min Period        n/a     RAMD32/CLK  n/a            1.064         6.666       5.602                u_controller/fifo_first_reg_0_15_0_0/SP/CLK
Min Period        n/a     RAMD32/CLK  n/a            1.064         6.666       5.602                u_controller/fifo_last_reg_0_15_0_0/DP/CLK
Min Period        n/a     RAMD32/CLK  n/a            1.064         6.666       5.602                u_controller/fifo_last_reg_0_15_0_0/SP/CLK
Low Pulse Width   Slow    RAMD32/CLK  n/a            0.532         3.333       2.801                u_controller/fifo_context_reg_0_15_0_3/RAMA/CLK
Low Pulse Width   Fast    RAMD32/CLK  n/a            0.532         3.333       2.801                u_controller/fifo_context_reg_0_15_0_3/RAMA/CLK
Low Pulse Width   Slow    RAMD32/CLK  n/a            0.532         3.333       2.801                u_controller/fifo_context_reg_0_15_0_3/RAMA_D1/CLK
Low Pulse Width   Fast    RAMD32/CLK  n/a            0.532         3.333       2.801                u_controller/fifo_context_reg_0_15_0_3/RAMA_D1/CLK
Low Pulse Width   Slow    RAMD32/CLK  n/a            0.532         3.333       2.801                u_controller/fifo_context_reg_0_15_0_3/RAMB/CLK
Low Pulse Width   Fast    RAMD32/CLK  n/a            0.532         3.333       2.801                u_controller/fifo_context_reg_0_15_0_3/RAMB/CLK
Low Pulse Width   Slow    RAMD32/CLK  n/a            0.532         3.333       2.801                u_controller/fifo_context_reg_0_15_0_3/RAMB_D1/CLK
Low Pulse Width   Fast    RAMD32/CLK  n/a            0.532         3.333       2.801                u_controller/fifo_context_reg_0_15_0_3/RAMB_D1/CLK
Low Pulse Width   Slow    RAMD32/CLK  n/a            0.532         3.333       2.801                u_controller/fifo_context_reg_0_15_0_3/RAMC/CLK
Low Pulse Width   Fast    RAMD32/CLK  n/a            0.532         3.333       2.801                u_controller/fifo_context_reg_0_15_0_3/RAMC/CLK
Low Pulse Width   Slow    RAMD32/CLK  n/a            0.532         3.333       2.801                u_controller/fifo_context_reg_0_15_0_3/RAMC_D1/CLK
Low Pulse Width   Fast    RAMD32/CLK  n/a            0.532         3.333       2.801                u_controller/fifo_context_reg_0_15_0_3/RAMC_D1/CLK
Low Pulse Width   Slow    RAMD32/CLK  n/a            0.532         3.333       2.801                u_controller/fifo_context_reg_0_15_0_3/RAMD/CLK
Low Pulse Width   Fast    RAMD32/CLK  n/a            0.532         3.333       2.801                u_controller/fifo_context_reg_0_15_0_3/RAMD/CLK
Low Pulse Width   Slow    RAMD32/CLK  n/a            0.532         3.333       2.801                u_controller/fifo_context_reg_0_15_0_3/RAMD_D1/CLK
Low Pulse Width   Fast    RAMD32/CLK  n/a            0.532         3.333       2.801                u_controller/fifo_context_reg_0_15_0_3/RAMD_D1/CLK
Low Pulse Width   Slow    RAMD32/CLK  n/a            0.532         3.333       2.801                u_controller/fifo_context_reg_0_15_0_3/RAME/CLK
Low Pulse Width   Fast    RAMD32/CLK  n/a            0.532         3.333       2.801                u_controller/fifo_context_reg_0_15_0_3/RAME/CLK
Low Pulse Width   Slow    RAMD32/CLK  n/a            0.532         3.333       2.801                u_controller/fifo_context_reg_0_15_0_3/RAME_D1/CLK
Low Pulse Width   Fast    RAMD32/CLK  n/a            0.532         3.333       2.801                u_controller/fifo_context_reg_0_15_0_3/RAME_D1/CLK
High Pulse Width  Slow    RAMD32/CLK  n/a            0.532         3.333       2.801                u_controller/fifo_context_reg_0_15_0_3/RAMA/CLK
High Pulse Width  Fast    RAMD32/CLK  n/a            0.532         3.333       2.801                u_controller/fifo_context_reg_0_15_0_3/RAMA/CLK
High Pulse Width  Slow    RAMD32/CLK  n/a            0.532         3.333       2.801                u_controller/fifo_context_reg_0_15_0_3/RAMA_D1/CLK
High Pulse Width  Fast    RAMD32/CLK  n/a            0.532         3.333       2.801                u_controller/fifo_context_reg_0_15_0_3/RAMA_D1/CLK
High Pulse Width  Slow    RAMD32/CLK  n/a            0.532         3.333       2.801                u_controller/fifo_context_reg_0_15_0_3/RAMB/CLK
High Pulse Width  Fast    RAMD32/CLK  n/a            0.532         3.333       2.801                u_controller/fifo_context_reg_0_15_0_3/RAMB/CLK
High Pulse Width  Slow    RAMD32/CLK  n/a            0.532         3.333       2.801                u_controller/fifo_context_reg_0_15_0_3/RAMB_D1/CLK
High Pulse Width  Fast    RAMD32/CLK  n/a            0.532         3.333       2.801                u_controller/fifo_context_reg_0_15_0_3/RAMB_D1/CLK
High Pulse Width  Slow    RAMD32/CLK  n/a            0.532         3.333       2.801                u_controller/fifo_context_reg_0_15_0_3/RAMC/CLK
High Pulse Width  Fast    RAMD32/CLK  n/a            0.532         3.333       2.801                u_controller/fifo_context_reg_0_15_0_3/RAMC/CLK
High Pulse Width  Slow    RAMD32/CLK  n/a            0.532         3.333       2.801                u_controller/fifo_context_reg_0_15_0_3/RAMC_D1/CLK
High Pulse Width  Fast    RAMD32/CLK  n/a            0.532         3.333       2.801                u_controller/fifo_context_reg_0_15_0_3/RAMC_D1/CLK
High Pulse Width  Slow    RAMD32/CLK  n/a            0.532         3.333       2.801                u_controller/fifo_context_reg_0_15_0_3/RAMD/CLK
High Pulse Width  Fast    RAMD32/CLK  n/a            0.532         3.333       2.801                u_controller/fifo_context_reg_0_15_0_3/RAMD/CLK
High Pulse Width  Slow    RAMD32/CLK  n/a            0.532         3.333       2.801                u_controller/fifo_context_reg_0_15_0_3/RAMD_D1/CLK
High Pulse Width  Fast    RAMD32/CLK  n/a            0.532         3.333       2.801                u_controller/fifo_context_reg_0_15_0_3/RAMD_D1/CLK
High Pulse Width  Slow    RAMD32/CLK  n/a            0.532         3.333       2.801                u_controller/fifo_context_reg_0_15_0_3/RAME/CLK
High Pulse Width  Fast    RAMD32/CLK  n/a            0.532         3.333       2.801                u_controller/fifo_context_reg_0_15_0_3/RAME/CLK
High Pulse Width  Slow    RAMD32/CLK  n/a            0.532         3.333       2.801                u_controller/fifo_context_reg_0_15_0_3/RAME_D1/CLK
High Pulse Width  Fast    RAMD32/CLK  n/a            0.532         3.333       2.801                u_controller/fifo_context_reg_0_15_0_3/RAME_D1/CLK



---------------------------------------------------------------------------------------------------
Path Group:  **async_default**
From Clock:  core_clk
  To Clock:  core_clk

Setup :            0  Failing Endpoints,  Worst Slack        5.130ns,  Total Violation        0.000ns
Hold  :           NA  Failing Endpoints,  Worst Slack           NA  ,  Total Violation           NA
---------------------------------------------------------------------------------------------------


Max Delay Paths
--------------------------------------------------------------------------------------
Slack (MET) :             5.130ns  (required time - arrival time)
  Source:                 rst_n
                            (input port clocked by core_clk  {rise@0.000ns fall@3.333ns period=6.666ns})
  Destination:            u_controller/active_epoch_reg[0]/CLR
                            (recovery check against rising-edge clock core_clk  {rise@0.000ns fall@3.333ns period=6.666ns})
  Path Group:             **async_default**
  Path Type:              Recovery (Max at Slow Process Corner)
  Requirement:            6.666ns  (core_clk rise@6.666ns - core_clk rise@0.000ns)
  Data Path Delay:        0.435ns  (logic 0.038ns (8.736%)  route 0.397ns (91.264%))
  Logic Levels:           1  (LUT1=1)
  Input Delay:            1.000ns
  Clock Uncertainty:      0.035ns  ((TSJ^2 + TIJ^2)^1/2 + DJ) / 2 + PE
    Total System Jitter     (TSJ):    0.071ns
    Total Input Jitter      (TIJ):    0.000ns
    Discrete Jitter          (DJ):    0.000ns
    Phase Error              (PE):    0.000ns

    Location             Delay type                Incr(ns)  Path(ns)    Netlist Resource(s)
  -------------------------------------------------------------------    -------------------
                         (clock core_clk rise edge)
                                                      0.000     0.000 r  
                         input delay                  1.000     1.000    
                                                      0.000     1.000 r  rst_n (IN)
                         net (fo=11, unset)           0.000     1.000    u_controller/rst_n
                         LUT1 (Prop_LUT1_I0_O)        0.038     1.038 f  u_controller/weight_hold_valid_i_2/O
                         net (fo=2672, unplaced)      0.397     1.435    u_controller/weight_hold_valid_i_2_n_0
                         FDCE                                         f  u_controller/active_epoch_reg[0]/CLR
  -------------------------------------------------------------------    -------------------

                         (clock core_clk rise edge)
                                                      6.666     6.666 r  
                                                      0.000     6.666 r  clk (IN)
                         net (fo=44667, unset)        0.000     6.666    u_controller/clk
                         FDCE                                         r  u_controller/active_epoch_reg[0]/C
                         clock pessimism              0.000     6.666    
                         clock uncertainty           -0.035     6.631    
                         FDCE (Recov_FDCE_C_CLR)     -0.066     6.565    u_controller/active_epoch_reg[0]
  -------------------------------------------------------------------
                         required time                          6.565    
                         arrival time                          -1.435    
  -------------------------------------------------------------------
                         slack                                  5.130    

Slack (MET) :             5.130ns  (required time - arrival time)
  Source:                 rst_n
                            (input port clocked by core_clk  {rise@0.000ns fall@3.333ns period=6.666ns})
  Destination:            u_controller/active_epoch_reg[10]/CLR
                            (recovery check against rising-edge clock core_clk  {rise@0.000ns fall@3.333ns period=6.666ns})
  Path Group:             **async_default**
  Path Type:              Recovery (Max at Slow Process Corner)
  Requirement:            6.666ns  (core_clk rise@6.666ns - core_clk rise@0.000ns)
  Data Path Delay:        0.435ns  (logic 0.038ns (8.736%)  route 0.397ns (91.264%))
  Logic Levels:           1  (LUT1=1)
  Input Delay:            1.000ns
  Clock Uncertainty:      0.035ns  ((TSJ^2 + TIJ^2)^1/2 + DJ) / 2 + PE
    Total System Jitter     (TSJ):    0.071ns
    Total Input Jitter      (TIJ):    0.000ns
    Discrete Jitter          (DJ):    0.000ns
    Phase Error              (PE):    0.000ns

    Location             Delay type                Incr(ns)  Path(ns)    Netlist Resource(s)
  -------------------------------------------------------------------    -------------------
                         (clock core_clk rise edge)
                                                      0.000     0.000 r  
                         input delay                  1.000     1.000    
                                                      0.000     1.000 r  rst_n (IN)
                         net (fo=11, unset)           0.000     1.000    u_controller/rst_n
                         LUT1 (Prop_LUT1_I0_O)        0.038     1.038 f  u_controller/weight_hold_valid_i_2/O
                         net (fo=2672, unplaced)      0.397     1.435    u_controller/weight_hold_valid_i_2_n_0
                         FDCE                                         f  u_controller/active_epoch_reg[10]/CLR
  -------------------------------------------------------------------    -------------------

                         (clock core_clk rise edge)
                                                      6.666     6.666 r  
                                                      0.000     6.666 r  clk (IN)
                         net (fo=44667, unset)        0.000     6.666    u_controller/clk
                         FDCE                                         r  u_controller/active_epoch_reg[10]/C
                         clock pessimism              0.000     6.666    
                         clock uncertainty           -0.035     6.631    
                         FDCE (Recov_FDCE_C_CLR)     -0.066     6.565    u_controller/active_epoch_reg[10]
  -------------------------------------------------------------------
                         required time                          6.565    
                         arrival time                          -1.435    
  -------------------------------------------------------------------
                         slack                                  5.130    

Slack (MET) :             5.130ns  (required time - arrival time)
  Source:                 rst_n
                            (input port clocked by core_clk  {rise@0.000ns fall@3.333ns period=6.666ns})
  Destination:            u_controller/active_epoch_reg[11]/CLR
                            (recovery check against rising-edge clock core_clk  {rise@0.000ns fall@3.333ns period=6.666ns})
  Path Group:             **async_default**
  Path Type:              Recovery (Max at Slow Process Corner)
  Requirement:            6.666ns  (core_clk rise@6.666ns - core_clk rise@0.000ns)
  Data Path Delay:        0.435ns  (logic 0.038ns (8.736%)  route 0.397ns (91.264%))
  Logic Levels:           1  (LUT1=1)
  Input Delay:            1.000ns
  Clock Uncertainty:      0.035ns  ((TSJ^2 + TIJ^2)^1/2 + DJ) / 2 + PE
    Total System Jitter     (TSJ):    0.071ns
    Total Input Jitter      (TIJ):    0.000ns
    Discrete Jitter          (DJ):    0.000ns
    Phase Error              (PE):    0.000ns

    Location             Delay type                Incr(ns)  Path(ns)    Netlist Resource(s)
  -------------------------------------------------------------------    -------------------
                         (clock core_clk rise edge)
                                                      0.000     0.000 r  
                         input delay                  1.000     1.000    
                                                      0.000     1.000 r  rst_n (IN)
                         net (fo=11, unset)           0.000     1.000    u_controller/rst_n
                         LUT1 (Prop_LUT1_I0_O)        0.038     1.038 f  u_controller/weight_hold_valid_i_2/O
                         net (fo=2672, unplaced)      0.397     1.435    u_controller/weight_hold_valid_i_2_n_0
                         FDCE                                         f  u_controller/active_epoch_reg[11]/CLR
  -------------------------------------------------------------------    -------------------

                         (clock core_clk rise edge)
                                                      6.666     6.666 r  
                                                      0.000     6.666 r  clk (IN)
                         net (fo=44667, unset)        0.000     6.666    u_controller/clk
                         FDCE                                         r  u_controller/active_epoch_reg[11]/C
                         clock pessimism              0.000     6.666    
                         clock uncertainty           -0.035     6.631    
                         FDCE (Recov_FDCE_C_CLR)     -0.066     6.565    u_controller/active_epoch_reg[11]
  -------------------------------------------------------------------
                         required time                          6.565    
                         arrival time                          -1.435    
  -------------------------------------------------------------------
                         slack                                  5.130    

Slack (MET) :             5.130ns  (required time - arrival time)
  Source:                 rst_n
                            (input port clocked by core_clk  {rise@0.000ns fall@3.333ns period=6.666ns})
  Destination:            u_controller/active_epoch_reg[12]/CLR
                            (recovery check against rising-edge clock core_clk  {rise@0.000ns fall@3.333ns period=6.666ns})
  Path Group:             **async_default**
  Path Type:              Recovery (Max at Slow Process Corner)
  Requirement:            6.666ns  (core_clk rise@6.666ns - core_clk rise@0.000ns)
  Data Path Delay:        0.435ns  (logic 0.038ns (8.736%)  route 0.397ns (91.264%))
  Logic Levels:           1  (LUT1=1)
  Input Delay:            1.000ns
  Clock Uncertainty:      0.035ns  ((TSJ^2 + TIJ^2)^1/2 + DJ) / 2 + PE
    Total System Jitter     (TSJ):    0.071ns
    Total Input Jitter      (TIJ):    0.000ns
    Discrete Jitter          (DJ):    0.000ns
    Phase Error              (PE):    0.000ns

    Location             Delay type                Incr(ns)  Path(ns)    Netlist Resource(s)
  -------------------------------------------------------------------    -------------------
                         (clock core_clk rise edge)
                                                      0.000     0.000 r  
                         input delay                  1.000     1.000    
                                                      0.000     1.000 r  rst_n (IN)
                         net (fo=11, unset)           0.000     1.000    u_controller/rst_n
                         LUT1 (Prop_LUT1_I0_O)        0.038     1.038 f  u_controller/weight_hold_valid_i_2/O
                         net (fo=2672, unplaced)      0.397     1.435    u_controller/weight_hold_valid_i_2_n_0
                         FDCE                                         f  u_controller/active_epoch_reg[12]/CLR
  -------------------------------------------------------------------    -------------------

                         (clock core_clk rise edge)
                                                      6.666     6.666 r  
                                                      0.000     6.666 r  clk (IN)
                         net (fo=44667, unset)        0.000     6.666    u_controller/clk
                         FDCE                                         r  u_controller/active_epoch_reg[12]/C
                         clock pessimism              0.000     6.666    
                         clock uncertainty           -0.035     6.631    
                         FDCE (Recov_FDCE_C_CLR)     -0.066     6.565    u_controller/active_epoch_reg[12]
  -------------------------------------------------------------------
                         required time                          6.565    
                         arrival time                          -1.435    
  -------------------------------------------------------------------
                         slack                                  5.130    

Slack (MET) :             5.130ns  (required time - arrival time)
  Source:                 rst_n
                            (input port clocked by core_clk  {rise@0.000ns fall@3.333ns period=6.666ns})
  Destination:            u_controller/active_epoch_reg[13]/CLR
                            (recovery check against rising-edge clock core_clk  {rise@0.000ns fall@3.333ns period=6.666ns})
  Path Group:             **async_default**
  Path Type:              Recovery (Max at Slow Process Corner)
  Requirement:            6.666ns  (core_clk rise@6.666ns - core_clk rise@0.000ns)
  Data Path Delay:        0.435ns  (logic 0.038ns (8.736%)  route 0.397ns (91.264%))
  Logic Levels:           1  (LUT1=1)
  Input Delay:            1.000ns
  Clock Uncertainty:      0.035ns  ((TSJ^2 + TIJ^2)^1/2 + DJ) / 2 + PE
    Total System Jitter     (TSJ):    0.071ns
    Total Input Jitter      (TIJ):    0.000ns
    Discrete Jitter          (DJ):    0.000ns
    Phase Error              (PE):    0.000ns

    Location             Delay type                Incr(ns)  Path(ns)    Netlist Resource(s)
  -------------------------------------------------------------------    -------------------
                         (clock core_clk rise edge)
                                                      0.000     0.000 r  
                         input delay                  1.000     1.000    
                                                      0.000     1.000 r  rst_n (IN)
                         net (fo=11, unset)           0.000     1.000    u_controller/rst_n
                         LUT1 (Prop_LUT1_I0_O)        0.038     1.038 f  u_controller/weight_hold_valid_i_2/O
                         net (fo=2672, unplaced)      0.397     1.435    u_controller/weight_hold_valid_i_2_n_0
                         FDCE                                         f  u_controller/active_epoch_reg[13]/CLR
  -------------------------------------------------------------------    -------------------

                         (clock core_clk rise edge)
                                                      6.666     6.666 r  
                                                      0.000     6.666 r  clk (IN)
                         net (fo=44667, unset)        0.000     6.666    u_controller/clk
                         FDCE                                         r  u_controller/active_epoch_reg[13]/C
                         clock pessimism              0.000     6.666    
                         clock uncertainty           -0.035     6.631    
                         FDCE (Recov_FDCE_C_CLR)     -0.066     6.565    u_controller/active_epoch_reg[13]
  -------------------------------------------------------------------
                         required time                          6.565    
                         arrival time                          -1.435    
  -------------------------------------------------------------------
                         slack                                  5.130    

Slack (MET) :             5.130ns  (required time - arrival time)
  Source:                 rst_n
                            (input port clocked by core_clk  {rise@0.000ns fall@3.333ns period=6.666ns})
  Destination:            u_controller/active_epoch_reg[14]/CLR
                            (recovery check against rising-edge clock core_clk  {rise@0.000ns fall@3.333ns period=6.666ns})
  Path Group:             **async_default**
  Path Type:              Recovery (Max at Slow Process Corner)
  Requirement:            6.666ns  (core_clk rise@6.666ns - core_clk rise@0.000ns)
  Data Path Delay:        0.435ns  (logic 0.038ns (8.736%)  route 0.397ns (91.264%))
  Logic Levels:           1  (LUT1=1)
  Input Delay:            1.000ns
  Clock Uncertainty:      0.035ns  ((TSJ^2 + TIJ^2)^1/2 + DJ) / 2 + PE
    Total System Jitter     (TSJ):    0.071ns
    Total Input Jitter      (TIJ):    0.000ns
    Discrete Jitter          (DJ):    0.000ns
    Phase Error              (PE):    0.000ns

    Location             Delay type                Incr(ns)  Path(ns)    Netlist Resource(s)
  -------------------------------------------------------------------    -------------------
                         (clock core_clk rise edge)
                                                      0.000     0.000 r  
                         input delay                  1.000     1.000    
                                                      0.000     1.000 r  rst_n (IN)
                         net (fo=11, unset)           0.000     1.000    u_controller/rst_n
                         LUT1 (Prop_LUT1_I0_O)        0.038     1.038 f  u_controller/weight_hold_valid_i_2/O
                         net (fo=2672, unplaced)      0.397     1.435    u_controller/weight_hold_valid_i_2_n_0
                         FDCE                                         f  u_controller/active_epoch_reg[14]/CLR
  -------------------------------------------------------------------    -------------------

                         (clock core_clk rise edge)
                                                      6.666     6.666 r  
                                                      0.000     6.666 r  clk (IN)
                         net (fo=44667, unset)        0.000     6.666    u_controller/clk
                         FDCE                                         r  u_controller/active_epoch_reg[14]/C
                         clock pessimism              0.000     6.666    
                         clock uncertainty           -0.035     6.631    
                         FDCE (Recov_FDCE_C_CLR)     -0.066     6.565    u_controller/active_epoch_reg[14]
  -------------------------------------------------------------------
                         required time                          6.565    
                         arrival time                          -1.435    
  -------------------------------------------------------------------
                         slack                                  5.130    

Slack (MET) :             5.130ns  (required time - arrival time)
  Source:                 rst_n
                            (input port clocked by core_clk  {rise@0.000ns fall@3.333ns period=6.666ns})
  Destination:            u_controller/active_epoch_reg[15]/CLR
                            (recovery check against rising-edge clock core_clk  {rise@0.000ns fall@3.333ns period=6.666ns})
  Path Group:             **async_default**
  Path Type:              Recovery (Max at Slow Process Corner)
  Requirement:            6.666ns  (core_clk rise@6.666ns - core_clk rise@0.000ns)
  Data Path Delay:        0.435ns  (logic 0.038ns (8.736%)  route 0.397ns (91.264%))
  Logic Levels:           1  (LUT1=1)
  Input Delay:            1.000ns
  Clock Uncertainty:      0.035ns  ((TSJ^2 + TIJ^2)^1/2 + DJ) / 2 + PE
    Total System Jitter     (TSJ):    0.071ns
    Total Input Jitter      (TIJ):    0.000ns
    Discrete Jitter          (DJ):    0.000ns
    Phase Error              (PE):    0.000ns

    Location             Delay type                Incr(ns)  Path(ns)    Netlist Resource(s)
  -------------------------------------------------------------------    -------------------
                         (clock core_clk rise edge)
                                                      0.000     0.000 r  
                         input delay                  1.000     1.000    
                                                      0.000     1.000 r  rst_n (IN)
                         net (fo=11, unset)           0.000     1.000    u_controller/rst_n
                         LUT1 (Prop_LUT1_I0_O)        0.038     1.038 f  u_controller/weight_hold_valid_i_2/O
                         net (fo=2672, unplaced)      0.397     1.435    u_controller/weight_hold_valid_i_2_n_0
                         FDCE                                         f  u_controller/active_epoch_reg[15]/CLR
  -------------------------------------------------------------------    -------------------

                         (clock core_clk rise edge)
                                                      6.666     6.666 r  
                                                      0.000     6.666 r  clk (IN)
                         net (fo=44667, unset)        0.000     6.666    u_controller/clk
                         FDCE                                         r  u_controller/active_epoch_reg[15]/C
                         clock pessimism              0.000     6.666    
                         clock uncertainty           -0.035     6.631    
                         FDCE (Recov_FDCE_C_CLR)     -0.066     6.565    u_controller/active_epoch_reg[15]
  -------------------------------------------------------------------
                         required time                          6.565    
                         arrival time                          -1.435    
  -------------------------------------------------------------------
                         slack                                  5.130    

Slack (MET) :             5.130ns  (required time - arrival time)
  Source:                 rst_n
                            (input port clocked by core_clk  {rise@0.000ns fall@3.333ns period=6.666ns})
  Destination:            u_controller/active_epoch_reg[1]/CLR
                            (recovery check against rising-edge clock core_clk  {rise@0.000ns fall@3.333ns period=6.666ns})
  Path Group:             **async_default**
  Path Type:              Recovery (Max at Slow Process Corner)
  Requirement:            6.666ns  (core_clk rise@6.666ns - core_clk rise@0.000ns)
  Data Path Delay:        0.435ns  (logic 0.038ns (8.736%)  route 0.397ns (91.264%))
  Logic Levels:           1  (LUT1=1)
  Input Delay:            1.000ns
  Clock Uncertainty:      0.035ns  ((TSJ^2 + TIJ^2)^1/2 + DJ) / 2 + PE
    Total System Jitter     (TSJ):    0.071ns
    Total Input Jitter      (TIJ):    0.000ns
    Discrete Jitter          (DJ):    0.000ns
    Phase Error              (PE):    0.000ns

    Location             Delay type                Incr(ns)  Path(ns)    Netlist Resource(s)
  -------------------------------------------------------------------    -------------------
                         (clock core_clk rise edge)
                                                      0.000     0.000 r  
                         input delay                  1.000     1.000    
                                                      0.000     1.000 r  rst_n (IN)
                         net (fo=11, unset)           0.000     1.000    u_controller/rst_n
                         LUT1 (Prop_LUT1_I0_O)        0.038     1.038 f  u_controller/weight_hold_valid_i_2/O
                         net (fo=2672, unplaced)      0.397     1.435    u_controller/weight_hold_valid_i_2_n_0
                         FDCE                                         f  u_controller/active_epoch_reg[1]/CLR
  -------------------------------------------------------------------    -------------------

                         (clock core_clk rise edge)
                                                      6.666     6.666 r  
                                                      0.000     6.666 r  clk (IN)
                         net (fo=44667, unset)        0.000     6.666    u_controller/clk
                         FDCE                                         r  u_controller/active_epoch_reg[1]/C
                         clock pessimism              0.000     6.666    
                         clock uncertainty           -0.035     6.631    
                         FDCE (Recov_FDCE_C_CLR)     -0.066     6.565    u_controller/active_epoch_reg[1]
  -------------------------------------------------------------------
                         required time                          6.565    
                         arrival time                          -1.435    
  -------------------------------------------------------------------
                         slack                                  5.130    

Slack (MET) :             5.130ns  (required time - arrival time)
  Source:                 rst_n
                            (input port clocked by core_clk  {rise@0.000ns fall@3.333ns period=6.666ns})
  Destination:            u_controller/active_epoch_reg[2]/CLR
                            (recovery check against rising-edge clock core_clk  {rise@0.000ns fall@3.333ns period=6.666ns})
  Path Group:             **async_default**
  Path Type:              Recovery (Max at Slow Process Corner)
  Requirement:            6.666ns  (core_clk rise@6.666ns - core_clk rise@0.000ns)
  Data Path Delay:        0.435ns  (logic 0.038ns (8.736%)  route 0.397ns (91.264%))
  Logic Levels:           1  (LUT1=1)
  Input Delay:            1.000ns
  Clock Uncertainty:      0.035ns  ((TSJ^2 + TIJ^2)^1/2 + DJ) / 2 + PE
    Total System Jitter     (TSJ):    0.071ns
    Total Input Jitter      (TIJ):    0.000ns
    Discrete Jitter          (DJ):    0.000ns
    Phase Error              (PE):    0.000ns

    Location             Delay type                Incr(ns)  Path(ns)    Netlist Resource(s)
  -------------------------------------------------------------------    -------------------
                         (clock core_clk rise edge)
                                                      0.000     0.000 r  
                         input delay                  1.000     1.000    
                                                      0.000     1.000 r  rst_n (IN)
                         net (fo=11, unset)           0.000     1.000    u_controller/rst_n
                         LUT1 (Prop_LUT1_I0_O)        0.038     1.038 f  u_controller/weight_hold_valid_i_2/O
                         net (fo=2672, unplaced)      0.397     1.435    u_controller/weight_hold_valid_i_2_n_0
                         FDCE                                         f  u_controller/active_epoch_reg[2]/CLR
  -------------------------------------------------------------------    -------------------

                         (clock core_clk rise edge)
                                                      6.666     6.666 r  
                                                      0.000     6.666 r  clk (IN)
                         net (fo=44667, unset)        0.000     6.666    u_controller/clk
                         FDCE                                         r  u_controller/active_epoch_reg[2]/C
                         clock pessimism              0.000     6.666    
                         clock uncertainty           -0.035     6.631    
                         FDCE (Recov_FDCE_C_CLR)     -0.066     6.565    u_controller/active_epoch_reg[2]
  -------------------------------------------------------------------
                         required time                          6.565    
                         arrival time                          -1.435    
  -------------------------------------------------------------------
                         slack                                  5.130    

Slack (MET) :             5.130ns  (required time - arrival time)
  Source:                 rst_n
                            (input port clocked by core_clk  {rise@0.000ns fall@3.333ns period=6.666ns})
  Destination:            u_controller/active_epoch_reg[3]/CLR
                            (recovery check against rising-edge clock core_clk  {rise@0.000ns fall@3.333ns period=6.666ns})
  Path Group:             **async_default**
  Path Type:              Recovery (Max at Slow Process Corner)
  Requirement:            6.666ns  (core_clk rise@6.666ns - core_clk rise@0.000ns)
  Data Path Delay:        0.435ns  (logic 0.038ns (8.736%)  route 0.397ns (91.264%))
  Logic Levels:           1  (LUT1=1)
  Input Delay:            1.000ns
  Clock Uncertainty:      0.035ns  ((TSJ^2 + TIJ^2)^1/2 + DJ) / 2 + PE
    Total System Jitter     (TSJ):    0.071ns
    Total Input Jitter      (TIJ):    0.000ns
    Discrete Jitter          (DJ):    0.000ns
    Phase Error              (PE):    0.000ns

    Location             Delay type                Incr(ns)  Path(ns)    Netlist Resource(s)
  -------------------------------------------------------------------    -------------------
                         (clock core_clk rise edge)
                                                      0.000     0.000 r  
                         input delay                  1.000     1.000    
                                                      0.000     1.000 r  rst_n (IN)
                         net (fo=11, unset)           0.000     1.000    u_controller/rst_n
                         LUT1 (Prop_LUT1_I0_O)        0.038     1.038 f  u_controller/weight_hold_valid_i_2/O
                         net (fo=2672, unplaced)      0.397     1.435    u_controller/weight_hold_valid_i_2_n_0
                         FDCE                                         f  u_controller/active_epoch_reg[3]/CLR
  -------------------------------------------------------------------    -------------------

                         (clock core_clk rise edge)
                                                      6.666     6.666 r  
                                                      0.000     6.666 r  clk (IN)
                         net (fo=44667, unset)        0.000     6.666    u_controller/clk
                         FDCE                                         r  u_controller/active_epoch_reg[3]/C
                         clock pessimism              0.000     6.666    
                         clock uncertainty           -0.035     6.631    
                         FDCE (Recov_FDCE_C_CLR)     -0.066     6.565    u_controller/active_epoch_reg[3]
  -------------------------------------------------------------------
                         required time                          6.565    
                         arrival time                          -1.435    
  -------------------------------------------------------------------
                         slack                                  5.130    

Slack (MET) :             5.130ns  (required time - arrival time)
  Source:                 rst_n
                            (input port clocked by core_clk  {rise@0.000ns fall@3.333ns period=6.666ns})
  Destination:            u_controller/active_epoch_reg[4]/CLR
                            (recovery check against rising-edge clock core_clk  {rise@0.000ns fall@3.333ns period=6.666ns})
  Path Group:             **async_default**
  Path Type:              Recovery (Max at Slow Process Corner)
  Requirement:            6.666ns  (core_clk rise@6.666ns - core_clk rise@0.000ns)
  Data Path Delay:        0.435ns  (logic 0.038ns (8.736%)  route 0.397ns (91.264%))
  Logic Levels:           1  (LUT1=1)
  Input Delay:            1.000ns
  Clock Uncertainty:      0.035ns  ((TSJ^2 + TIJ^2)^1/2 + DJ) / 2 + PE
    Total System Jitter     (TSJ):    0.071ns
    Total Input Jitter      (TIJ):    0.000ns
    Discrete Jitter          (DJ):    0.000ns
    Phase Error              (PE):    0.000ns

    Location             Delay type                Incr(ns)  Path(ns)    Netlist Resource(s)
  -------------------------------------------------------------------    -------------------
                         (clock core_clk rise edge)
                                                      0.000     0.000 r  
                         input delay                  1.000     1.000    
                                                      0.000     1.000 r  rst_n (IN)
                         net (fo=11, unset)           0.000     1.000    u_controller/rst_n
                         LUT1 (Prop_LUT1_I0_O)        0.038     1.038 f  u_controller/weight_hold_valid_i_2/O
                         net (fo=2672, unplaced)      0.397     1.435    u_controller/weight_hold_valid_i_2_n_0
                         FDCE                                         f  u_controller/active_epoch_reg[4]/CLR
  -------------------------------------------------------------------    -------------------

                         (clock core_clk rise edge)
                                                      6.666     6.666 r  
                                                      0.000     6.666 r  clk (IN)
                         net (fo=44667, unset)        0.000     6.666    u_controller/clk
                         FDCE                                         r  u_controller/active_epoch_reg[4]/C
                         clock pessimism              0.000     6.666    
                         clock uncertainty           -0.035     6.631    
                         FDCE (Recov_FDCE_C_CLR)     -0.066     6.565    u_controller/active_epoch_reg[4]
  -------------------------------------------------------------------
                         required time                          6.565    
                         arrival time                          -1.435    
  -------------------------------------------------------------------
                         slack                                  5.130    

Slack (MET) :             5.130ns  (required time - arrival time)
  Source:                 rst_n
                            (input port clocked by core_clk  {rise@0.000ns fall@3.333ns period=6.666ns})
  Destination:            u_controller/active_epoch_reg[5]/CLR
                            (recovery check against rising-edge clock core_clk  {rise@0.000ns fall@3.333ns period=6.666ns})
  Path Group:             **async_default**
  Path Type:              Recovery (Max at Slow Process Corner)
  Requirement:            6.666ns  (core_clk rise@6.666ns - core_clk rise@0.000ns)
  Data Path Delay:        0.435ns  (logic 0.038ns (8.736%)  route 0.397ns (91.264%))
  Logic Levels:           1  (LUT1=1)
  Input Delay:            1.000ns
  Clock Uncertainty:      0.035ns  ((TSJ^2 + TIJ^2)^1/2 + DJ) / 2 + PE
    Total System Jitter     (TSJ):    0.071ns
    Total Input Jitter      (TIJ):    0.000ns
    Discrete Jitter          (DJ):    0.000ns
    Phase Error              (PE):    0.000ns

    Location             Delay type                Incr(ns)  Path(ns)    Netlist Resource(s)
  -------------------------------------------------------------------    -------------------
                         (clock core_clk rise edge)
                                                      0.000     0.000 r  
                         input delay                  1.000     1.000    
                                                      0.000     1.000 r  rst_n (IN)
                         net (fo=11, unset)           0.000     1.000    u_controller/rst_n
                         LUT1 (Prop_LUT1_I0_O)        0.038     1.038 f  u_controller/weight_hold_valid_i_2/O
                         net (fo=2672, unplaced)      0.397     1.435    u_controller/weight_hold_valid_i_2_n_0
                         FDCE                                         f  u_controller/active_epoch_reg[5]/CLR
  -------------------------------------------------------------------    -------------------

                         (clock core_clk rise edge)
                                                      6.666     6.666 r  
                                                      0.000     6.666 r  clk (IN)
                         net (fo=44667, unset)        0.000     6.666    u_controller/clk
                         FDCE                                         r  u_controller/active_epoch_reg[5]/C
                         clock pessimism              0.000     6.666    
                         clock uncertainty           -0.035     6.631    
                         FDCE (Recov_FDCE_C_CLR)     -0.066     6.565    u_controller/active_epoch_reg[5]
  -------------------------------------------------------------------
                         required time                          6.565    
                         arrival time                          -1.435    
  -------------------------------------------------------------------
                         slack                                  5.130    

Slack (MET) :             5.130ns  (required time - arrival time)
  Source:                 rst_n
                            (input port clocked by core_clk  {rise@0.000ns fall@3.333ns period=6.666ns})
  Destination:            u_controller/active_epoch_reg[6]/CLR
                            (recovery check against rising-edge clock core_clk  {rise@0.000ns fall@3.333ns period=6.666ns})
  Path Group:             **async_default**
  Path Type:              Recovery (Max at Slow Process Corner)
  Requirement:            6.666ns  (core_clk rise@6.666ns - core_clk rise@0.000ns)
  Data Path Delay:        0.435ns  (logic 0.038ns (8.736%)  route 0.397ns (91.264%))
  Logic Levels:           1  (LUT1=1)
  Input Delay:            1.000ns
  Clock Uncertainty:      0.035ns  ((TSJ^2 + TIJ^2)^1/2 + DJ) / 2 + PE
    Total System Jitter     (TSJ):    0.071ns
    Total Input Jitter      (TIJ):    0.000ns
    Discrete Jitter          (DJ):    0.000ns
    Phase Error              (PE):    0.000ns

    Location             Delay type                Incr(ns)  Path(ns)    Netlist Resource(s)
  -------------------------------------------------------------------    -------------------
                         (clock core_clk rise edge)
                                                      0.000     0.000 r  
                         input delay                  1.000     1.000    
                                                      0.000     1.000 r  rst_n (IN)
                         net (fo=11, unset)           0.000     1.000    u_controller/rst_n
                         LUT1 (Prop_LUT1_I0_O)        0.038     1.038 f  u_controller/weight_hold_valid_i_2/O
                         net (fo=2672, unplaced)      0.397     1.435    u_controller/weight_hold_valid_i_2_n_0
                         FDCE                                         f  u_controller/active_epoch_reg[6]/CLR
  -------------------------------------------------------------------    -------------------

                         (clock core_clk rise edge)
                                                      6.666     6.666 r  
                                                      0.000     6.666 r  clk (IN)
                         net (fo=44667, unset)        0.000     6.666    u_controller/clk
                         FDCE                                         r  u_controller/active_epoch_reg[6]/C
                         clock pessimism              0.000     6.666    
                         clock uncertainty           -0.035     6.631    
                         FDCE (Recov_FDCE_C_CLR)     -0.066     6.565    u_controller/active_epoch_reg[6]
  -------------------------------------------------------------------
                         required time                          6.565    
                         arrival time                          -1.435    
  -------------------------------------------------------------------
                         slack                                  5.130    

Slack (MET) :             5.130ns  (required time - arrival time)
  Source:                 rst_n
                            (input port clocked by core_clk  {rise@0.000ns fall@3.333ns period=6.666ns})
  Destination:            u_controller/active_epoch_reg[7]/CLR
                            (recovery check against rising-edge clock core_clk  {rise@0.000ns fall@3.333ns period=6.666ns})
  Path Group:             **async_default**
  Path Type:              Recovery (Max at Slow Process Corner)
  Requirement:            6.666ns  (core_clk rise@6.666ns - core_clk rise@0.000ns)
  Data Path Delay:        0.435ns  (logic 0.038ns (8.736%)  route 0.397ns (91.264%))
  Logic Levels:           1  (LUT1=1)
  Input Delay:            1.000ns
  Clock Uncertainty:      0.035ns  ((TSJ^2 + TIJ^2)^1/2 + DJ) / 2 + PE
    Total System Jitter     (TSJ):    0.071ns
    Total Input Jitter      (TIJ):    0.000ns
    Discrete Jitter          (DJ):    0.000ns
    Phase Error              (PE):    0.000ns

    Location             Delay type                Incr(ns)  Path(ns)    Netlist Resource(s)
  -------------------------------------------------------------------    -------------------
                         (clock core_clk rise edge)
                                                      0.000     0.000 r  
                         input delay                  1.000     1.000    
                                                      0.000     1.000 r  rst_n (IN)
                         net (fo=11, unset)           0.000     1.000    u_controller/rst_n
                         LUT1 (Prop_LUT1_I0_O)        0.038     1.038 f  u_controller/weight_hold_valid_i_2/O
                         net (fo=2672, unplaced)      0.397     1.435    u_controller/weight_hold_valid_i_2_n_0
                         FDCE                                         f  u_controller/active_epoch_reg[7]/CLR
  -------------------------------------------------------------------    -------------------

                         (clock core_clk rise edge)
                                                      6.666     6.666 r  
                                                      0.000     6.666 r  clk (IN)
                         net (fo=44667, unset)        0.000     6.666    u_controller/clk
                         FDCE                                         r  u_controller/active_epoch_reg[7]/C
                         clock pessimism              0.000     6.666    
                         clock uncertainty           -0.035     6.631    
                         FDCE (Recov_FDCE_C_CLR)     -0.066     6.565    u_controller/active_epoch_reg[7]
  -------------------------------------------------------------------
                         required time                          6.565    
                         arrival time                          -1.435    
  -------------------------------------------------------------------
                         slack                                  5.130    

Slack (MET) :             5.130ns  (required time - arrival time)
  Source:                 rst_n
                            (input port clocked by core_clk  {rise@0.000ns fall@3.333ns period=6.666ns})
  Destination:            u_controller/active_epoch_reg[8]/CLR
                            (recovery check against rising-edge clock core_clk  {rise@0.000ns fall@3.333ns period=6.666ns})
  Path Group:             **async_default**
  Path Type:              Recovery (Max at Slow Process Corner)
  Requirement:            6.666ns  (core_clk rise@6.666ns - core_clk rise@0.000ns)
  Data Path Delay:        0.435ns  (logic 0.038ns (8.736%)  route 0.397ns (91.264%))
  Logic Levels:           1  (LUT1=1)
  Input Delay:            1.000ns
  Clock Uncertainty:      0.035ns  ((TSJ^2 + TIJ^2)^1/2 + DJ) / 2 + PE
    Total System Jitter     (TSJ):    0.071ns
    Total Input Jitter      (TIJ):    0.000ns
    Discrete Jitter          (DJ):    0.000ns
    Phase Error              (PE):    0.000ns

    Location             Delay type                Incr(ns)  Path(ns)    Netlist Resource(s)
  -------------------------------------------------------------------    -------------------
                         (clock core_clk rise edge)
                                                      0.000     0.000 r  
                         input delay                  1.000     1.000    
                                                      0.000     1.000 r  rst_n (IN)
                         net (fo=11, unset)           0.000     1.000    u_controller/rst_n
                         LUT1 (Prop_LUT1_I0_O)        0.038     1.038 f  u_controller/weight_hold_valid_i_2/O
                         net (fo=2672, unplaced)      0.397     1.435    u_controller/weight_hold_valid_i_2_n_0
                         FDCE                                         f  u_controller/active_epoch_reg[8]/CLR
  -------------------------------------------------------------------    -------------------

                         (clock core_clk rise edge)
                                                      6.666     6.666 r  
                                                      0.000     6.666 r  clk (IN)
                         net (fo=44667, unset)        0.000     6.666    u_controller/clk
                         FDCE                                         r  u_controller/active_epoch_reg[8]/C
                         clock pessimism              0.000     6.666    
                         clock uncertainty           -0.035     6.631    
                         FDCE (Recov_FDCE_C_CLR)     -0.066     6.565    u_controller/active_epoch_reg[8]
  -------------------------------------------------------------------
                         required time                          6.565    
                         arrival time                          -1.435    
  -------------------------------------------------------------------
                         slack                                  5.130    

Slack (MET) :             5.130ns  (required time - arrival time)
  Source:                 rst_n
                            (input port clocked by core_clk  {rise@0.000ns fall@3.333ns period=6.666ns})
  Destination:            u_controller/active_epoch_reg[9]/CLR
                            (recovery check against rising-edge clock core_clk  {rise@0.000ns fall@3.333ns period=6.666ns})
  Path Group:             **async_default**
  Path Type:              Recovery (Max at Slow Process Corner)
  Requirement:            6.666ns  (core_clk rise@6.666ns - core_clk rise@0.000ns)
  Data Path Delay:        0.435ns  (logic 0.038ns (8.736%)  route 0.397ns (91.264%))
  Logic Levels:           1  (LUT1=1)
  Input Delay:            1.000ns
  Clock Uncertainty:      0.035ns  ((TSJ^2 + TIJ^2)^1/2 + DJ) / 2 + PE
    Total System Jitter     (TSJ):    0.071ns
    Total Input Jitter      (TIJ):    0.000ns
    Discrete Jitter          (DJ):    0.000ns
    Phase Error              (PE):    0.000ns

    Location             Delay type                Incr(ns)  Path(ns)    Netlist Resource(s)
  -------------------------------------------------------------------    -------------------
                         (clock core_clk rise edge)
                                                      0.000     0.000 r  
                         input delay                  1.000     1.000    
                                                      0.000     1.000 r  rst_n (IN)
                         net (fo=11, unset)           0.000     1.000    u_controller/rst_n
                         LUT1 (Prop_LUT1_I0_O)        0.038     1.038 f  u_controller/weight_hold_valid_i_2/O
                         net (fo=2672, unplaced)      0.397     1.435    u_controller/weight_hold_valid_i_2_n_0
                         FDCE                                         f  u_controller/active_epoch_reg[9]/CLR
  -------------------------------------------------------------------    -------------------

                         (clock core_clk rise edge)
                                                      6.666     6.666 r  
                                                      0.000     6.666 r  clk (IN)
                         net (fo=44667, unset)        0.000     6.666    u_controller/clk
                         FDCE                                         r  u_controller/active_epoch_reg[9]/C
                         clock pessimism              0.000     6.666    
                         clock uncertainty           -0.035     6.631    
                         FDCE (Recov_FDCE_C_CLR)     -0.066     6.565    u_controller/active_epoch_reg[9]
  -------------------------------------------------------------------
                         required time                          6.565    
                         arrival time                          -1.435    
  -------------------------------------------------------------------
                         slack                                  5.130    

Slack (MET) :             5.130ns  (required time - arrival time)
  Source:                 rst_n
                            (input port clocked by core_clk  {rise@0.000ns fall@3.333ns period=6.666ns})
  Destination:            u_controller/active_epoch_valid_reg/CLR
                            (recovery check against rising-edge clock core_clk  {rise@0.000ns fall@3.333ns period=6.666ns})
  Path Group:             **async_default**
  Path Type:              Recovery (Max at Slow Process Corner)
  Requirement:            6.666ns  (core_clk rise@6.666ns - core_clk rise@0.000ns)
  Data Path Delay:        0.435ns  (logic 0.038ns (8.736%)  route 0.397ns (91.264%))
  Logic Levels:           1  (LUT1=1)
  Input Delay:            1.000ns
  Clock Uncertainty:      0.035ns  ((TSJ^2 + TIJ^2)^1/2 + DJ) / 2 + PE
    Total System Jitter     (TSJ):    0.071ns
    Total Input Jitter      (TIJ):    0.000ns
    Discrete Jitter          (DJ):    0.000ns
    Phase Error              (PE):    0.000ns

    Location             Delay type                Incr(ns)  Path(ns)    Netlist Resource(s)
  -------------------------------------------------------------------    -------------------
                         (clock core_clk rise edge)
                                                      0.000     0.000 r  
                         input delay                  1.000     1.000    
                                                      0.000     1.000 r  rst_n (IN)
                         net (fo=11, unset)           0.000     1.000    u_controller/rst_n
                         LUT1 (Prop_LUT1_I0_O)        0.038     1.038 f  u_controller/weight_hold_valid_i_2/O
                         net (fo=2672, unplaced)      0.397     1.435    u_controller/weight_hold_valid_i_2_n_0
                         FDCE                                         f  u_controller/active_epoch_valid_reg/CLR
  -------------------------------------------------------------------    -------------------

                         (clock core_clk rise edge)
                                                      6.666     6.666 r  
                                                      0.000     6.666 r  clk (IN)
                         net (fo=44667, unset)        0.000     6.666    u_controller/clk
                         FDCE                                         r  u_controller/active_epoch_valid_reg/C
                         clock pessimism              0.000     6.666    
                         clock uncertainty           -0.035     6.631    
                         FDCE (Recov_FDCE_C_CLR)     -0.066     6.565    u_controller/active_epoch_valid_reg
  -------------------------------------------------------------------
                         required time                          6.565    
                         arrival time                          -1.435    
  -------------------------------------------------------------------
                         slack                                  5.130    

Slack (MET) :             5.130ns  (required time - arrival time)
  Source:                 rst_n
                            (input port clocked by core_clk  {rise@0.000ns fall@3.333ns period=6.666ns})
  Destination:            u_controller/context_busy_reg[0]/CLR
                            (recovery check against rising-edge clock core_clk  {rise@0.000ns fall@3.333ns period=6.666ns})
  Path Group:             **async_default**
  Path Type:              Recovery (Max at Slow Process Corner)
  Requirement:            6.666ns  (core_clk rise@6.666ns - core_clk rise@0.000ns)
  Data Path Delay:        0.435ns  (logic 0.038ns (8.736%)  route 0.397ns (91.264%))
  Logic Levels:           1  (LUT1=1)
  Input Delay:            1.000ns
  Clock Uncertainty:      0.035ns  ((TSJ^2 + TIJ^2)^1/2 + DJ) / 2 + PE
    Total System Jitter     (TSJ):    0.071ns
    Total Input Jitter      (TIJ):    0.000ns
    Discrete Jitter          (DJ):    0.000ns
    Phase Error              (PE):    0.000ns

    Location             Delay type                Incr(ns)  Path(ns)    Netlist Resource(s)
  -------------------------------------------------------------------    -------------------
                         (clock core_clk rise edge)
                                                      0.000     0.000 r  
                         input delay                  1.000     1.000    
                                                      0.000     1.000 r  rst_n (IN)
                         net (fo=11, unset)           0.000     1.000    u_controller/rst_n
                         LUT1 (Prop_LUT1_I0_O)        0.038     1.038 f  u_controller/weight_hold_valid_i_2/O
                         net (fo=2672, unplaced)      0.397     1.435    u_controller/weight_hold_valid_i_2_n_0
                         FDCE                                         f  u_controller/context_busy_reg[0]/CLR
  -------------------------------------------------------------------    -------------------

                         (clock core_clk rise edge)
                                                      6.666     6.666 r  
                                                      0.000     6.666 r  clk (IN)
                         net (fo=44667, unset)        0.000     6.666    u_controller/clk
                         FDCE                                         r  u_controller/context_busy_reg[0]/C
                         clock pessimism              0.000     6.666    
                         clock uncertainty           -0.035     6.631    
                         FDCE (Recov_FDCE_C_CLR)     -0.066     6.565    u_controller/context_busy_reg[0]
  -------------------------------------------------------------------
                         required time                          6.565    
                         arrival time                          -1.435    
  -------------------------------------------------------------------
                         slack                                  5.130    

Slack (MET) :             5.130ns  (required time - arrival time)
  Source:                 rst_n
                            (input port clocked by core_clk  {rise@0.000ns fall@3.333ns period=6.666ns})
  Destination:            u_controller/context_busy_reg[10]/CLR
                            (recovery check against rising-edge clock core_clk  {rise@0.000ns fall@3.333ns period=6.666ns})
  Path Group:             **async_default**
  Path Type:              Recovery (Max at Slow Process Corner)
  Requirement:            6.666ns  (core_clk rise@6.666ns - core_clk rise@0.000ns)
  Data Path Delay:        0.435ns  (logic 0.038ns (8.736%)  route 0.397ns (91.264%))
  Logic Levels:           1  (LUT1=1)
  Input Delay:            1.000ns
  Clock Uncertainty:      0.035ns  ((TSJ^2 + TIJ^2)^1/2 + DJ) / 2 + PE
    Total System Jitter     (TSJ):    0.071ns
    Total Input Jitter      (TIJ):    0.000ns
    Discrete Jitter          (DJ):    0.000ns
    Phase Error              (PE):    0.000ns

    Location             Delay type                Incr(ns)  Path(ns)    Netlist Resource(s)
  -------------------------------------------------------------------    -------------------
                         (clock core_clk rise edge)
                                                      0.000     0.000 r  
                         input delay                  1.000     1.000    
                                                      0.000     1.000 r  rst_n (IN)
                         net (fo=11, unset)           0.000     1.000    u_controller/rst_n
                         LUT1 (Prop_LUT1_I0_O)        0.038     1.038 f  u_controller/weight_hold_valid_i_2/O
                         net (fo=2672, unplaced)      0.397     1.435    u_controller/weight_hold_valid_i_2_n_0
                         FDCE                                         f  u_controller/context_busy_reg[10]/CLR
  -------------------------------------------------------------------    -------------------

                         (clock core_clk rise edge)
                                                      6.666     6.666 r  
                                                      0.000     6.666 r  clk (IN)
                         net (fo=44667, unset)        0.000     6.666    u_controller/clk
                         FDCE                                         r  u_controller/context_busy_reg[10]/C
                         clock pessimism              0.000     6.666    
                         clock uncertainty           -0.035     6.631    
                         FDCE (Recov_FDCE_C_CLR)     -0.066     6.565    u_controller/context_busy_reg[10]
  -------------------------------------------------------------------
                         required time                          6.565    
                         arrival time                          -1.435    
  -------------------------------------------------------------------
                         slack                                  5.130    

Slack (MET) :             5.130ns  (required time - arrival time)
  Source:                 rst_n
                            (input port clocked by core_clk  {rise@0.000ns fall@3.333ns period=6.666ns})
  Destination:            u_controller/context_busy_reg[11]/CLR
                            (recovery check against rising-edge clock core_clk  {rise@0.000ns fall@3.333ns period=6.666ns})
  Path Group:             **async_default**
  Path Type:              Recovery (Max at Slow Process Corner)
  Requirement:            6.666ns  (core_clk rise@6.666ns - core_clk rise@0.000ns)
  Data Path Delay:        0.435ns  (logic 0.038ns (8.736%)  route 0.397ns (91.264%))
  Logic Levels:           1  (LUT1=1)
  Input Delay:            1.000ns
  Clock Uncertainty:      0.035ns  ((TSJ^2 + TIJ^2)^1/2 + DJ) / 2 + PE
    Total System Jitter     (TSJ):    0.071ns
    Total Input Jitter      (TIJ):    0.000ns
    Discrete Jitter          (DJ):    0.000ns
    Phase Error              (PE):    0.000ns

    Location             Delay type                Incr(ns)  Path(ns)    Netlist Resource(s)
  -------------------------------------------------------------------    -------------------
                         (clock core_clk rise edge)
                                                      0.000     0.000 r  
                         input delay                  1.000     1.000    
                                                      0.000     1.000 r  rst_n (IN)
                         net (fo=11, unset)           0.000     1.000    u_controller/rst_n
                         LUT1 (Prop_LUT1_I0_O)        0.038     1.038 f  u_controller/weight_hold_valid_i_2/O
                         net (fo=2672, unplaced)      0.397     1.435    u_controller/weight_hold_valid_i_2_n_0
                         FDCE                                         f  u_controller/context_busy_reg[11]/CLR
  -------------------------------------------------------------------    -------------------

                         (clock core_clk rise edge)
                                                      6.666     6.666 r  
                                                      0.000     6.666 r  clk (IN)
                         net (fo=44667, unset)        0.000     6.666    u_controller/clk
                         FDCE                                         r  u_controller/context_busy_reg[11]/C
                         clock pessimism              0.000     6.666    
                         clock uncertainty           -0.035     6.631    
                         FDCE (Recov_FDCE_C_CLR)     -0.066     6.565    u_controller/context_busy_reg[11]
  -------------------------------------------------------------------
                         required time                          6.565    
                         arrival time                          -1.435    
  -------------------------------------------------------------------
                         slack                                  5.130    





