Copyright 1986-2022 Xilinx, Inc. All Rights Reserved. Copyright 2022-2025 Advanced Micro Devices, Inc. All Rights Reserved.
-------------------------------------------------------------------------------------------------------------------------------------------------------------------------------------------------------------
| Tool Version      : Vivado v.2025.2 (win64) Build 6299465 Fri Nov 14 19:35:11 GMT 2025
| Date              : Sun Sep 13 17:32:22 2026
| Host              : zhangxuanhao running 64-bit major release  (build 9200)
| Command           : report_timing_summary -delay_type min_max -max_paths 20 -report_unconstrained -file C:/Users/zhangxuanhao/AppData/Local/Temp/a_frontend_vivado_13da63ca/ooc_results/timing_summary.rpt
| Design            : cats_r4_compute_frontend
| Device            : xczu15eg-ffvb1156
| Speed File        : -2  PRODUCTION 1.30 05-15-2022
| Design State      : Synthesized
| Temperature Grade : I
-------------------------------------------------------------------------------------------------------------------------------------------------------------------------------------------------------------

Timing Summary Report

------------------------------------------------------------------------------------------------
| Timer Settings
| --------------
------------------------------------------------------------------------------------------------

  Enable Multi Corner Analysis               :  Yes
  Enable Pessimism Removal                   :  Yes
  Pessimism Removal Resolution               :  Nearest Common Node
  Enable Input Delay Default Clock           :  No
  Enable Preset / Clear Arcs                 :  No
  Disable Flight Delays                      :  No
  Ignore I/O Paths                           :  No
  Timing Early Launch at Borrowing Latches   :  No
  Borrow Time for Max Delay Exceptions       :  Yes
  Merge Timing Exceptions                    :  Yes
  Inter-SLR Compensation                     :  Conservative

  Corner  Analyze    Analyze    
  Name    Max Paths  Min Paths  
  ------  ---------  ---------  
  Slow    Yes        Yes        
  Fast    Yes        Yes        


------------------------------------------------------------------------------------------------
| Report Methodology
| ------------------
------------------------------------------------------------------------------------------------

No report available as report_methodology has not been run prior. Run report_methodology on the current design for the summary of methodology violations.



check_timing report

Table of Contents
-----------------
1. checking no_clock (0)
2. checking constant_clock (0)
3. checking pulse_width_clock (0)
4. checking unconstrained_internal_endpoints (0)
5. checking no_input_delay (0)
6. checking no_output_delay (0)
7. checking multiple_clock (0)
8. checking generated_clocks (0)
9. checking loops (0)
10. checking partial_input_delay (0)
11. checking partial_output_delay (0)
12. checking latch_loops (0)

1. checking no_clock (0)
------------------------
 There are 0 register/latch pins with no clock.


2. checking constant_clock (0)
------------------------------
 There are 0 register/latch pins with constant_clock.


3. checking pulse_width_clock (0)
---------------------------------
 There are 0 register/latch pins which need pulse_width check


4. checking unconstrained_internal_endpoints (0)
------------------------------------------------
 There are 0 pins that are not constrained for maximum delay.

 There are 0 pins that are not constrained for maximum delay due to constant clock.


5. checking no_input_delay (0)
------------------------------
 There are 0 input ports with no input delay specified.

 There are 0 input ports with no input delay but user has a false path constraint.


6. checking no_output_delay (0)
-------------------------------
 There are 0 ports with no output delay specified.

 There are 0 ports with no output delay but user has a false path constraint

 There are 0 ports with no output delay but with a timing clock defined on it or propagating through it


7. checking multiple_clock (0)
------------------------------
 There are 0 register/latch pins with multiple clocks.


8. checking generated_clocks (0)
--------------------------------
 There are 0 generated clocks that are not connected to a clock source.


9. checking loops (0)
---------------------
 There are 0 combinational loops in the design.


10. checking partial_input_delay (0)
------------------------------------
 There are 0 input ports with partial input delay specified.


11. checking partial_output_delay (0)
-------------------------------------
 There are 0 ports with partial output delay specified.


12. checking latch_loops (0)
----------------------------
 There are 0 combinational latch loops in the design through latch input



------------------------------------------------------------------------------------------------
| Design Timing Summary
| ---------------------
------------------------------------------------------------------------------------------------

    WNS(ns)      TNS(ns)  TNS Failing Endpoints  TNS Total Endpoints      WHS(ns)      THS(ns)  THS Failing Endpoints  THS Total Endpoints     WPWS(ns)     TPWS(ns)  TPWS Failing Endpoints  TPWS Total Endpoints  
    -------      -------  ---------------------  -------------------      -------      -------  ---------------------  -------------------     --------     --------  ----------------------  --------------------  
      1.932        0.000                      0               181197        0.037        0.000                      0               181197        2.801        0.000                       0                 63761  


All user specified timing constraints are met.


------------------------------------------------------------------------------------------------
| Clock Summary
| -------------
------------------------------------------------------------------------------------------------

Clock     Waveform(ns)         Period(ns)      Frequency(MHz)
-----     ------------         ----------      --------------
core_clk  {0.000 3.333}        6.666           150.015         


------------------------------------------------------------------------------------------------
| Intra Clock Table
| -----------------
------------------------------------------------------------------------------------------------

Clock             WNS(ns)      TNS(ns)  TNS Failing Endpoints  TNS Total Endpoints      WHS(ns)      THS(ns)  THS Failing Endpoints  THS Total Endpoints     WPWS(ns)     TPWS(ns)  TPWS Failing Endpoints  TPWS Total Endpoints  
-----             -------      -------  ---------------------  -------------------      -------      -------  ---------------------  -------------------     --------     --------  ----------------------  --------------------  
core_clk            1.932        0.000                      0               181197        0.037        0.000                      0               181197        2.801        0.000                       0                 63761  


------------------------------------------------------------------------------------------------
| Inter Clock Table
| -----------------
------------------------------------------------------------------------------------------------

From Clock    To Clock          WNS(ns)      TNS(ns)  TNS Failing Endpoints  TNS Total Endpoints      WHS(ns)      THS(ns)  THS Failing Endpoints  THS Total Endpoints  
----------    --------          -------      -------  ---------------------  -------------------      -------      -------  ---------------------  -------------------  


------------------------------------------------------------------------------------------------
| Other Path Groups Table
| -----------------------
------------------------------------------------------------------------------------------------

Path Group    From Clock    To Clock          WNS(ns)      TNS(ns)  TNS Failing Endpoints  TNS Total Endpoints      WHS(ns)      THS(ns)  THS Failing Endpoints  THS Total Endpoints  
----------    ----------    --------          -------      -------  ---------------------  -------------------      -------      -------  ---------------------  -------------------  


------------------------------------------------------------------------------------------------
| User Ignored Path Table
| -----------------------
------------------------------------------------------------------------------------------------

Path Group    From Clock    To Clock    
----------    ----------    --------    


------------------------------------------------------------------------------------------------
| Unconstrained Path Table
| ------------------------
------------------------------------------------------------------------------------------------

Path Group    From Clock    To Clock    
----------    ----------    --------    


------------------------------------------------------------------------------------------------
| Timing Details
| --------------
------------------------------------------------------------------------------------------------


---------------------------------------------------------------------------------------------------
From Clock:  core_clk
  To Clock:  core_clk

Setup :            0  Failing Endpoints,  Worst Slack        1.932ns,  Total Violation        0.000ns
Hold  :            0  Failing Endpoints,  Worst Slack        0.037ns,  Total Violation        0.000ns
PW    :            0  Failing Endpoints,  Worst Slack        2.801ns,  Total Violation        0.000ns
---------------------------------------------------------------------------------------------------


Max Delay Paths
--------------------------------------------------------------------------------------
Slack (MET) :             1.932ns  (required time - arrival time)
  Source:                 GEN_CLUSTER[0].u_engine/u_scheduler/mac_busy_reg[9]/C
                            (rising edge-triggered cell FDRE clocked by core_clk  {rise@0.000ns fall@3.333ns period=6.666ns})
  Destination:            GEN_CLUSTER[0].u_engine/u_scheduler/causal_lane_bubbles_reg[63]/D
                            (rising edge-triggered cell FDRE clocked by core_clk  {rise@0.000ns fall@3.333ns period=6.666ns})
  Path Group:             core_clk
  Path Type:              Setup (Max at Slow Process Corner)
  Requirement:            6.666ns  (core_clk rise@6.666ns - core_clk rise@0.000ns)
  Data Path Delay:        4.724ns  (logic 1.578ns (33.404%)  route 3.146ns (66.596%))
  Logic Levels:           21  (CARRY8=8 LUT3=2 LUT4=1 LUT5=1 LUT6=9)
  Clock Uncertainty:      0.035ns  ((TSJ^2 + TIJ^2)^1/2 + DJ) / 2 + PE
    Total System Jitter     (TSJ):    0.071ns
    Total Input Jitter      (TIJ):    0.000ns
    Discrete Jitter          (DJ):    0.000ns
    Phase Error              (PE):    0.000ns

    Location             Delay type                Incr(ns)  Path(ns)    Netlist Resource(s)
  -------------------------------------------------------------------    -------------------
                         (clock core_clk rise edge)
                                                      0.000     0.000 r  
                                                      0.000     0.000 r  clk (IN)
                         net (fo=64624, unset)        0.000     0.000    GEN_CLUSTER[0].u_engine/u_scheduler/clk
                         FDRE                                         r  GEN_CLUSTER[0].u_engine/u_scheduler/mac_busy_reg[9]/C
  -------------------------------------------------------------------    -------------------
                         FDRE (Prop_FDRE_C_Q)         0.077     0.077 r  GEN_CLUSTER[0].u_engine/u_scheduler/mac_busy_reg[9]/Q
                         net (fo=5, unplaced)         0.173     0.250    GEN_CLUSTER[0].u_engine/u_scheduler/mac_busy_reg_n_0_[9]
                         LUT6 (Prop_LUT6_I0_O)        0.150     0.400 r  GEN_CLUSTER[0].u_engine/u_scheduler/mac_context_tag[1]_INST_0_i_7/O
                         net (fo=1, unplaced)         0.151     0.551    GEN_CLUSTER[0].u_engine/u_scheduler/mac_context_tag[1]_INST_0_i_7_n_0
                         LUT6 (Prop_LUT6_I0_O)        0.150     0.701 r  GEN_CLUSTER[0].u_engine/u_scheduler/mac_context_tag[1]_INST_0_i_2/O
                         net (fo=9, unplaced)         0.263     0.964    GEN_CLUSTER[0].u_engine/u_scheduler/mac_context_tag[1]_INST_0_i_2_n_0
                         LUT6 (Prop_LUT6_I0_O)        0.038     1.002 r  GEN_CLUSTER[0].u_engine/u_scheduler/mac_row[2]_INST_0_i_4/O
                         net (fo=6, unplaced)         0.254     1.256    GEN_CLUSTER[0].u_engine/u_scheduler/mac_row[2]_INST_0_i_4_n_0
                         LUT6 (Prop_LUT6_I5_O)        0.038     1.294 r  GEN_CLUSTER[0].u_engine/u_scheduler/mac_row[2]_INST_0_i_1/O
                         net (fo=30, unplaced)        0.290     1.584    GEN_CLUSTER[0].u_engine/u_scheduler/mac_row[2]_INST_0_i_1_n_0
                         LUT3 (Prop_LUT3_I0_O)        0.038     1.622 r  GEN_CLUSTER[0].u_engine/u_scheduler/mac_context_tag[2]_INST_0/O
                         net (fo=36, unplaced)        0.294     1.916    GEN_CLUSTER[0].u_engine/u_scheduler/mac_context_tag[2]
                         LUT6 (Prop_LUT6_I4_O)        0.038     1.954 r  GEN_CLUSTER[0].u_engine/u_scheduler/mac_row[5]_INST_0_i_1/O
                         net (fo=19, unplaced)        0.280     2.234    GEN_CLUSTER[0].u_engine/u_scheduler/mac_row[5]_INST_0_i_1_n_0
                         LUT4 (Prop_LUT4_I2_O)        0.070     2.304 r  GEN_CLUSTER[0].u_engine/u_scheduler/mac_lane_valid[27]_INST_0_i_1/O
                         net (fo=10, unplaced)        0.219     2.523    GEN_CLUSTER[0].u_engine/u_scheduler/mac_lane_valid[27]_INST_0_i_1_n_0
                         LUT6 (Prop_LUT6_I3_O)        0.090     2.613 r  GEN_CLUSTER[0].u_engine/u_scheduler/mac_lane_valid[17]_INST_0/O
                         net (fo=7, unplaced)         0.176     2.789    GEN_CLUSTER[0].u_engine/u_scheduler/mac_lane_valid[17]
                         LUT6 (Prop_LUT6_I0_O)        0.150     2.939 r  GEN_CLUSTER[0].u_engine/u_scheduler/valid_macs[7]_i_53/O
                         net (fo=1, unplaced)         0.151     3.090    GEN_CLUSTER[0].u_engine/u_scheduler/valid_macs[7]_i_53_n_0
                         LUT6 (Prop_LUT6_I0_O)        0.150     3.240 f  GEN_CLUSTER[0].u_engine/u_scheduler/valid_macs[7]_i_35/O
                         net (fo=2, unplaced)         0.187     3.427    GEN_CLUSTER[0].u_engine/u_scheduler/valid_macs[7]_i_35_n_0
                         LUT5 (Prop_LUT5_I1_O)        0.139     3.566 f  GEN_CLUSTER[0].u_engine/u_scheduler/valid_macs[7]_i_17/O
                         net (fo=3, unplaced)         0.238     3.804    GEN_CLUSTER[0].u_engine/u_scheduler/valid_macs[7]_i_17_n_0
                         LUT6 (Prop_LUT6_I5_O)        0.038     3.842 r  GEN_CLUSTER[0].u_engine/u_scheduler/valid_macs[7]_i_9/O
                         net (fo=8, unplaced)         0.211     4.053    GEN_CLUSTER[0].u_engine/u_scheduler/valid_macs[7]_i_9_n_0
                         LUT3 (Prop_LUT3_I1_O)        0.099     4.152 r  GEN_CLUSTER[0].u_engine/u_scheduler/causal_lane_bubbles[7]_i_2/O
                         net (fo=1, unplaced)         0.198     4.350    GEN_CLUSTER[0].u_engine/u_scheduler/causal_lane_bubbles[7]_i_2_n_0
                         CARRY8 (Prop_CARRY8_DI[6]_CO[7])
                                                      0.065     4.415 r  GEN_CLUSTER[0].u_engine/u_scheduler/causal_lane_bubbles_reg[7]_i_1/CO[7]
                         net (fo=1, unplaced)         0.005     4.420    GEN_CLUSTER[0].u_engine/u_scheduler/causal_lane_bubbles_reg[7]_i_1_n_0
                         CARRY8 (Prop_CARRY8_CI_CO[7])
                                                      0.022     4.442 r  GEN_CLUSTER[0].u_engine/u_scheduler/causal_lane_bubbles_reg[15]_i_1/CO[7]
                         net (fo=1, unplaced)         0.005     4.447    GEN_CLUSTER[0].u_engine/u_scheduler/causal_lane_bubbles_reg[15]_i_1_n_0
                         CARRY8 (Prop_CARRY8_CI_CO[7])
                                                      0.022     4.469 r  GEN_CLUSTER[0].u_engine/u_scheduler/causal_lane_bubbles_reg[23]_i_1/CO[7]
                         net (fo=1, unplaced)         0.005     4.474    GEN_CLUSTER[0].u_engine/u_scheduler/causal_lane_bubbles_reg[23]_i_1_n_0
                         CARRY8 (Prop_CARRY8_CI_CO[7])
                                                      0.022     4.496 r  GEN_CLUSTER[0].u_engine/u_scheduler/causal_lane_bubbles_reg[31]_i_1/CO[7]
                         net (fo=1, unplaced)         0.005     4.501    GEN_CLUSTER[0].u_engine/u_scheduler/causal_lane_bubbles_reg[31]_i_1_n_0
                         CARRY8 (Prop_CARRY8_CI_CO[7])
                                                      0.022     4.523 r  GEN_CLUSTER[0].u_engine/u_scheduler/causal_lane_bubbles_reg[39]_i_1/CO[7]
                         net (fo=1, unplaced)         0.005     4.528    GEN_CLUSTER[0].u_engine/u_scheduler/causal_lane_bubbles_reg[39]_i_1_n_0
                         CARRY8 (Prop_CARRY8_CI_CO[7])
                                                      0.022     4.550 r  GEN_CLUSTER[0].u_engine/u_scheduler/causal_lane_bubbles_reg[47]_i_1/CO[7]
                         net (fo=1, unplaced)         0.005     4.555    GEN_CLUSTER[0].u_engine/u_scheduler/causal_lane_bubbles_reg[47]_i_1_n_0
                         CARRY8 (Prop_CARRY8_CI_CO[7])
                                                      0.022     4.577 r  GEN_CLUSTER[0].u_engine/u_scheduler/causal_lane_bubbles_reg[55]_i_1/CO[7]
                         net (fo=1, unplaced)         0.005     4.582    GEN_CLUSTER[0].u_engine/u_scheduler/causal_lane_bubbles_reg[55]_i_1_n_0
                         CARRY8 (Prop_CARRY8_CI_O[7])
                                                      0.116     4.698 r  GEN_CLUSTER[0].u_engine/u_scheduler/causal_lane_bubbles_reg[63]_i_1/O[7]
                         net (fo=1, unplaced)         0.026     4.724    GEN_CLUSTER[0].u_engine/u_scheduler/causal_lane_bubbles_reg[63]_i_1_n_8
                         FDRE                                         r  GEN_CLUSTER[0].u_engine/u_scheduler/causal_lane_bubbles_reg[63]/D
  -------------------------------------------------------------------    -------------------

                         (clock core_clk rise edge)
                                                      6.666     6.666 r  
                                                      0.000     6.666 r  clk (IN)
                         net (fo=64624, unset)        0.000     6.666    GEN_CLUSTER[0].u_engine/u_scheduler/clk
                         FDRE                                         r  GEN_CLUSTER[0].u_engine/u_scheduler/causal_lane_bubbles_reg[63]/C
                         clock pessimism              0.000     6.666    
                         clock uncertainty           -0.035     6.631    
                         FDRE (Setup_FDRE_C_D)        0.025     6.656    GEN_CLUSTER[0].u_engine/u_scheduler/causal_lane_bubbles_reg[63]
  -------------------------------------------------------------------
                         required time                          6.656    
                         arrival time                          -4.724    
  -------------------------------------------------------------------
                         slack                                  1.932    

Slack (MET) :             1.933ns  (required time - arrival time)
  Source:                 GEN_CLUSTER[0].u_engine/u_scheduler/mac_busy_reg[9]/C
                            (rising edge-triggered cell FDRE clocked by core_clk  {rise@0.000ns fall@3.333ns period=6.666ns})
  Destination:            GEN_CLUSTER[0].u_engine/u_scheduler/causal_lane_bubbles_reg[61]/D
                            (rising edge-triggered cell FDRE clocked by core_clk  {rise@0.000ns fall@3.333ns period=6.666ns})
  Path Group:             core_clk
  Path Type:              Setup (Max at Slow Process Corner)
  Requirement:            6.666ns  (core_clk rise@6.666ns - core_clk rise@0.000ns)
  Data Path Delay:        4.723ns  (logic 1.578ns (33.411%)  route 3.145ns (66.589%))
  Logic Levels:           21  (CARRY8=8 LUT3=2 LUT4=1 LUT5=1 LUT6=9)
  Clock Uncertainty:      0.035ns  ((TSJ^2 + TIJ^2)^1/2 + DJ) / 2 + PE
    Total System Jitter     (TSJ):    0.071ns
    Total Input Jitter      (TIJ):    0.000ns
    Discrete Jitter          (DJ):    0.000ns
    Phase Error              (PE):    0.000ns

    Location             Delay type                Incr(ns)  Path(ns)    Netlist Resource(s)
  -------------------------------------------------------------------    -------------------
                         (clock core_clk rise edge)
                                                      0.000     0.000 r  
                                                      0.000     0.000 r  clk (IN)
                         net (fo=64624, unset)        0.000     0.000    GEN_CLUSTER[0].u_engine/u_scheduler/clk
                         FDRE                                         r  GEN_CLUSTER[0].u_engine/u_scheduler/mac_busy_reg[9]/C
  -------------------------------------------------------------------    -------------------
                         FDRE (Prop_FDRE_C_Q)         0.077     0.077 r  GEN_CLUSTER[0].u_engine/u_scheduler/mac_busy_reg[9]/Q
                         net (fo=5, unplaced)         0.173     0.250    GEN_CLUSTER[0].u_engine/u_scheduler/mac_busy_reg_n_0_[9]
                         LUT6 (Prop_LUT6_I0_O)        0.150     0.400 r  GEN_CLUSTER[0].u_engine/u_scheduler/mac_context_tag[1]_INST_0_i_7/O
                         net (fo=1, unplaced)         0.151     0.551    GEN_CLUSTER[0].u_engine/u_scheduler/mac_context_tag[1]_INST_0_i_7_n_0
                         LUT6 (Prop_LUT6_I0_O)        0.150     0.701 r  GEN_CLUSTER[0].u_engine/u_scheduler/mac_context_tag[1]_INST_0_i_2/O
                         net (fo=9, unplaced)         0.263     0.964    GEN_CLUSTER[0].u_engine/u_scheduler/mac_context_tag[1]_INST_0_i_2_n_0
                         LUT6 (Prop_LUT6_I0_O)        0.038     1.002 r  GEN_CLUSTER[0].u_engine/u_scheduler/mac_row[2]_INST_0_i_4/O
                         net (fo=6, unplaced)         0.254     1.256    GEN_CLUSTER[0].u_engine/u_scheduler/mac_row[2]_INST_0_i_4_n_0
                         LUT6 (Prop_LUT6_I5_O)        0.038     1.294 r  GEN_CLUSTER[0].u_engine/u_scheduler/mac_row[2]_INST_0_i_1/O
                         net (fo=30, unplaced)        0.290     1.584    GEN_CLUSTER[0].u_engine/u_scheduler/mac_row[2]_INST_0_i_1_n_0
                         LUT3 (Prop_LUT3_I0_O)        0.038     1.622 r  GEN_CLUSTER[0].u_engine/u_scheduler/mac_context_tag[2]_INST_0/O
                         net (fo=36, unplaced)        0.294     1.916    GEN_CLUSTER[0].u_engine/u_scheduler/mac_context_tag[2]
                         LUT6 (Prop_LUT6_I4_O)        0.038     1.954 r  GEN_CLUSTER[0].u_engine/u_scheduler/mac_row[5]_INST_0_i_1/O
                         net (fo=19, unplaced)        0.280     2.234    GEN_CLUSTER[0].u_engine/u_scheduler/mac_row[5]_INST_0_i_1_n_0
                         LUT4 (Prop_LUT4_I2_O)        0.070     2.304 r  GEN_CLUSTER[0].u_engine/u_scheduler/mac_lane_valid[27]_INST_0_i_1/O
                         net (fo=10, unplaced)        0.219     2.523    GEN_CLUSTER[0].u_engine/u_scheduler/mac_lane_valid[27]_INST_0_i_1_n_0
                         LUT6 (Prop_LUT6_I3_O)        0.090     2.613 r  GEN_CLUSTER[0].u_engine/u_scheduler/mac_lane_valid[17]_INST_0/O
                         net (fo=7, unplaced)         0.176     2.789    GEN_CLUSTER[0].u_engine/u_scheduler/mac_lane_valid[17]
                         LUT6 (Prop_LUT6_I0_O)        0.150     2.939 r  GEN_CLUSTER[0].u_engine/u_scheduler/valid_macs[7]_i_53/O
                         net (fo=1, unplaced)         0.151     3.090    GEN_CLUSTER[0].u_engine/u_scheduler/valid_macs[7]_i_53_n_0
                         LUT6 (Prop_LUT6_I0_O)        0.150     3.240 f  GEN_CLUSTER[0].u_engine/u_scheduler/valid_macs[7]_i_35/O
                         net (fo=2, unplaced)         0.187     3.427    GEN_CLUSTER[0].u_engine/u_scheduler/valid_macs[7]_i_35_n_0
                         LUT5 (Prop_LUT5_I1_O)        0.139     3.566 f  GEN_CLUSTER[0].u_engine/u_scheduler/valid_macs[7]_i_17/O
                         net (fo=3, unplaced)         0.238     3.804    GEN_CLUSTER[0].u_engine/u_scheduler/valid_macs[7]_i_17_n_0
                         LUT6 (Prop_LUT6_I5_O)        0.038     3.842 r  GEN_CLUSTER[0].u_engine/u_scheduler/valid_macs[7]_i_9/O
                         net (fo=8, unplaced)         0.211     4.053    GEN_CLUSTER[0].u_engine/u_scheduler/valid_macs[7]_i_9_n_0
                         LUT3 (Prop_LUT3_I1_O)        0.099     4.152 r  GEN_CLUSTER[0].u_engine/u_scheduler/causal_lane_bubbles[7]_i_2/O
                         net (fo=1, unplaced)         0.198     4.350    GEN_CLUSTER[0].u_engine/u_scheduler/causal_lane_bubbles[7]_i_2_n_0
                         CARRY8 (Prop_CARRY8_DI[6]_CO[7])
                                                      0.065     4.415 r  GEN_CLUSTER[0].u_engine/u_scheduler/causal_lane_bubbles_reg[7]_i_1/CO[7]
                         net (fo=1, unplaced)         0.005     4.420    GEN_CLUSTER[0].u_engine/u_scheduler/causal_lane_bubbles_reg[7]_i_1_n_0
                         CARRY8 (Prop_CARRY8_CI_CO[7])
                                                      0.022     4.442 r  GEN_CLUSTER[0].u_engine/u_scheduler/causal_lane_bubbles_reg[15]_i_1/CO[7]
                         net (fo=1, unplaced)         0.005     4.447    GEN_CLUSTER[0].u_engine/u_scheduler/causal_lane_bubbles_reg[15]_i_1_n_0
                         CARRY8 (Prop_CARRY8_CI_CO[7])
                                                      0.022     4.469 r  GEN_CLUSTER[0].u_engine/u_scheduler/causal_lane_bubbles_reg[23]_i_1/CO[7]
                         net (fo=1, unplaced)         0.005     4.474    GEN_CLUSTER[0].u_engine/u_scheduler/causal_lane_bubbles_reg[23]_i_1_n_0
                         CARRY8 (Prop_CARRY8_CI_CO[7])
                                                      0.022     4.496 r  GEN_CLUSTER[0].u_engine/u_scheduler/causal_lane_bubbles_reg[31]_i_1/CO[7]
                         net (fo=1, unplaced)         0.005     4.501    GEN_CLUSTER[0].u_engine/u_scheduler/causal_lane_bubbles_reg[31]_i_1_n_0
                         CARRY8 (Prop_CARRY8_CI_CO[7])
                                                      0.022     4.523 r  GEN_CLUSTER[0].u_engine/u_scheduler/causal_lane_bubbles_reg[39]_i_1/CO[7]
                         net (fo=1, unplaced)         0.005     4.528    GEN_CLUSTER[0].u_engine/u_scheduler/causal_lane_bubbles_reg[39]_i_1_n_0
                         CARRY8 (Prop_CARRY8_CI_CO[7])
                                                      0.022     4.550 r  GEN_CLUSTER[0].u_engine/u_scheduler/causal_lane_bubbles_reg[47]_i_1/CO[7]
                         net (fo=1, unplaced)         0.005     4.555    GEN_CLUSTER[0].u_engine/u_scheduler/causal_lane_bubbles_reg[47]_i_1_n_0
                         CARRY8 (Prop_CARRY8_CI_CO[7])
                                                      0.022     4.577 r  GEN_CLUSTER[0].u_engine/u_scheduler/causal_lane_bubbles_reg[55]_i_1/CO[7]
                         net (fo=1, unplaced)         0.005     4.582    GEN_CLUSTER[0].u_engine/u_scheduler/causal_lane_bubbles_reg[55]_i_1_n_0
                         CARRY8 (Prop_CARRY8_CI_O[5])
                                                      0.116     4.698 r  GEN_CLUSTER[0].u_engine/u_scheduler/causal_lane_bubbles_reg[63]_i_1/O[5]
                         net (fo=1, unplaced)         0.025     4.723    GEN_CLUSTER[0].u_engine/u_scheduler/causal_lane_bubbles_reg[63]_i_1_n_10
                         FDRE                                         r  GEN_CLUSTER[0].u_engine/u_scheduler/causal_lane_bubbles_reg[61]/D
  -------------------------------------------------------------------    -------------------

                         (clock core_clk rise edge)
                                                      6.666     6.666 r  
                                                      0.000     6.666 r  clk (IN)
                         net (fo=64624, unset)        0.000     6.666    GEN_CLUSTER[0].u_engine/u_scheduler/clk
                         FDRE                                         r  GEN_CLUSTER[0].u_engine/u_scheduler/causal_lane_bubbles_reg[61]/C
                         clock pessimism              0.000     6.666    
                         clock uncertainty           -0.035     6.631    
                         FDRE (Setup_FDRE_C_D)        0.025     6.656    GEN_CLUSTER[0].u_engine/u_scheduler/causal_lane_bubbles_reg[61]
  -------------------------------------------------------------------
                         required time                          6.656    
                         arrival time                          -4.723    
  -------------------------------------------------------------------
                         slack                                  1.933    

Slack (MET) :             1.945ns  (required time - arrival time)
  Source:                 GEN_CLUSTER[0].u_engine/u_scheduler/mac_busy_reg[9]/C
                            (rising edge-triggered cell FDRE clocked by core_clk  {rise@0.000ns fall@3.333ns period=6.666ns})
  Destination:            GEN_CLUSTER[0].u_engine/u_scheduler/causal_lane_bubbles_reg[62]/D
                            (rising edge-triggered cell FDRE clocked by core_clk  {rise@0.000ns fall@3.333ns period=6.666ns})
  Path Group:             core_clk
  Path Type:              Setup (Max at Slow Process Corner)
  Requirement:            6.666ns  (core_clk rise@6.666ns - core_clk rise@0.000ns)
  Data Path Delay:        4.711ns  (logic 1.565ns (33.220%)  route 3.146ns (66.780%))
  Logic Levels:           21  (CARRY8=8 LUT3=2 LUT4=1 LUT5=1 LUT6=9)
  Clock Uncertainty:      0.035ns  ((TSJ^2 + TIJ^2)^1/2 + DJ) / 2 + PE
    Total System Jitter     (TSJ):    0.071ns
    Total Input Jitter      (TIJ):    0.000ns
    Discrete Jitter          (DJ):    0.000ns
    Phase Error              (PE):    0.000ns

    Location             Delay type                Incr(ns)  Path(ns)    Netlist Resource(s)
  -------------------------------------------------------------------    -------------------
                         (clock core_clk rise edge)
                                                      0.000     0.000 r  
                                                      0.000     0.000 r  clk (IN)
                         net (fo=64624, unset)        0.000     0.000    GEN_CLUSTER[0].u_engine/u_scheduler/clk
                         FDRE                                         r  GEN_CLUSTER[0].u_engine/u_scheduler/mac_busy_reg[9]/C
  -------------------------------------------------------------------    -------------------
                         FDRE (Prop_FDRE_C_Q)         0.077     0.077 r  GEN_CLUSTER[0].u_engine/u_scheduler/mac_busy_reg[9]/Q
                         net (fo=5, unplaced)         0.173     0.250    GEN_CLUSTER[0].u_engine/u_scheduler/mac_busy_reg_n_0_[9]
                         LUT6 (Prop_LUT6_I0_O)        0.150     0.400 r  GEN_CLUSTER[0].u_engine/u_scheduler/mac_context_tag[1]_INST_0_i_7/O
                         net (fo=1, unplaced)         0.151     0.551    GEN_CLUSTER[0].u_engine/u_scheduler/mac_context_tag[1]_INST_0_i_7_n_0
                         LUT6 (Prop_LUT6_I0_O)        0.150     0.701 r  GEN_CLUSTER[0].u_engine/u_scheduler/mac_context_tag[1]_INST_0_i_2/O
                         net (fo=9, unplaced)         0.263     0.964    GEN_CLUSTER[0].u_engine/u_scheduler/mac_context_tag[1]_INST_0_i_2_n_0
                         LUT6 (Prop_LUT6_I0_O)        0.038     1.002 r  GEN_CLUSTER[0].u_engine/u_scheduler/mac_row[2]_INST_0_i_4/O
                         net (fo=6, unplaced)         0.254     1.256    GEN_CLUSTER[0].u_engine/u_scheduler/mac_row[2]_INST_0_i_4_n_0
                         LUT6 (Prop_LUT6_I5_O)        0.038     1.294 r  GEN_CLUSTER[0].u_engine/u_scheduler/mac_row[2]_INST_0_i_1/O
                         net (fo=30, unplaced)        0.290     1.584    GEN_CLUSTER[0].u_engine/u_scheduler/mac_row[2]_INST_0_i_1_n_0
                         LUT3 (Prop_LUT3_I0_O)        0.038     1.622 r  GEN_CLUSTER[0].u_engine/u_scheduler/mac_context_tag[2]_INST_0/O
                         net (fo=36, unplaced)        0.294     1.916    GEN_CLUSTER[0].u_engine/u_scheduler/mac_context_tag[2]
                         LUT6 (Prop_LUT6_I4_O)        0.038     1.954 r  GEN_CLUSTER[0].u_engine/u_scheduler/mac_row[5]_INST_0_i_1/O
                         net (fo=19, unplaced)        0.280     2.234    GEN_CLUSTER[0].u_engine/u_scheduler/mac_row[5]_INST_0_i_1_n_0
                         LUT4 (Prop_LUT4_I2_O)        0.070     2.304 r  GEN_CLUSTER[0].u_engine/u_scheduler/mac_lane_valid[27]_INST_0_i_1/O
                         net (fo=10, unplaced)        0.219     2.523    GEN_CLUSTER[0].u_engine/u_scheduler/mac_lane_valid[27]_INST_0_i_1_n_0
                         LUT6 (Prop_LUT6_I3_O)        0.090     2.613 r  GEN_CLUSTER[0].u_engine/u_scheduler/mac_lane_valid[17]_INST_0/O
                         net (fo=7, unplaced)         0.176     2.789    GEN_CLUSTER[0].u_engine/u_scheduler/mac_lane_valid[17]
                         LUT6 (Prop_LUT6_I0_O)        0.150     2.939 r  GEN_CLUSTER[0].u_engine/u_scheduler/valid_macs[7]_i_53/O
                         net (fo=1, unplaced)         0.151     3.090    GEN_CLUSTER[0].u_engine/u_scheduler/valid_macs[7]_i_53_n_0
                         LUT6 (Prop_LUT6_I0_O)        0.150     3.240 f  GEN_CLUSTER[0].u_engine/u_scheduler/valid_macs[7]_i_35/O
                         net (fo=2, unplaced)         0.187     3.427    GEN_CLUSTER[0].u_engine/u_scheduler/valid_macs[7]_i_35_n_0
                         LUT5 (Prop_LUT5_I1_O)        0.139     3.566 f  GEN_CLUSTER[0].u_engine/u_scheduler/valid_macs[7]_i_17/O
                         net (fo=3, unplaced)         0.238     3.804    GEN_CLUSTER[0].u_engine/u_scheduler/valid_macs[7]_i_17_n_0
                         LUT6 (Prop_LUT6_I5_O)        0.038     3.842 r  GEN_CLUSTER[0].u_engine/u_scheduler/valid_macs[7]_i_9/O
                         net (fo=8, unplaced)         0.211     4.053    GEN_CLUSTER[0].u_engine/u_scheduler/valid_macs[7]_i_9_n_0
                         LUT3 (Prop_LUT3_I1_O)        0.099     4.152 r  GEN_CLUSTER[0].u_engine/u_scheduler/causal_lane_bubbles[7]_i_2/O
                         net (fo=1, unplaced)         0.198     4.350    GEN_CLUSTER[0].u_engine/u_scheduler/causal_lane_bubbles[7]_i_2_n_0
                         CARRY8 (Prop_CARRY8_DI[6]_CO[7])
                                                      0.065     4.415 r  GEN_CLUSTER[0].u_engine/u_scheduler/causal_lane_bubbles_reg[7]_i_1/CO[7]
                         net (fo=1, unplaced)         0.005     4.420    GEN_CLUSTER[0].u_engine/u_scheduler/causal_lane_bubbles_reg[7]_i_1_n_0
                         CARRY8 (Prop_CARRY8_CI_CO[7])
                                                      0.022     4.442 r  GEN_CLUSTER[0].u_engine/u_scheduler/causal_lane_bubbles_reg[15]_i_1/CO[7]
                         net (fo=1, unplaced)         0.005     4.447    GEN_CLUSTER[0].u_engine/u_scheduler/causal_lane_bubbles_reg[15]_i_1_n_0
                         CARRY8 (Prop_CARRY8_CI_CO[7])
                                                      0.022     4.469 r  GEN_CLUSTER[0].u_engine/u_scheduler/causal_lane_bubbles_reg[23]_i_1/CO[7]
                         net (fo=1, unplaced)         0.005     4.474    GEN_CLUSTER[0].u_engine/u_scheduler/causal_lane_bubbles_reg[23]_i_1_n_0
                         CARRY8 (Prop_CARRY8_CI_CO[7])
                                                      0.022     4.496 r  GEN_CLUSTER[0].u_engine/u_scheduler/causal_lane_bubbles_reg[31]_i_1/CO[7]
                         net (fo=1, unplaced)         0.005     4.501    GEN_CLUSTER[0].u_engine/u_scheduler/causal_lane_bubbles_reg[31]_i_1_n_0
                         CARRY8 (Prop_CARRY8_CI_CO[7])
                                                      0.022     4.523 r  GEN_CLUSTER[0].u_engine/u_scheduler/causal_lane_bubbles_reg[39]_i_1/CO[7]
                         net (fo=1, unplaced)         0.005     4.528    GEN_CLUSTER[0].u_engine/u_scheduler/causal_lane_bubbles_reg[39]_i_1_n_0
                         CARRY8 (Prop_CARRY8_CI_CO[7])
                                                      0.022     4.550 r  GEN_CLUSTER[0].u_engine/u_scheduler/causal_lane_bubbles_reg[47]_i_1/CO[7]
                         net (fo=1, unplaced)         0.005     4.555    GEN_CLUSTER[0].u_engine/u_scheduler/causal_lane_bubbles_reg[47]_i_1_n_0
                         CARRY8 (Prop_CARRY8_CI_CO[7])
                                                      0.022     4.577 r  GEN_CLUSTER[0].u_engine/u_scheduler/causal_lane_bubbles_reg[55]_i_1/CO[7]
                         net (fo=1, unplaced)         0.005     4.582    GEN_CLUSTER[0].u_engine/u_scheduler/causal_lane_bubbles_reg[55]_i_1_n_0
                         CARRY8 (Prop_CARRY8_CI_O[6])
                                                      0.103     4.685 r  GEN_CLUSTER[0].u_engine/u_scheduler/causal_lane_bubbles_reg[63]_i_1/O[6]
                         net (fo=1, unplaced)         0.026     4.711    GEN_CLUSTER[0].u_engine/u_scheduler/causal_lane_bubbles_reg[63]_i_1_n_9
                         FDRE                                         r  GEN_CLUSTER[0].u_engine/u_scheduler/causal_lane_bubbles_reg[62]/D
  -------------------------------------------------------------------    -------------------

                         (clock core_clk rise edge)
                                                      6.666     6.666 r  
                                                      0.000     6.666 r  clk (IN)
                         net (fo=64624, unset)        0.000     6.666    GEN_CLUSTER[0].u_engine/u_scheduler/clk
                         FDRE                                         r  GEN_CLUSTER[0].u_engine/u_scheduler/causal_lane_bubbles_reg[62]/C
                         clock pessimism              0.000     6.666    
                         clock uncertainty           -0.035     6.631    
                         FDRE (Setup_FDRE_C_D)        0.025     6.656    GEN_CLUSTER[0].u_engine/u_scheduler/causal_lane_bubbles_reg[62]
  -------------------------------------------------------------------
                         required time                          6.656    
                         arrival time                          -4.711    
  -------------------------------------------------------------------
                         slack                                  1.945    

Slack (MET) :             1.959ns  (required time - arrival time)
  Source:                 GEN_CLUSTER[0].u_engine/u_scheduler/mac_busy_reg[9]/C
                            (rising edge-triggered cell FDRE clocked by core_clk  {rise@0.000ns fall@3.333ns period=6.666ns})
  Destination:            GEN_CLUSTER[0].u_engine/u_scheduler/causal_lane_bubbles_reg[55]/D
                            (rising edge-triggered cell FDRE clocked by core_clk  {rise@0.000ns fall@3.333ns period=6.666ns})
  Path Group:             core_clk
  Path Type:              Setup (Max at Slow Process Corner)
  Requirement:            6.666ns  (core_clk rise@6.666ns - core_clk rise@0.000ns)
  Data Path Delay:        4.697ns  (logic 1.556ns (33.128%)  route 3.141ns (66.872%))
  Logic Levels:           20  (CARRY8=7 LUT3=2 LUT4=1 LUT5=1 LUT6=9)
  Clock Uncertainty:      0.035ns  ((TSJ^2 + TIJ^2)^1/2 + DJ) / 2 + PE
    Total System Jitter     (TSJ):    0.071ns
    Total Input Jitter      (TIJ):    0.000ns
    Discrete Jitter          (DJ):    0.000ns
    Phase Error              (PE):    0.000ns

    Location             Delay type                Incr(ns)  Path(ns)    Netlist Resource(s)
  -------------------------------------------------------------------    -------------------
                         (clock core_clk rise edge)
                                                      0.000     0.000 r  
                                                      0.000     0.000 r  clk (IN)
                         net (fo=64624, unset)        0.000     0.000    GEN_CLUSTER[0].u_engine/u_scheduler/clk
                         FDRE                                         r  GEN_CLUSTER[0].u_engine/u_scheduler/mac_busy_reg[9]/C
  -------------------------------------------------------------------    -------------------
                         FDRE (Prop_FDRE_C_Q)         0.077     0.077 r  GEN_CLUSTER[0].u_engine/u_scheduler/mac_busy_reg[9]/Q
                         net (fo=5, unplaced)         0.173     0.250    GEN_CLUSTER[0].u_engine/u_scheduler/mac_busy_reg_n_0_[9]
                         LUT6 (Prop_LUT6_I0_O)        0.150     0.400 r  GEN_CLUSTER[0].u_engine/u_scheduler/mac_context_tag[1]_INST_0_i_7/O
                         net (fo=1, unplaced)         0.151     0.551    GEN_CLUSTER[0].u_engine/u_scheduler/mac_context_tag[1]_INST_0_i_7_n_0
                         LUT6 (Prop_LUT6_I0_O)        0.150     0.701 r  GEN_CLUSTER[0].u_engine/u_scheduler/mac_context_tag[1]_INST_0_i_2/O
                         net (fo=9, unplaced)         0.263     0.964    GEN_CLUSTER[0].u_engine/u_scheduler/mac_context_tag[1]_INST_0_i_2_n_0
                         LUT6 (Prop_LUT6_I0_O)        0.038     1.002 r  GEN_CLUSTER[0].u_engine/u_scheduler/mac_row[2]_INST_0_i_4/O
                         net (fo=6, unplaced)         0.254     1.256    GEN_CLUSTER[0].u_engine/u_scheduler/mac_row[2]_INST_0_i_4_n_0
                         LUT6 (Prop_LUT6_I5_O)        0.038     1.294 r  GEN_CLUSTER[0].u_engine/u_scheduler/mac_row[2]_INST_0_i_1/O
                         net (fo=30, unplaced)        0.290     1.584    GEN_CLUSTER[0].u_engine/u_scheduler/mac_row[2]_INST_0_i_1_n_0
                         LUT3 (Prop_LUT3_I0_O)        0.038     1.622 r  GEN_CLUSTER[0].u_engine/u_scheduler/mac_context_tag[2]_INST_0/O
                         net (fo=36, unplaced)        0.294     1.916    GEN_CLUSTER[0].u_engine/u_scheduler/mac_context_tag[2]
                         LUT6 (Prop_LUT6_I4_O)        0.038     1.954 r  GEN_CLUSTER[0].u_engine/u_scheduler/mac_row[5]_INST_0_i_1/O
                         net (fo=19, unplaced)        0.280     2.234    GEN_CLUSTER[0].u_engine/u_scheduler/mac_row[5]_INST_0_i_1_n_0
                         LUT4 (Prop_LUT4_I2_O)        0.070     2.304 r  GEN_CLUSTER[0].u_engine/u_scheduler/mac_lane_valid[27]_INST_0_i_1/O
                         net (fo=10, unplaced)        0.219     2.523    GEN_CLUSTER[0].u_engine/u_scheduler/mac_lane_valid[27]_INST_0_i_1_n_0
                         LUT6 (Prop_LUT6_I3_O)        0.090     2.613 r  GEN_CLUSTER[0].u_engine/u_scheduler/mac_lane_valid[17]_INST_0/O
                         net (fo=7, unplaced)         0.176     2.789    GEN_CLUSTER[0].u_engine/u_scheduler/mac_lane_valid[17]
                         LUT6 (Prop_LUT6_I0_O)        0.150     2.939 r  GEN_CLUSTER[0].u_engine/u_scheduler/valid_macs[7]_i_53/O
                         net (fo=1, unplaced)         0.151     3.090    GEN_CLUSTER[0].u_engine/u_scheduler/valid_macs[7]_i_53_n_0
                         LUT6 (Prop_LUT6_I0_O)        0.150     3.240 f  GEN_CLUSTER[0].u_engine/u_scheduler/valid_macs[7]_i_35/O
                         net (fo=2, unplaced)         0.187     3.427    GEN_CLUSTER[0].u_engine/u_scheduler/valid_macs[7]_i_35_n_0
                         LUT5 (Prop_LUT5_I1_O)        0.139     3.566 f  GEN_CLUSTER[0].u_engine/u_scheduler/valid_macs[7]_i_17/O
                         net (fo=3, unplaced)         0.238     3.804    GEN_CLUSTER[0].u_engine/u_scheduler/valid_macs[7]_i_17_n_0
                         LUT6 (Prop_LUT6_I5_O)        0.038     3.842 r  GEN_CLUSTER[0].u_engine/u_scheduler/valid_macs[7]_i_9/O
                         net (fo=8, unplaced)         0.211     4.053    GEN_CLUSTER[0].u_engine/u_scheduler/valid_macs[7]_i_9_n_0
                         LUT3 (Prop_LUT3_I1_O)        0.099     4.152 r  GEN_CLUSTER[0].u_engine/u_scheduler/causal_lane_bubbles[7]_i_2/O
                         net (fo=1, unplaced)         0.198     4.350    GEN_CLUSTER[0].u_engine/u_scheduler/causal_lane_bubbles[7]_i_2_n_0
                         CARRY8 (Prop_CARRY8_DI[6]_CO[7])
                                                      0.065     4.415 r  GEN_CLUSTER[0].u_engine/u_scheduler/causal_lane_bubbles_reg[7]_i_1/CO[7]
                         net (fo=1, unplaced)         0.005     4.420    GEN_CLUSTER[0].u_engine/u_scheduler/causal_lane_bubbles_reg[7]_i_1_n_0
                         CARRY8 (Prop_CARRY8_CI_CO[7])
                                                      0.022     4.442 r  GEN_CLUSTER[0].u_engine/u_scheduler/causal_lane_bubbles_reg[15]_i_1/CO[7]
                         net (fo=1, unplaced)         0.005     4.447    GEN_CLUSTER[0].u_engine/u_scheduler/causal_lane_bubbles_reg[15]_i_1_n_0
                         CARRY8 (Prop_CARRY8_CI_CO[7])
                                                      0.022     4.469 r  GEN_CLUSTER[0].u_engine/u_scheduler/causal_lane_bubbles_reg[23]_i_1/CO[7]
                         net (fo=1, unplaced)         0.005     4.474    GEN_CLUSTER[0].u_engine/u_scheduler/causal_lane_bubbles_reg[23]_i_1_n_0
                         CARRY8 (Prop_CARRY8_CI_CO[7])
                                                      0.022     4.496 r  GEN_CLUSTER[0].u_engine/u_scheduler/causal_lane_bubbles_reg[31]_i_1/CO[7]
                         net (fo=1, unplaced)         0.005     4.501    GEN_CLUSTER[0].u_engine/u_scheduler/causal_lane_bubbles_reg[31]_i_1_n_0
                         CARRY8 (Prop_CARRY8_CI_CO[7])
                                                      0.022     4.523 r  GEN_CLUSTER[0].u_engine/u_scheduler/causal_lane_bubbles_reg[39]_i_1/CO[7]
                         net (fo=1, unplaced)         0.005     4.528    GEN_CLUSTER[0].u_engine/u_scheduler/causal_lane_bubbles_reg[39]_i_1_n_0
                         CARRY8 (Prop_CARRY8_CI_CO[7])
                                                      0.022     4.550 r  GEN_CLUSTER[0].u_engine/u_scheduler/causal_lane_bubbles_reg[47]_i_1/CO[7]
                         net (fo=1, unplaced)         0.005     4.555    GEN_CLUSTER[0].u_engine/u_scheduler/causal_lane_bubbles_reg[47]_i_1_n_0
                         CARRY8 (Prop_CARRY8_CI_O[7])
                                                      0.116     4.671 r  GEN_CLUSTER[0].u_engine/u_scheduler/causal_lane_bubbles_reg[55]_i_1/O[7]
                         net (fo=1, unplaced)         0.026     4.697    GEN_CLUSTER[0].u_engine/u_scheduler/causal_lane_bubbles_reg[55]_i_1_n_8
                         FDRE                                         r  GEN_CLUSTER[0].u_engine/u_scheduler/causal_lane_bubbles_reg[55]/D
  -------------------------------------------------------------------    -------------------

                         (clock core_clk rise edge)
                                                      6.666     6.666 r  
                                                      0.000     6.666 r  clk (IN)
                         net (fo=64624, unset)        0.000     6.666    GEN_CLUSTER[0].u_engine/u_scheduler/clk
                         FDRE                                         r  GEN_CLUSTER[0].u_engine/u_scheduler/causal_lane_bubbles_reg[55]/C
                         clock pessimism              0.000     6.666    
                         clock uncertainty           -0.035     6.631    
                         FDRE (Setup_FDRE_C_D)        0.025     6.656    GEN_CLUSTER[0].u_engine/u_scheduler/causal_lane_bubbles_reg[55]
  -------------------------------------------------------------------
                         required time                          6.656    
                         arrival time                          -4.697    
  -------------------------------------------------------------------
                         slack                                  1.959    

Slack (MET) :             1.960ns  (required time - arrival time)
  Source:                 GEN_CLUSTER[0].u_engine/u_scheduler/mac_busy_reg[9]/C
                            (rising edge-triggered cell FDRE clocked by core_clk  {rise@0.000ns fall@3.333ns period=6.666ns})
  Destination:            GEN_CLUSTER[0].u_engine/u_scheduler/causal_lane_bubbles_reg[53]/D
                            (rising edge-triggered cell FDRE clocked by core_clk  {rise@0.000ns fall@3.333ns period=6.666ns})
  Path Group:             core_clk
  Path Type:              Setup (Max at Slow Process Corner)
  Requirement:            6.666ns  (core_clk rise@6.666ns - core_clk rise@0.000ns)
  Data Path Delay:        4.696ns  (logic 1.556ns (33.135%)  route 3.140ns (66.865%))
  Logic Levels:           20  (CARRY8=7 LUT3=2 LUT4=1 LUT5=1 LUT6=9)
  Clock Uncertainty:      0.035ns  ((TSJ^2 + TIJ^2)^1/2 + DJ) / 2 + PE
    Total System Jitter     (TSJ):    0.071ns
    Total Input Jitter      (TIJ):    0.000ns
    Discrete Jitter          (DJ):    0.000ns
    Phase Error              (PE):    0.000ns

    Location             Delay type                Incr(ns)  Path(ns)    Netlist Resource(s)
  -------------------------------------------------------------------    -------------------
                         (clock core_clk rise edge)
                                                      0.000     0.000 r  
                                                      0.000     0.000 r  clk (IN)
                         net (fo=64624, unset)        0.000     0.000    GEN_CLUSTER[0].u_engine/u_scheduler/clk
                         FDRE                                         r  GEN_CLUSTER[0].u_engine/u_scheduler/mac_busy_reg[9]/C
  -------------------------------------------------------------------    -------------------
                         FDRE (Prop_FDRE_C_Q)         0.077     0.077 r  GEN_CLUSTER[0].u_engine/u_scheduler/mac_busy_reg[9]/Q
                         net (fo=5, unplaced)         0.173     0.250    GEN_CLUSTER[0].u_engine/u_scheduler/mac_busy_reg_n_0_[9]
                         LUT6 (Prop_LUT6_I0_O)        0.150     0.400 r  GEN_CLUSTER[0].u_engine/u_scheduler/mac_context_tag[1]_INST_0_i_7/O
                         net (fo=1, unplaced)         0.151     0.551    GEN_CLUSTER[0].u_engine/u_scheduler/mac_context_tag[1]_INST_0_i_7_n_0
                         LUT6 (Prop_LUT6_I0_O)        0.150     0.701 r  GEN_CLUSTER[0].u_engine/u_scheduler/mac_context_tag[1]_INST_0_i_2/O
                         net (fo=9, unplaced)         0.263     0.964    GEN_CLUSTER[0].u_engine/u_scheduler/mac_context_tag[1]_INST_0_i_2_n_0
                         LUT6 (Prop_LUT6_I0_O)        0.038     1.002 r  GEN_CLUSTER[0].u_engine/u_scheduler/mac_row[2]_INST_0_i_4/O
                         net (fo=6, unplaced)         0.254     1.256    GEN_CLUSTER[0].u_engine/u_scheduler/mac_row[2]_INST_0_i_4_n_0
                         LUT6 (Prop_LUT6_I5_O)        0.038     1.294 r  GEN_CLUSTER[0].u_engine/u_scheduler/mac_row[2]_INST_0_i_1/O
                         net (fo=30, unplaced)        0.290     1.584    GEN_CLUSTER[0].u_engine/u_scheduler/mac_row[2]_INST_0_i_1_n_0
                         LUT3 (Prop_LUT3_I0_O)        0.038     1.622 r  GEN_CLUSTER[0].u_engine/u_scheduler/mac_context_tag[2]_INST_0/O
                         net (fo=36, unplaced)        0.294     1.916    GEN_CLUSTER[0].u_engine/u_scheduler/mac_context_tag[2]
                         LUT6 (Prop_LUT6_I4_O)        0.038     1.954 r  GEN_CLUSTER[0].u_engine/u_scheduler/mac_row[5]_INST_0_i_1/O
                         net (fo=19, unplaced)        0.280     2.234    GEN_CLUSTER[0].u_engine/u_scheduler/mac_row[5]_INST_0_i_1_n_0
                         LUT4 (Prop_LUT4_I2_O)        0.070     2.304 r  GEN_CLUSTER[0].u_engine/u_scheduler/mac_lane_valid[27]_INST_0_i_1/O
                         net (fo=10, unplaced)        0.219     2.523    GEN_CLUSTER[0].u_engine/u_scheduler/mac_lane_valid[27]_INST_0_i_1_n_0
                         LUT6 (Prop_LUT6_I3_O)        0.090     2.613 r  GEN_CLUSTER[0].u_engine/u_scheduler/mac_lane_valid[17]_INST_0/O
                         net (fo=7, unplaced)         0.176     2.789    GEN_CLUSTER[0].u_engine/u_scheduler/mac_lane_valid[17]
                         LUT6 (Prop_LUT6_I0_O)        0.150     2.939 r  GEN_CLUSTER[0].u_engine/u_scheduler/valid_macs[7]_i_53/O
                         net (fo=1, unplaced)         0.151     3.090    GEN_CLUSTER[0].u_engine/u_scheduler/valid_macs[7]_i_53_n_0
                         LUT6 (Prop_LUT6_I0_O)        0.150     3.240 f  GEN_CLUSTER[0].u_engine/u_scheduler/valid_macs[7]_i_35/O
                         net (fo=2, unplaced)         0.187     3.427    GEN_CLUSTER[0].u_engine/u_scheduler/valid_macs[7]_i_35_n_0
                         LUT5 (Prop_LUT5_I1_O)        0.139     3.566 f  GEN_CLUSTER[0].u_engine/u_scheduler/valid_macs[7]_i_17/O
                         net (fo=3, unplaced)         0.238     3.804    GEN_CLUSTER[0].u_engine/u_scheduler/valid_macs[7]_i_17_n_0
                         LUT6 (Prop_LUT6_I5_O)        0.038     3.842 r  GEN_CLUSTER[0].u_engine/u_scheduler/valid_macs[7]_i_9/O
                         net (fo=8, unplaced)         0.211     4.053    GEN_CLUSTER[0].u_engine/u_scheduler/valid_macs[7]_i_9_n_0
                         LUT3 (Prop_LUT3_I1_O)        0.099     4.152 r  GEN_CLUSTER[0].u_engine/u_scheduler/causal_lane_bubbles[7]_i_2/O
                         net (fo=1, unplaced)         0.198     4.350    GEN_CLUSTER[0].u_engine/u_scheduler/causal_lane_bubbles[7]_i_2_n_0
                         CARRY8 (Prop_CARRY8_DI[6]_CO[7])
                                                      0.065     4.415 r  GEN_CLUSTER[0].u_engine/u_scheduler/causal_lane_bubbles_reg[7]_i_1/CO[7]
                         net (fo=1, unplaced)         0.005     4.420    GEN_CLUSTER[0].u_engine/u_scheduler/causal_lane_bubbles_reg[7]_i_1_n_0
                         CARRY8 (Prop_CARRY8_CI_CO[7])
                                                      0.022     4.442 r  GEN_CLUSTER[0].u_engine/u_scheduler/causal_lane_bubbles_reg[15]_i_1/CO[7]
                         net (fo=1, unplaced)         0.005     4.447    GEN_CLUSTER[0].u_engine/u_scheduler/causal_lane_bubbles_reg[15]_i_1_n_0
                         CARRY8 (Prop_CARRY8_CI_CO[7])
                                                      0.022     4.469 r  GEN_CLUSTER[0].u_engine/u_scheduler/causal_lane_bubbles_reg[23]_i_1/CO[7]
                         net (fo=1, unplaced)         0.005     4.474    GEN_CLUSTER[0].u_engine/u_scheduler/causal_lane_bubbles_reg[23]_i_1_n_0
                         CARRY8 (Prop_CARRY8_CI_CO[7])
                                                      0.022     4.496 r  GEN_CLUSTER[0].u_engine/u_scheduler/causal_lane_bubbles_reg[31]_i_1/CO[7]
                         net (fo=1, unplaced)         0.005     4.501    GEN_CLUSTER[0].u_engine/u_scheduler/causal_lane_bubbles_reg[31]_i_1_n_0
                         CARRY8 (Prop_CARRY8_CI_CO[7])
                                                      0.022     4.523 r  GEN_CLUSTER[0].u_engine/u_scheduler/causal_lane_bubbles_reg[39]_i_1/CO[7]
                         net (fo=1, unplaced)         0.005     4.528    GEN_CLUSTER[0].u_engine/u_scheduler/causal_lane_bubbles_reg[39]_i_1_n_0
                         CARRY8 (Prop_CARRY8_CI_CO[7])
                                                      0.022     4.550 r  GEN_CLUSTER[0].u_engine/u_scheduler/causal_lane_bubbles_reg[47]_i_1/CO[7]
                         net (fo=1, unplaced)         0.005     4.555    GEN_CLUSTER[0].u_engine/u_scheduler/causal_lane_bubbles_reg[47]_i_1_n_0
                         CARRY8 (Prop_CARRY8_CI_O[5])
                                                      0.116     4.671 r  GEN_CLUSTER[0].u_engine/u_scheduler/causal_lane_bubbles_reg[55]_i_1/O[5]
                         net (fo=1, unplaced)         0.025     4.696    GEN_CLUSTER[0].u_engine/u_scheduler/causal_lane_bubbles_reg[55]_i_1_n_10
                         FDRE                                         r  GEN_CLUSTER[0].u_engine/u_scheduler/causal_lane_bubbles_reg[53]/D
  -------------------------------------------------------------------    -------------------

                         (clock core_clk rise edge)
                                                      6.666     6.666 r  
                                                      0.000     6.666 r  clk (IN)
                         net (fo=64624, unset)        0.000     6.666    GEN_CLUSTER[0].u_engine/u_scheduler/clk
                         FDRE                                         r  GEN_CLUSTER[0].u_engine/u_scheduler/causal_lane_bubbles_reg[53]/C
                         clock pessimism              0.000     6.666    
                         clock uncertainty           -0.035     6.631    
                         FDRE (Setup_FDRE_C_D)        0.025     6.656    GEN_CLUSTER[0].u_engine/u_scheduler/causal_lane_bubbles_reg[53]
  -------------------------------------------------------------------
                         required time                          6.656    
                         arrival time                          -4.696    
  -------------------------------------------------------------------
                         slack                                  1.960    

Slack (MET) :             1.963ns  (required time - arrival time)
  Source:                 GEN_CLUSTER[0].u_engine/u_scheduler/mac_busy_reg[9]/C
                            (rising edge-triggered cell FDRE clocked by core_clk  {rise@0.000ns fall@3.333ns period=6.666ns})
  Destination:            GEN_CLUSTER[0].u_engine/u_scheduler/causal_lane_bubbles_reg[60]/D
                            (rising edge-triggered cell FDRE clocked by core_clk  {rise@0.000ns fall@3.333ns period=6.666ns})
  Path Group:             core_clk
  Path Type:              Setup (Max at Slow Process Corner)
  Requirement:            6.666ns  (core_clk rise@6.666ns - core_clk rise@0.000ns)
  Data Path Delay:        4.693ns  (logic 1.548ns (32.985%)  route 3.145ns (67.015%))
  Logic Levels:           21  (CARRY8=8 LUT3=2 LUT4=1 LUT5=1 LUT6=9)
  Clock Uncertainty:      0.035ns  ((TSJ^2 + TIJ^2)^1/2 + DJ) / 2 + PE
    Total System Jitter     (TSJ):    0.071ns
    Total Input Jitter      (TIJ):    0.000ns
    Discrete Jitter          (DJ):    0.000ns
    Phase Error              (PE):    0.000ns

    Location             Delay type                Incr(ns)  Path(ns)    Netlist Resource(s)
  -------------------------------------------------------------------    -------------------
                         (clock core_clk rise edge)
                                                      0.000     0.000 r  
                                                      0.000     0.000 r  clk (IN)
                         net (fo=64624, unset)        0.000     0.000    GEN_CLUSTER[0].u_engine/u_scheduler/clk
                         FDRE                                         r  GEN_CLUSTER[0].u_engine/u_scheduler/mac_busy_reg[9]/C
  -------------------------------------------------------------------    -------------------
                         FDRE (Prop_FDRE_C_Q)         0.077     0.077 r  GEN_CLUSTER[0].u_engine/u_scheduler/mac_busy_reg[9]/Q
                         net (fo=5, unplaced)         0.173     0.250    GEN_CLUSTER[0].u_engine/u_scheduler/mac_busy_reg_n_0_[9]
                         LUT6 (Prop_LUT6_I0_O)        0.150     0.400 r  GEN_CLUSTER[0].u_engine/u_scheduler/mac_context_tag[1]_INST_0_i_7/O
                         net (fo=1, unplaced)         0.151     0.551    GEN_CLUSTER[0].u_engine/u_scheduler/mac_context_tag[1]_INST_0_i_7_n_0
                         LUT6 (Prop_LUT6_I0_O)        0.150     0.701 r  GEN_CLUSTER[0].u_engine/u_scheduler/mac_context_tag[1]_INST_0_i_2/O
                         net (fo=9, unplaced)         0.263     0.964    GEN_CLUSTER[0].u_engine/u_scheduler/mac_context_tag[1]_INST_0_i_2_n_0
                         LUT6 (Prop_LUT6_I0_O)        0.038     1.002 r  GEN_CLUSTER[0].u_engine/u_scheduler/mac_row[2]_INST_0_i_4/O
                         net (fo=6, unplaced)         0.254     1.256    GEN_CLUSTER[0].u_engine/u_scheduler/mac_row[2]_INST_0_i_4_n_0
                         LUT6 (Prop_LUT6_I5_O)        0.038     1.294 r  GEN_CLUSTER[0].u_engine/u_scheduler/mac_row[2]_INST_0_i_1/O
                         net (fo=30, unplaced)        0.290     1.584    GEN_CLUSTER[0].u_engine/u_scheduler/mac_row[2]_INST_0_i_1_n_0
                         LUT3 (Prop_LUT3_I0_O)        0.038     1.622 r  GEN_CLUSTER[0].u_engine/u_scheduler/mac_context_tag[2]_INST_0/O
                         net (fo=36, unplaced)        0.294     1.916    GEN_CLUSTER[0].u_engine/u_scheduler/mac_context_tag[2]
                         LUT6 (Prop_LUT6_I4_O)        0.038     1.954 r  GEN_CLUSTER[0].u_engine/u_scheduler/mac_row[5]_INST_0_i_1/O
                         net (fo=19, unplaced)        0.280     2.234    GEN_CLUSTER[0].u_engine/u_scheduler/mac_row[5]_INST_0_i_1_n_0
                         LUT4 (Prop_LUT4_I2_O)        0.070     2.304 r  GEN_CLUSTER[0].u_engine/u_scheduler/mac_lane_valid[27]_INST_0_i_1/O
                         net (fo=10, unplaced)        0.219     2.523    GEN_CLUSTER[0].u_engine/u_scheduler/mac_lane_valid[27]_INST_0_i_1_n_0
                         LUT6 (Prop_LUT6_I3_O)        0.090     2.613 r  GEN_CLUSTER[0].u_engine/u_scheduler/mac_lane_valid[17]_INST_0/O
                         net (fo=7, unplaced)         0.176     2.789    GEN_CLUSTER[0].u_engine/u_scheduler/mac_lane_valid[17]
                         LUT6 (Prop_LUT6_I0_O)        0.150     2.939 r  GEN_CLUSTER[0].u_engine/u_scheduler/valid_macs[7]_i_53/O
                         net (fo=1, unplaced)         0.151     3.090    GEN_CLUSTER[0].u_engine/u_scheduler/valid_macs[7]_i_53_n_0
                         LUT6 (Prop_LUT6_I0_O)        0.150     3.240 f  GEN_CLUSTER[0].u_engine/u_scheduler/valid_macs[7]_i_35/O
                         net (fo=2, unplaced)         0.187     3.427    GEN_CLUSTER[0].u_engine/u_scheduler/valid_macs[7]_i_35_n_0
                         LUT5 (Prop_LUT5_I1_O)        0.139     3.566 f  GEN_CLUSTER[0].u_engine/u_scheduler/valid_macs[7]_i_17/O
                         net (fo=3, unplaced)         0.238     3.804    GEN_CLUSTER[0].u_engine/u_scheduler/valid_macs[7]_i_17_n_0
                         LUT6 (Prop_LUT6_I5_O)        0.038     3.842 r  GEN_CLUSTER[0].u_engine/u_scheduler/valid_macs[7]_i_9/O
                         net (fo=8, unplaced)         0.211     4.053    GEN_CLUSTER[0].u_engine/u_scheduler/valid_macs[7]_i_9_n_0
                         LUT3 (Prop_LUT3_I1_O)        0.099     4.152 r  GEN_CLUSTER[0].u_engine/u_scheduler/causal_lane_bubbles[7]_i_2/O
                         net (fo=1, unplaced)         0.198     4.350    GEN_CLUSTER[0].u_engine/u_scheduler/causal_lane_bubbles[7]_i_2_n_0
                         CARRY8 (Prop_CARRY8_DI[6]_CO[7])
                                                      0.065     4.415 r  GEN_CLUSTER[0].u_engine/u_scheduler/causal_lane_bubbles_reg[7]_i_1/CO[7]
                         net (fo=1, unplaced)         0.005     4.420    GEN_CLUSTER[0].u_engine/u_scheduler/causal_lane_bubbles_reg[7]_i_1_n_0
                         CARRY8 (Prop_CARRY8_CI_CO[7])
                                                      0.022     4.442 r  GEN_CLUSTER[0].u_engine/u_scheduler/causal_lane_bubbles_reg[15]_i_1/CO[7]
                         net (fo=1, unplaced)         0.005     4.447    GEN_CLUSTER[0].u_engine/u_scheduler/causal_lane_bubbles_reg[15]_i_1_n_0
                         CARRY8 (Prop_CARRY8_CI_CO[7])
                                                      0.022     4.469 r  GEN_CLUSTER[0].u_engine/u_scheduler/causal_lane_bubbles_reg[23]_i_1/CO[7]
                         net (fo=1, unplaced)         0.005     4.474    GEN_CLUSTER[0].u_engine/u_scheduler/causal_lane_bubbles_reg[23]_i_1_n_0
                         CARRY8 (Prop_CARRY8_CI_CO[7])
                                                      0.022     4.496 r  GEN_CLUSTER[0].u_engine/u_scheduler/causal_lane_bubbles_reg[31]_i_1/CO[7]
                         net (fo=1, unplaced)         0.005     4.501    GEN_CLUSTER[0].u_engine/u_scheduler/causal_lane_bubbles_reg[31]_i_1_n_0
                         CARRY8 (Prop_CARRY8_CI_CO[7])
                                                      0.022     4.523 r  GEN_CLUSTER[0].u_engine/u_scheduler/causal_lane_bubbles_reg[39]_i_1/CO[7]
                         net (fo=1, unplaced)         0.005     4.528    GEN_CLUSTER[0].u_engine/u_scheduler/causal_lane_bubbles_reg[39]_i_1_n_0
                         CARRY8 (Prop_CARRY8_CI_CO[7])
                                                      0.022     4.550 r  GEN_CLUSTER[0].u_engine/u_scheduler/causal_lane_bubbles_reg[47]_i_1/CO[7]
                         net (fo=1, unplaced)         0.005     4.555    GEN_CLUSTER[0].u_engine/u_scheduler/causal_lane_bubbles_reg[47]_i_1_n_0
                         CARRY8 (Prop_CARRY8_CI_CO[7])
                                                      0.022     4.577 r  GEN_CLUSTER[0].u_engine/u_scheduler/causal_lane_bubbles_reg[55]_i_1/CO[7]
                         net (fo=1, unplaced)         0.005     4.582    GEN_CLUSTER[0].u_engine/u_scheduler/causal_lane_bubbles_reg[55]_i_1_n_0
                         CARRY8 (Prop_CARRY8_CI_O[4])
                                                      0.086     4.668 r  GEN_CLUSTER[0].u_engine/u_scheduler/causal_lane_bubbles_reg[63]_i_1/O[4]
                         net (fo=1, unplaced)         0.025     4.693    GEN_CLUSTER[0].u_engine/u_scheduler/causal_lane_bubbles_reg[63]_i_1_n_11
                         FDRE                                         r  GEN_CLUSTER[0].u_engine/u_scheduler/causal_lane_bubbles_reg[60]/D
  -------------------------------------------------------------------    -------------------

                         (clock core_clk rise edge)
                                                      6.666     6.666 r  
                                                      0.000     6.666 r  clk (IN)
                         net (fo=64624, unset)        0.000     6.666    GEN_CLUSTER[0].u_engine/u_scheduler/clk
                         FDRE                                         r  GEN_CLUSTER[0].u_engine/u_scheduler/causal_lane_bubbles_reg[60]/C
                         clock pessimism              0.000     6.666    
                         clock uncertainty           -0.035     6.631    
                         FDRE (Setup_FDRE_C_D)        0.025     6.656    GEN_CLUSTER[0].u_engine/u_scheduler/causal_lane_bubbles_reg[60]
  -------------------------------------------------------------------
                         required time                          6.656    
                         arrival time                          -4.693    
  -------------------------------------------------------------------
                         slack                                  1.963    

Slack (MET) :             1.966ns  (required time - arrival time)
  Source:                 GEN_CLUSTER[0].u_engine/u_scheduler/mac_busy_reg[9]/C
                            (rising edge-triggered cell FDRE clocked by core_clk  {rise@0.000ns fall@3.333ns period=6.666ns})
  Destination:            GEN_CLUSTER[0].u_engine/u_scheduler/causal_lane_bubbles_reg[59]/D
                            (rising edge-triggered cell FDRE clocked by core_clk  {rise@0.000ns fall@3.333ns period=6.666ns})
  Path Group:             core_clk
  Path Type:              Setup (Max at Slow Process Corner)
  Requirement:            6.666ns  (core_clk rise@6.666ns - core_clk rise@0.000ns)
  Data Path Delay:        4.690ns  (logic 1.544ns (32.921%)  route 3.146ns (67.079%))
  Logic Levels:           21  (CARRY8=8 LUT3=2 LUT4=1 LUT5=1 LUT6=9)
  Clock Uncertainty:      0.035ns  ((TSJ^2 + TIJ^2)^1/2 + DJ) / 2 + PE
    Total System Jitter     (TSJ):    0.071ns
    Total Input Jitter      (TIJ):    0.000ns
    Discrete Jitter          (DJ):    0.000ns
    Phase Error              (PE):    0.000ns

    Location             Delay type                Incr(ns)  Path(ns)    Netlist Resource(s)
  -------------------------------------------------------------------    -------------------
                         (clock core_clk rise edge)
                                                      0.000     0.000 r  
                                                      0.000     0.000 r  clk (IN)
                         net (fo=64624, unset)        0.000     0.000    GEN_CLUSTER[0].u_engine/u_scheduler/clk
                         FDRE                                         r  GEN_CLUSTER[0].u_engine/u_scheduler/mac_busy_reg[9]/C
  -------------------------------------------------------------------    -------------------
                         FDRE (Prop_FDRE_C_Q)         0.077     0.077 r  GEN_CLUSTER[0].u_engine/u_scheduler/mac_busy_reg[9]/Q
                         net (fo=5, unplaced)         0.173     0.250    GEN_CLUSTER[0].u_engine/u_scheduler/mac_busy_reg_n_0_[9]
                         LUT6 (Prop_LUT6_I0_O)        0.150     0.400 r  GEN_CLUSTER[0].u_engine/u_scheduler/mac_context_tag[1]_INST_0_i_7/O
                         net (fo=1, unplaced)         0.151     0.551    GEN_CLUSTER[0].u_engine/u_scheduler/mac_context_tag[1]_INST_0_i_7_n_0
                         LUT6 (Prop_LUT6_I0_O)        0.150     0.701 r  GEN_CLUSTER[0].u_engine/u_scheduler/mac_context_tag[1]_INST_0_i_2/O
                         net (fo=9, unplaced)         0.263     0.964    GEN_CLUSTER[0].u_engine/u_scheduler/mac_context_tag[1]_INST_0_i_2_n_0
                         LUT6 (Prop_LUT6_I0_O)        0.038     1.002 r  GEN_CLUSTER[0].u_engine/u_scheduler/mac_row[2]_INST_0_i_4/O
                         net (fo=6, unplaced)         0.254     1.256    GEN_CLUSTER[0].u_engine/u_scheduler/mac_row[2]_INST_0_i_4_n_0
                         LUT6 (Prop_LUT6_I5_O)        0.038     1.294 r  GEN_CLUSTER[0].u_engine/u_scheduler/mac_row[2]_INST_0_i_1/O
                         net (fo=30, unplaced)        0.290     1.584    GEN_CLUSTER[0].u_engine/u_scheduler/mac_row[2]_INST_0_i_1_n_0
                         LUT3 (Prop_LUT3_I0_O)        0.038     1.622 r  GEN_CLUSTER[0].u_engine/u_scheduler/mac_context_tag[2]_INST_0/O
                         net (fo=36, unplaced)        0.294     1.916    GEN_CLUSTER[0].u_engine/u_scheduler/mac_context_tag[2]
                         LUT6 (Prop_LUT6_I4_O)        0.038     1.954 r  GEN_CLUSTER[0].u_engine/u_scheduler/mac_row[5]_INST_0_i_1/O
                         net (fo=19, unplaced)        0.280     2.234    GEN_CLUSTER[0].u_engine/u_scheduler/mac_row[5]_INST_0_i_1_n_0
                         LUT4 (Prop_LUT4_I2_O)        0.070     2.304 r  GEN_CLUSTER[0].u_engine/u_scheduler/mac_lane_valid[27]_INST_0_i_1/O
                         net (fo=10, unplaced)        0.219     2.523    GEN_CLUSTER[0].u_engine/u_scheduler/mac_lane_valid[27]_INST_0_i_1_n_0
                         LUT6 (Prop_LUT6_I3_O)        0.090     2.613 r  GEN_CLUSTER[0].u_engine/u_scheduler/mac_lane_valid[17]_INST_0/O
                         net (fo=7, unplaced)         0.176     2.789    GEN_CLUSTER[0].u_engine/u_scheduler/mac_lane_valid[17]
                         LUT6 (Prop_LUT6_I0_O)        0.150     2.939 r  GEN_CLUSTER[0].u_engine/u_scheduler/valid_macs[7]_i_53/O
                         net (fo=1, unplaced)         0.151     3.090    GEN_CLUSTER[0].u_engine/u_scheduler/valid_macs[7]_i_53_n_0
                         LUT6 (Prop_LUT6_I0_O)        0.150     3.240 f  GEN_CLUSTER[0].u_engine/u_scheduler/valid_macs[7]_i_35/O
                         net (fo=2, unplaced)         0.187     3.427    GEN_CLUSTER[0].u_engine/u_scheduler/valid_macs[7]_i_35_n_0
                         LUT5 (Prop_LUT5_I1_O)        0.139     3.566 f  GEN_CLUSTER[0].u_engine/u_scheduler/valid_macs[7]_i_17/O
                         net (fo=3, unplaced)         0.238     3.804    GEN_CLUSTER[0].u_engine/u_scheduler/valid_macs[7]_i_17_n_0
                         LUT6 (Prop_LUT6_I5_O)        0.038     3.842 r  GEN_CLUSTER[0].u_engine/u_scheduler/valid_macs[7]_i_9/O
                         net (fo=8, unplaced)         0.211     4.053    GEN_CLUSTER[0].u_engine/u_scheduler/valid_macs[7]_i_9_n_0
                         LUT3 (Prop_LUT3_I1_O)        0.099     4.152 r  GEN_CLUSTER[0].u_engine/u_scheduler/causal_lane_bubbles[7]_i_2/O
                         net (fo=1, unplaced)         0.198     4.350    GEN_CLUSTER[0].u_engine/u_scheduler/causal_lane_bubbles[7]_i_2_n_0
                         CARRY8 (Prop_CARRY8_DI[6]_CO[7])
                                                      0.065     4.415 r  GEN_CLUSTER[0].u_engine/u_scheduler/causal_lane_bubbles_reg[7]_i_1/CO[7]
                         net (fo=1, unplaced)         0.005     4.420    GEN_CLUSTER[0].u_engine/u_scheduler/causal_lane_bubbles_reg[7]_i_1_n_0
                         CARRY8 (Prop_CARRY8_CI_CO[7])
                                                      0.022     4.442 r  GEN_CLUSTER[0].u_engine/u_scheduler/causal_lane_bubbles_reg[15]_i_1/CO[7]
                         net (fo=1, unplaced)         0.005     4.447    GEN_CLUSTER[0].u_engine/u_scheduler/causal_lane_bubbles_reg[15]_i_1_n_0
                         CARRY8 (Prop_CARRY8_CI_CO[7])
                                                      0.022     4.469 r  GEN_CLUSTER[0].u_engine/u_scheduler/causal_lane_bubbles_reg[23]_i_1/CO[7]
                         net (fo=1, unplaced)         0.005     4.474    GEN_CLUSTER[0].u_engine/u_scheduler/causal_lane_bubbles_reg[23]_i_1_n_0
                         CARRY8 (Prop_CARRY8_CI_CO[7])
                                                      0.022     4.496 r  GEN_CLUSTER[0].u_engine/u_scheduler/causal_lane_bubbles_reg[31]_i_1/CO[7]
                         net (fo=1, unplaced)         0.005     4.501    GEN_CLUSTER[0].u_engine/u_scheduler/causal_lane_bubbles_reg[31]_i_1_n_0
                         CARRY8 (Prop_CARRY8_CI_CO[7])
                                                      0.022     4.523 r  GEN_CLUSTER[0].u_engine/u_scheduler/causal_lane_bubbles_reg[39]_i_1/CO[7]
                         net (fo=1, unplaced)         0.005     4.528    GEN_CLUSTER[0].u_engine/u_scheduler/causal_lane_bubbles_reg[39]_i_1_n_0
                         CARRY8 (Prop_CARRY8_CI_CO[7])
                                                      0.022     4.550 r  GEN_CLUSTER[0].u_engine/u_scheduler/causal_lane_bubbles_reg[47]_i_1/CO[7]
                         net (fo=1, unplaced)         0.005     4.555    GEN_CLUSTER[0].u_engine/u_scheduler/causal_lane_bubbles_reg[47]_i_1_n_0
                         CARRY8 (Prop_CARRY8_CI_CO[7])
                                                      0.022     4.577 r  GEN_CLUSTER[0].u_engine/u_scheduler/causal_lane_bubbles_reg[55]_i_1/CO[7]
                         net (fo=1, unplaced)         0.005     4.582    GEN_CLUSTER[0].u_engine/u_scheduler/causal_lane_bubbles_reg[55]_i_1_n_0
                         CARRY8 (Prop_CARRY8_CI_O[3])
                                                      0.082     4.664 r  GEN_CLUSTER[0].u_engine/u_scheduler/causal_lane_bubbles_reg[63]_i_1/O[3]
                         net (fo=1, unplaced)         0.026     4.690    GEN_CLUSTER[0].u_engine/u_scheduler/causal_lane_bubbles_reg[63]_i_1_n_12
                         FDRE                                         r  GEN_CLUSTER[0].u_engine/u_scheduler/causal_lane_bubbles_reg[59]/D
  -------------------------------------------------------------------    -------------------

                         (clock core_clk rise edge)
                                                      6.666     6.666 r  
                                                      0.000     6.666 r  clk (IN)
                         net (fo=64624, unset)        0.000     6.666    GEN_CLUSTER[0].u_engine/u_scheduler/clk
                         FDRE                                         r  GEN_CLUSTER[0].u_engine/u_scheduler/causal_lane_bubbles_reg[59]/C
                         clock pessimism              0.000     6.666    
                         clock uncertainty           -0.035     6.631    
                         FDRE (Setup_FDRE_C_D)        0.025     6.656    GEN_CLUSTER[0].u_engine/u_scheduler/causal_lane_bubbles_reg[59]
  -------------------------------------------------------------------
                         required time                          6.656    
                         arrival time                          -4.690    
  -------------------------------------------------------------------
                         slack                                  1.966    

Slack (MET) :             1.972ns  (required time - arrival time)
  Source:                 GEN_CLUSTER[0].u_engine/u_scheduler/mac_busy_reg[9]/C
                            (rising edge-triggered cell FDRE clocked by core_clk  {rise@0.000ns fall@3.333ns period=6.666ns})
  Destination:            GEN_CLUSTER[0].u_engine/u_scheduler/causal_lane_bubbles_reg[54]/D
                            (rising edge-triggered cell FDRE clocked by core_clk  {rise@0.000ns fall@3.333ns period=6.666ns})
  Path Group:             core_clk
  Path Type:              Setup (Max at Slow Process Corner)
  Requirement:            6.666ns  (core_clk rise@6.666ns - core_clk rise@0.000ns)
  Data Path Delay:        4.684ns  (logic 1.543ns (32.942%)  route 3.141ns (67.058%))
  Logic Levels:           20  (CARRY8=7 LUT3=2 LUT4=1 LUT5=1 LUT6=9)
  Clock Uncertainty:      0.035ns  ((TSJ^2 + TIJ^2)^1/2 + DJ) / 2 + PE
    Total System Jitter     (TSJ):    0.071ns
    Total Input Jitter      (TIJ):    0.000ns
    Discrete Jitter          (DJ):    0.000ns
    Phase Error              (PE):    0.000ns

    Location             Delay type                Incr(ns)  Path(ns)    Netlist Resource(s)
  -------------------------------------------------------------------    -------------------
                         (clock core_clk rise edge)
                                                      0.000     0.000 r  
                                                      0.000     0.000 r  clk (IN)
                         net (fo=64624, unset)        0.000     0.000    GEN_CLUSTER[0].u_engine/u_scheduler/clk
                         FDRE                                         r  GEN_CLUSTER[0].u_engine/u_scheduler/mac_busy_reg[9]/C
  -------------------------------------------------------------------    -------------------
                         FDRE (Prop_FDRE_C_Q)         0.077     0.077 r  GEN_CLUSTER[0].u_engine/u_scheduler/mac_busy_reg[9]/Q
                         net (fo=5, unplaced)         0.173     0.250    GEN_CLUSTER[0].u_engine/u_scheduler/mac_busy_reg_n_0_[9]
                         LUT6 (Prop_LUT6_I0_O)        0.150     0.400 r  GEN_CLUSTER[0].u_engine/u_scheduler/mac_context_tag[1]_INST_0_i_7/O
                         net (fo=1, unplaced)         0.151     0.551    GEN_CLUSTER[0].u_engine/u_scheduler/mac_context_tag[1]_INST_0_i_7_n_0
                         LUT6 (Prop_LUT6_I0_O)        0.150     0.701 r  GEN_CLUSTER[0].u_engine/u_scheduler/mac_context_tag[1]_INST_0_i_2/O
                         net (fo=9, unplaced)         0.263     0.964    GEN_CLUSTER[0].u_engine/u_scheduler/mac_context_tag[1]_INST_0_i_2_n_0
                         LUT6 (Prop_LUT6_I0_O)        0.038     1.002 r  GEN_CLUSTER[0].u_engine/u_scheduler/mac_row[2]_INST_0_i_4/O
                         net (fo=6, unplaced)         0.254     1.256    GEN_CLUSTER[0].u_engine/u_scheduler/mac_row[2]_INST_0_i_4_n_0
                         LUT6 (Prop_LUT6_I5_O)        0.038     1.294 r  GEN_CLUSTER[0].u_engine/u_scheduler/mac_row[2]_INST_0_i_1/O
                         net (fo=30, unplaced)        0.290     1.584    GEN_CLUSTER[0].u_engine/u_scheduler/mac_row[2]_INST_0_i_1_n_0
                         LUT3 (Prop_LUT3_I0_O)        0.038     1.622 r  GEN_CLUSTER[0].u_engine/u_scheduler/mac_context_tag[2]_INST_0/O
                         net (fo=36, unplaced)        0.294     1.916    GEN_CLUSTER[0].u_engine/u_scheduler/mac_context_tag[2]
                         LUT6 (Prop_LUT6_I4_O)        0.038     1.954 r  GEN_CLUSTER[0].u_engine/u_scheduler/mac_row[5]_INST_0_i_1/O
                         net (fo=19, unplaced)        0.280     2.234    GEN_CLUSTER[0].u_engine/u_scheduler/mac_row[5]_INST_0_i_1_n_0
                         LUT4 (Prop_LUT4_I2_O)        0.070     2.304 r  GEN_CLUSTER[0].u_engine/u_scheduler/mac_lane_valid[27]_INST_0_i_1/O
                         net (fo=10, unplaced)        0.219     2.523    GEN_CLUSTER[0].u_engine/u_scheduler/mac_lane_valid[27]_INST_0_i_1_n_0
                         LUT6 (Prop_LUT6_I3_O)        0.090     2.613 r  GEN_CLUSTER[0].u_engine/u_scheduler/mac_lane_valid[17]_INST_0/O
                         net (fo=7, unplaced)         0.176     2.789    GEN_CLUSTER[0].u_engine/u_scheduler/mac_lane_valid[17]
                         LUT6 (Prop_LUT6_I0_O)        0.150     2.939 r  GEN_CLUSTER[0].u_engine/u_scheduler/valid_macs[7]_i_53/O
                         net (fo=1, unplaced)         0.151     3.090    GEN_CLUSTER[0].u_engine/u_scheduler/valid_macs[7]_i_53_n_0
                         LUT6 (Prop_LUT6_I0_O)        0.150     3.240 f  GEN_CLUSTER[0].u_engine/u_scheduler/valid_macs[7]_i_35/O
                         net (fo=2, unplaced)         0.187     3.427    GEN_CLUSTER[0].u_engine/u_scheduler/valid_macs[7]_i_35_n_0
                         LUT5 (Prop_LUT5_I1_O)        0.139     3.566 f  GEN_CLUSTER[0].u_engine/u_scheduler/valid_macs[7]_i_17/O
                         net (fo=3, unplaced)         0.238     3.804    GEN_CLUSTER[0].u_engine/u_scheduler/valid_macs[7]_i_17_n_0
                         LUT6 (Prop_LUT6_I5_O)        0.038     3.842 r  GEN_CLUSTER[0].u_engine/u_scheduler/valid_macs[7]_i_9/O
                         net (fo=8, unplaced)         0.211     4.053    GEN_CLUSTER[0].u_engine/u_scheduler/valid_macs[7]_i_9_n_0
                         LUT3 (Prop_LUT3_I1_O)        0.099     4.152 r  GEN_CLUSTER[0].u_engine/u_scheduler/causal_lane_bubbles[7]_i_2/O
                         net (fo=1, unplaced)         0.198     4.350    GEN_CLUSTER[0].u_engine/u_scheduler/causal_lane_bubbles[7]_i_2_n_0
                         CARRY8 (Prop_CARRY8_DI[6]_CO[7])
                                                      0.065     4.415 r  GEN_CLUSTER[0].u_engine/u_scheduler/causal_lane_bubbles_reg[7]_i_1/CO[7]
                         net (fo=1, unplaced)         0.005     4.420    GEN_CLUSTER[0].u_engine/u_scheduler/causal_lane_bubbles_reg[7]_i_1_n_0
                         CARRY8 (Prop_CARRY8_CI_CO[7])
                                                      0.022     4.442 r  GEN_CLUSTER[0].u_engine/u_scheduler/causal_lane_bubbles_reg[15]_i_1/CO[7]
                         net (fo=1, unplaced)         0.005     4.447    GEN_CLUSTER[0].u_engine/u_scheduler/causal_lane_bubbles_reg[15]_i_1_n_0
                         CARRY8 (Prop_CARRY8_CI_CO[7])
                                                      0.022     4.469 r  GEN_CLUSTER[0].u_engine/u_scheduler/causal_lane_bubbles_reg[23]_i_1/CO[7]
                         net (fo=1, unplaced)         0.005     4.474    GEN_CLUSTER[0].u_engine/u_scheduler/causal_lane_bubbles_reg[23]_i_1_n_0
                         CARRY8 (Prop_CARRY8_CI_CO[7])
                                                      0.022     4.496 r  GEN_CLUSTER[0].u_engine/u_scheduler/causal_lane_bubbles_reg[31]_i_1/CO[7]
                         net (fo=1, unplaced)         0.005     4.501    GEN_CLUSTER[0].u_engine/u_scheduler/causal_lane_bubbles_reg[31]_i_1_n_0
                         CARRY8 (Prop_CARRY8_CI_CO[7])
                                                      0.022     4.523 r  GEN_CLUSTER[0].u_engine/u_scheduler/causal_lane_bubbles_reg[39]_i_1/CO[7]
                         net (fo=1, unplaced)         0.005     4.528    GEN_CLUSTER[0].u_engine/u_scheduler/causal_lane_bubbles_reg[39]_i_1_n_0
                         CARRY8 (Prop_CARRY8_CI_CO[7])
                                                      0.022     4.550 r  GEN_CLUSTER[0].u_engine/u_scheduler/causal_lane_bubbles_reg[47]_i_1/CO[7]
                         net (fo=1, unplaced)         0.005     4.555    GEN_CLUSTER[0].u_engine/u_scheduler/causal_lane_bubbles_reg[47]_i_1_n_0
                         CARRY8 (Prop_CARRY8_CI_O[6])
                                                      0.103     4.658 r  GEN_CLUSTER[0].u_engine/u_scheduler/causal_lane_bubbles_reg[55]_i_1/O[6]
                         net (fo=1, unplaced)         0.026     4.684    GEN_CLUSTER[0].u_engine/u_scheduler/causal_lane_bubbles_reg[55]_i_1_n_9
                         FDRE                                         r  GEN_CLUSTER[0].u_engine/u_scheduler/causal_lane_bubbles_reg[54]/D
  -------------------------------------------------------------------    -------------------

                         (clock core_clk rise edge)
                                                      6.666     6.666 r  
                                                      0.000     6.666 r  clk (IN)
                         net (fo=64624, unset)        0.000     6.666    GEN_CLUSTER[0].u_engine/u_scheduler/clk
                         FDRE                                         r  GEN_CLUSTER[0].u_engine/u_scheduler/causal_lane_bubbles_reg[54]/C
                         clock pessimism              0.000     6.666    
                         clock uncertainty           -0.035     6.631    
                         FDRE (Setup_FDRE_C_D)        0.025     6.656    GEN_CLUSTER[0].u_engine/u_scheduler/causal_lane_bubbles_reg[54]
  -------------------------------------------------------------------
                         required time                          6.656    
                         arrival time                          -4.684    
  -------------------------------------------------------------------
                         slack                                  1.972    

Slack (MET) :             1.973ns  (required time - arrival time)
  Source:                 GEN_CLUSTER[0].u_engine/u_scheduler/mac_busy_reg[9]/C
                            (rising edge-triggered cell FDRE clocked by core_clk  {rise@0.000ns fall@3.333ns period=6.666ns})
  Destination:            GEN_CLUSTER[0].u_engine/u_scheduler/causal_lane_bubbles_reg[57]/D
                            (rising edge-triggered cell FDRE clocked by core_clk  {rise@0.000ns fall@3.333ns period=6.666ns})
  Path Group:             core_clk
  Path Type:              Setup (Max at Slow Process Corner)
  Requirement:            6.666ns  (core_clk rise@6.666ns - core_clk rise@0.000ns)
  Data Path Delay:        4.683ns  (logic 1.538ns (32.842%)  route 3.145ns (67.158%))
  Logic Levels:           21  (CARRY8=8 LUT3=2 LUT4=1 LUT5=1 LUT6=9)
  Clock Uncertainty:      0.035ns  ((TSJ^2 + TIJ^2)^1/2 + DJ) / 2 + PE
    Total System Jitter     (TSJ):    0.071ns
    Total Input Jitter      (TIJ):    0.000ns
    Discrete Jitter          (DJ):    0.000ns
    Phase Error              (PE):    0.000ns

    Location             Delay type                Incr(ns)  Path(ns)    Netlist Resource(s)
  -------------------------------------------------------------------    -------------------
                         (clock core_clk rise edge)
                                                      0.000     0.000 r  
                                                      0.000     0.000 r  clk (IN)
                         net (fo=64624, unset)        0.000     0.000    GEN_CLUSTER[0].u_engine/u_scheduler/clk
                         FDRE                                         r  GEN_CLUSTER[0].u_engine/u_scheduler/mac_busy_reg[9]/C
  -------------------------------------------------------------------    -------------------
                         FDRE (Prop_FDRE_C_Q)         0.077     0.077 r  GEN_CLUSTER[0].u_engine/u_scheduler/mac_busy_reg[9]/Q
                         net (fo=5, unplaced)         0.173     0.250    GEN_CLUSTER[0].u_engine/u_scheduler/mac_busy_reg_n_0_[9]
                         LUT6 (Prop_LUT6_I0_O)        0.150     0.400 r  GEN_CLUSTER[0].u_engine/u_scheduler/mac_context_tag[1]_INST_0_i_7/O
                         net (fo=1, unplaced)         0.151     0.551    GEN_CLUSTER[0].u_engine/u_scheduler/mac_context_tag[1]_INST_0_i_7_n_0
                         LUT6 (Prop_LUT6_I0_O)        0.150     0.701 r  GEN_CLUSTER[0].u_engine/u_scheduler/mac_context_tag[1]_INST_0_i_2/O
                         net (fo=9, unplaced)         0.263     0.964    GEN_CLUSTER[0].u_engine/u_scheduler/mac_context_tag[1]_INST_0_i_2_n_0
                         LUT6 (Prop_LUT6_I0_O)        0.038     1.002 r  GEN_CLUSTER[0].u_engine/u_scheduler/mac_row[2]_INST_0_i_4/O
                         net (fo=6, unplaced)         0.254     1.256    GEN_CLUSTER[0].u_engine/u_scheduler/mac_row[2]_INST_0_i_4_n_0
                         LUT6 (Prop_LUT6_I5_O)        0.038     1.294 r  GEN_CLUSTER[0].u_engine/u_scheduler/mac_row[2]_INST_0_i_1/O
                         net (fo=30, unplaced)        0.290     1.584    GEN_CLUSTER[0].u_engine/u_scheduler/mac_row[2]_INST_0_i_1_n_0
                         LUT3 (Prop_LUT3_I0_O)        0.038     1.622 r  GEN_CLUSTER[0].u_engine/u_scheduler/mac_context_tag[2]_INST_0/O
                         net (fo=36, unplaced)        0.294     1.916    GEN_CLUSTER[0].u_engine/u_scheduler/mac_context_tag[2]
                         LUT6 (Prop_LUT6_I4_O)        0.038     1.954 r  GEN_CLUSTER[0].u_engine/u_scheduler/mac_row[5]_INST_0_i_1/O
                         net (fo=19, unplaced)        0.280     2.234    GEN_CLUSTER[0].u_engine/u_scheduler/mac_row[5]_INST_0_i_1_n_0
                         LUT4 (Prop_LUT4_I2_O)        0.070     2.304 r  GEN_CLUSTER[0].u_engine/u_scheduler/mac_lane_valid[27]_INST_0_i_1/O
                         net (fo=10, unplaced)        0.219     2.523    GEN_CLUSTER[0].u_engine/u_scheduler/mac_lane_valid[27]_INST_0_i_1_n_0
                         LUT6 (Prop_LUT6_I3_O)        0.090     2.613 r  GEN_CLUSTER[0].u_engine/u_scheduler/mac_lane_valid[17]_INST_0/O
                         net (fo=7, unplaced)         0.176     2.789    GEN_CLUSTER[0].u_engine/u_scheduler/mac_lane_valid[17]
                         LUT6 (Prop_LUT6_I0_O)        0.150     2.939 r  GEN_CLUSTER[0].u_engine/u_scheduler/valid_macs[7]_i_53/O
                         net (fo=1, unplaced)         0.151     3.090    GEN_CLUSTER[0].u_engine/u_scheduler/valid_macs[7]_i_53_n_0
                         LUT6 (Prop_LUT6_I0_O)        0.150     3.240 f  GEN_CLUSTER[0].u_engine/u_scheduler/valid_macs[7]_i_35/O
                         net (fo=2, unplaced)         0.187     3.427    GEN_CLUSTER[0].u_engine/u_scheduler/valid_macs[7]_i_35_n_0
                         LUT5 (Prop_LUT5_I1_O)        0.139     3.566 f  GEN_CLUSTER[0].u_engine/u_scheduler/valid_macs[7]_i_17/O
                         net (fo=3, unplaced)         0.238     3.804    GEN_CLUSTER[0].u_engine/u_scheduler/valid_macs[7]_i_17_n_0
                         LUT6 (Prop_LUT6_I5_O)        0.038     3.842 r  GEN_CLUSTER[0].u_engine/u_scheduler/valid_macs[7]_i_9/O
                         net (fo=8, unplaced)         0.211     4.053    GEN_CLUSTER[0].u_engine/u_scheduler/valid_macs[7]_i_9_n_0
                         LUT3 (Prop_LUT3_I1_O)        0.099     4.152 r  GEN_CLUSTER[0].u_engine/u_scheduler/causal_lane_bubbles[7]_i_2/O
                         net (fo=1, unplaced)         0.198     4.350    GEN_CLUSTER[0].u_engine/u_scheduler/causal_lane_bubbles[7]_i_2_n_0
                         CARRY8 (Prop_CARRY8_DI[6]_CO[7])
                                                      0.065     4.415 r  GEN_CLUSTER[0].u_engine/u_scheduler/causal_lane_bubbles_reg[7]_i_1/CO[7]
                         net (fo=1, unplaced)         0.005     4.420    GEN_CLUSTER[0].u_engine/u_scheduler/causal_lane_bubbles_reg[7]_i_1_n_0
                         CARRY8 (Prop_CARRY8_CI_CO[7])
                                                      0.022     4.442 r  GEN_CLUSTER[0].u_engine/u_scheduler/causal_lane_bubbles_reg[15]_i_1/CO[7]
                         net (fo=1, unplaced)         0.005     4.447    GEN_CLUSTER[0].u_engine/u_scheduler/causal_lane_bubbles_reg[15]_i_1_n_0
                         CARRY8 (Prop_CARRY8_CI_CO[7])
                                                      0.022     4.469 r  GEN_CLUSTER[0].u_engine/u_scheduler/causal_lane_bubbles_reg[23]_i_1/CO[7]
                         net (fo=1, unplaced)         0.005     4.474    GEN_CLUSTER[0].u_engine/u_scheduler/causal_lane_bubbles_reg[23]_i_1_n_0
                         CARRY8 (Prop_CARRY8_CI_CO[7])
                                                      0.022     4.496 r  GEN_CLUSTER[0].u_engine/u_scheduler/causal_lane_bubbles_reg[31]_i_1/CO[7]
                         net (fo=1, unplaced)         0.005     4.501    GEN_CLUSTER[0].u_engine/u_scheduler/causal_lane_bubbles_reg[31]_i_1_n_0
                         CARRY8 (Prop_CARRY8_CI_CO[7])
                                                      0.022     4.523 r  GEN_CLUSTER[0].u_engine/u_scheduler/causal_lane_bubbles_reg[39]_i_1/CO[7]
                         net (fo=1, unplaced)         0.005     4.528    GEN_CLUSTER[0].u_engine/u_scheduler/causal_lane_bubbles_reg[39]_i_1_n_0
                         CARRY8 (Prop_CARRY8_CI_CO[7])
                                                      0.022     4.550 r  GEN_CLUSTER[0].u_engine/u_scheduler/causal_lane_bubbles_reg[47]_i_1/CO[7]
                         net (fo=1, unplaced)         0.005     4.555    GEN_CLUSTER[0].u_engine/u_scheduler/causal_lane_bubbles_reg[47]_i_1_n_0
                         CARRY8 (Prop_CARRY8_CI_CO[7])
                                                      0.022     4.577 r  GEN_CLUSTER[0].u_engine/u_scheduler/causal_lane_bubbles_reg[55]_i_1/CO[7]
                         net (fo=1, unplaced)         0.005     4.582    GEN_CLUSTER[0].u_engine/u_scheduler/causal_lane_bubbles_reg[55]_i_1_n_0
                         CARRY8 (Prop_CARRY8_CI_O[1])
                                                      0.076     4.658 r  GEN_CLUSTER[0].u_engine/u_scheduler/causal_lane_bubbles_reg[63]_i_1/O[1]
                         net (fo=1, unplaced)         0.025     4.683    GEN_CLUSTER[0].u_engine/u_scheduler/causal_lane_bubbles_reg[63]_i_1_n_14
                         FDRE                                         r  GEN_CLUSTER[0].u_engine/u_scheduler/causal_lane_bubbles_reg[57]/D
  -------------------------------------------------------------------    -------------------

                         (clock core_clk rise edge)
                                                      6.666     6.666 r  
                                                      0.000     6.666 r  clk (IN)
                         net (fo=64624, unset)        0.000     6.666    GEN_CLUSTER[0].u_engine/u_scheduler/clk
                         FDRE                                         r  GEN_CLUSTER[0].u_engine/u_scheduler/causal_lane_bubbles_reg[57]/C
                         clock pessimism              0.000     6.666    
                         clock uncertainty           -0.035     6.631    
                         FDRE (Setup_FDRE_C_D)        0.025     6.656    GEN_CLUSTER[0].u_engine/u_scheduler/causal_lane_bubbles_reg[57]
  -------------------------------------------------------------------
                         required time                          6.656    
                         arrival time                          -4.683    
  -------------------------------------------------------------------
                         slack                                  1.973    

Slack (MET) :             1.981ns  (required time - arrival time)
  Source:                 GEN_CLUSTER[0].u_engine/u_scheduler/mac_busy_reg[9]/C
                            (rising edge-triggered cell FDRE clocked by core_clk  {rise@0.000ns fall@3.333ns period=6.666ns})
  Destination:            GEN_CLUSTER[0].u_engine/u_scheduler/causal_lane_bubbles_reg[58]/D
                            (rising edge-triggered cell FDRE clocked by core_clk  {rise@0.000ns fall@3.333ns period=6.666ns})
  Path Group:             core_clk
  Path Type:              Setup (Max at Slow Process Corner)
  Requirement:            6.666ns  (core_clk rise@6.666ns - core_clk rise@0.000ns)
  Data Path Delay:        4.675ns  (logic 1.529ns (32.706%)  route 3.146ns (67.294%))
  Logic Levels:           21  (CARRY8=8 LUT3=2 LUT4=1 LUT5=1 LUT6=9)
  Clock Uncertainty:      0.035ns  ((TSJ^2 + TIJ^2)^1/2 + DJ) / 2 + PE
    Total System Jitter     (TSJ):    0.071ns
    Total Input Jitter      (TIJ):    0.000ns
    Discrete Jitter          (DJ):    0.000ns
    Phase Error              (PE):    0.000ns

    Location             Delay type                Incr(ns)  Path(ns)    Netlist Resource(s)
  -------------------------------------------------------------------    -------------------
                         (clock core_clk rise edge)
                                                      0.000     0.000 r  
                                                      0.000     0.000 r  clk (IN)
                         net (fo=64624, unset)        0.000     0.000    GEN_CLUSTER[0].u_engine/u_scheduler/clk
                         FDRE                                         r  GEN_CLUSTER[0].u_engine/u_scheduler/mac_busy_reg[9]/C
  -------------------------------------------------------------------    -------------------
                         FDRE (Prop_FDRE_C_Q)         0.077     0.077 r  GEN_CLUSTER[0].u_engine/u_scheduler/mac_busy_reg[9]/Q
                         net (fo=5, unplaced)         0.173     0.250    GEN_CLUSTER[0].u_engine/u_scheduler/mac_busy_reg_n_0_[9]
                         LUT6 (Prop_LUT6_I0_O)        0.150     0.400 r  GEN_CLUSTER[0].u_engine/u_scheduler/mac_context_tag[1]_INST_0_i_7/O
                         net (fo=1, unplaced)         0.151     0.551    GEN_CLUSTER[0].u_engine/u_scheduler/mac_context_tag[1]_INST_0_i_7_n_0
                         LUT6 (Prop_LUT6_I0_O)        0.150     0.701 r  GEN_CLUSTER[0].u_engine/u_scheduler/mac_context_tag[1]_INST_0_i_2/O
                         net (fo=9, unplaced)         0.263     0.964    GEN_CLUSTER[0].u_engine/u_scheduler/mac_context_tag[1]_INST_0_i_2_n_0
                         LUT6 (Prop_LUT6_I0_O)        0.038     1.002 r  GEN_CLUSTER[0].u_engine/u_scheduler/mac_row[2]_INST_0_i_4/O
                         net (fo=6, unplaced)         0.254     1.256    GEN_CLUSTER[0].u_engine/u_scheduler/mac_row[2]_INST_0_i_4_n_0
                         LUT6 (Prop_LUT6_I5_O)        0.038     1.294 r  GEN_CLUSTER[0].u_engine/u_scheduler/mac_row[2]_INST_0_i_1/O
                         net (fo=30, unplaced)        0.290     1.584    GEN_CLUSTER[0].u_engine/u_scheduler/mac_row[2]_INST_0_i_1_n_0
                         LUT3 (Prop_LUT3_I0_O)        0.038     1.622 r  GEN_CLUSTER[0].u_engine/u_scheduler/mac_context_tag[2]_INST_0/O
                         net (fo=36, unplaced)        0.294     1.916    GEN_CLUSTER[0].u_engine/u_scheduler/mac_context_tag[2]
                         LUT6 (Prop_LUT6_I4_O)        0.038     1.954 r  GEN_CLUSTER[0].u_engine/u_scheduler/mac_row[5]_INST_0_i_1/O
                         net (fo=19, unplaced)        0.280     2.234    GEN_CLUSTER[0].u_engine/u_scheduler/mac_row[5]_INST_0_i_1_n_0
                         LUT4 (Prop_LUT4_I2_O)        0.070     2.304 r  GEN_CLUSTER[0].u_engine/u_scheduler/mac_lane_valid[27]_INST_0_i_1/O
                         net (fo=10, unplaced)        0.219     2.523    GEN_CLUSTER[0].u_engine/u_scheduler/mac_lane_valid[27]_INST_0_i_1_n_0
                         LUT6 (Prop_LUT6_I3_O)        0.090     2.613 r  GEN_CLUSTER[0].u_engine/u_scheduler/mac_lane_valid[17]_INST_0/O
                         net (fo=7, unplaced)         0.176     2.789    GEN_CLUSTER[0].u_engine/u_scheduler/mac_lane_valid[17]
                         LUT6 (Prop_LUT6_I0_O)        0.150     2.939 r  GEN_CLUSTER[0].u_engine/u_scheduler/valid_macs[7]_i_53/O
                         net (fo=1, unplaced)         0.151     3.090    GEN_CLUSTER[0].u_engine/u_scheduler/valid_macs[7]_i_53_n_0
                         LUT6 (Prop_LUT6_I0_O)        0.150     3.240 f  GEN_CLUSTER[0].u_engine/u_scheduler/valid_macs[7]_i_35/O
                         net (fo=2, unplaced)         0.187     3.427    GEN_CLUSTER[0].u_engine/u_scheduler/valid_macs[7]_i_35_n_0
                         LUT5 (Prop_LUT5_I1_O)        0.139     3.566 f  GEN_CLUSTER[0].u_engine/u_scheduler/valid_macs[7]_i_17/O
                         net (fo=3, unplaced)         0.238     3.804    GEN_CLUSTER[0].u_engine/u_scheduler/valid_macs[7]_i_17_n_0
                         LUT6 (Prop_LUT6_I5_O)        0.038     3.842 r  GEN_CLUSTER[0].u_engine/u_scheduler/valid_macs[7]_i_9/O
                         net (fo=8, unplaced)         0.211     4.053    GEN_CLUSTER[0].u_engine/u_scheduler/valid_macs[7]_i_9_n_0
                         LUT3 (Prop_LUT3_I1_O)        0.099     4.152 r  GEN_CLUSTER[0].u_engine/u_scheduler/causal_lane_bubbles[7]_i_2/O
                         net (fo=1, unplaced)         0.198     4.350    GEN_CLUSTER[0].u_engine/u_scheduler/causal_lane_bubbles[7]_i_2_n_0
                         CARRY8 (Prop_CARRY8_DI[6]_CO[7])
                                                      0.065     4.415 r  GEN_CLUSTER[0].u_engine/u_scheduler/causal_lane_bubbles_reg[7]_i_1/CO[7]
                         net (fo=1, unplaced)         0.005     4.420    GEN_CLUSTER[0].u_engine/u_scheduler/causal_lane_bubbles_reg[7]_i_1_n_0
                         CARRY8 (Prop_CARRY8_CI_CO[7])
                                                      0.022     4.442 r  GEN_CLUSTER[0].u_engine/u_scheduler/causal_lane_bubbles_reg[15]_i_1/CO[7]
                         net (fo=1, unplaced)         0.005     4.447    GEN_CLUSTER[0].u_engine/u_scheduler/causal_lane_bubbles_reg[15]_i_1_n_0
                         CARRY8 (Prop_CARRY8_CI_CO[7])
                                                      0.022     4.469 r  GEN_CLUSTER[0].u_engine/u_scheduler/causal_lane_bubbles_reg[23]_i_1/CO[7]
                         net (fo=1, unplaced)         0.005     4.474    GEN_CLUSTER[0].u_engine/u_scheduler/causal_lane_bubbles_reg[23]_i_1_n_0
                         CARRY8 (Prop_CARRY8_CI_CO[7])
                                                      0.022     4.496 r  GEN_CLUSTER[0].u_engine/u_scheduler/causal_lane_bubbles_reg[31]_i_1/CO[7]
                         net (fo=1, unplaced)         0.005     4.501    GEN_CLUSTER[0].u_engine/u_scheduler/causal_lane_bubbles_reg[31]_i_1_n_0
                         CARRY8 (Prop_CARRY8_CI_CO[7])
                                                      0.022     4.523 r  GEN_CLUSTER[0].u_engine/u_scheduler/causal_lane_bubbles_reg[39]_i_1/CO[7]
                         net (fo=1, unplaced)         0.005     4.528    GEN_CLUSTER[0].u_engine/u_scheduler/causal_lane_bubbles_reg[39]_i_1_n_0
                         CARRY8 (Prop_CARRY8_CI_CO[7])
                                                      0.022     4.550 r  GEN_CLUSTER[0].u_engine/u_scheduler/causal_lane_bubbles_reg[47]_i_1/CO[7]
                         net (fo=1, unplaced)         0.005     4.555    GEN_CLUSTER[0].u_engine/u_scheduler/causal_lane_bubbles_reg[47]_i_1_n_0
                         CARRY8 (Prop_CARRY8_CI_CO[7])
                                                      0.022     4.577 r  GEN_CLUSTER[0].u_engine/u_scheduler/causal_lane_bubbles_reg[55]_i_1/CO[7]
                         net (fo=1, unplaced)         0.005     4.582    GEN_CLUSTER[0].u_engine/u_scheduler/causal_lane_bubbles_reg[55]_i_1_n_0
                         CARRY8 (Prop_CARRY8_CI_O[2])
                                                      0.067     4.649 r  GEN_CLUSTER[0].u_engine/u_scheduler/causal_lane_bubbles_reg[63]_i_1/O[2]
                         net (fo=1, unplaced)         0.026     4.675    GEN_CLUSTER[0].u_engine/u_scheduler/causal_lane_bubbles_reg[63]_i_1_n_13
                         FDRE                                         r  GEN_CLUSTER[0].u_engine/u_scheduler/causal_lane_bubbles_reg[58]/D
  -------------------------------------------------------------------    -------------------

                         (clock core_clk rise edge)
                                                      6.666     6.666 r  
                                                      0.000     6.666 r  clk (IN)
                         net (fo=64624, unset)        0.000     6.666    GEN_CLUSTER[0].u_engine/u_scheduler/clk
                         FDRE                                         r  GEN_CLUSTER[0].u_engine/u_scheduler/causal_lane_bubbles_reg[58]/C
                         clock pessimism              0.000     6.666    
                         clock uncertainty           -0.035     6.631    
                         FDRE (Setup_FDRE_C_D)        0.025     6.656    GEN_CLUSTER[0].u_engine/u_scheduler/causal_lane_bubbles_reg[58]
  -------------------------------------------------------------------
                         required time                          6.656    
                         arrival time                          -4.675    
  -------------------------------------------------------------------
                         slack                                  1.981    

Slack (MET) :             1.986ns  (required time - arrival time)
  Source:                 GEN_CLUSTER[0].u_engine/u_scheduler/mac_busy_reg[9]/C
                            (rising edge-triggered cell FDRE clocked by core_clk  {rise@0.000ns fall@3.333ns period=6.666ns})
  Destination:            GEN_CLUSTER[0].u_engine/u_scheduler/causal_lane_bubbles_reg[47]/D
                            (rising edge-triggered cell FDRE clocked by core_clk  {rise@0.000ns fall@3.333ns period=6.666ns})
  Path Group:             core_clk
  Path Type:              Setup (Max at Slow Process Corner)
  Requirement:            6.666ns  (core_clk rise@6.666ns - core_clk rise@0.000ns)
  Data Path Delay:        4.670ns  (logic 1.534ns (32.848%)  route 3.136ns (67.152%))
  Logic Levels:           19  (CARRY8=6 LUT3=2 LUT4=1 LUT5=1 LUT6=9)
  Clock Uncertainty:      0.035ns  ((TSJ^2 + TIJ^2)^1/2 + DJ) / 2 + PE
    Total System Jitter     (TSJ):    0.071ns
    Total Input Jitter      (TIJ):    0.000ns
    Discrete Jitter          (DJ):    0.000ns
    Phase Error              (PE):    0.000ns

    Location             Delay type                Incr(ns)  Path(ns)    Netlist Resource(s)
  -------------------------------------------------------------------    -------------------
                         (clock core_clk rise edge)
                                                      0.000     0.000 r  
                                                      0.000     0.000 r  clk (IN)
                         net (fo=64624, unset)        0.000     0.000    GEN_CLUSTER[0].u_engine/u_scheduler/clk
                         FDRE                                         r  GEN_CLUSTER[0].u_engine/u_scheduler/mac_busy_reg[9]/C
  -------------------------------------------------------------------    -------------------
                         FDRE (Prop_FDRE_C_Q)         0.077     0.077 r  GEN_CLUSTER[0].u_engine/u_scheduler/mac_busy_reg[9]/Q
                         net (fo=5, unplaced)         0.173     0.250    GEN_CLUSTER[0].u_engine/u_scheduler/mac_busy_reg_n_0_[9]
                         LUT6 (Prop_LUT6_I0_O)        0.150     0.400 r  GEN_CLUSTER[0].u_engine/u_scheduler/mac_context_tag[1]_INST_0_i_7/O
                         net (fo=1, unplaced)         0.151     0.551    GEN_CLUSTER[0].u_engine/u_scheduler/mac_context_tag[1]_INST_0_i_7_n_0
                         LUT6 (Prop_LUT6_I0_O)        0.150     0.701 r  GEN_CLUSTER[0].u_engine/u_scheduler/mac_context_tag[1]_INST_0_i_2/O
                         net (fo=9, unplaced)         0.263     0.964    GEN_CLUSTER[0].u_engine/u_scheduler/mac_context_tag[1]_INST_0_i_2_n_0
                         LUT6 (Prop_LUT6_I0_O)        0.038     1.002 r  GEN_CLUSTER[0].u_engine/u_scheduler/mac_row[2]_INST_0_i_4/O
                         net (fo=6, unplaced)         0.254     1.256    GEN_CLUSTER[0].u_engine/u_scheduler/mac_row[2]_INST_0_i_4_n_0
                         LUT6 (Prop_LUT6_I5_O)        0.038     1.294 r  GEN_CLUSTER[0].u_engine/u_scheduler/mac_row[2]_INST_0_i_1/O
                         net (fo=30, unplaced)        0.290     1.584    GEN_CLUSTER[0].u_engine/u_scheduler/mac_row[2]_INST_0_i_1_n_0
                         LUT3 (Prop_LUT3_I0_O)        0.038     1.622 r  GEN_CLUSTER[0].u_engine/u_scheduler/mac_context_tag[2]_INST_0/O
                         net (fo=36, unplaced)        0.294     1.916    GEN_CLUSTER[0].u_engine/u_scheduler/mac_context_tag[2]
                         LUT6 (Prop_LUT6_I4_O)        0.038     1.954 r  GEN_CLUSTER[0].u_engine/u_scheduler/mac_row[5]_INST_0_i_1/O
                         net (fo=19, unplaced)        0.280     2.234    GEN_CLUSTER[0].u_engine/u_scheduler/mac_row[5]_INST_0_i_1_n_0
                         LUT4 (Prop_LUT4_I2_O)        0.070     2.304 r  GEN_CLUSTER[0].u_engine/u_scheduler/mac_lane_valid[27]_INST_0_i_1/O
                         net (fo=10, unplaced)        0.219     2.523    GEN_CLUSTER[0].u_engine/u_scheduler/mac_lane_valid[27]_INST_0_i_1_n_0
                         LUT6 (Prop_LUT6_I3_O)        0.090     2.613 r  GEN_CLUSTER[0].u_engine/u_scheduler/mac_lane_valid[17]_INST_0/O
                         net (fo=7, unplaced)         0.176     2.789    GEN_CLUSTER[0].u_engine/u_scheduler/mac_lane_valid[17]
                         LUT6 (Prop_LUT6_I0_O)        0.150     2.939 r  GEN_CLUSTER[0].u_engine/u_scheduler/valid_macs[7]_i_53/O
                         net (fo=1, unplaced)         0.151     3.090    GEN_CLUSTER[0].u_engine/u_scheduler/valid_macs[7]_i_53_n_0
                         LUT6 (Prop_LUT6_I0_O)        0.150     3.240 f  GEN_CLUSTER[0].u_engine/u_scheduler/valid_macs[7]_i_35/O
                         net (fo=2, unplaced)         0.187     3.427    GEN_CLUSTER[0].u_engine/u_scheduler/valid_macs[7]_i_35_n_0
                         LUT5 (Prop_LUT5_I1_O)        0.139     3.566 f  GEN_CLUSTER[0].u_engine/u_scheduler/valid_macs[7]_i_17/O
                         net (fo=3, unplaced)         0.238     3.804    GEN_CLUSTER[0].u_engine/u_scheduler/valid_macs[7]_i_17_n_0
                         LUT6 (Prop_LUT6_I5_O)        0.038     3.842 r  GEN_CLUSTER[0].u_engine/u_scheduler/valid_macs[7]_i_9/O
                         net (fo=8, unplaced)         0.211     4.053    GEN_CLUSTER[0].u_engine/u_scheduler/valid_macs[7]_i_9_n_0
                         LUT3 (Prop_LUT3_I1_O)        0.099     4.152 r  GEN_CLUSTER[0].u_engine/u_scheduler/causal_lane_bubbles[7]_i_2/O
                         net (fo=1, unplaced)         0.198     4.350    GEN_CLUSTER[0].u_engine/u_scheduler/causal_lane_bubbles[7]_i_2_n_0
                         CARRY8 (Prop_CARRY8_DI[6]_CO[7])
                                                      0.065     4.415 r  GEN_CLUSTER[0].u_engine/u_scheduler/causal_lane_bubbles_reg[7]_i_1/CO[7]
                         net (fo=1, unplaced)         0.005     4.420    GEN_CLUSTER[0].u_engine/u_scheduler/causal_lane_bubbles_reg[7]_i_1_n_0
                         CARRY8 (Prop_CARRY8_CI_CO[7])
                                                      0.022     4.442 r  GEN_CLUSTER[0].u_engine/u_scheduler/causal_lane_bubbles_reg[15]_i_1/CO[7]
                         net (fo=1, unplaced)         0.005     4.447    GEN_CLUSTER[0].u_engine/u_scheduler/causal_lane_bubbles_reg[15]_i_1_n_0
                         CARRY8 (Prop_CARRY8_CI_CO[7])
                                                      0.022     4.469 r  GEN_CLUSTER[0].u_engine/u_scheduler/causal_lane_bubbles_reg[23]_i_1/CO[7]
                         net (fo=1, unplaced)         0.005     4.474    GEN_CLUSTER[0].u_engine/u_scheduler/causal_lane_bubbles_reg[23]_i_1_n_0
                         CARRY8 (Prop_CARRY8_CI_CO[7])
                                                      0.022     4.496 r  GEN_CLUSTER[0].u_engine/u_scheduler/causal_lane_bubbles_reg[31]_i_1/CO[7]
                         net (fo=1, unplaced)         0.005     4.501    GEN_CLUSTER[0].u_engine/u_scheduler/causal_lane_bubbles_reg[31]_i_1_n_0
                         CARRY8 (Prop_CARRY8_CI_CO[7])
                                                      0.022     4.523 r  GEN_CLUSTER[0].u_engine/u_scheduler/causal_lane_bubbles_reg[39]_i_1/CO[7]
                         net (fo=1, unplaced)         0.005     4.528    GEN_CLUSTER[0].u_engine/u_scheduler/causal_lane_bubbles_reg[39]_i_1_n_0
                         CARRY8 (Prop_CARRY8_CI_O[7])
                                                      0.116     4.644 r  GEN_CLUSTER[0].u_engine/u_scheduler/causal_lane_bubbles_reg[47]_i_1/O[7]
                         net (fo=1, unplaced)         0.026     4.670    GEN_CLUSTER[0].u_engine/u_scheduler/causal_lane_bubbles_reg[47]_i_1_n_8
                         FDRE                                         r  GEN_CLUSTER[0].u_engine/u_scheduler/causal_lane_bubbles_reg[47]/D
  -------------------------------------------------------------------    -------------------

                         (clock core_clk rise edge)
                                                      6.666     6.666 r  
                                                      0.000     6.666 r  clk (IN)
                         net (fo=64624, unset)        0.000     6.666    GEN_CLUSTER[0].u_engine/u_scheduler/clk
                         FDRE                                         r  GEN_CLUSTER[0].u_engine/u_scheduler/causal_lane_bubbles_reg[47]/C
                         clock pessimism              0.000     6.666    
                         clock uncertainty           -0.035     6.631    
                         FDRE (Setup_FDRE_C_D)        0.025     6.656    GEN_CLUSTER[0].u_engine/u_scheduler/causal_lane_bubbles_reg[47]
  -------------------------------------------------------------------
                         required time                          6.656    
                         arrival time                          -4.670    
  -------------------------------------------------------------------
                         slack                                  1.986    

Slack (MET) :             1.987ns  (required time - arrival time)
  Source:                 GEN_CLUSTER[0].u_engine/u_scheduler/mac_busy_reg[9]/C
                            (rising edge-triggered cell FDRE clocked by core_clk  {rise@0.000ns fall@3.333ns period=6.666ns})
  Destination:            GEN_CLUSTER[0].u_engine/u_scheduler/causal_lane_bubbles_reg[45]/D
                            (rising edge-triggered cell FDRE clocked by core_clk  {rise@0.000ns fall@3.333ns period=6.666ns})
  Path Group:             core_clk
  Path Type:              Setup (Max at Slow Process Corner)
  Requirement:            6.666ns  (core_clk rise@6.666ns - core_clk rise@0.000ns)
  Data Path Delay:        4.669ns  (logic 1.534ns (32.855%)  route 3.135ns (67.145%))
  Logic Levels:           19  (CARRY8=6 LUT3=2 LUT4=1 LUT5=1 LUT6=9)
  Clock Uncertainty:      0.035ns  ((TSJ^2 + TIJ^2)^1/2 + DJ) / 2 + PE
    Total System Jitter     (TSJ):    0.071ns
    Total Input Jitter      (TIJ):    0.000ns
    Discrete Jitter          (DJ):    0.000ns
    Phase Error              (PE):    0.000ns

    Location             Delay type                Incr(ns)  Path(ns)    Netlist Resource(s)
  -------------------------------------------------------------------    -------------------
                         (clock core_clk rise edge)
                                                      0.000     0.000 r  
                                                      0.000     0.000 r  clk (IN)
                         net (fo=64624, unset)        0.000     0.000    GEN_CLUSTER[0].u_engine/u_scheduler/clk
                         FDRE                                         r  GEN_CLUSTER[0].u_engine/u_scheduler/mac_busy_reg[9]/C
  -------------------------------------------------------------------    -------------------
                         FDRE (Prop_FDRE_C_Q)         0.077     0.077 r  GEN_CLUSTER[0].u_engine/u_scheduler/mac_busy_reg[9]/Q
                         net (fo=5, unplaced)         0.173     0.250    GEN_CLUSTER[0].u_engine/u_scheduler/mac_busy_reg_n_0_[9]
                         LUT6 (Prop_LUT6_I0_O)        0.150     0.400 r  GEN_CLUSTER[0].u_engine/u_scheduler/mac_context_tag[1]_INST_0_i_7/O
                         net (fo=1, unplaced)         0.151     0.551    GEN_CLUSTER[0].u_engine/u_scheduler/mac_context_tag[1]_INST_0_i_7_n_0
                         LUT6 (Prop_LUT6_I0_O)        0.150     0.701 r  GEN_CLUSTER[0].u_engine/u_scheduler/mac_context_tag[1]_INST_0_i_2/O
                         net (fo=9, unplaced)         0.263     0.964    GEN_CLUSTER[0].u_engine/u_scheduler/mac_context_tag[1]_INST_0_i_2_n_0
                         LUT6 (Prop_LUT6_I0_O)        0.038     1.002 r  GEN_CLUSTER[0].u_engine/u_scheduler/mac_row[2]_INST_0_i_4/O
                         net (fo=6, unplaced)         0.254     1.256    GEN_CLUSTER[0].u_engine/u_scheduler/mac_row[2]_INST_0_i_4_n_0
                         LUT6 (Prop_LUT6_I5_O)        0.038     1.294 r  GEN_CLUSTER[0].u_engine/u_scheduler/mac_row[2]_INST_0_i_1/O
                         net (fo=30, unplaced)        0.290     1.584    GEN_CLUSTER[0].u_engine/u_scheduler/mac_row[2]_INST_0_i_1_n_0
                         LUT3 (Prop_LUT3_I0_O)        0.038     1.622 r  GEN_CLUSTER[0].u_engine/u_scheduler/mac_context_tag[2]_INST_0/O
                         net (fo=36, unplaced)        0.294     1.916    GEN_CLUSTER[0].u_engine/u_scheduler/mac_context_tag[2]
                         LUT6 (Prop_LUT6_I4_O)        0.038     1.954 r  GEN_CLUSTER[0].u_engine/u_scheduler/mac_row[5]_INST_0_i_1/O
                         net (fo=19, unplaced)        0.280     2.234    GEN_CLUSTER[0].u_engine/u_scheduler/mac_row[5]_INST_0_i_1_n_0
                         LUT4 (Prop_LUT4_I2_O)        0.070     2.304 r  GEN_CLUSTER[0].u_engine/u_scheduler/mac_lane_valid[27]_INST_0_i_1/O
                         net (fo=10, unplaced)        0.219     2.523    GEN_CLUSTER[0].u_engine/u_scheduler/mac_lane_valid[27]_INST_0_i_1_n_0
                         LUT6 (Prop_LUT6_I3_O)        0.090     2.613 r  GEN_CLUSTER[0].u_engine/u_scheduler/mac_lane_valid[17]_INST_0/O
                         net (fo=7, unplaced)         0.176     2.789    GEN_CLUSTER[0].u_engine/u_scheduler/mac_lane_valid[17]
                         LUT6 (Prop_LUT6_I0_O)        0.150     2.939 r  GEN_CLUSTER[0].u_engine/u_scheduler/valid_macs[7]_i_53/O
                         net (fo=1, unplaced)         0.151     3.090    GEN_CLUSTER[0].u_engine/u_scheduler/valid_macs[7]_i_53_n_0
                         LUT6 (Prop_LUT6_I0_O)        0.150     3.240 f  GEN_CLUSTER[0].u_engine/u_scheduler/valid_macs[7]_i_35/O
                         net (fo=2, unplaced)         0.187     3.427    GEN_CLUSTER[0].u_engine/u_scheduler/valid_macs[7]_i_35_n_0
                         LUT5 (Prop_LUT5_I1_O)        0.139     3.566 f  GEN_CLUSTER[0].u_engine/u_scheduler/valid_macs[7]_i_17/O
                         net (fo=3, unplaced)         0.238     3.804    GEN_CLUSTER[0].u_engine/u_scheduler/valid_macs[7]_i_17_n_0
                         LUT6 (Prop_LUT6_I5_O)        0.038     3.842 r  GEN_CLUSTER[0].u_engine/u_scheduler/valid_macs[7]_i_9/O
                         net (fo=8, unplaced)         0.211     4.053    GEN_CLUSTER[0].u_engine/u_scheduler/valid_macs[7]_i_9_n_0
                         LUT3 (Prop_LUT3_I1_O)        0.099     4.152 r  GEN_CLUSTER[0].u_engine/u_scheduler/causal_lane_bubbles[7]_i_2/O
                         net (fo=1, unplaced)         0.198     4.350    GEN_CLUSTER[0].u_engine/u_scheduler/causal_lane_bubbles[7]_i_2_n_0
                         CARRY8 (Prop_CARRY8_DI[6]_CO[7])
                                                      0.065     4.415 r  GEN_CLUSTER[0].u_engine/u_scheduler/causal_lane_bubbles_reg[7]_i_1/CO[7]
                         net (fo=1, unplaced)         0.005     4.420    GEN_CLUSTER[0].u_engine/u_scheduler/causal_lane_bubbles_reg[7]_i_1_n_0
                         CARRY8 (Prop_CARRY8_CI_CO[7])
                                                      0.022     4.442 r  GEN_CLUSTER[0].u_engine/u_scheduler/causal_lane_bubbles_reg[15]_i_1/CO[7]
                         net (fo=1, unplaced)         0.005     4.447    GEN_CLUSTER[0].u_engine/u_scheduler/causal_lane_bubbles_reg[15]_i_1_n_0
                         CARRY8 (Prop_CARRY8_CI_CO[7])
                                                      0.022     4.469 r  GEN_CLUSTER[0].u_engine/u_scheduler/causal_lane_bubbles_reg[23]_i_1/CO[7]
                         net (fo=1, unplaced)         0.005     4.474    GEN_CLUSTER[0].u_engine/u_scheduler/causal_lane_bubbles_reg[23]_i_1_n_0
                         CARRY8 (Prop_CARRY8_CI_CO[7])
                                                      0.022     4.496 r  GEN_CLUSTER[0].u_engine/u_scheduler/causal_lane_bubbles_reg[31]_i_1/CO[7]
                         net (fo=1, unplaced)         0.005     4.501    GEN_CLUSTER[0].u_engine/u_scheduler/causal_lane_bubbles_reg[31]_i_1_n_0
                         CARRY8 (Prop_CARRY8_CI_CO[7])
                                                      0.022     4.523 r  GEN_CLUSTER[0].u_engine/u_scheduler/causal_lane_bubbles_reg[39]_i_1/CO[7]
                         net (fo=1, unplaced)         0.005     4.528    GEN_CLUSTER[0].u_engine/u_scheduler/causal_lane_bubbles_reg[39]_i_1_n_0
                         CARRY8 (Prop_CARRY8_CI_O[5])
                                                      0.116     4.644 r  GEN_CLUSTER[0].u_engine/u_scheduler/causal_lane_bubbles_reg[47]_i_1/O[5]
                         net (fo=1, unplaced)         0.025     4.669    GEN_CLUSTER[0].u_engine/u_scheduler/causal_lane_bubbles_reg[47]_i_1_n_10
                         FDRE                                         r  GEN_CLUSTER[0].u_engine/u_scheduler/causal_lane_bubbles_reg[45]/D
  -------------------------------------------------------------------    -------------------

                         (clock core_clk rise edge)
                                                      6.666     6.666 r  
                                                      0.000     6.666 r  clk (IN)
                         net (fo=64624, unset)        0.000     6.666    GEN_CLUSTER[0].u_engine/u_scheduler/clk
                         FDRE                                         r  GEN_CLUSTER[0].u_engine/u_scheduler/causal_lane_bubbles_reg[45]/C
                         clock pessimism              0.000     6.666    
                         clock uncertainty           -0.035     6.631    
                         FDRE (Setup_FDRE_C_D)        0.025     6.656    GEN_CLUSTER[0].u_engine/u_scheduler/causal_lane_bubbles_reg[45]
  -------------------------------------------------------------------
                         required time                          6.656    
                         arrival time                          -4.669    
  -------------------------------------------------------------------
                         slack                                  1.987    

Slack (MET) :             1.990ns  (required time - arrival time)
  Source:                 GEN_CLUSTER[0].u_engine/u_scheduler/mac_busy_reg[9]/C
                            (rising edge-triggered cell FDRE clocked by core_clk  {rise@0.000ns fall@3.333ns period=6.666ns})
  Destination:            GEN_CLUSTER[0].u_engine/u_scheduler/causal_lane_bubbles_reg[52]/D
                            (rising edge-triggered cell FDRE clocked by core_clk  {rise@0.000ns fall@3.333ns period=6.666ns})
  Path Group:             core_clk
  Path Type:              Setup (Max at Slow Process Corner)
  Requirement:            6.666ns  (core_clk rise@6.666ns - core_clk rise@0.000ns)
  Data Path Delay:        4.666ns  (logic 1.526ns (32.705%)  route 3.140ns (67.295%))
  Logic Levels:           20  (CARRY8=7 LUT3=2 LUT4=1 LUT5=1 LUT6=9)
  Clock Uncertainty:      0.035ns  ((TSJ^2 + TIJ^2)^1/2 + DJ) / 2 + PE
    Total System Jitter     (TSJ):    0.071ns
    Total Input Jitter      (TIJ):    0.000ns
    Discrete Jitter          (DJ):    0.000ns
    Phase Error              (PE):    0.000ns

    Location             Delay type                Incr(ns)  Path(ns)    Netlist Resource(s)
  -------------------------------------------------------------------    -------------------
                         (clock core_clk rise edge)
                                                      0.000     0.000 r  
                                                      0.000     0.000 r  clk (IN)
                         net (fo=64624, unset)        0.000     0.000    GEN_CLUSTER[0].u_engine/u_scheduler/clk
                         FDRE                                         r  GEN_CLUSTER[0].u_engine/u_scheduler/mac_busy_reg[9]/C
  -------------------------------------------------------------------    -------------------
                         FDRE (Prop_FDRE_C_Q)         0.077     0.077 r  GEN_CLUSTER[0].u_engine/u_scheduler/mac_busy_reg[9]/Q
                         net (fo=5, unplaced)         0.173     0.250    GEN_CLUSTER[0].u_engine/u_scheduler/mac_busy_reg_n_0_[9]
                         LUT6 (Prop_LUT6_I0_O)        0.150     0.400 r  GEN_CLUSTER[0].u_engine/u_scheduler/mac_context_tag[1]_INST_0_i_7/O
                         net (fo=1, unplaced)         0.151     0.551    GEN_CLUSTER[0].u_engine/u_scheduler/mac_context_tag[1]_INST_0_i_7_n_0
                         LUT6 (Prop_LUT6_I0_O)        0.150     0.701 r  GEN_CLUSTER[0].u_engine/u_scheduler/mac_context_tag[1]_INST_0_i_2/O
                         net (fo=9, unplaced)         0.263     0.964    GEN_CLUSTER[0].u_engine/u_scheduler/mac_context_tag[1]_INST_0_i_2_n_0
                         LUT6 (Prop_LUT6_I0_O)        0.038     1.002 r  GEN_CLUSTER[0].u_engine/u_scheduler/mac_row[2]_INST_0_i_4/O
                         net (fo=6, unplaced)         0.254     1.256    GEN_CLUSTER[0].u_engine/u_scheduler/mac_row[2]_INST_0_i_4_n_0
                         LUT6 (Prop_LUT6_I5_O)        0.038     1.294 r  GEN_CLUSTER[0].u_engine/u_scheduler/mac_row[2]_INST_0_i_1/O
                         net (fo=30, unplaced)        0.290     1.584    GEN_CLUSTER[0].u_engine/u_scheduler/mac_row[2]_INST_0_i_1_n_0
                         LUT3 (Prop_LUT3_I0_O)        0.038     1.622 r  GEN_CLUSTER[0].u_engine/u_scheduler/mac_context_tag[2]_INST_0/O
                         net (fo=36, unplaced)        0.294     1.916    GEN_CLUSTER[0].u_engine/u_scheduler/mac_context_tag[2]
                         LUT6 (Prop_LUT6_I4_O)        0.038     1.954 r  GEN_CLUSTER[0].u_engine/u_scheduler/mac_row[5]_INST_0_i_1/O
                         net (fo=19, unplaced)        0.280     2.234    GEN_CLUSTER[0].u_engine/u_scheduler/mac_row[5]_INST_0_i_1_n_0
                         LUT4 (Prop_LUT4_I2_O)        0.070     2.304 r  GEN_CLUSTER[0].u_engine/u_scheduler/mac_lane_valid[27]_INST_0_i_1/O
                         net (fo=10, unplaced)        0.219     2.523    GEN_CLUSTER[0].u_engine/u_scheduler/mac_lane_valid[27]_INST_0_i_1_n_0
                         LUT6 (Prop_LUT6_I3_O)        0.090     2.613 r  GEN_CLUSTER[0].u_engine/u_scheduler/mac_lane_valid[17]_INST_0/O
                         net (fo=7, unplaced)         0.176     2.789    GEN_CLUSTER[0].u_engine/u_scheduler/mac_lane_valid[17]
                         LUT6 (Prop_LUT6_I0_O)        0.150     2.939 r  GEN_CLUSTER[0].u_engine/u_scheduler/valid_macs[7]_i_53/O
                         net (fo=1, unplaced)         0.151     3.090    GEN_CLUSTER[0].u_engine/u_scheduler/valid_macs[7]_i_53_n_0
                         LUT6 (Prop_LUT6_I0_O)        0.150     3.240 f  GEN_CLUSTER[0].u_engine/u_scheduler/valid_macs[7]_i_35/O
                         net (fo=2, unplaced)         0.187     3.427    GEN_CLUSTER[0].u_engine/u_scheduler/valid_macs[7]_i_35_n_0
                         LUT5 (Prop_LUT5_I1_O)        0.139     3.566 f  GEN_CLUSTER[0].u_engine/u_scheduler/valid_macs[7]_i_17/O
                         net (fo=3, unplaced)         0.238     3.804    GEN_CLUSTER[0].u_engine/u_scheduler/valid_macs[7]_i_17_n_0
                         LUT6 (Prop_LUT6_I5_O)        0.038     3.842 r  GEN_CLUSTER[0].u_engine/u_scheduler/valid_macs[7]_i_9/O
                         net (fo=8, unplaced)         0.211     4.053    GEN_CLUSTER[0].u_engine/u_scheduler/valid_macs[7]_i_9_n_0
                         LUT3 (Prop_LUT3_I1_O)        0.099     4.152 r  GEN_CLUSTER[0].u_engine/u_scheduler/causal_lane_bubbles[7]_i_2/O
                         net (fo=1, unplaced)         0.198     4.350    GEN_CLUSTER[0].u_engine/u_scheduler/causal_lane_bubbles[7]_i_2_n_0
                         CARRY8 (Prop_CARRY8_DI[6]_CO[7])
                                                      0.065     4.415 r  GEN_CLUSTER[0].u_engine/u_scheduler/causal_lane_bubbles_reg[7]_i_1/CO[7]
                         net (fo=1, unplaced)         0.005     4.420    GEN_CLUSTER[0].u_engine/u_scheduler/causal_lane_bubbles_reg[7]_i_1_n_0
                         CARRY8 (Prop_CARRY8_CI_CO[7])
                                                      0.022     4.442 r  GEN_CLUSTER[0].u_engine/u_scheduler/causal_lane_bubbles_reg[15]_i_1/CO[7]
                         net (fo=1, unplaced)         0.005     4.447    GEN_CLUSTER[0].u_engine/u_scheduler/causal_lane_bubbles_reg[15]_i_1_n_0
                         CARRY8 (Prop_CARRY8_CI_CO[7])
                                                      0.022     4.469 r  GEN_CLUSTER[0].u_engine/u_scheduler/causal_lane_bubbles_reg[23]_i_1/CO[7]
                         net (fo=1, unplaced)         0.005     4.474    GEN_CLUSTER[0].u_engine/u_scheduler/causal_lane_bubbles_reg[23]_i_1_n_0
                         CARRY8 (Prop_CARRY8_CI_CO[7])
                                                      0.022     4.496 r  GEN_CLUSTER[0].u_engine/u_scheduler/causal_lane_bubbles_reg[31]_i_1/CO[7]
                         net (fo=1, unplaced)         0.005     4.501    GEN_CLUSTER[0].u_engine/u_scheduler/causal_lane_bubbles_reg[31]_i_1_n_0
                         CARRY8 (Prop_CARRY8_CI_CO[7])
                                                      0.022     4.523 r  GEN_CLUSTER[0].u_engine/u_scheduler/causal_lane_bubbles_reg[39]_i_1/CO[7]
                         net (fo=1, unplaced)         0.005     4.528    GEN_CLUSTER[0].u_engine/u_scheduler/causal_lane_bubbles_reg[39]_i_1_n_0
                         CARRY8 (Prop_CARRY8_CI_CO[7])
                                                      0.022     4.550 r  GEN_CLUSTER[0].u_engine/u_scheduler/causal_lane_bubbles_reg[47]_i_1/CO[7]
                         net (fo=1, unplaced)         0.005     4.555    GEN_CLUSTER[0].u_engine/u_scheduler/causal_lane_bubbles_reg[47]_i_1_n_0
                         CARRY8 (Prop_CARRY8_CI_O[4])
                                                      0.086     4.641 r  GEN_CLUSTER[0].u_engine/u_scheduler/causal_lane_bubbles_reg[55]_i_1/O[4]
                         net (fo=1, unplaced)         0.025     4.666    GEN_CLUSTER[0].u_engine/u_scheduler/causal_lane_bubbles_reg[55]_i_1_n_11
                         FDRE                                         r  GEN_CLUSTER[0].u_engine/u_scheduler/causal_lane_bubbles_reg[52]/D
  -------------------------------------------------------------------    -------------------

                         (clock core_clk rise edge)
                                                      6.666     6.666 r  
                                                      0.000     6.666 r  clk (IN)
                         net (fo=64624, unset)        0.000     6.666    GEN_CLUSTER[0].u_engine/u_scheduler/clk
                         FDRE                                         r  GEN_CLUSTER[0].u_engine/u_scheduler/causal_lane_bubbles_reg[52]/C
                         clock pessimism              0.000     6.666    
                         clock uncertainty           -0.035     6.631    
                         FDRE (Setup_FDRE_C_D)        0.025     6.656    GEN_CLUSTER[0].u_engine/u_scheduler/causal_lane_bubbles_reg[52]
  -------------------------------------------------------------------
                         required time                          6.656    
                         arrival time                          -4.666    
  -------------------------------------------------------------------
                         slack                                  1.990    

Slack (MET) :             1.993ns  (required time - arrival time)
  Source:                 GEN_CLUSTER[0].u_engine/u_scheduler/mac_busy_reg[9]/C
                            (rising edge-triggered cell FDRE clocked by core_clk  {rise@0.000ns fall@3.333ns period=6.666ns})
  Destination:            GEN_CLUSTER[0].u_engine/u_scheduler/causal_lane_bubbles_reg[51]/D
                            (rising edge-triggered cell FDRE clocked by core_clk  {rise@0.000ns fall@3.333ns period=6.666ns})
  Path Group:             core_clk
  Path Type:              Setup (Max at Slow Process Corner)
  Requirement:            6.666ns  (core_clk rise@6.666ns - core_clk rise@0.000ns)
  Data Path Delay:        4.663ns  (logic 1.522ns (32.640%)  route 3.141ns (67.360%))
  Logic Levels:           20  (CARRY8=7 LUT3=2 LUT4=1 LUT5=1 LUT6=9)
  Clock Uncertainty:      0.035ns  ((TSJ^2 + TIJ^2)^1/2 + DJ) / 2 + PE
    Total System Jitter     (TSJ):    0.071ns
    Total Input Jitter      (TIJ):    0.000ns
    Discrete Jitter          (DJ):    0.000ns
    Phase Error              (PE):    0.000ns

    Location             Delay type                Incr(ns)  Path(ns)    Netlist Resource(s)
  -------------------------------------------------------------------    -------------------
                         (clock core_clk rise edge)
                                                      0.000     0.000 r  
                                                      0.000     0.000 r  clk (IN)
                         net (fo=64624, unset)        0.000     0.000    GEN_CLUSTER[0].u_engine/u_scheduler/clk
                         FDRE                                         r  GEN_CLUSTER[0].u_engine/u_scheduler/mac_busy_reg[9]/C
  -------------------------------------------------------------------    -------------------
                         FDRE (Prop_FDRE_C_Q)         0.077     0.077 r  GEN_CLUSTER[0].u_engine/u_scheduler/mac_busy_reg[9]/Q
                         net (fo=5, unplaced)         0.173     0.250    GEN_CLUSTER[0].u_engine/u_scheduler/mac_busy_reg_n_0_[9]
                         LUT6 (Prop_LUT6_I0_O)        0.150     0.400 r  GEN_CLUSTER[0].u_engine/u_scheduler/mac_context_tag[1]_INST_0_i_7/O
                         net (fo=1, unplaced)         0.151     0.551    GEN_CLUSTER[0].u_engine/u_scheduler/mac_context_tag[1]_INST_0_i_7_n_0
                         LUT6 (Prop_LUT6_I0_O)        0.150     0.701 r  GEN_CLUSTER[0].u_engine/u_scheduler/mac_context_tag[1]_INST_0_i_2/O
                         net (fo=9, unplaced)         0.263     0.964    GEN_CLUSTER[0].u_engine/u_scheduler/mac_context_tag[1]_INST_0_i_2_n_0
                         LUT6 (Prop_LUT6_I0_O)        0.038     1.002 r  GEN_CLUSTER[0].u_engine/u_scheduler/mac_row[2]_INST_0_i_4/O
                         net (fo=6, unplaced)         0.254     1.256    GEN_CLUSTER[0].u_engine/u_scheduler/mac_row[2]_INST_0_i_4_n_0
                         LUT6 (Prop_LUT6_I5_O)        0.038     1.294 r  GEN_CLUSTER[0].u_engine/u_scheduler/mac_row[2]_INST_0_i_1/O
                         net (fo=30, unplaced)        0.290     1.584    GEN_CLUSTER[0].u_engine/u_scheduler/mac_row[2]_INST_0_i_1_n_0
                         LUT3 (Prop_LUT3_I0_O)        0.038     1.622 r  GEN_CLUSTER[0].u_engine/u_scheduler/mac_context_tag[2]_INST_0/O
                         net (fo=36, unplaced)        0.294     1.916    GEN_CLUSTER[0].u_engine/u_scheduler/mac_context_tag[2]
                         LUT6 (Prop_LUT6_I4_O)        0.038     1.954 r  GEN_CLUSTER[0].u_engine/u_scheduler/mac_row[5]_INST_0_i_1/O
                         net (fo=19, unplaced)        0.280     2.234    GEN_CLUSTER[0].u_engine/u_scheduler/mac_row[5]_INST_0_i_1_n_0
                         LUT4 (Prop_LUT4_I2_O)        0.070     2.304 r  GEN_CLUSTER[0].u_engine/u_scheduler/mac_lane_valid[27]_INST_0_i_1/O
                         net (fo=10, unplaced)        0.219     2.523    GEN_CLUSTER[0].u_engine/u_scheduler/mac_lane_valid[27]_INST_0_i_1_n_0
                         LUT6 (Prop_LUT6_I3_O)        0.090     2.613 r  GEN_CLUSTER[0].u_engine/u_scheduler/mac_lane_valid[17]_INST_0/O
                         net (fo=7, unplaced)         0.176     2.789    GEN_CLUSTER[0].u_engine/u_scheduler/mac_lane_valid[17]
                         LUT6 (Prop_LUT6_I0_O)        0.150     2.939 r  GEN_CLUSTER[0].u_engine/u_scheduler/valid_macs[7]_i_53/O
                         net (fo=1, unplaced)         0.151     3.090    GEN_CLUSTER[0].u_engine/u_scheduler/valid_macs[7]_i_53_n_0
                         LUT6 (Prop_LUT6_I0_O)        0.150     3.240 f  GEN_CLUSTER[0].u_engine/u_scheduler/valid_macs[7]_i_35/O
                         net (fo=2, unplaced)         0.187     3.427    GEN_CLUSTER[0].u_engine/u_scheduler/valid_macs[7]_i_35_n_0
                         LUT5 (Prop_LUT5_I1_O)        0.139     3.566 f  GEN_CLUSTER[0].u_engine/u_scheduler/valid_macs[7]_i_17/O
                         net (fo=3, unplaced)         0.238     3.804    GEN_CLUSTER[0].u_engine/u_scheduler/valid_macs[7]_i_17_n_0
                         LUT6 (Prop_LUT6_I5_O)        0.038     3.842 r  GEN_CLUSTER[0].u_engine/u_scheduler/valid_macs[7]_i_9/O
                         net (fo=8, unplaced)         0.211     4.053    GEN_CLUSTER[0].u_engine/u_scheduler/valid_macs[7]_i_9_n_0
                         LUT3 (Prop_LUT3_I1_O)        0.099     4.152 r  GEN_CLUSTER[0].u_engine/u_scheduler/causal_lane_bubbles[7]_i_2/O
                         net (fo=1, unplaced)         0.198     4.350    GEN_CLUSTER[0].u_engine/u_scheduler/causal_lane_bubbles[7]_i_2_n_0
                         CARRY8 (Prop_CARRY8_DI[6]_CO[7])
                                                      0.065     4.415 r  GEN_CLUSTER[0].u_engine/u_scheduler/causal_lane_bubbles_reg[7]_i_1/CO[7]
                         net (fo=1, unplaced)         0.005     4.420    GEN_CLUSTER[0].u_engine/u_scheduler/causal_lane_bubbles_reg[7]_i_1_n_0
                         CARRY8 (Prop_CARRY8_CI_CO[7])
                                                      0.022     4.442 r  GEN_CLUSTER[0].u_engine/u_scheduler/causal_lane_bubbles_reg[15]_i_1/CO[7]
                         net (fo=1, unplaced)         0.005     4.447    GEN_CLUSTER[0].u_engine/u_scheduler/causal_lane_bubbles_reg[15]_i_1_n_0
                         CARRY8 (Prop_CARRY8_CI_CO[7])
                                                      0.022     4.469 r  GEN_CLUSTER[0].u_engine/u_scheduler/causal_lane_bubbles_reg[23]_i_1/CO[7]
                         net (fo=1, unplaced)         0.005     4.474    GEN_CLUSTER[0].u_engine/u_scheduler/causal_lane_bubbles_reg[23]_i_1_n_0
                         CARRY8 (Prop_CARRY8_CI_CO[7])
                                                      0.022     4.496 r  GEN_CLUSTER[0].u_engine/u_scheduler/causal_lane_bubbles_reg[31]_i_1/CO[7]
                         net (fo=1, unplaced)         0.005     4.501    GEN_CLUSTER[0].u_engine/u_scheduler/causal_lane_bubbles_reg[31]_i_1_n_0
                         CARRY8 (Prop_CARRY8_CI_CO[7])
                                                      0.022     4.523 r  GEN_CLUSTER[0].u_engine/u_scheduler/causal_lane_bubbles_reg[39]_i_1/CO[7]
                         net (fo=1, unplaced)         0.005     4.528    GEN_CLUSTER[0].u_engine/u_scheduler/causal_lane_bubbles_reg[39]_i_1_n_0
                         CARRY8 (Prop_CARRY8_CI_CO[7])
                                                      0.022     4.550 r  GEN_CLUSTER[0].u_engine/u_scheduler/causal_lane_bubbles_reg[47]_i_1/CO[7]
                         net (fo=1, unplaced)         0.005     4.555    GEN_CLUSTER[0].u_engine/u_scheduler/causal_lane_bubbles_reg[47]_i_1_n_0
                         CARRY8 (Prop_CARRY8_CI_O[3])
                                                      0.082     4.637 r  GEN_CLUSTER[0].u_engine/u_scheduler/causal_lane_bubbles_reg[55]_i_1/O[3]
                         net (fo=1, unplaced)         0.026     4.663    GEN_CLUSTER[0].u_engine/u_scheduler/causal_lane_bubbles_reg[55]_i_1_n_12
                         FDRE                                         r  GEN_CLUSTER[0].u_engine/u_scheduler/causal_lane_bubbles_reg[51]/D
  -------------------------------------------------------------------    -------------------

                         (clock core_clk rise edge)
                                                      6.666     6.666 r  
                                                      0.000     6.666 r  clk (IN)
                         net (fo=64624, unset)        0.000     6.666    GEN_CLUSTER[0].u_engine/u_scheduler/clk
                         FDRE                                         r  GEN_CLUSTER[0].u_engine/u_scheduler/causal_lane_bubbles_reg[51]/C
                         clock pessimism              0.000     6.666    
                         clock uncertainty           -0.035     6.631    
                         FDRE (Setup_FDRE_C_D)        0.025     6.656    GEN_CLUSTER[0].u_engine/u_scheduler/causal_lane_bubbles_reg[51]
  -------------------------------------------------------------------
                         required time                          6.656    
                         arrival time                          -4.663    
  -------------------------------------------------------------------
                         slack                                  1.993    

Slack (MET) :             1.993ns  (required time - arrival time)
  Source:                 GEN_CLUSTER[0].u_engine/u_scheduler/mac_busy_reg[9]/C
                            (rising edge-triggered cell FDRE clocked by core_clk  {rise@0.000ns fall@3.333ns period=6.666ns})
  Destination:            GEN_CLUSTER[0].u_engine/u_scheduler/causal_lane_bubbles_reg[56]/D
                            (rising edge-triggered cell FDRE clocked by core_clk  {rise@0.000ns fall@3.333ns period=6.666ns})
  Path Group:             core_clk
  Path Type:              Setup (Max at Slow Process Corner)
  Requirement:            6.666ns  (core_clk rise@6.666ns - core_clk rise@0.000ns)
  Data Path Delay:        4.663ns  (logic 1.518ns (32.554%)  route 3.145ns (67.446%))
  Logic Levels:           21  (CARRY8=8 LUT3=2 LUT4=1 LUT5=1 LUT6=9)
  Clock Uncertainty:      0.035ns  ((TSJ^2 + TIJ^2)^1/2 + DJ) / 2 + PE
    Total System Jitter     (TSJ):    0.071ns
    Total Input Jitter      (TIJ):    0.000ns
    Discrete Jitter          (DJ):    0.000ns
    Phase Error              (PE):    0.000ns

    Location             Delay type                Incr(ns)  Path(ns)    Netlist Resource(s)
  -------------------------------------------------------------------    -------------------
                         (clock core_clk rise edge)
                                                      0.000     0.000 r  
                                                      0.000     0.000 r  clk (IN)
                         net (fo=64624, unset)        0.000     0.000    GEN_CLUSTER[0].u_engine/u_scheduler/clk
                         FDRE                                         r  GEN_CLUSTER[0].u_engine/u_scheduler/mac_busy_reg[9]/C
  -------------------------------------------------------------------    -------------------
                         FDRE (Prop_FDRE_C_Q)         0.077     0.077 r  GEN_CLUSTER[0].u_engine/u_scheduler/mac_busy_reg[9]/Q
                         net (fo=5, unplaced)         0.173     0.250    GEN_CLUSTER[0].u_engine/u_scheduler/mac_busy_reg_n_0_[9]
                         LUT6 (Prop_LUT6_I0_O)        0.150     0.400 r  GEN_CLUSTER[0].u_engine/u_scheduler/mac_context_tag[1]_INST_0_i_7/O
                         net (fo=1, unplaced)         0.151     0.551    GEN_CLUSTER[0].u_engine/u_scheduler/mac_context_tag[1]_INST_0_i_7_n_0
                         LUT6 (Prop_LUT6_I0_O)        0.150     0.701 r  GEN_CLUSTER[0].u_engine/u_scheduler/mac_context_tag[1]_INST_0_i_2/O
                         net (fo=9, unplaced)         0.263     0.964    GEN_CLUSTER[0].u_engine/u_scheduler/mac_context_tag[1]_INST_0_i_2_n_0
                         LUT6 (Prop_LUT6_I0_O)        0.038     1.002 r  GEN_CLUSTER[0].u_engine/u_scheduler/mac_row[2]_INST_0_i_4/O
                         net (fo=6, unplaced)         0.254     1.256    GEN_CLUSTER[0].u_engine/u_scheduler/mac_row[2]_INST_0_i_4_n_0
                         LUT6 (Prop_LUT6_I5_O)        0.038     1.294 r  GEN_CLUSTER[0].u_engine/u_scheduler/mac_row[2]_INST_0_i_1/O
                         net (fo=30, unplaced)        0.290     1.584    GEN_CLUSTER[0].u_engine/u_scheduler/mac_row[2]_INST_0_i_1_n_0
                         LUT3 (Prop_LUT3_I0_O)        0.038     1.622 r  GEN_CLUSTER[0].u_engine/u_scheduler/mac_context_tag[2]_INST_0/O
                         net (fo=36, unplaced)        0.294     1.916    GEN_CLUSTER[0].u_engine/u_scheduler/mac_context_tag[2]
                         LUT6 (Prop_LUT6_I4_O)        0.038     1.954 r  GEN_CLUSTER[0].u_engine/u_scheduler/mac_row[5]_INST_0_i_1/O
                         net (fo=19, unplaced)        0.280     2.234    GEN_CLUSTER[0].u_engine/u_scheduler/mac_row[5]_INST_0_i_1_n_0
                         LUT4 (Prop_LUT4_I2_O)        0.070     2.304 r  GEN_CLUSTER[0].u_engine/u_scheduler/mac_lane_valid[27]_INST_0_i_1/O
                         net (fo=10, unplaced)        0.219     2.523    GEN_CLUSTER[0].u_engine/u_scheduler/mac_lane_valid[27]_INST_0_i_1_n_0
                         LUT6 (Prop_LUT6_I3_O)        0.090     2.613 r  GEN_CLUSTER[0].u_engine/u_scheduler/mac_lane_valid[17]_INST_0/O
                         net (fo=7, unplaced)         0.176     2.789    GEN_CLUSTER[0].u_engine/u_scheduler/mac_lane_valid[17]
                         LUT6 (Prop_LUT6_I0_O)        0.150     2.939 r  GEN_CLUSTER[0].u_engine/u_scheduler/valid_macs[7]_i_53/O
                         net (fo=1, unplaced)         0.151     3.090    GEN_CLUSTER[0].u_engine/u_scheduler/valid_macs[7]_i_53_n_0
                         LUT6 (Prop_LUT6_I0_O)        0.150     3.240 f  GEN_CLUSTER[0].u_engine/u_scheduler/valid_macs[7]_i_35/O
                         net (fo=2, unplaced)         0.187     3.427    GEN_CLUSTER[0].u_engine/u_scheduler/valid_macs[7]_i_35_n_0
                         LUT5 (Prop_LUT5_I1_O)        0.139     3.566 f  GEN_CLUSTER[0].u_engine/u_scheduler/valid_macs[7]_i_17/O
                         net (fo=3, unplaced)         0.238     3.804    GEN_CLUSTER[0].u_engine/u_scheduler/valid_macs[7]_i_17_n_0
                         LUT6 (Prop_LUT6_I5_O)        0.038     3.842 r  GEN_CLUSTER[0].u_engine/u_scheduler/valid_macs[7]_i_9/O
                         net (fo=8, unplaced)         0.211     4.053    GEN_CLUSTER[0].u_engine/u_scheduler/valid_macs[7]_i_9_n_0
                         LUT3 (Prop_LUT3_I1_O)        0.099     4.152 r  GEN_CLUSTER[0].u_engine/u_scheduler/causal_lane_bubbles[7]_i_2/O
                         net (fo=1, unplaced)         0.198     4.350    GEN_CLUSTER[0].u_engine/u_scheduler/causal_lane_bubbles[7]_i_2_n_0
                         CARRY8 (Prop_CARRY8_DI[6]_CO[7])
                                                      0.065     4.415 r  GEN_CLUSTER[0].u_engine/u_scheduler/causal_lane_bubbles_reg[7]_i_1/CO[7]
                         net (fo=1, unplaced)         0.005     4.420    GEN_CLUSTER[0].u_engine/u_scheduler/causal_lane_bubbles_reg[7]_i_1_n_0
                         CARRY8 (Prop_CARRY8_CI_CO[7])
                                                      0.022     4.442 r  GEN_CLUSTER[0].u_engine/u_scheduler/causal_lane_bubbles_reg[15]_i_1/CO[7]
                         net (fo=1, unplaced)         0.005     4.447    GEN_CLUSTER[0].u_engine/u_scheduler/causal_lane_bubbles_reg[15]_i_1_n_0
                         CARRY8 (Prop_CARRY8_CI_CO[7])
                                                      0.022     4.469 r  GEN_CLUSTER[0].u_engine/u_scheduler/causal_lane_bubbles_reg[23]_i_1/CO[7]
                         net (fo=1, unplaced)         0.005     4.474    GEN_CLUSTER[0].u_engine/u_scheduler/causal_lane_bubbles_reg[23]_i_1_n_0
                         CARRY8 (Prop_CARRY8_CI_CO[7])
                                                      0.022     4.496 r  GEN_CLUSTER[0].u_engine/u_scheduler/causal_lane_bubbles_reg[31]_i_1/CO[7]
                         net (fo=1, unplaced)         0.005     4.501    GEN_CLUSTER[0].u_engine/u_scheduler/causal_lane_bubbles_reg[31]_i_1_n_0
                         CARRY8 (Prop_CARRY8_CI_CO[7])
                                                      0.022     4.523 r  GEN_CLUSTER[0].u_engine/u_scheduler/causal_lane_bubbles_reg[39]_i_1/CO[7]
                         net (fo=1, unplaced)         0.005     4.528    GEN_CLUSTER[0].u_engine/u_scheduler/causal_lane_bubbles_reg[39]_i_1_n_0
                         CARRY8 (Prop_CARRY8_CI_CO[7])
                                                      0.022     4.550 r  GEN_CLUSTER[0].u_engine/u_scheduler/causal_lane_bubbles_reg[47]_i_1/CO[7]
                         net (fo=1, unplaced)         0.005     4.555    GEN_CLUSTER[0].u_engine/u_scheduler/causal_lane_bubbles_reg[47]_i_1_n_0
                         CARRY8 (Prop_CARRY8_CI_CO[7])
                                                      0.022     4.577 r  GEN_CLUSTER[0].u_engine/u_scheduler/causal_lane_bubbles_reg[55]_i_1/CO[7]
                         net (fo=1, unplaced)         0.005     4.582    GEN_CLUSTER[0].u_engine/u_scheduler/causal_lane_bubbles_reg[55]_i_1_n_0
                         CARRY8 (Prop_CARRY8_CI_O[0])
                                                      0.056     4.638 r  GEN_CLUSTER[0].u_engine/u_scheduler/causal_lane_bubbles_reg[63]_i_1/O[0]
                         net (fo=1, unplaced)         0.025     4.663    GEN_CLUSTER[0].u_engine/u_scheduler/causal_lane_bubbles_reg[63]_i_1_n_15
                         FDRE                                         r  GEN_CLUSTER[0].u_engine/u_scheduler/causal_lane_bubbles_reg[56]/D
  -------------------------------------------------------------------    -------------------

                         (clock core_clk rise edge)
                                                      6.666     6.666 r  
                                                      0.000     6.666 r  clk (IN)
                         net (fo=64624, unset)        0.000     6.666    GEN_CLUSTER[0].u_engine/u_scheduler/clk
                         FDRE                                         r  GEN_CLUSTER[0].u_engine/u_scheduler/causal_lane_bubbles_reg[56]/C
                         clock pessimism              0.000     6.666    
                         clock uncertainty           -0.035     6.631    
                         FDRE (Setup_FDRE_C_D)        0.025     6.656    GEN_CLUSTER[0].u_engine/u_scheduler/causal_lane_bubbles_reg[56]
  -------------------------------------------------------------------
                         required time                          6.656    
                         arrival time                          -4.663    
  -------------------------------------------------------------------
                         slack                                  1.993    

Slack (MET) :             1.999ns  (required time - arrival time)
  Source:                 GEN_CLUSTER[0].u_engine/u_scheduler/mac_busy_reg[9]/C
                            (rising edge-triggered cell FDRE clocked by core_clk  {rise@0.000ns fall@3.333ns period=6.666ns})
  Destination:            GEN_CLUSTER[0].u_engine/u_scheduler/causal_lane_bubbles_reg[46]/D
                            (rising edge-triggered cell FDRE clocked by core_clk  {rise@0.000ns fall@3.333ns period=6.666ns})
  Path Group:             core_clk
  Path Type:              Setup (Max at Slow Process Corner)
  Requirement:            6.666ns  (core_clk rise@6.666ns - core_clk rise@0.000ns)
  Data Path Delay:        4.657ns  (logic 1.521ns (32.661%)  route 3.136ns (67.339%))
  Logic Levels:           19  (CARRY8=6 LUT3=2 LUT4=1 LUT5=1 LUT6=9)
  Clock Uncertainty:      0.035ns  ((TSJ^2 + TIJ^2)^1/2 + DJ) / 2 + PE
    Total System Jitter     (TSJ):    0.071ns
    Total Input Jitter      (TIJ):    0.000ns
    Discrete Jitter          (DJ):    0.000ns
    Phase Error              (PE):    0.000ns

    Location             Delay type                Incr(ns)  Path(ns)    Netlist Resource(s)
  -------------------------------------------------------------------    -------------------
                         (clock core_clk rise edge)
                                                      0.000     0.000 r  
                                                      0.000     0.000 r  clk (IN)
                         net (fo=64624, unset)        0.000     0.000    GEN_CLUSTER[0].u_engine/u_scheduler/clk
                         FDRE                                         r  GEN_CLUSTER[0].u_engine/u_scheduler/mac_busy_reg[9]/C
  -------------------------------------------------------------------    -------------------
                         FDRE (Prop_FDRE_C_Q)         0.077     0.077 r  GEN_CLUSTER[0].u_engine/u_scheduler/mac_busy_reg[9]/Q
                         net (fo=5, unplaced)         0.173     0.250    GEN_CLUSTER[0].u_engine/u_scheduler/mac_busy_reg_n_0_[9]
                         LUT6 (Prop_LUT6_I0_O)        0.150     0.400 r  GEN_CLUSTER[0].u_engine/u_scheduler/mac_context_tag[1]_INST_0_i_7/O
                         net (fo=1, unplaced)         0.151     0.551    GEN_CLUSTER[0].u_engine/u_scheduler/mac_context_tag[1]_INST_0_i_7_n_0
                         LUT6 (Prop_LUT6_I0_O)        0.150     0.701 r  GEN_CLUSTER[0].u_engine/u_scheduler/mac_context_tag[1]_INST_0_i_2/O
                         net (fo=9, unplaced)         0.263     0.964    GEN_CLUSTER[0].u_engine/u_scheduler/mac_context_tag[1]_INST_0_i_2_n_0
                         LUT6 (Prop_LUT6_I0_O)        0.038     1.002 r  GEN_CLUSTER[0].u_engine/u_scheduler/mac_row[2]_INST_0_i_4/O
                         net (fo=6, unplaced)         0.254     1.256    GEN_CLUSTER[0].u_engine/u_scheduler/mac_row[2]_INST_0_i_4_n_0
                         LUT6 (Prop_LUT6_I5_O)        0.038     1.294 r  GEN_CLUSTER[0].u_engine/u_scheduler/mac_row[2]_INST_0_i_1/O
                         net (fo=30, unplaced)        0.290     1.584    GEN_CLUSTER[0].u_engine/u_scheduler/mac_row[2]_INST_0_i_1_n_0
                         LUT3 (Prop_LUT3_I0_O)        0.038     1.622 r  GEN_CLUSTER[0].u_engine/u_scheduler/mac_context_tag[2]_INST_0/O
                         net (fo=36, unplaced)        0.294     1.916    GEN_CLUSTER[0].u_engine/u_scheduler/mac_context_tag[2]
                         LUT6 (Prop_LUT6_I4_O)        0.038     1.954 r  GEN_CLUSTER[0].u_engine/u_scheduler/mac_row[5]_INST_0_i_1/O
                         net (fo=19, unplaced)        0.280     2.234    GEN_CLUSTER[0].u_engine/u_scheduler/mac_row[5]_INST_0_i_1_n_0
                         LUT4 (Prop_LUT4_I2_O)        0.070     2.304 r  GEN_CLUSTER[0].u_engine/u_scheduler/mac_lane_valid[27]_INST_0_i_1/O
                         net (fo=10, unplaced)        0.219     2.523    GEN_CLUSTER[0].u_engine/u_scheduler/mac_lane_valid[27]_INST_0_i_1_n_0
                         LUT6 (Prop_LUT6_I3_O)        0.090     2.613 r  GEN_CLUSTER[0].u_engine/u_scheduler/mac_lane_valid[17]_INST_0/O
                         net (fo=7, unplaced)         0.176     2.789    GEN_CLUSTER[0].u_engine/u_scheduler/mac_lane_valid[17]
                         LUT6 (Prop_LUT6_I0_O)        0.150     2.939 r  GEN_CLUSTER[0].u_engine/u_scheduler/valid_macs[7]_i_53/O
                         net (fo=1, unplaced)         0.151     3.090    GEN_CLUSTER[0].u_engine/u_scheduler/valid_macs[7]_i_53_n_0
                         LUT6 (Prop_LUT6_I0_O)        0.150     3.240 f  GEN_CLUSTER[0].u_engine/u_scheduler/valid_macs[7]_i_35/O
                         net (fo=2, unplaced)         0.187     3.427    GEN_CLUSTER[0].u_engine/u_scheduler/valid_macs[7]_i_35_n_0
                         LUT5 (Prop_LUT5_I1_O)        0.139     3.566 f  GEN_CLUSTER[0].u_engine/u_scheduler/valid_macs[7]_i_17/O
                         net (fo=3, unplaced)         0.238     3.804    GEN_CLUSTER[0].u_engine/u_scheduler/valid_macs[7]_i_17_n_0
                         LUT6 (Prop_LUT6_I5_O)        0.038     3.842 r  GEN_CLUSTER[0].u_engine/u_scheduler/valid_macs[7]_i_9/O
                         net (fo=8, unplaced)         0.211     4.053    GEN_CLUSTER[0].u_engine/u_scheduler/valid_macs[7]_i_9_n_0
                         LUT3 (Prop_LUT3_I1_O)        0.099     4.152 r  GEN_CLUSTER[0].u_engine/u_scheduler/causal_lane_bubbles[7]_i_2/O
                         net (fo=1, unplaced)         0.198     4.350    GEN_CLUSTER[0].u_engine/u_scheduler/causal_lane_bubbles[7]_i_2_n_0
                         CARRY8 (Prop_CARRY8_DI[6]_CO[7])
                                                      0.065     4.415 r  GEN_CLUSTER[0].u_engine/u_scheduler/causal_lane_bubbles_reg[7]_i_1/CO[7]
                         net (fo=1, unplaced)         0.005     4.420    GEN_CLUSTER[0].u_engine/u_scheduler/causal_lane_bubbles_reg[7]_i_1_n_0
                         CARRY8 (Prop_CARRY8_CI_CO[7])
                                                      0.022     4.442 r  GEN_CLUSTER[0].u_engine/u_scheduler/causal_lane_bubbles_reg[15]_i_1/CO[7]
                         net (fo=1, unplaced)         0.005     4.447    GEN_CLUSTER[0].u_engine/u_scheduler/causal_lane_bubbles_reg[15]_i_1_n_0
                         CARRY8 (Prop_CARRY8_CI_CO[7])
                                                      0.022     4.469 r  GEN_CLUSTER[0].u_engine/u_scheduler/causal_lane_bubbles_reg[23]_i_1/CO[7]
                         net (fo=1, unplaced)         0.005     4.474    GEN_CLUSTER[0].u_engine/u_scheduler/causal_lane_bubbles_reg[23]_i_1_n_0
                         CARRY8 (Prop_CARRY8_CI_CO[7])
                                                      0.022     4.496 r  GEN_CLUSTER[0].u_engine/u_scheduler/causal_lane_bubbles_reg[31]_i_1/CO[7]
                         net (fo=1, unplaced)         0.005     4.501    GEN_CLUSTER[0].u_engine/u_scheduler/causal_lane_bubbles_reg[31]_i_1_n_0
                         CARRY8 (Prop_CARRY8_CI_CO[7])
                                                      0.022     4.523 r  GEN_CLUSTER[0].u_engine/u_scheduler/causal_lane_bubbles_reg[39]_i_1/CO[7]
                         net (fo=1, unplaced)         0.005     4.528    GEN_CLUSTER[0].u_engine/u_scheduler/causal_lane_bubbles_reg[39]_i_1_n_0
                         CARRY8 (Prop_CARRY8_CI_O[6])
                                                      0.103     4.631 r  GEN_CLUSTER[0].u_engine/u_scheduler/causal_lane_bubbles_reg[47]_i_1/O[6]
                         net (fo=1, unplaced)         0.026     4.657    GEN_CLUSTER[0].u_engine/u_scheduler/causal_lane_bubbles_reg[47]_i_1_n_9
                         FDRE                                         r  GEN_CLUSTER[0].u_engine/u_scheduler/causal_lane_bubbles_reg[46]/D
  -------------------------------------------------------------------    -------------------

                         (clock core_clk rise edge)
                                                      6.666     6.666 r  
                                                      0.000     6.666 r  clk (IN)
                         net (fo=64624, unset)        0.000     6.666    GEN_CLUSTER[0].u_engine/u_scheduler/clk
                         FDRE                                         r  GEN_CLUSTER[0].u_engine/u_scheduler/causal_lane_bubbles_reg[46]/C
                         clock pessimism              0.000     6.666    
                         clock uncertainty           -0.035     6.631    
                         FDRE (Setup_FDRE_C_D)        0.025     6.656    GEN_CLUSTER[0].u_engine/u_scheduler/causal_lane_bubbles_reg[46]
  -------------------------------------------------------------------
                         required time                          6.656    
                         arrival time                          -4.657    
  -------------------------------------------------------------------
                         slack                                  1.999    

Slack (MET) :             2.000ns  (required time - arrival time)
  Source:                 GEN_CLUSTER[0].u_engine/u_scheduler/mac_busy_reg[9]/C
                            (rising edge-triggered cell FDRE clocked by core_clk  {rise@0.000ns fall@3.333ns period=6.666ns})
  Destination:            GEN_CLUSTER[0].u_engine/u_scheduler/causal_lane_bubbles_reg[49]/D
                            (rising edge-triggered cell FDRE clocked by core_clk  {rise@0.000ns fall@3.333ns period=6.666ns})
  Path Group:             core_clk
  Path Type:              Setup (Max at Slow Process Corner)
  Requirement:            6.666ns  (core_clk rise@6.666ns - core_clk rise@0.000ns)
  Data Path Delay:        4.656ns  (logic 1.516ns (32.560%)  route 3.140ns (67.440%))
  Logic Levels:           20  (CARRY8=7 LUT3=2 LUT4=1 LUT5=1 LUT6=9)
  Clock Uncertainty:      0.035ns  ((TSJ^2 + TIJ^2)^1/2 + DJ) / 2 + PE
    Total System Jitter     (TSJ):    0.071ns
    Total Input Jitter      (TIJ):    0.000ns
    Discrete Jitter          (DJ):    0.000ns
    Phase Error              (PE):    0.000ns

    Location             Delay type                Incr(ns)  Path(ns)    Netlist Resource(s)
  -------------------------------------------------------------------    -------------------
                         (clock core_clk rise edge)
                                                      0.000     0.000 r  
                                                      0.000     0.000 r  clk (IN)
                         net (fo=64624, unset)        0.000     0.000    GEN_CLUSTER[0].u_engine/u_scheduler/clk
                         FDRE                                         r  GEN_CLUSTER[0].u_engine/u_scheduler/mac_busy_reg[9]/C
  -------------------------------------------------------------------    -------------------
                         FDRE (Prop_FDRE_C_Q)         0.077     0.077 r  GEN_CLUSTER[0].u_engine/u_scheduler/mac_busy_reg[9]/Q
                         net (fo=5, unplaced)         0.173     0.250    GEN_CLUSTER[0].u_engine/u_scheduler/mac_busy_reg_n_0_[9]
                         LUT6 (Prop_LUT6_I0_O)        0.150     0.400 r  GEN_CLUSTER[0].u_engine/u_scheduler/mac_context_tag[1]_INST_0_i_7/O
                         net (fo=1, unplaced)         0.151     0.551    GEN_CLUSTER[0].u_engine/u_scheduler/mac_context_tag[1]_INST_0_i_7_n_0
                         LUT6 (Prop_LUT6_I0_O)        0.150     0.701 r  GEN_CLUSTER[0].u_engine/u_scheduler/mac_context_tag[1]_INST_0_i_2/O
                         net (fo=9, unplaced)         0.263     0.964    GEN_CLUSTER[0].u_engine/u_scheduler/mac_context_tag[1]_INST_0_i_2_n_0
                         LUT6 (Prop_LUT6_I0_O)        0.038     1.002 r  GEN_CLUSTER[0].u_engine/u_scheduler/mac_row[2]_INST_0_i_4/O
                         net (fo=6, unplaced)         0.254     1.256    GEN_CLUSTER[0].u_engine/u_scheduler/mac_row[2]_INST_0_i_4_n_0
                         LUT6 (Prop_LUT6_I5_O)        0.038     1.294 r  GEN_CLUSTER[0].u_engine/u_scheduler/mac_row[2]_INST_0_i_1/O
                         net (fo=30, unplaced)        0.290     1.584    GEN_CLUSTER[0].u_engine/u_scheduler/mac_row[2]_INST_0_i_1_n_0
                         LUT3 (Prop_LUT3_I0_O)        0.038     1.622 r  GEN_CLUSTER[0].u_engine/u_scheduler/mac_context_tag[2]_INST_0/O
                         net (fo=36, unplaced)        0.294     1.916    GEN_CLUSTER[0].u_engine/u_scheduler/mac_context_tag[2]
                         LUT6 (Prop_LUT6_I4_O)        0.038     1.954 r  GEN_CLUSTER[0].u_engine/u_scheduler/mac_row[5]_INST_0_i_1/O
                         net (fo=19, unplaced)        0.280     2.234    GEN_CLUSTER[0].u_engine/u_scheduler/mac_row[5]_INST_0_i_1_n_0
                         LUT4 (Prop_LUT4_I2_O)        0.070     2.304 r  GEN_CLUSTER[0].u_engine/u_scheduler/mac_lane_valid[27]_INST_0_i_1/O
                         net (fo=10, unplaced)        0.219     2.523    GEN_CLUSTER[0].u_engine/u_scheduler/mac_lane_valid[27]_INST_0_i_1_n_0
                         LUT6 (Prop_LUT6_I3_O)        0.090     2.613 r  GEN_CLUSTER[0].u_engine/u_scheduler/mac_lane_valid[17]_INST_0/O
                         net (fo=7, unplaced)         0.176     2.789    GEN_CLUSTER[0].u_engine/u_scheduler/mac_lane_valid[17]
                         LUT6 (Prop_LUT6_I0_O)        0.150     2.939 r  GEN_CLUSTER[0].u_engine/u_scheduler/valid_macs[7]_i_53/O
                         net (fo=1, unplaced)         0.151     3.090    GEN_CLUSTER[0].u_engine/u_scheduler/valid_macs[7]_i_53_n_0
                         LUT6 (Prop_LUT6_I0_O)        0.150     3.240 f  GEN_CLUSTER[0].u_engine/u_scheduler/valid_macs[7]_i_35/O
                         net (fo=2, unplaced)         0.187     3.427    GEN_CLUSTER[0].u_engine/u_scheduler/valid_macs[7]_i_35_n_0
                         LUT5 (Prop_LUT5_I1_O)        0.139     3.566 f  GEN_CLUSTER[0].u_engine/u_scheduler/valid_macs[7]_i_17/O
                         net (fo=3, unplaced)         0.238     3.804    GEN_CLUSTER[0].u_engine/u_scheduler/valid_macs[7]_i_17_n_0
                         LUT6 (Prop_LUT6_I5_O)        0.038     3.842 r  GEN_CLUSTER[0].u_engine/u_scheduler/valid_macs[7]_i_9/O
                         net (fo=8, unplaced)         0.211     4.053    GEN_CLUSTER[0].u_engine/u_scheduler/valid_macs[7]_i_9_n_0
                         LUT3 (Prop_LUT3_I1_O)        0.099     4.152 r  GEN_CLUSTER[0].u_engine/u_scheduler/causal_lane_bubbles[7]_i_2/O
                         net (fo=1, unplaced)         0.198     4.350    GEN_CLUSTER[0].u_engine/u_scheduler/causal_lane_bubbles[7]_i_2_n_0
                         CARRY8 (Prop_CARRY8_DI[6]_CO[7])
                                                      0.065     4.415 r  GEN_CLUSTER[0].u_engine/u_scheduler/causal_lane_bubbles_reg[7]_i_1/CO[7]
                         net (fo=1, unplaced)         0.005     4.420    GEN_CLUSTER[0].u_engine/u_scheduler/causal_lane_bubbles_reg[7]_i_1_n_0
                         CARRY8 (Prop_CARRY8_CI_CO[7])
                                                      0.022     4.442 r  GEN_CLUSTER[0].u_engine/u_scheduler/causal_lane_bubbles_reg[15]_i_1/CO[7]
                         net (fo=1, unplaced)         0.005     4.447    GEN_CLUSTER[0].u_engine/u_scheduler/causal_lane_bubbles_reg[15]_i_1_n_0
                         CARRY8 (Prop_CARRY8_CI_CO[7])
                                                      0.022     4.469 r  GEN_CLUSTER[0].u_engine/u_scheduler/causal_lane_bubbles_reg[23]_i_1/CO[7]
                         net (fo=1, unplaced)         0.005     4.474    GEN_CLUSTER[0].u_engine/u_scheduler/causal_lane_bubbles_reg[23]_i_1_n_0
                         CARRY8 (Prop_CARRY8_CI_CO[7])
                                                      0.022     4.496 r  GEN_CLUSTER[0].u_engine/u_scheduler/causal_lane_bubbles_reg[31]_i_1/CO[7]
                         net (fo=1, unplaced)         0.005     4.501    GEN_CLUSTER[0].u_engine/u_scheduler/causal_lane_bubbles_reg[31]_i_1_n_0
                         CARRY8 (Prop_CARRY8_CI_CO[7])
                                                      0.022     4.523 r  GEN_CLUSTER[0].u_engine/u_scheduler/causal_lane_bubbles_reg[39]_i_1/CO[7]
                         net (fo=1, unplaced)         0.005     4.528    GEN_CLUSTER[0].u_engine/u_scheduler/causal_lane_bubbles_reg[39]_i_1_n_0
                         CARRY8 (Prop_CARRY8_CI_CO[7])
                                                      0.022     4.550 r  GEN_CLUSTER[0].u_engine/u_scheduler/causal_lane_bubbles_reg[47]_i_1/CO[7]
                         net (fo=1, unplaced)         0.005     4.555    GEN_CLUSTER[0].u_engine/u_scheduler/causal_lane_bubbles_reg[47]_i_1_n_0
                         CARRY8 (Prop_CARRY8_CI_O[1])
                                                      0.076     4.631 r  GEN_CLUSTER[0].u_engine/u_scheduler/causal_lane_bubbles_reg[55]_i_1/O[1]
                         net (fo=1, unplaced)         0.025     4.656    GEN_CLUSTER[0].u_engine/u_scheduler/causal_lane_bubbles_reg[55]_i_1_n_14
                         FDRE                                         r  GEN_CLUSTER[0].u_engine/u_scheduler/causal_lane_bubbles_reg[49]/D
  -------------------------------------------------------------------    -------------------

                         (clock core_clk rise edge)
                                                      6.666     6.666 r  
                                                      0.000     6.666 r  clk (IN)
                         net (fo=64624, unset)        0.000     6.666    GEN_CLUSTER[0].u_engine/u_scheduler/clk
                         FDRE                                         r  GEN_CLUSTER[0].u_engine/u_scheduler/causal_lane_bubbles_reg[49]/C
                         clock pessimism              0.000     6.666    
                         clock uncertainty           -0.035     6.631    
                         FDRE (Setup_FDRE_C_D)        0.025     6.656    GEN_CLUSTER[0].u_engine/u_scheduler/causal_lane_bubbles_reg[49]
  -------------------------------------------------------------------
                         required time                          6.656    
                         arrival time                          -4.656    
  -------------------------------------------------------------------
                         slack                                  2.000    

Slack (MET) :             2.006ns  (required time - arrival time)
  Source:                 GEN_CLUSTER[0].u_engine/u_scheduler/mac_busy_reg[9]/C
                            (rising edge-triggered cell FDRE clocked by core_clk  {rise@0.000ns fall@3.333ns period=6.666ns})
  Destination:            GEN_CLUSTER[0].u_engine/u_scheduler/valid_macs_reg[63]/D
                            (rising edge-triggered cell FDRE clocked by core_clk  {rise@0.000ns fall@3.333ns period=6.666ns})
  Path Group:             core_clk
  Path Type:              Setup (Max at Slow Process Corner)
  Requirement:            6.666ns  (core_clk rise@6.666ns - core_clk rise@0.000ns)
  Data Path Delay:        4.650ns  (logic 1.621ns (34.860%)  route 3.029ns (65.140%))
  Logic Levels:           21  (CARRY8=8 LUT3=1 LUT4=2 LUT5=1 LUT6=9)
  Clock Uncertainty:      0.035ns  ((TSJ^2 + TIJ^2)^1/2 + DJ) / 2 + PE
    Total System Jitter     (TSJ):    0.071ns
    Total Input Jitter      (TIJ):    0.000ns
    Discrete Jitter          (DJ):    0.000ns
    Phase Error              (PE):    0.000ns

    Location             Delay type                Incr(ns)  Path(ns)    Netlist Resource(s)
  -------------------------------------------------------------------    -------------------
                         (clock core_clk rise edge)
                                                      0.000     0.000 r  
                                                      0.000     0.000 r  clk (IN)
                         net (fo=64624, unset)        0.000     0.000    GEN_CLUSTER[0].u_engine/u_scheduler/clk
                         FDRE                                         r  GEN_CLUSTER[0].u_engine/u_scheduler/mac_busy_reg[9]/C
  -------------------------------------------------------------------    -------------------
                         FDRE (Prop_FDRE_C_Q)         0.077     0.077 r  GEN_CLUSTER[0].u_engine/u_scheduler/mac_busy_reg[9]/Q
                         net (fo=5, unplaced)         0.173     0.250    GEN_CLUSTER[0].u_engine/u_scheduler/mac_busy_reg_n_0_[9]
                         LUT6 (Prop_LUT6_I0_O)        0.150     0.400 r  GEN_CLUSTER[0].u_engine/u_scheduler/mac_context_tag[1]_INST_0_i_7/O
                         net (fo=1, unplaced)         0.151     0.551    GEN_CLUSTER[0].u_engine/u_scheduler/mac_context_tag[1]_INST_0_i_7_n_0
                         LUT6 (Prop_LUT6_I0_O)        0.150     0.701 r  GEN_CLUSTER[0].u_engine/u_scheduler/mac_context_tag[1]_INST_0_i_2/O
                         net (fo=9, unplaced)         0.263     0.964    GEN_CLUSTER[0].u_engine/u_scheduler/mac_context_tag[1]_INST_0_i_2_n_0
                         LUT6 (Prop_LUT6_I0_O)        0.038     1.002 r  GEN_CLUSTER[0].u_engine/u_scheduler/mac_row[2]_INST_0_i_4/O
                         net (fo=6, unplaced)         0.254     1.256    GEN_CLUSTER[0].u_engine/u_scheduler/mac_row[2]_INST_0_i_4_n_0
                         LUT6 (Prop_LUT6_I5_O)        0.038     1.294 r  GEN_CLUSTER[0].u_engine/u_scheduler/mac_row[2]_INST_0_i_1/O
                         net (fo=30, unplaced)        0.290     1.584    GEN_CLUSTER[0].u_engine/u_scheduler/mac_row[2]_INST_0_i_1_n_0
                         LUT3 (Prop_LUT3_I0_O)        0.038     1.622 r  GEN_CLUSTER[0].u_engine/u_scheduler/mac_context_tag[2]_INST_0/O
                         net (fo=36, unplaced)        0.294     1.916    GEN_CLUSTER[0].u_engine/u_scheduler/mac_context_tag[2]
                         LUT6 (Prop_LUT6_I4_O)        0.038     1.954 r  GEN_CLUSTER[0].u_engine/u_scheduler/mac_row[5]_INST_0_i_1/O
                         net (fo=19, unplaced)        0.280     2.234    GEN_CLUSTER[0].u_engine/u_scheduler/mac_row[5]_INST_0_i_1_n_0
                         LUT4 (Prop_LUT4_I2_O)        0.070     2.304 r  GEN_CLUSTER[0].u_engine/u_scheduler/mac_lane_valid[27]_INST_0_i_1/O
                         net (fo=10, unplaced)        0.219     2.523    GEN_CLUSTER[0].u_engine/u_scheduler/mac_lane_valid[27]_INST_0_i_1_n_0
                         LUT6 (Prop_LUT6_I3_O)        0.090     2.613 r  GEN_CLUSTER[0].u_engine/u_scheduler/mac_lane_valid[17]_INST_0/O
                         net (fo=7, unplaced)         0.176     2.789    GEN_CLUSTER[0].u_engine/u_scheduler/mac_lane_valid[17]
                         LUT6 (Prop_LUT6_I0_O)        0.150     2.939 r  GEN_CLUSTER[0].u_engine/u_scheduler/valid_macs[7]_i_53/O
                         net (fo=1, unplaced)         0.151     3.090    GEN_CLUSTER[0].u_engine/u_scheduler/valid_macs[7]_i_53_n_0
                         LUT6 (Prop_LUT6_I0_O)        0.150     3.240 f  GEN_CLUSTER[0].u_engine/u_scheduler/valid_macs[7]_i_35/O
                         net (fo=2, unplaced)         0.187     3.427    GEN_CLUSTER[0].u_engine/u_scheduler/valid_macs[7]_i_35_n_0
                         LUT5 (Prop_LUT5_I1_O)        0.139     3.566 f  GEN_CLUSTER[0].u_engine/u_scheduler/valid_macs[7]_i_17/O
                         net (fo=3, unplaced)         0.238     3.804    GEN_CLUSTER[0].u_engine/u_scheduler/valid_macs[7]_i_17_n_0
                         LUT6 (Prop_LUT6_I5_O)        0.038     3.842 r  GEN_CLUSTER[0].u_engine/u_scheduler/valid_macs[7]_i_9/O
                         net (fo=8, unplaced)         0.260     4.102    GEN_CLUSTER[0].u_engine/u_scheduler/valid_macs[7]_i_9_n_0
                         LUT4 (Prop_LUT4_I3_O)        0.037     4.139 r  GEN_CLUSTER[0].u_engine/u_scheduler/valid_macs[7]_i_4/O
                         net (fo=1, unplaced)         0.032     4.171    GEN_CLUSTER[0].u_engine/u_scheduler/valid_macs[7]_i_4_n_0
                         CARRY8 (Prop_CARRY8_S[3]_CO[7])
                                                      0.170     4.341 r  GEN_CLUSTER[0].u_engine/u_scheduler/valid_macs_reg[7]_i_1/CO[7]
                         net (fo=1, unplaced)         0.005     4.346    GEN_CLUSTER[0].u_engine/u_scheduler/valid_macs_reg[7]_i_1_n_0
                         CARRY8 (Prop_CARRY8_CI_CO[7])
                                                      0.022     4.368 r  GEN_CLUSTER[0].u_engine/u_scheduler/valid_macs_reg[15]_i_1/CO[7]
                         net (fo=1, unplaced)         0.005     4.373    GEN_CLUSTER[0].u_engine/u_scheduler/valid_macs_reg[15]_i_1_n_0
                         CARRY8 (Prop_CARRY8_CI_CO[7])
                                                      0.022     4.395 r  GEN_CLUSTER[0].u_engine/u_scheduler/valid_macs_reg[23]_i_1/CO[7]
                         net (fo=1, unplaced)         0.005     4.400    GEN_CLUSTER[0].u_engine/u_scheduler/valid_macs_reg[23]_i_1_n_0
                         CARRY8 (Prop_CARRY8_CI_CO[7])
                                                      0.022     4.422 r  GEN_CLUSTER[0].u_engine/u_scheduler/valid_macs_reg[31]_i_1/CO[7]
                         net (fo=1, unplaced)         0.005     4.427    GEN_CLUSTER[0].u_engine/u_scheduler/valid_macs_reg[31]_i_1_n_0
                         CARRY8 (Prop_CARRY8_CI_CO[7])
                                                      0.022     4.449 r  GEN_CLUSTER[0].u_engine/u_scheduler/valid_macs_reg[39]_i_1/CO[7]
                         net (fo=1, unplaced)         0.005     4.454    GEN_CLUSTER[0].u_engine/u_scheduler/valid_macs_reg[39]_i_1_n_0
                         CARRY8 (Prop_CARRY8_CI_CO[7])
                                                      0.022     4.476 r  GEN_CLUSTER[0].u_engine/u_scheduler/valid_macs_reg[47]_i_1/CO[7]
                         net (fo=1, unplaced)         0.005     4.481    GEN_CLUSTER[0].u_engine/u_scheduler/valid_macs_reg[47]_i_1_n_0
                         CARRY8 (Prop_CARRY8_CI_CO[7])
                                                      0.022     4.503 r  GEN_CLUSTER[0].u_engine/u_scheduler/valid_macs_reg[55]_i_1/CO[7]
                         net (fo=1, unplaced)         0.005     4.508    GEN_CLUSTER[0].u_engine/u_scheduler/valid_macs_reg[55]_i_1_n_0
                         CARRY8 (Prop_CARRY8_CI_O[7])
                                                      0.116     4.624 r  GEN_CLUSTER[0].u_engine/u_scheduler/valid_macs_reg[63]_i_1/O[7]
                         net (fo=1, unplaced)         0.026     4.650    GEN_CLUSTER[0].u_engine/u_scheduler/valid_macs_reg[63]_i_1_n_8
                         FDRE                                         r  GEN_CLUSTER[0].u_engine/u_scheduler/valid_macs_reg[63]/D
  -------------------------------------------------------------------    -------------------

                         (clock core_clk rise edge)
                                                      6.666     6.666 r  
                                                      0.000     6.666 r  clk (IN)
                         net (fo=64624, unset)        0.000     6.666    GEN_CLUSTER[0].u_engine/u_scheduler/clk
                         FDRE                                         r  GEN_CLUSTER[0].u_engine/u_scheduler/valid_macs_reg[63]/C
                         clock pessimism              0.000     6.666    
                         clock uncertainty           -0.035     6.631    
                         FDRE (Setup_FDRE_C_D)        0.025     6.656    GEN_CLUSTER[0].u_engine/u_scheduler/valid_macs_reg[63]
  -------------------------------------------------------------------
                         required time                          6.656    
                         arrival time                          -4.650    
  -------------------------------------------------------------------
                         slack                                  2.006    

Slack (MET) :             2.007ns  (required time - arrival time)
  Source:                 GEN_CLUSTER[0].u_engine/u_scheduler/mac_busy_reg[9]/C
                            (rising edge-triggered cell FDRE clocked by core_clk  {rise@0.000ns fall@3.333ns period=6.666ns})
  Destination:            GEN_CLUSTER[0].u_engine/u_scheduler/valid_macs_reg[61]/D
                            (rising edge-triggered cell FDRE clocked by core_clk  {rise@0.000ns fall@3.333ns period=6.666ns})
  Path Group:             core_clk
  Path Type:              Setup (Max at Slow Process Corner)
  Requirement:            6.666ns  (core_clk rise@6.666ns - core_clk rise@0.000ns)
  Data Path Delay:        4.649ns  (logic 1.621ns (34.868%)  route 3.028ns (65.132%))
  Logic Levels:           21  (CARRY8=8 LUT3=1 LUT4=2 LUT5=1 LUT6=9)
  Clock Uncertainty:      0.035ns  ((TSJ^2 + TIJ^2)^1/2 + DJ) / 2 + PE
    Total System Jitter     (TSJ):    0.071ns
    Total Input Jitter      (TIJ):    0.000ns
    Discrete Jitter          (DJ):    0.000ns
    Phase Error              (PE):    0.000ns

    Location             Delay type                Incr(ns)  Path(ns)    Netlist Resource(s)
  -------------------------------------------------------------------    -------------------
                         (clock core_clk rise edge)
                                                      0.000     0.000 r  
                                                      0.000     0.000 r  clk (IN)
                         net (fo=64624, unset)        0.000     0.000    GEN_CLUSTER[0].u_engine/u_scheduler/clk
                         FDRE                                         r  GEN_CLUSTER[0].u_engine/u_scheduler/mac_busy_reg[9]/C
  -------------------------------------------------------------------    -------------------
                         FDRE (Prop_FDRE_C_Q)         0.077     0.077 r  GEN_CLUSTER[0].u_engine/u_scheduler/mac_busy_reg[9]/Q
                         net (fo=5, unplaced)         0.173     0.250    GEN_CLUSTER[0].u_engine/u_scheduler/mac_busy_reg_n_0_[9]
                         LUT6 (Prop_LUT6_I0_O)        0.150     0.400 r  GEN_CLUSTER[0].u_engine/u_scheduler/mac_context_tag[1]_INST_0_i_7/O
                         net (fo=1, unplaced)         0.151     0.551    GEN_CLUSTER[0].u_engine/u_scheduler/mac_context_tag[1]_INST_0_i_7_n_0
                         LUT6 (Prop_LUT6_I0_O)        0.150     0.701 r  GEN_CLUSTER[0].u_engine/u_scheduler/mac_context_tag[1]_INST_0_i_2/O
                         net (fo=9, unplaced)         0.263     0.964    GEN_CLUSTER[0].u_engine/u_scheduler/mac_context_tag[1]_INST_0_i_2_n_0
                         LUT6 (Prop_LUT6_I0_O)        0.038     1.002 r  GEN_CLUSTER[0].u_engine/u_scheduler/mac_row[2]_INST_0_i_4/O
                         net (fo=6, unplaced)         0.254     1.256    GEN_CLUSTER[0].u_engine/u_scheduler/mac_row[2]_INST_0_i_4_n_0
                         LUT6 (Prop_LUT6_I5_O)        0.038     1.294 r  GEN_CLUSTER[0].u_engine/u_scheduler/mac_row[2]_INST_0_i_1/O
                         net (fo=30, unplaced)        0.290     1.584    GEN_CLUSTER[0].u_engine/u_scheduler/mac_row[2]_INST_0_i_1_n_0
                         LUT3 (Prop_LUT3_I0_O)        0.038     1.622 r  GEN_CLUSTER[0].u_engine/u_scheduler/mac_context_tag[2]_INST_0/O
                         net (fo=36, unplaced)        0.294     1.916    GEN_CLUSTER[0].u_engine/u_scheduler/mac_context_tag[2]
                         LUT6 (Prop_LUT6_I4_O)        0.038     1.954 r  GEN_CLUSTER[0].u_engine/u_scheduler/mac_row[5]_INST_0_i_1/O
                         net (fo=19, unplaced)        0.280     2.234    GEN_CLUSTER[0].u_engine/u_scheduler/mac_row[5]_INST_0_i_1_n_0
                         LUT4 (Prop_LUT4_I2_O)        0.070     2.304 r  GEN_CLUSTER[0].u_engine/u_scheduler/mac_lane_valid[27]_INST_0_i_1/O
                         net (fo=10, unplaced)        0.219     2.523    GEN_CLUSTER[0].u_engine/u_scheduler/mac_lane_valid[27]_INST_0_i_1_n_0
                         LUT6 (Prop_LUT6_I3_O)        0.090     2.613 r  GEN_CLUSTER[0].u_engine/u_scheduler/mac_lane_valid[17]_INST_0/O
                         net (fo=7, unplaced)         0.176     2.789    GEN_CLUSTER[0].u_engine/u_scheduler/mac_lane_valid[17]
                         LUT6 (Prop_LUT6_I0_O)        0.150     2.939 r  GEN_CLUSTER[0].u_engine/u_scheduler/valid_macs[7]_i_53/O
                         net (fo=1, unplaced)         0.151     3.090    GEN_CLUSTER[0].u_engine/u_scheduler/valid_macs[7]_i_53_n_0
                         LUT6 (Prop_LUT6_I0_O)        0.150     3.240 f  GEN_CLUSTER[0].u_engine/u_scheduler/valid_macs[7]_i_35/O
                         net (fo=2, unplaced)         0.187     3.427    GEN_CLUSTER[0].u_engine/u_scheduler/valid_macs[7]_i_35_n_0
                         LUT5 (Prop_LUT5_I1_O)        0.139     3.566 f  GEN_CLUSTER[0].u_engine/u_scheduler/valid_macs[7]_i_17/O
                         net (fo=3, unplaced)         0.238     3.804    GEN_CLUSTER[0].u_engine/u_scheduler/valid_macs[7]_i_17_n_0
                         LUT6 (Prop_LUT6_I5_O)        0.038     3.842 r  GEN_CLUSTER[0].u_engine/u_scheduler/valid_macs[7]_i_9/O
                         net (fo=8, unplaced)         0.260     4.102    GEN_CLUSTER[0].u_engine/u_scheduler/valid_macs[7]_i_9_n_0
                         LUT4 (Prop_LUT4_I3_O)        0.037     4.139 r  GEN_CLUSTER[0].u_engine/u_scheduler/valid_macs[7]_i_4/O
                         net (fo=1, unplaced)         0.032     4.171    GEN_CLUSTER[0].u_engine/u_scheduler/valid_macs[7]_i_4_n_0
                         CARRY8 (Prop_CARRY8_S[3]_CO[7])
                                                      0.170     4.341 r  GEN_CLUSTER[0].u_engine/u_scheduler/valid_macs_reg[7]_i_1/CO[7]
                         net (fo=1, unplaced)         0.005     4.346    GEN_CLUSTER[0].u_engine/u_scheduler/valid_macs_reg[7]_i_1_n_0
                         CARRY8 (Prop_CARRY8_CI_CO[7])
                                                      0.022     4.368 r  GEN_CLUSTER[0].u_engine/u_scheduler/valid_macs_reg[15]_i_1/CO[7]
                         net (fo=1, unplaced)         0.005     4.373    GEN_CLUSTER[0].u_engine/u_scheduler/valid_macs_reg[15]_i_1_n_0
                         CARRY8 (Prop_CARRY8_CI_CO[7])
                                                      0.022     4.395 r  GEN_CLUSTER[0].u_engine/u_scheduler/valid_macs_reg[23]_i_1/CO[7]
                         net (fo=1, unplaced)         0.005     4.400    GEN_CLUSTER[0].u_engine/u_scheduler/valid_macs_reg[23]_i_1_n_0
                         CARRY8 (Prop_CARRY8_CI_CO[7])
                                                      0.022     4.422 r  GEN_CLUSTER[0].u_engine/u_scheduler/valid_macs_reg[31]_i_1/CO[7]
                         net (fo=1, unplaced)         0.005     4.427    GEN_CLUSTER[0].u_engine/u_scheduler/valid_macs_reg[31]_i_1_n_0
                         CARRY8 (Prop_CARRY8_CI_CO[7])
                                                      0.022     4.449 r  GEN_CLUSTER[0].u_engine/u_scheduler/valid_macs_reg[39]_i_1/CO[7]
                         net (fo=1, unplaced)         0.005     4.454    GEN_CLUSTER[0].u_engine/u_scheduler/valid_macs_reg[39]_i_1_n_0
                         CARRY8 (Prop_CARRY8_CI_CO[7])
                                                      0.022     4.476 r  GEN_CLUSTER[0].u_engine/u_scheduler/valid_macs_reg[47]_i_1/CO[7]
                         net (fo=1, unplaced)         0.005     4.481    GEN_CLUSTER[0].u_engine/u_scheduler/valid_macs_reg[47]_i_1_n_0
                         CARRY8 (Prop_CARRY8_CI_CO[7])
                                                      0.022     4.503 r  GEN_CLUSTER[0].u_engine/u_scheduler/valid_macs_reg[55]_i_1/CO[7]
                         net (fo=1, unplaced)         0.005     4.508    GEN_CLUSTER[0].u_engine/u_scheduler/valid_macs_reg[55]_i_1_n_0
                         CARRY8 (Prop_CARRY8_CI_O[5])
                                                      0.116     4.624 r  GEN_CLUSTER[0].u_engine/u_scheduler/valid_macs_reg[63]_i_1/O[5]
                         net (fo=1, unplaced)         0.025     4.649    GEN_CLUSTER[0].u_engine/u_scheduler/valid_macs_reg[63]_i_1_n_10
                         FDRE                                         r  GEN_CLUSTER[0].u_engine/u_scheduler/valid_macs_reg[61]/D
  -------------------------------------------------------------------    -------------------

                         (clock core_clk rise edge)
                                                      6.666     6.666 r  
                                                      0.000     6.666 r  clk (IN)
                         net (fo=64624, unset)        0.000     6.666    GEN_CLUSTER[0].u_engine/u_scheduler/clk
                         FDRE                                         r  GEN_CLUSTER[0].u_engine/u_scheduler/valid_macs_reg[61]/C
                         clock pessimism              0.000     6.666    
                         clock uncertainty           -0.035     6.631    
                         FDRE (Setup_FDRE_C_D)        0.025     6.656    GEN_CLUSTER[0].u_engine/u_scheduler/valid_macs_reg[61]
  -------------------------------------------------------------------
                         required time                          6.656    
                         arrival time                          -4.649    
  -------------------------------------------------------------------
                         slack                                  2.007    

Slack (MET) :             2.008ns  (required time - arrival time)
  Source:                 GEN_CLUSTER[0].u_engine/u_scheduler/mac_busy_reg[9]/C
                            (rising edge-triggered cell FDRE clocked by core_clk  {rise@0.000ns fall@3.333ns period=6.666ns})
  Destination:            GEN_CLUSTER[0].u_engine/u_scheduler/causal_lane_bubbles_reg[50]/D
                            (rising edge-triggered cell FDRE clocked by core_clk  {rise@0.000ns fall@3.333ns period=6.666ns})
  Path Group:             core_clk
  Path Type:              Setup (Max at Slow Process Corner)
  Requirement:            6.666ns  (core_clk rise@6.666ns - core_clk rise@0.000ns)
  Data Path Delay:        4.648ns  (logic 1.507ns (32.423%)  route 3.141ns (67.577%))
  Logic Levels:           20  (CARRY8=7 LUT3=2 LUT4=1 LUT5=1 LUT6=9)
  Clock Uncertainty:      0.035ns  ((TSJ^2 + TIJ^2)^1/2 + DJ) / 2 + PE
    Total System Jitter     (TSJ):    0.071ns
    Total Input Jitter      (TIJ):    0.000ns
    Discrete Jitter          (DJ):    0.000ns
    Phase Error              (PE):    0.000ns

    Location             Delay type                Incr(ns)  Path(ns)    Netlist Resource(s)
  -------------------------------------------------------------------    -------------------
                         (clock core_clk rise edge)
                                                      0.000     0.000 r  
                                                      0.000     0.000 r  clk (IN)
                         net (fo=64624, unset)        0.000     0.000    GEN_CLUSTER[0].u_engine/u_scheduler/clk
                         FDRE                                         r  GEN_CLUSTER[0].u_engine/u_scheduler/mac_busy_reg[9]/C
  -------------------------------------------------------------------    -------------------
                         FDRE (Prop_FDRE_C_Q)         0.077     0.077 r  GEN_CLUSTER[0].u_engine/u_scheduler/mac_busy_reg[9]/Q
                         net (fo=5, unplaced)         0.173     0.250    GEN_CLUSTER[0].u_engine/u_scheduler/mac_busy_reg_n_0_[9]
                         LUT6 (Prop_LUT6_I0_O)        0.150     0.400 r  GEN_CLUSTER[0].u_engine/u_scheduler/mac_context_tag[1]_INST_0_i_7/O
                         net (fo=1, unplaced)         0.151     0.551    GEN_CLUSTER[0].u_engine/u_scheduler/mac_context_tag[1]_INST_0_i_7_n_0
                         LUT6 (Prop_LUT6_I0_O)        0.150     0.701 r  GEN_CLUSTER[0].u_engine/u_scheduler/mac_context_tag[1]_INST_0_i_2/O
                         net (fo=9, unplaced)         0.263     0.964    GEN_CLUSTER[0].u_engine/u_scheduler/mac_context_tag[1]_INST_0_i_2_n_0
                         LUT6 (Prop_LUT6_I0_O)        0.038     1.002 r  GEN_CLUSTER[0].u_engine/u_scheduler/mac_row[2]_INST_0_i_4/O
                         net (fo=6, unplaced)         0.254     1.256    GEN_CLUSTER[0].u_engine/u_scheduler/mac_row[2]_INST_0_i_4_n_0
                         LUT6 (Prop_LUT6_I5_O)        0.038     1.294 r  GEN_CLUSTER[0].u_engine/u_scheduler/mac_row[2]_INST_0_i_1/O
                         net (fo=30, unplaced)        0.290     1.584    GEN_CLUSTER[0].u_engine/u_scheduler/mac_row[2]_INST_0_i_1_n_0
                         LUT3 (Prop_LUT3_I0_O)        0.038     1.622 r  GEN_CLUSTER[0].u_engine/u_scheduler/mac_context_tag[2]_INST_0/O
                         net (fo=36, unplaced)        0.294     1.916    GEN_CLUSTER[0].u_engine/u_scheduler/mac_context_tag[2]
                         LUT6 (Prop_LUT6_I4_O)        0.038     1.954 r  GEN_CLUSTER[0].u_engine/u_scheduler/mac_row[5]_INST_0_i_1/O
                         net (fo=19, unplaced)        0.280     2.234    GEN_CLUSTER[0].u_engine/u_scheduler/mac_row[5]_INST_0_i_1_n_0
                         LUT4 (Prop_LUT4_I2_O)        0.070     2.304 r  GEN_CLUSTER[0].u_engine/u_scheduler/mac_lane_valid[27]_INST_0_i_1/O
                         net (fo=10, unplaced)        0.219     2.523    GEN_CLUSTER[0].u_engine/u_scheduler/mac_lane_valid[27]_INST_0_i_1_n_0
                         LUT6 (Prop_LUT6_I3_O)        0.090     2.613 r  GEN_CLUSTER[0].u_engine/u_scheduler/mac_lane_valid[17]_INST_0/O
                         net (fo=7, unplaced)         0.176     2.789    GEN_CLUSTER[0].u_engine/u_scheduler/mac_lane_valid[17]
                         LUT6 (Prop_LUT6_I0_O)        0.150     2.939 r  GEN_CLUSTER[0].u_engine/u_scheduler/valid_macs[7]_i_53/O
                         net (fo=1, unplaced)         0.151     3.090    GEN_CLUSTER[0].u_engine/u_scheduler/valid_macs[7]_i_53_n_0
                         LUT6 (Prop_LUT6_I0_O)        0.150     3.240 f  GEN_CLUSTER[0].u_engine/u_scheduler/valid_macs[7]_i_35/O
                         net (fo=2, unplaced)         0.187     3.427    GEN_CLUSTER[0].u_engine/u_scheduler/valid_macs[7]_i_35_n_0
                         LUT5 (Prop_LUT5_I1_O)        0.139     3.566 f  GEN_CLUSTER[0].u_engine/u_scheduler/valid_macs[7]_i_17/O
                         net (fo=3, unplaced)         0.238     3.804    GEN_CLUSTER[0].u_engine/u_scheduler/valid_macs[7]_i_17_n_0
                         LUT6 (Prop_LUT6_I5_O)        0.038     3.842 r  GEN_CLUSTER[0].u_engine/u_scheduler/valid_macs[7]_i_9/O
                         net (fo=8, unplaced)         0.211     4.053    GEN_CLUSTER[0].u_engine/u_scheduler/valid_macs[7]_i_9_n_0
                         LUT3 (Prop_LUT3_I1_O)        0.099     4.152 r  GEN_CLUSTER[0].u_engine/u_scheduler/causal_lane_bubbles[7]_i_2/O
                         net (fo=1, unplaced)         0.198     4.350    GEN_CLUSTER[0].u_engine/u_scheduler/causal_lane_bubbles[7]_i_2_n_0
                         CARRY8 (Prop_CARRY8_DI[6]_CO[7])
                                                      0.065     4.415 r  GEN_CLUSTER[0].u_engine/u_scheduler/causal_lane_bubbles_reg[7]_i_1/CO[7]
                         net (fo=1, unplaced)         0.005     4.420    GEN_CLUSTER[0].u_engine/u_scheduler/causal_lane_bubbles_reg[7]_i_1_n_0
                         CARRY8 (Prop_CARRY8_CI_CO[7])
                                                      0.022     4.442 r  GEN_CLUSTER[0].u_engine/u_scheduler/causal_lane_bubbles_reg[15]_i_1/CO[7]
                         net (fo=1, unplaced)         0.005     4.447    GEN_CLUSTER[0].u_engine/u_scheduler/causal_lane_bubbles_reg[15]_i_1_n_0
                         CARRY8 (Prop_CARRY8_CI_CO[7])
                                                      0.022     4.469 r  GEN_CLUSTER[0].u_engine/u_scheduler/causal_lane_bubbles_reg[23]_i_1/CO[7]
                         net (fo=1, unplaced)         0.005     4.474    GEN_CLUSTER[0].u_engine/u_scheduler/causal_lane_bubbles_reg[23]_i_1_n_0
                         CARRY8 (Prop_CARRY8_CI_CO[7])
                                                      0.022     4.496 r  GEN_CLUSTER[0].u_engine/u_scheduler/causal_lane_bubbles_reg[31]_i_1/CO[7]
                         net (fo=1, unplaced)         0.005     4.501    GEN_CLUSTER[0].u_engine/u_scheduler/causal_lane_bubbles_reg[31]_i_1_n_0
                         CARRY8 (Prop_CARRY8_CI_CO[7])
                                                      0.022     4.523 r  GEN_CLUSTER[0].u_engine/u_scheduler/causal_lane_bubbles_reg[39]_i_1/CO[7]
                         net (fo=1, unplaced)         0.005     4.528    GEN_CLUSTER[0].u_engine/u_scheduler/causal_lane_bubbles_reg[39]_i_1_n_0
                         CARRY8 (Prop_CARRY8_CI_CO[7])
                                                      0.022     4.550 r  GEN_CLUSTER[0].u_engine/u_scheduler/causal_lane_bubbles_reg[47]_i_1/CO[7]
                         net (fo=1, unplaced)         0.005     4.555    GEN_CLUSTER[0].u_engine/u_scheduler/causal_lane_bubbles_reg[47]_i_1_n_0
                         CARRY8 (Prop_CARRY8_CI_O[2])
                                                      0.067     4.622 r  GEN_CLUSTER[0].u_engine/u_scheduler/causal_lane_bubbles_reg[55]_i_1/O[2]
                         net (fo=1, unplaced)         0.026     4.648    GEN_CLUSTER[0].u_engine/u_scheduler/causal_lane_bubbles_reg[55]_i_1_n_13
                         FDRE                                         r  GEN_CLUSTER[0].u_engine/u_scheduler/causal_lane_bubbles_reg[50]/D
  -------------------------------------------------------------------    -------------------

                         (clock core_clk rise edge)
                                                      6.666     6.666 r  
                                                      0.000     6.666 r  clk (IN)
                         net (fo=64624, unset)        0.000     6.666    GEN_CLUSTER[0].u_engine/u_scheduler/clk
                         FDRE                                         r  GEN_CLUSTER[0].u_engine/u_scheduler/causal_lane_bubbles_reg[50]/C
                         clock pessimism              0.000     6.666    
                         clock uncertainty           -0.035     6.631    
                         FDRE (Setup_FDRE_C_D)        0.025     6.656    GEN_CLUSTER[0].u_engine/u_scheduler/causal_lane_bubbles_reg[50]
  -------------------------------------------------------------------
                         required time                          6.656    
                         arrival time                          -4.648    
  -------------------------------------------------------------------
                         slack                                  2.008    





Min Delay Paths
--------------------------------------------------------------------------------------
Slack (MET) :             0.037ns  (arrival time - required time)
  Source:                 GEN_ASSIGNMENT_COUNTER[0].cluster_assignment_errors_reg[13]/C
                            (rising edge-triggered cell FDRE clocked by core_clk  {rise@0.000ns fall@3.333ns period=6.666ns})
  Destination:            cluster_assignment_errors[13]
                            (output port clocked by core_clk  {rise@0.000ns fall@3.333ns period=6.666ns})
  Path Group:             core_clk
  Path Type:              Min at Fast Process Corner
  Requirement:            0.000ns  (core_clk rise@0.000ns - core_clk rise@0.000ns)
  Data Path Delay:        0.037ns  (logic 0.037ns (100.000%)  route 0.000ns (0.000%))
  Logic Levels:           0  
  Output Delay:           0.000ns

    Location             Delay type                Incr(ns)  Path(ns)    Netlist Resource(s)
  -------------------------------------------------------------------    -------------------
                         (clock core_clk rise edge)
                                                      0.000     0.000 r  
                                                      0.000     0.000 r  clk (IN)
                         net (fo=64624, unset)        0.000     0.000    clk
                         FDRE                                         r  GEN_ASSIGNMENT_COUNTER[0].cluster_assignment_errors_reg[13]/C
  -------------------------------------------------------------------    -------------------
                         FDRE (Prop_FDRE_C_Q)         0.037     0.037 r  GEN_ASSIGNMENT_COUNTER[0].cluster_assignment_errors_reg[13]/Q
                         net (fo=1, unset)            0.000     0.037    cluster_assignment_errors[13]
                                                                      r  cluster_assignment_errors[13] (OUT)
  -------------------------------------------------------------------    -------------------

                         (clock core_clk rise edge)
                                                      0.000     0.000 r  
                         clock pessimism              0.000     0.000    
                         output delay                -0.000     0.000    
  -------------------------------------------------------------------
                         required time                         -0.000    
                         arrival time                           0.037    
  -------------------------------------------------------------------
                         slack                                  0.037    

Slack (MET) :             0.037ns  (arrival time - required time)
  Source:                 GEN_ASSIGNMENT_COUNTER[0].cluster_assignment_errors_reg[21]/C
                            (rising edge-triggered cell FDRE clocked by core_clk  {rise@0.000ns fall@3.333ns period=6.666ns})
  Destination:            cluster_assignment_errors[21]
                            (output port clocked by core_clk  {rise@0.000ns fall@3.333ns period=6.666ns})
  Path Group:             core_clk
  Path Type:              Min at Fast Process Corner
  Requirement:            0.000ns  (core_clk rise@0.000ns - core_clk rise@0.000ns)
  Data Path Delay:        0.037ns  (logic 0.037ns (100.000%)  route 0.000ns (0.000%))
  Logic Levels:           0  
  Output Delay:           0.000ns

    Location             Delay type                Incr(ns)  Path(ns)    Netlist Resource(s)
  -------------------------------------------------------------------    -------------------
                         (clock core_clk rise edge)
                                                      0.000     0.000 r  
                                                      0.000     0.000 r  clk (IN)
                         net (fo=64624, unset)        0.000     0.000    clk
                         FDRE                                         r  GEN_ASSIGNMENT_COUNTER[0].cluster_assignment_errors_reg[21]/C
  -------------------------------------------------------------------    -------------------
                         FDRE (Prop_FDRE_C_Q)         0.037     0.037 r  GEN_ASSIGNMENT_COUNTER[0].cluster_assignment_errors_reg[21]/Q
                         net (fo=1, unset)            0.000     0.037    cluster_assignment_errors[21]
                                                                      r  cluster_assignment_errors[21] (OUT)
  -------------------------------------------------------------------    -------------------

                         (clock core_clk rise edge)
                                                      0.000     0.000 r  
                         clock pessimism              0.000     0.000    
                         output delay                -0.000     0.000    
  -------------------------------------------------------------------
                         required time                         -0.000    
                         arrival time                           0.037    
  -------------------------------------------------------------------
                         slack                                  0.037    

Slack (MET) :             0.037ns  (arrival time - required time)
  Source:                 GEN_ASSIGNMENT_COUNTER[0].cluster_assignment_errors_reg[29]/C
                            (rising edge-triggered cell FDRE clocked by core_clk  {rise@0.000ns fall@3.333ns period=6.666ns})
  Destination:            cluster_assignment_errors[29]
                            (output port clocked by core_clk  {rise@0.000ns fall@3.333ns period=6.666ns})
  Path Group:             core_clk
  Path Type:              Min at Fast Process Corner
  Requirement:            0.000ns  (core_clk rise@0.000ns - core_clk rise@0.000ns)
  Data Path Delay:        0.037ns  (logic 0.037ns (100.000%)  route 0.000ns (0.000%))
  Logic Levels:           0  
  Output Delay:           0.000ns

    Location             Delay type                Incr(ns)  Path(ns)    Netlist Resource(s)
  -------------------------------------------------------------------    -------------------
                         (clock core_clk rise edge)
                                                      0.000     0.000 r  
                                                      0.000     0.000 r  clk (IN)
                         net (fo=64624, unset)        0.000     0.000    clk
                         FDRE                                         r  GEN_ASSIGNMENT_COUNTER[0].cluster_assignment_errors_reg[29]/C
  -------------------------------------------------------------------    -------------------
                         FDRE (Prop_FDRE_C_Q)         0.037     0.037 r  GEN_ASSIGNMENT_COUNTER[0].cluster_assignment_errors_reg[29]/Q
                         net (fo=1, unset)            0.000     0.037    cluster_assignment_errors[29]
                                                                      r  cluster_assignment_errors[29] (OUT)
  -------------------------------------------------------------------    -------------------

                         (clock core_clk rise edge)
                                                      0.000     0.000 r  
                         clock pessimism              0.000     0.000    
                         output delay                -0.000     0.000    
  -------------------------------------------------------------------
                         required time                         -0.000    
                         arrival time                           0.037    
  -------------------------------------------------------------------
                         slack                                  0.037    

Slack (MET) :             0.037ns  (arrival time - required time)
  Source:                 GEN_ASSIGNMENT_COUNTER[0].cluster_assignment_errors_reg[37]/C
                            (rising edge-triggered cell FDRE clocked by core_clk  {rise@0.000ns fall@3.333ns period=6.666ns})
  Destination:            cluster_assignment_errors[37]
                            (output port clocked by core_clk  {rise@0.000ns fall@3.333ns period=6.666ns})
  Path Group:             core_clk
  Path Type:              Min at Fast Process Corner
  Requirement:            0.000ns  (core_clk rise@0.000ns - core_clk rise@0.000ns)
  Data Path Delay:        0.037ns  (logic 0.037ns (100.000%)  route 0.000ns (0.000%))
  Logic Levels:           0  
  Output Delay:           0.000ns

    Location             Delay type                Incr(ns)  Path(ns)    Netlist Resource(s)
  -------------------------------------------------------------------    -------------------
                         (clock core_clk rise edge)
                                                      0.000     0.000 r  
                                                      0.000     0.000 r  clk (IN)
                         net (fo=64624, unset)        0.000     0.000    clk
                         FDRE                                         r  GEN_ASSIGNMENT_COUNTER[0].cluster_assignment_errors_reg[37]/C
  -------------------------------------------------------------------    -------------------
                         FDRE (Prop_FDRE_C_Q)         0.037     0.037 r  GEN_ASSIGNMENT_COUNTER[0].cluster_assignment_errors_reg[37]/Q
                         net (fo=1, unset)            0.000     0.037    cluster_assignment_errors[37]
                                                                      r  cluster_assignment_errors[37] (OUT)
  -------------------------------------------------------------------    -------------------

                         (clock core_clk rise edge)
                                                      0.000     0.000 r  
                         clock pessimism              0.000     0.000    
                         output delay                -0.000     0.000    
  -------------------------------------------------------------------
                         required time                         -0.000    
                         arrival time                           0.037    
  -------------------------------------------------------------------
                         slack                                  0.037    

Slack (MET) :             0.037ns  (arrival time - required time)
  Source:                 GEN_ASSIGNMENT_COUNTER[0].cluster_assignment_errors_reg[45]/C
                            (rising edge-triggered cell FDRE clocked by core_clk  {rise@0.000ns fall@3.333ns period=6.666ns})
  Destination:            cluster_assignment_errors[45]
                            (output port clocked by core_clk  {rise@0.000ns fall@3.333ns period=6.666ns})
  Path Group:             core_clk
  Path Type:              Min at Fast Process Corner
  Requirement:            0.000ns  (core_clk rise@0.000ns - core_clk rise@0.000ns)
  Data Path Delay:        0.037ns  (logic 0.037ns (100.000%)  route 0.000ns (0.000%))
  Logic Levels:           0  
  Output Delay:           0.000ns

    Location             Delay type                Incr(ns)  Path(ns)    Netlist Resource(s)
  -------------------------------------------------------------------    -------------------
                         (clock core_clk rise edge)
                                                      0.000     0.000 r  
                                                      0.000     0.000 r  clk (IN)
                         net (fo=64624, unset)        0.000     0.000    clk
                         FDRE                                         r  GEN_ASSIGNMENT_COUNTER[0].cluster_assignment_errors_reg[45]/C
  -------------------------------------------------------------------    -------------------
                         FDRE (Prop_FDRE_C_Q)         0.037     0.037 r  GEN_ASSIGNMENT_COUNTER[0].cluster_assignment_errors_reg[45]/Q
                         net (fo=1, unset)            0.000     0.037    cluster_assignment_errors[45]
                                                                      r  cluster_assignment_errors[45] (OUT)
  -------------------------------------------------------------------    -------------------

                         (clock core_clk rise edge)
                                                      0.000     0.000 r  
                         clock pessimism              0.000     0.000    
                         output delay                -0.000     0.000    
  -------------------------------------------------------------------
                         required time                         -0.000    
                         arrival time                           0.037    
  -------------------------------------------------------------------
                         slack                                  0.037    

Slack (MET) :             0.037ns  (arrival time - required time)
  Source:                 GEN_ASSIGNMENT_COUNTER[0].cluster_assignment_errors_reg[53]/C
                            (rising edge-triggered cell FDRE clocked by core_clk  {rise@0.000ns fall@3.333ns period=6.666ns})
  Destination:            cluster_assignment_errors[53]
                            (output port clocked by core_clk  {rise@0.000ns fall@3.333ns period=6.666ns})
  Path Group:             core_clk
  Path Type:              Min at Fast Process Corner
  Requirement:            0.000ns  (core_clk rise@0.000ns - core_clk rise@0.000ns)
  Data Path Delay:        0.037ns  (logic 0.037ns (100.000%)  route 0.000ns (0.000%))
  Logic Levels:           0  
  Output Delay:           0.000ns

    Location             Delay type                Incr(ns)  Path(ns)    Netlist Resource(s)
  -------------------------------------------------------------------    -------------------
                         (clock core_clk rise edge)
                                                      0.000     0.000 r  
                                                      0.000     0.000 r  clk (IN)
                         net (fo=64624, unset)        0.000     0.000    clk
                         FDRE                                         r  GEN_ASSIGNMENT_COUNTER[0].cluster_assignment_errors_reg[53]/C
  -------------------------------------------------------------------    -------------------
                         FDRE (Prop_FDRE_C_Q)         0.037     0.037 r  GEN_ASSIGNMENT_COUNTER[0].cluster_assignment_errors_reg[53]/Q
                         net (fo=1, unset)            0.000     0.037    cluster_assignment_errors[53]
                                                                      r  cluster_assignment_errors[53] (OUT)
  -------------------------------------------------------------------    -------------------

                         (clock core_clk rise edge)
                                                      0.000     0.000 r  
                         clock pessimism              0.000     0.000    
                         output delay                -0.000     0.000    
  -------------------------------------------------------------------
                         required time                         -0.000    
                         arrival time                           0.037    
  -------------------------------------------------------------------
                         slack                                  0.037    

Slack (MET) :             0.037ns  (arrival time - required time)
  Source:                 GEN_ASSIGNMENT_COUNTER[0].cluster_assignment_errors_reg[5]/C
                            (rising edge-triggered cell FDRE clocked by core_clk  {rise@0.000ns fall@3.333ns period=6.666ns})
  Destination:            cluster_assignment_errors[5]
                            (output port clocked by core_clk  {rise@0.000ns fall@3.333ns period=6.666ns})
  Path Group:             core_clk
  Path Type:              Min at Fast Process Corner
  Requirement:            0.000ns  (core_clk rise@0.000ns - core_clk rise@0.000ns)
  Data Path Delay:        0.037ns  (logic 0.037ns (100.000%)  route 0.000ns (0.000%))
  Logic Levels:           0  
  Output Delay:           0.000ns

    Location             Delay type                Incr(ns)  Path(ns)    Netlist Resource(s)
  -------------------------------------------------------------------    -------------------
                         (clock core_clk rise edge)
                                                      0.000     0.000 r  
                                                      0.000     0.000 r  clk (IN)
                         net (fo=64624, unset)        0.000     0.000    clk
                         FDRE                                         r  GEN_ASSIGNMENT_COUNTER[0].cluster_assignment_errors_reg[5]/C
  -------------------------------------------------------------------    -------------------
                         FDRE (Prop_FDRE_C_Q)         0.037     0.037 r  GEN_ASSIGNMENT_COUNTER[0].cluster_assignment_errors_reg[5]/Q
                         net (fo=1, unset)            0.000     0.037    cluster_assignment_errors[5]
                                                                      r  cluster_assignment_errors[5] (OUT)
  -------------------------------------------------------------------    -------------------

                         (clock core_clk rise edge)
                                                      0.000     0.000 r  
                         clock pessimism              0.000     0.000    
                         output delay                -0.000     0.000    
  -------------------------------------------------------------------
                         required time                         -0.000    
                         arrival time                           0.037    
  -------------------------------------------------------------------
                         slack                                  0.037    

Slack (MET) :             0.037ns  (arrival time - required time)
  Source:                 GEN_ASSIGNMENT_COUNTER[0].cluster_assignment_errors_reg[61]/C
                            (rising edge-triggered cell FDRE clocked by core_clk  {rise@0.000ns fall@3.333ns period=6.666ns})
  Destination:            cluster_assignment_errors[61]
                            (output port clocked by core_clk  {rise@0.000ns fall@3.333ns period=6.666ns})
  Path Group:             core_clk
  Path Type:              Min at Fast Process Corner
  Requirement:            0.000ns  (core_clk rise@0.000ns - core_clk rise@0.000ns)
  Data Path Delay:        0.037ns  (logic 0.037ns (100.000%)  route 0.000ns (0.000%))
  Logic Levels:           0  
  Output Delay:           0.000ns

    Location             Delay type                Incr(ns)  Path(ns)    Netlist Resource(s)
  -------------------------------------------------------------------    -------------------
                         (clock core_clk rise edge)
                                                      0.000     0.000 r  
                                                      0.000     0.000 r  clk (IN)
                         net (fo=64624, unset)        0.000     0.000    clk
                         FDRE                                         r  GEN_ASSIGNMENT_COUNTER[0].cluster_assignment_errors_reg[61]/C
  -------------------------------------------------------------------    -------------------
                         FDRE (Prop_FDRE_C_Q)         0.037     0.037 r  GEN_ASSIGNMENT_COUNTER[0].cluster_assignment_errors_reg[61]/Q
                         net (fo=1, unset)            0.000     0.037    cluster_assignment_errors[61]
                                                                      r  cluster_assignment_errors[61] (OUT)
  -------------------------------------------------------------------    -------------------

                         (clock core_clk rise edge)
                                                      0.000     0.000 r  
                         clock pessimism              0.000     0.000    
                         output delay                -0.000     0.000    
  -------------------------------------------------------------------
                         required time                         -0.000    
                         arrival time                           0.037    
  -------------------------------------------------------------------
                         slack                                  0.037    

Slack (MET) :             0.037ns  (arrival time - required time)
  Source:                 GEN_CLUSTER[0].u_engine/u_scheduler/causal_lane_bubbles_reg[13]/C
                            (rising edge-triggered cell FDRE clocked by core_clk  {rise@0.000ns fall@3.333ns period=6.666ns})
  Destination:            cluster_causal_lane_bubbles[13]
                            (output port clocked by core_clk  {rise@0.000ns fall@3.333ns period=6.666ns})
  Path Group:             core_clk
  Path Type:              Min at Fast Process Corner
  Requirement:            0.000ns  (core_clk rise@0.000ns - core_clk rise@0.000ns)
  Data Path Delay:        0.037ns  (logic 0.037ns (100.000%)  route 0.000ns (0.000%))
  Logic Levels:           0  
  Output Delay:           0.000ns

    Location             Delay type                Incr(ns)  Path(ns)    Netlist Resource(s)
  -------------------------------------------------------------------    -------------------
                         (clock core_clk rise edge)
                                                      0.000     0.000 r  
                                                      0.000     0.000 r  clk (IN)
                         net (fo=64624, unset)        0.000     0.000    GEN_CLUSTER[0].u_engine/u_scheduler/clk
                         FDRE                                         r  GEN_CLUSTER[0].u_engine/u_scheduler/causal_lane_bubbles_reg[13]/C
  -------------------------------------------------------------------    -------------------
                         FDRE (Prop_FDRE_C_Q)         0.037     0.037 r  GEN_CLUSTER[0].u_engine/u_scheduler/causal_lane_bubbles_reg[13]/Q
                         net (fo=3, unset)            0.000     0.037    cluster_causal_lane_bubbles[13]
                                                                      r  cluster_causal_lane_bubbles[13] (OUT)
  -------------------------------------------------------------------    -------------------

                         (clock core_clk rise edge)
                                                      0.000     0.000 r  
                         clock pessimism              0.000     0.000    
                         output delay                -0.000     0.000    
  -------------------------------------------------------------------
                         required time                         -0.000    
                         arrival time                           0.037    
  -------------------------------------------------------------------
                         slack                                  0.037    

Slack (MET) :             0.037ns  (arrival time - required time)
  Source:                 GEN_CLUSTER[0].u_engine/u_scheduler/causal_lane_bubbles_reg[21]/C
                            (rising edge-triggered cell FDRE clocked by core_clk  {rise@0.000ns fall@3.333ns period=6.666ns})
  Destination:            cluster_causal_lane_bubbles[21]
                            (output port clocked by core_clk  {rise@0.000ns fall@3.333ns period=6.666ns})
  Path Group:             core_clk
  Path Type:              Min at Fast Process Corner
  Requirement:            0.000ns  (core_clk rise@0.000ns - core_clk rise@0.000ns)
  Data Path Delay:        0.037ns  (logic 0.037ns (100.000%)  route 0.000ns (0.000%))
  Logic Levels:           0  
  Output Delay:           0.000ns

    Location             Delay type                Incr(ns)  Path(ns)    Netlist Resource(s)
  -------------------------------------------------------------------    -------------------
                         (clock core_clk rise edge)
                                                      0.000     0.000 r  
                                                      0.000     0.000 r  clk (IN)
                         net (fo=64624, unset)        0.000     0.000    GEN_CLUSTER[0].u_engine/u_scheduler/clk
                         FDRE                                         r  GEN_CLUSTER[0].u_engine/u_scheduler/causal_lane_bubbles_reg[21]/C
  -------------------------------------------------------------------    -------------------
                         FDRE (Prop_FDRE_C_Q)         0.037     0.037 r  GEN_CLUSTER[0].u_engine/u_scheduler/causal_lane_bubbles_reg[21]/Q
                         net (fo=3, unset)            0.000     0.037    cluster_causal_lane_bubbles[21]
                                                                      r  cluster_causal_lane_bubbles[21] (OUT)
  -------------------------------------------------------------------    -------------------

                         (clock core_clk rise edge)
                                                      0.000     0.000 r  
                         clock pessimism              0.000     0.000    
                         output delay                -0.000     0.000    
  -------------------------------------------------------------------
                         required time                         -0.000    
                         arrival time                           0.037    
  -------------------------------------------------------------------
                         slack                                  0.037    

Slack (MET) :             0.037ns  (arrival time - required time)
  Source:                 GEN_CLUSTER[0].u_engine/u_scheduler/causal_lane_bubbles_reg[29]/C
                            (rising edge-triggered cell FDRE clocked by core_clk  {rise@0.000ns fall@3.333ns period=6.666ns})
  Destination:            cluster_causal_lane_bubbles[29]
                            (output port clocked by core_clk  {rise@0.000ns fall@3.333ns period=6.666ns})
  Path Group:             core_clk
  Path Type:              Min at Fast Process Corner
  Requirement:            0.000ns  (core_clk rise@0.000ns - core_clk rise@0.000ns)
  Data Path Delay:        0.037ns  (logic 0.037ns (100.000%)  route 0.000ns (0.000%))
  Logic Levels:           0  
  Output Delay:           0.000ns

    Location             Delay type                Incr(ns)  Path(ns)    Netlist Resource(s)
  -------------------------------------------------------------------    -------------------
                         (clock core_clk rise edge)
                                                      0.000     0.000 r  
                                                      0.000     0.000 r  clk (IN)
                         net (fo=64624, unset)        0.000     0.000    GEN_CLUSTER[0].u_engine/u_scheduler/clk
                         FDRE                                         r  GEN_CLUSTER[0].u_engine/u_scheduler/causal_lane_bubbles_reg[29]/C
  -------------------------------------------------------------------    -------------------
                         FDRE (Prop_FDRE_C_Q)         0.037     0.037 r  GEN_CLUSTER[0].u_engine/u_scheduler/causal_lane_bubbles_reg[29]/Q
                         net (fo=3, unset)            0.000     0.037    cluster_causal_lane_bubbles[29]
                                                                      r  cluster_causal_lane_bubbles[29] (OUT)
  -------------------------------------------------------------------    -------------------

                         (clock core_clk rise edge)
                                                      0.000     0.000 r  
                         clock pessimism              0.000     0.000    
                         output delay                -0.000     0.000    
  -------------------------------------------------------------------
                         required time                         -0.000    
                         arrival time                           0.037    
  -------------------------------------------------------------------
                         slack                                  0.037    

Slack (MET) :             0.037ns  (arrival time - required time)
  Source:                 GEN_CLUSTER[0].u_engine/u_scheduler/causal_lane_bubbles_reg[37]/C
                            (rising edge-triggered cell FDRE clocked by core_clk  {rise@0.000ns fall@3.333ns period=6.666ns})
  Destination:            cluster_causal_lane_bubbles[37]
                            (output port clocked by core_clk  {rise@0.000ns fall@3.333ns period=6.666ns})
  Path Group:             core_clk
  Path Type:              Min at Fast Process Corner
  Requirement:            0.000ns  (core_clk rise@0.000ns - core_clk rise@0.000ns)
  Data Path Delay:        0.037ns  (logic 0.037ns (100.000%)  route 0.000ns (0.000%))
  Logic Levels:           0  
  Output Delay:           0.000ns

    Location             Delay type                Incr(ns)  Path(ns)    Netlist Resource(s)
  -------------------------------------------------------------------    -------------------
                         (clock core_clk rise edge)
                                                      0.000     0.000 r  
                                                      0.000     0.000 r  clk (IN)
                         net (fo=64624, unset)        0.000     0.000    GEN_CLUSTER[0].u_engine/u_scheduler/clk
                         FDRE                                         r  GEN_CLUSTER[0].u_engine/u_scheduler/causal_lane_bubbles_reg[37]/C
  -------------------------------------------------------------------    -------------------
                         FDRE (Prop_FDRE_C_Q)         0.037     0.037 r  GEN_CLUSTER[0].u_engine/u_scheduler/causal_lane_bubbles_reg[37]/Q
                         net (fo=3, unset)            0.000     0.037    cluster_causal_lane_bubbles[37]
                                                                      r  cluster_causal_lane_bubbles[37] (OUT)
  -------------------------------------------------------------------    -------------------

                         (clock core_clk rise edge)
                                                      0.000     0.000 r  
                         clock pessimism              0.000     0.000    
                         output delay                -0.000     0.000    
  -------------------------------------------------------------------
                         required time                         -0.000    
                         arrival time                           0.037    
  -------------------------------------------------------------------
                         slack                                  0.037    

Slack (MET) :             0.037ns  (arrival time - required time)
  Source:                 GEN_CLUSTER[0].u_engine/u_scheduler/causal_lane_bubbles_reg[45]/C
                            (rising edge-triggered cell FDRE clocked by core_clk  {rise@0.000ns fall@3.333ns period=6.666ns})
  Destination:            cluster_causal_lane_bubbles[45]
                            (output port clocked by core_clk  {rise@0.000ns fall@3.333ns period=6.666ns})
  Path Group:             core_clk
  Path Type:              Min at Fast Process Corner
  Requirement:            0.000ns  (core_clk rise@0.000ns - core_clk rise@0.000ns)
  Data Path Delay:        0.037ns  (logic 0.037ns (100.000%)  route 0.000ns (0.000%))
  Logic Levels:           0  
  Output Delay:           0.000ns

    Location             Delay type                Incr(ns)  Path(ns)    Netlist Resource(s)
  -------------------------------------------------------------------    -------------------
                         (clock core_clk rise edge)
                                                      0.000     0.000 r  
                                                      0.000     0.000 r  clk (IN)
                         net (fo=64624, unset)        0.000     0.000    GEN_CLUSTER[0].u_engine/u_scheduler/clk
                         FDRE                                         r  GEN_CLUSTER[0].u_engine/u_scheduler/causal_lane_bubbles_reg[45]/C
  -------------------------------------------------------------------    -------------------
                         FDRE (Prop_FDRE_C_Q)         0.037     0.037 r  GEN_CLUSTER[0].u_engine/u_scheduler/causal_lane_bubbles_reg[45]/Q
                         net (fo=3, unset)            0.000     0.037    cluster_causal_lane_bubbles[45]
                                                                      r  cluster_causal_lane_bubbles[45] (OUT)
  -------------------------------------------------------------------    -------------------

                         (clock core_clk rise edge)
                                                      0.000     0.000 r  
                         clock pessimism              0.000     0.000    
                         output delay                -0.000     0.000    
  -------------------------------------------------------------------
                         required time                         -0.000    
                         arrival time                           0.037    
  -------------------------------------------------------------------
                         slack                                  0.037    

Slack (MET) :             0.037ns  (arrival time - required time)
  Source:                 GEN_CLUSTER[0].u_engine/u_scheduler/causal_lane_bubbles_reg[53]/C
                            (rising edge-triggered cell FDRE clocked by core_clk  {rise@0.000ns fall@3.333ns period=6.666ns})
  Destination:            cluster_causal_lane_bubbles[53]
                            (output port clocked by core_clk  {rise@0.000ns fall@3.333ns period=6.666ns})
  Path Group:             core_clk
  Path Type:              Min at Fast Process Corner
  Requirement:            0.000ns  (core_clk rise@0.000ns - core_clk rise@0.000ns)
  Data Path Delay:        0.037ns  (logic 0.037ns (100.000%)  route 0.000ns (0.000%))
  Logic Levels:           0  
  Output Delay:           0.000ns

    Location             Delay type                Incr(ns)  Path(ns)    Netlist Resource(s)
  -------------------------------------------------------------------    -------------------
                         (clock core_clk rise edge)
                                                      0.000     0.000 r  
                                                      0.000     0.000 r  clk (IN)
                         net (fo=64624, unset)        0.000     0.000    GEN_CLUSTER[0].u_engine/u_scheduler/clk
                         FDRE                                         r  GEN_CLUSTER[0].u_engine/u_scheduler/causal_lane_bubbles_reg[53]/C
  -------------------------------------------------------------------    -------------------
                         FDRE (Prop_FDRE_C_Q)         0.037     0.037 r  GEN_CLUSTER[0].u_engine/u_scheduler/causal_lane_bubbles_reg[53]/Q
                         net (fo=3, unset)            0.000     0.037    cluster_causal_lane_bubbles[53]
                                                                      r  cluster_causal_lane_bubbles[53] (OUT)
  -------------------------------------------------------------------    -------------------

                         (clock core_clk rise edge)
                                                      0.000     0.000 r  
                         clock pessimism              0.000     0.000    
                         output delay                -0.000     0.000    
  -------------------------------------------------------------------
                         required time                         -0.000    
                         arrival time                           0.037    
  -------------------------------------------------------------------
                         slack                                  0.037    

Slack (MET) :             0.037ns  (arrival time - required time)
  Source:                 GEN_CLUSTER[0].u_engine/u_scheduler/causal_lane_bubbles_reg[5]/C
                            (rising edge-triggered cell FDRE clocked by core_clk  {rise@0.000ns fall@3.333ns period=6.666ns})
  Destination:            cluster_causal_lane_bubbles[5]
                            (output port clocked by core_clk  {rise@0.000ns fall@3.333ns period=6.666ns})
  Path Group:             core_clk
  Path Type:              Min at Fast Process Corner
  Requirement:            0.000ns  (core_clk rise@0.000ns - core_clk rise@0.000ns)
  Data Path Delay:        0.037ns  (logic 0.037ns (100.000%)  route 0.000ns (0.000%))
  Logic Levels:           0  
  Output Delay:           0.000ns

    Location             Delay type                Incr(ns)  Path(ns)    Netlist Resource(s)
  -------------------------------------------------------------------    -------------------
                         (clock core_clk rise edge)
                                                      0.000     0.000 r  
                                                      0.000     0.000 r  clk (IN)
                         net (fo=64624, unset)        0.000     0.000    GEN_CLUSTER[0].u_engine/u_scheduler/clk
                         FDRE                                         r  GEN_CLUSTER[0].u_engine/u_scheduler/causal_lane_bubbles_reg[5]/C
  -------------------------------------------------------------------    -------------------
                         FDRE (Prop_FDRE_C_Q)         0.037     0.037 r  GEN_CLUSTER[0].u_engine/u_scheduler/causal_lane_bubbles_reg[5]/Q
                         net (fo=2, unset)            0.000     0.037    cluster_causal_lane_bubbles[5]
                                                                      r  cluster_causal_lane_bubbles[5] (OUT)
  -------------------------------------------------------------------    -------------------

                         (clock core_clk rise edge)
                                                      0.000     0.000 r  
                         clock pessimism              0.000     0.000    
                         output delay                -0.000     0.000    
  -------------------------------------------------------------------
                         required time                         -0.000    
                         arrival time                           0.037    
  -------------------------------------------------------------------
                         slack                                  0.037    

Slack (MET) :             0.037ns  (arrival time - required time)
  Source:                 GEN_CLUSTER[0].u_engine/u_scheduler/causal_lane_bubbles_reg[61]/C
                            (rising edge-triggered cell FDRE clocked by core_clk  {rise@0.000ns fall@3.333ns period=6.666ns})
  Destination:            cluster_causal_lane_bubbles[61]
                            (output port clocked by core_clk  {rise@0.000ns fall@3.333ns period=6.666ns})
  Path Group:             core_clk
  Path Type:              Min at Fast Process Corner
  Requirement:            0.000ns  (core_clk rise@0.000ns - core_clk rise@0.000ns)
  Data Path Delay:        0.037ns  (logic 0.037ns (100.000%)  route 0.000ns (0.000%))
  Logic Levels:           0  
  Output Delay:           0.000ns

    Location             Delay type                Incr(ns)  Path(ns)    Netlist Resource(s)
  -------------------------------------------------------------------    -------------------
                         (clock core_clk rise edge)
                                                      0.000     0.000 r  
                                                      0.000     0.000 r  clk (IN)
                         net (fo=64624, unset)        0.000     0.000    GEN_CLUSTER[0].u_engine/u_scheduler/clk
                         FDRE                                         r  GEN_CLUSTER[0].u_engine/u_scheduler/causal_lane_bubbles_reg[61]/C
  -------------------------------------------------------------------    -------------------
                         FDRE (Prop_FDRE_C_Q)         0.037     0.037 r  GEN_CLUSTER[0].u_engine/u_scheduler/causal_lane_bubbles_reg[61]/Q
                         net (fo=3, unset)            0.000     0.037    cluster_causal_lane_bubbles[61]
                                                                      r  cluster_causal_lane_bubbles[61] (OUT)
  -------------------------------------------------------------------    -------------------

                         (clock core_clk rise edge)
                                                      0.000     0.000 r  
                         clock pessimism              0.000     0.000    
                         output delay                -0.000     0.000    
  -------------------------------------------------------------------
                         required time                         -0.000    
                         arrival time                           0.037    
  -------------------------------------------------------------------
                         slack                                  0.037    

Slack (MET) :             0.037ns  (arrival time - required time)
  Source:                 GEN_CLUSTER[0].u_q_slab/engine_jobs_completed_reg[13]/C
                            (rising edge-triggered cell FDRE clocked by core_clk  {rise@0.000ns fall@3.333ns period=6.666ns})
  Destination:            cluster_engine_jobs_completed[13]
                            (output port clocked by core_clk  {rise@0.000ns fall@3.333ns period=6.666ns})
  Path Group:             core_clk
  Path Type:              Min at Fast Process Corner
  Requirement:            0.000ns  (core_clk rise@0.000ns - core_clk rise@0.000ns)
  Data Path Delay:        0.037ns  (logic 0.037ns (100.000%)  route 0.000ns (0.000%))
  Logic Levels:           0  
  Output Delay:           0.000ns

    Location             Delay type                Incr(ns)  Path(ns)    Netlist Resource(s)
  -------------------------------------------------------------------    -------------------
                         (clock core_clk rise edge)
                                                      0.000     0.000 r  
                                                      0.000     0.000 r  clk (IN)
                         net (fo=64624, unset)        0.000     0.000    GEN_CLUSTER[0].u_q_slab/clk
                         FDRE                                         r  GEN_CLUSTER[0].u_q_slab/engine_jobs_completed_reg[13]/C
  -------------------------------------------------------------------    -------------------
                         FDRE (Prop_FDRE_C_Q)         0.037     0.037 r  GEN_CLUSTER[0].u_q_slab/engine_jobs_completed_reg[13]/Q
                         net (fo=1, unset)            0.000     0.037    cluster_engine_jobs_completed[13]
                                                                      r  cluster_engine_jobs_completed[13] (OUT)
  -------------------------------------------------------------------    -------------------

                         (clock core_clk rise edge)
                                                      0.000     0.000 r  
                         clock pessimism              0.000     0.000    
                         output delay                -0.000     0.000    
  -------------------------------------------------------------------
                         required time                         -0.000    
                         arrival time                           0.037    
  -------------------------------------------------------------------
                         slack                                  0.037    

Slack (MET) :             0.037ns  (arrival time - required time)
  Source:                 GEN_CLUSTER[0].u_q_slab/engine_jobs_completed_reg[21]/C
                            (rising edge-triggered cell FDRE clocked by core_clk  {rise@0.000ns fall@3.333ns period=6.666ns})
  Destination:            cluster_engine_jobs_completed[21]
                            (output port clocked by core_clk  {rise@0.000ns fall@3.333ns period=6.666ns})
  Path Group:             core_clk
  Path Type:              Min at Fast Process Corner
  Requirement:            0.000ns  (core_clk rise@0.000ns - core_clk rise@0.000ns)
  Data Path Delay:        0.037ns  (logic 0.037ns (100.000%)  route 0.000ns (0.000%))
  Logic Levels:           0  
  Output Delay:           0.000ns

    Location             Delay type                Incr(ns)  Path(ns)    Netlist Resource(s)
  -------------------------------------------------------------------    -------------------
                         (clock core_clk rise edge)
                                                      0.000     0.000 r  
                                                      0.000     0.000 r  clk (IN)
                         net (fo=64624, unset)        0.000     0.000    GEN_CLUSTER[0].u_q_slab/clk
                         FDRE                                         r  GEN_CLUSTER[0].u_q_slab/engine_jobs_completed_reg[21]/C
  -------------------------------------------------------------------    -------------------
                         FDRE (Prop_FDRE_C_Q)         0.037     0.037 r  GEN_CLUSTER[0].u_q_slab/engine_jobs_completed_reg[21]/Q
                         net (fo=1, unset)            0.000     0.037    cluster_engine_jobs_completed[21]
                                                                      r  cluster_engine_jobs_completed[21] (OUT)
  -------------------------------------------------------------------    -------------------

                         (clock core_clk rise edge)
                                                      0.000     0.000 r  
                         clock pessimism              0.000     0.000    
                         output delay                -0.000     0.000    
  -------------------------------------------------------------------
                         required time                         -0.000    
                         arrival time                           0.037    
  -------------------------------------------------------------------
                         slack                                  0.037    

Slack (MET) :             0.037ns  (arrival time - required time)
  Source:                 GEN_CLUSTER[0].u_q_slab/engine_jobs_completed_reg[29]/C
                            (rising edge-triggered cell FDRE clocked by core_clk  {rise@0.000ns fall@3.333ns period=6.666ns})
  Destination:            cluster_engine_jobs_completed[29]
                            (output port clocked by core_clk  {rise@0.000ns fall@3.333ns period=6.666ns})
  Path Group:             core_clk
  Path Type:              Min at Fast Process Corner
  Requirement:            0.000ns  (core_clk rise@0.000ns - core_clk rise@0.000ns)
  Data Path Delay:        0.037ns  (logic 0.037ns (100.000%)  route 0.000ns (0.000%))
  Logic Levels:           0  
  Output Delay:           0.000ns

    Location             Delay type                Incr(ns)  Path(ns)    Netlist Resource(s)
  -------------------------------------------------------------------    -------------------
                         (clock core_clk rise edge)
                                                      0.000     0.000 r  
                                                      0.000     0.000 r  clk (IN)
                         net (fo=64624, unset)        0.000     0.000    GEN_CLUSTER[0].u_q_slab/clk
                         FDRE                                         r  GEN_CLUSTER[0].u_q_slab/engine_jobs_completed_reg[29]/C
  -------------------------------------------------------------------    -------------------
                         FDRE (Prop_FDRE_C_Q)         0.037     0.037 r  GEN_CLUSTER[0].u_q_slab/engine_jobs_completed_reg[29]/Q
                         net (fo=1, unset)            0.000     0.037    cluster_engine_jobs_completed[29]
                                                                      r  cluster_engine_jobs_completed[29] (OUT)
  -------------------------------------------------------------------    -------------------

                         (clock core_clk rise edge)
                                                      0.000     0.000 r  
                         clock pessimism              0.000     0.000    
                         output delay                -0.000     0.000    
  -------------------------------------------------------------------
                         required time                         -0.000    
                         arrival time                           0.037    
  -------------------------------------------------------------------
                         slack                                  0.037    

Slack (MET) :             0.037ns  (arrival time - required time)
  Source:                 GEN_CLUSTER[0].u_q_slab/engine_jobs_completed_reg[37]/C
                            (rising edge-triggered cell FDRE clocked by core_clk  {rise@0.000ns fall@3.333ns period=6.666ns})
  Destination:            cluster_engine_jobs_completed[37]
                            (output port clocked by core_clk  {rise@0.000ns fall@3.333ns period=6.666ns})
  Path Group:             core_clk
  Path Type:              Min at Fast Process Corner
  Requirement:            0.000ns  (core_clk rise@0.000ns - core_clk rise@0.000ns)
  Data Path Delay:        0.037ns  (logic 0.037ns (100.000%)  route 0.000ns (0.000%))
  Logic Levels:           0  
  Output Delay:           0.000ns

    Location             Delay type                Incr(ns)  Path(ns)    Netlist Resource(s)
  -------------------------------------------------------------------    -------------------
                         (clock core_clk rise edge)
                                                      0.000     0.000 r  
                                                      0.000     0.000 r  clk (IN)
                         net (fo=64624, unset)        0.000     0.000    GEN_CLUSTER[0].u_q_slab/clk
                         FDRE                                         r  GEN_CLUSTER[0].u_q_slab/engine_jobs_completed_reg[37]/C
  -------------------------------------------------------------------    -------------------
                         FDRE (Prop_FDRE_C_Q)         0.037     0.037 r  GEN_CLUSTER[0].u_q_slab/engine_jobs_completed_reg[37]/Q
                         net (fo=1, unset)            0.000     0.037    cluster_engine_jobs_completed[37]
                                                                      r  cluster_engine_jobs_completed[37] (OUT)
  -------------------------------------------------------------------    -------------------

                         (clock core_clk rise edge)
                                                      0.000     0.000 r  
                         clock pessimism              0.000     0.000    
                         output delay                -0.000     0.000    
  -------------------------------------------------------------------
                         required time                         -0.000    
                         arrival time                           0.037    
  -------------------------------------------------------------------
                         slack                                  0.037    





Pulse Width Checks
--------------------------------------------------------------------------------------
Clock Name:         core_clk
Waveform(ns):       { 0.000 3.333 }
Period(ns):         6.666
Sources:            { clk }

Check Type        Corner  Lib Pin     Reference Pin  Required(ns)  Actual(ns)  Slack(ns)  Location  Pin
Min Period        n/a     RAMD32/CLK  n/a            1.064         6.666       5.602                GEN_CLUSTER[0].u_engine/score_epoch_mem_reg_0_15_0_13/RAMA/CLK
Min Period        n/a     RAMD32/CLK  n/a            1.064         6.666       5.602                GEN_CLUSTER[0].u_engine/score_epoch_mem_reg_0_15_0_13/RAMA_D1/CLK
Min Period        n/a     RAMD32/CLK  n/a            1.064         6.666       5.602                GEN_CLUSTER[0].u_engine/score_epoch_mem_reg_0_15_0_13/RAMB/CLK
Min Period        n/a     RAMD32/CLK  n/a            1.064         6.666       5.602                GEN_CLUSTER[0].u_engine/score_epoch_mem_reg_0_15_0_13/RAMB_D1/CLK
Min Period        n/a     RAMD32/CLK  n/a            1.064         6.666       5.602                GEN_CLUSTER[0].u_engine/score_epoch_mem_reg_0_15_0_13/RAMC/CLK
Min Period        n/a     RAMD32/CLK  n/a            1.064         6.666       5.602                GEN_CLUSTER[0].u_engine/score_epoch_mem_reg_0_15_0_13/RAMC_D1/CLK
Min Period        n/a     RAMD32/CLK  n/a            1.064         6.666       5.602                GEN_CLUSTER[0].u_engine/score_epoch_mem_reg_0_15_0_13/RAMD/CLK
Min Period        n/a     RAMD32/CLK  n/a            1.064         6.666       5.602                GEN_CLUSTER[0].u_engine/score_epoch_mem_reg_0_15_0_13/RAMD_D1/CLK
Min Period        n/a     RAMD32/CLK  n/a            1.064         6.666       5.602                GEN_CLUSTER[0].u_engine/score_epoch_mem_reg_0_15_0_13/RAME/CLK
Min Period        n/a     RAMD32/CLK  n/a            1.064         6.666       5.602                GEN_CLUSTER[0].u_engine/score_epoch_mem_reg_0_15_0_13/RAME_D1/CLK
Min Period        n/a     RAMD32/CLK  n/a            1.064         6.666       5.602                GEN_CLUSTER[0].u_engine/score_epoch_mem_reg_0_15_0_13/RAMF/CLK
Min Period        n/a     RAMD32/CLK  n/a            1.064         6.666       5.602                GEN_CLUSTER[0].u_engine/score_epoch_mem_reg_0_15_0_13/RAMF_D1/CLK
Min Period        n/a     RAMD32/CLK  n/a            1.064         6.666       5.602                GEN_CLUSTER[0].u_engine/score_epoch_mem_reg_0_15_0_13/RAMG/CLK
Min Period        n/a     RAMD32/CLK  n/a            1.064         6.666       5.602                GEN_CLUSTER[0].u_engine/score_epoch_mem_reg_0_15_0_13/RAMG_D1/CLK
Min Period        n/a     RAMS32/CLK  n/a            1.064         6.666       5.602                GEN_CLUSTER[0].u_engine/score_epoch_mem_reg_0_15_0_13/RAMH/CLK
Min Period        n/a     RAMS32/CLK  n/a            1.064         6.666       5.602                GEN_CLUSTER[0].u_engine/score_epoch_mem_reg_0_15_0_13/RAMH_D1/CLK
Min Period        n/a     RAMD32/CLK  n/a            1.064         6.666       5.602                GEN_CLUSTER[0].u_engine/score_fp32_mem_reg_0_15_0_13/RAMA/CLK
Min Period        n/a     RAMD32/CLK  n/a            1.064         6.666       5.602                GEN_CLUSTER[0].u_engine/score_fp32_mem_reg_0_15_0_13/RAMA_D1/CLK
Min Period        n/a     RAMD32/CLK  n/a            1.064         6.666       5.602                GEN_CLUSTER[0].u_engine/score_fp32_mem_reg_0_15_0_13/RAMB/CLK
Min Period        n/a     RAMD32/CLK  n/a            1.064         6.666       5.602                GEN_CLUSTER[0].u_engine/score_fp32_mem_reg_0_15_0_13/RAMB_D1/CLK
Low Pulse Width   Slow    RAMD32/CLK  n/a            0.532         3.333       2.801                GEN_CLUSTER[0].u_engine/score_epoch_mem_reg_0_15_0_13/RAMA/CLK
Low Pulse Width   Fast    RAMD32/CLK  n/a            0.532         3.333       2.801                GEN_CLUSTER[0].u_engine/score_epoch_mem_reg_0_15_0_13/RAMA/CLK
Low Pulse Width   Slow    RAMD32/CLK  n/a            0.532         3.333       2.801                GEN_CLUSTER[0].u_engine/score_epoch_mem_reg_0_15_0_13/RAMA_D1/CLK
Low Pulse Width   Fast    RAMD32/CLK  n/a            0.532         3.333       2.801                GEN_CLUSTER[0].u_engine/score_epoch_mem_reg_0_15_0_13/RAMA_D1/CLK
Low Pulse Width   Slow    RAMD32/CLK  n/a            0.532         3.333       2.801                GEN_CLUSTER[0].u_engine/score_epoch_mem_reg_0_15_0_13/RAMB/CLK
Low Pulse Width   Fast    RAMD32/CLK  n/a            0.532         3.333       2.801                GEN_CLUSTER[0].u_engine/score_epoch_mem_reg_0_15_0_13/RAMB/CLK
Low Pulse Width   Slow    RAMD32/CLK  n/a            0.532         3.333       2.801                GEN_CLUSTER[0].u_engine/score_epoch_mem_reg_0_15_0_13/RAMB_D1/CLK
Low Pulse Width   Fast    RAMD32/CLK  n/a            0.532         3.333       2.801                GEN_CLUSTER[0].u_engine/score_epoch_mem_reg_0_15_0_13/RAMB_D1/CLK
Low Pulse Width   Slow    RAMD32/CLK  n/a            0.532         3.333       2.801                GEN_CLUSTER[0].u_engine/score_epoch_mem_reg_0_15_0_13/RAMC/CLK
Low Pulse Width   Fast    RAMD32/CLK  n/a            0.532         3.333       2.801                GEN_CLUSTER[0].u_engine/score_epoch_mem_reg_0_15_0_13/RAMC/CLK
Low Pulse Width   Slow    RAMD32/CLK  n/a            0.532         3.333       2.801                GEN_CLUSTER[0].u_engine/score_epoch_mem_reg_0_15_0_13/RAMC_D1/CLK
Low Pulse Width   Fast    RAMD32/CLK  n/a            0.532         3.333       2.801                GEN_CLUSTER[0].u_engine/score_epoch_mem_reg_0_15_0_13/RAMC_D1/CLK
Low Pulse Width   Slow    RAMD32/CLK  n/a            0.532         3.333       2.801                GEN_CLUSTER[0].u_engine/score_epoch_mem_reg_0_15_0_13/RAMD/CLK
Low Pulse Width   Fast    RAMD32/CLK  n/a            0.532         3.333       2.801                GEN_CLUSTER[0].u_engine/score_epoch_mem_reg_0_15_0_13/RAMD/CLK
Low Pulse Width   Slow    RAMD32/CLK  n/a            0.532         3.333       2.801                GEN_CLUSTER[0].u_engine/score_epoch_mem_reg_0_15_0_13/RAMD_D1/CLK
Low Pulse Width   Fast    RAMD32/CLK  n/a            0.532         3.333       2.801                GEN_CLUSTER[0].u_engine/score_epoch_mem_reg_0_15_0_13/RAMD_D1/CLK
Low Pulse Width   Slow    RAMD32/CLK  n/a            0.532         3.333       2.801                GEN_CLUSTER[0].u_engine/score_epoch_mem_reg_0_15_0_13/RAME/CLK
Low Pulse Width   Fast    RAMD32/CLK  n/a            0.532         3.333       2.801                GEN_CLUSTER[0].u_engine/score_epoch_mem_reg_0_15_0_13/RAME/CLK
Low Pulse Width   Slow    RAMD32/CLK  n/a            0.532         3.333       2.801                GEN_CLUSTER[0].u_engine/score_epoch_mem_reg_0_15_0_13/RAME_D1/CLK
Low Pulse Width   Fast    RAMD32/CLK  n/a            0.532         3.333       2.801                GEN_CLUSTER[0].u_engine/score_epoch_mem_reg_0_15_0_13/RAME_D1/CLK
High Pulse Width  Slow    RAMD32/CLK  n/a            0.532         3.333       2.801                GEN_CLUSTER[0].u_engine/score_epoch_mem_reg_0_15_0_13/RAMA/CLK
High Pulse Width  Fast    RAMD32/CLK  n/a            0.532         3.333       2.801                GEN_CLUSTER[0].u_engine/score_epoch_mem_reg_0_15_0_13/RAMA/CLK
High Pulse Width  Slow    RAMD32/CLK  n/a            0.532         3.333       2.801                GEN_CLUSTER[0].u_engine/score_epoch_mem_reg_0_15_0_13/RAMA_D1/CLK
High Pulse Width  Fast    RAMD32/CLK  n/a            0.532         3.333       2.801                GEN_CLUSTER[0].u_engine/score_epoch_mem_reg_0_15_0_13/RAMA_D1/CLK
High Pulse Width  Slow    RAMD32/CLK  n/a            0.532         3.333       2.801                GEN_CLUSTER[0].u_engine/score_epoch_mem_reg_0_15_0_13/RAMB/CLK
High Pulse Width  Fast    RAMD32/CLK  n/a            0.532         3.333       2.801                GEN_CLUSTER[0].u_engine/score_epoch_mem_reg_0_15_0_13/RAMB/CLK
High Pulse Width  Slow    RAMD32/CLK  n/a            0.532         3.333       2.801                GEN_CLUSTER[0].u_engine/score_epoch_mem_reg_0_15_0_13/RAMB_D1/CLK
High Pulse Width  Fast    RAMD32/CLK  n/a            0.532         3.333       2.801                GEN_CLUSTER[0].u_engine/score_epoch_mem_reg_0_15_0_13/RAMB_D1/CLK
High Pulse Width  Slow    RAMD32/CLK  n/a            0.532         3.333       2.801                GEN_CLUSTER[0].u_engine/score_epoch_mem_reg_0_15_0_13/RAMC/CLK
High Pulse Width  Fast    RAMD32/CLK  n/a            0.532         3.333       2.801                GEN_CLUSTER[0].u_engine/score_epoch_mem_reg_0_15_0_13/RAMC/CLK
High Pulse Width  Slow    RAMD32/CLK  n/a            0.532         3.333       2.801                GEN_CLUSTER[0].u_engine/score_epoch_mem_reg_0_15_0_13/RAMC_D1/CLK
High Pulse Width  Fast    RAMD32/CLK  n/a            0.532         3.333       2.801                GEN_CLUSTER[0].u_engine/score_epoch_mem_reg_0_15_0_13/RAMC_D1/CLK
High Pulse Width  Slow    RAMD32/CLK  n/a            0.532         3.333       2.801                GEN_CLUSTER[0].u_engine/score_epoch_mem_reg_0_15_0_13/RAMD/CLK
High Pulse Width  Fast    RAMD32/CLK  n/a            0.532         3.333       2.801                GEN_CLUSTER[0].u_engine/score_epoch_mem_reg_0_15_0_13/RAMD/CLK
High Pulse Width  Slow    RAMD32/CLK  n/a            0.532         3.333       2.801                GEN_CLUSTER[0].u_engine/score_epoch_mem_reg_0_15_0_13/RAMD_D1/CLK
High Pulse Width  Fast    RAMD32/CLK  n/a            0.532         3.333       2.801                GEN_CLUSTER[0].u_engine/score_epoch_mem_reg_0_15_0_13/RAMD_D1/CLK
High Pulse Width  Slow    RAMD32/CLK  n/a            0.532         3.333       2.801                GEN_CLUSTER[0].u_engine/score_epoch_mem_reg_0_15_0_13/RAME/CLK
High Pulse Width  Fast    RAMD32/CLK  n/a            0.532         3.333       2.801                GEN_CLUSTER[0].u_engine/score_epoch_mem_reg_0_15_0_13/RAME/CLK
High Pulse Width  Slow    RAMD32/CLK  n/a            0.532         3.333       2.801                GEN_CLUSTER[0].u_engine/score_epoch_mem_reg_0_15_0_13/RAME_D1/CLK
High Pulse Width  Fast    RAMD32/CLK  n/a            0.532         3.333       2.801                GEN_CLUSTER[0].u_engine/score_epoch_mem_reg_0_15_0_13/RAME_D1/CLK



