Copyright 1986-2022 Xilinx, Inc. All Rights Reserved. Copyright 2022-2025 Advanced Micro Devices, Inc. All Rights Reserved.
---------------------------------------------------------------------------------------------------------------------------------------------------------------------------------------------------------
| Tool Version      : Vivado v.2025.2 (win64) Build 6299465 Fri Nov 14 19:35:11 GMT 2025
| Date              : Sun Aug  2 20:09:13 2026
| Host              : LAPTOP-11RMD41B running 64-bit major release  (build 9200)
| Command           : report_timing_summary -delay_type min_max -max_paths 10 -file D:/Vitis/FPT/FPT_XCZU15EG_Attention_v2.6_Causal_DualTile/reports/license_probe_xczu15eg_permanent/timing_summary.rpt
| Design            : softmax_bf16
| Device            : xczu15eg-ffvb1156
| Speed File        : -2  PRODUCTION 1.30 05-15-2022
| Design State      : Synthesized
| Temperature Grade : I
---------------------------------------------------------------------------------------------------------------------------------------------------------------------------------------------------------

Timing Summary Report

------------------------------------------------------------------------------------------------
| Timer Settings
| --------------
------------------------------------------------------------------------------------------------

  Enable Multi Corner Analysis               :  Yes
  Enable Pessimism Removal                   :  Yes
  Pessimism Removal Resolution               :  Nearest Common Node
  Enable Input Delay Default Clock           :  No
  Enable Preset / Clear Arcs                 :  No
  Disable Flight Delays                      :  No
  Ignore I/O Paths                           :  No
  Timing Early Launch at Borrowing Latches   :  No
  Borrow Time for Max Delay Exceptions       :  Yes
  Merge Timing Exceptions                    :  Yes
  Inter-SLR Compensation                     :  Conservative

  Corner  Analyze    Analyze    
  Name    Max Paths  Min Paths  
  ------  ---------  ---------  
  Slow    Yes        Yes        
  Fast    Yes        Yes        


------------------------------------------------------------------------------------------------
| Report Methodology
| ------------------
------------------------------------------------------------------------------------------------

No report available as report_methodology has not been run prior. Run report_methodology on the current design for the summary of methodology violations.



check_timing report

Table of Contents
-----------------
1. checking no_clock (0)
2. checking constant_clock (0)
3. checking pulse_width_clock (0)
4. checking unconstrained_internal_endpoints (0)
5. checking no_input_delay (37)
6. checking no_output_delay (38)
7. checking multiple_clock (0)
8. checking generated_clocks (0)
9. checking loops (0)
10. checking partial_input_delay (0)
11. checking partial_output_delay (0)
12. checking latch_loops (0)

1. checking no_clock (0)
------------------------
 There are 0 register/latch pins with no clock.


2. checking constant_clock (0)
------------------------------
 There are 0 register/latch pins with constant_clock.


3. checking pulse_width_clock (0)
---------------------------------
 There are 0 register/latch pins which need pulse_width check


4. checking unconstrained_internal_endpoints (0)
------------------------------------------------
 There are 0 pins that are not constrained for maximum delay.

 There are 0 pins that are not constrained for maximum delay due to constant clock.


5. checking no_input_delay (37)
-------------------------------
 There are 37 input ports with no input delay specified. (HIGH)

 There are 0 input ports with no input delay but user has a false path constraint.


6. checking no_output_delay (38)
--------------------------------
 There are 38 ports with no output delay specified. (HIGH)

 There are 0 ports with no output delay but user has a false path constraint

 There are 0 ports with no output delay but with a timing clock defined on it or propagating through it


7. checking multiple_clock (0)
------------------------------
 There are 0 register/latch pins with multiple clocks.


8. checking generated_clocks (0)
--------------------------------
 There are 0 generated clocks that are not connected to a clock source.


9. checking loops (0)
---------------------
 There are 0 combinational loops in the design.


10. checking partial_input_delay (0)
------------------------------------
 There are 0 input ports with partial input delay specified.


11. checking partial_output_delay (0)
-------------------------------------
 There are 0 ports with partial output delay specified.


12. checking latch_loops (0)
----------------------------
 There are 0 combinational latch loops in the design through latch input



------------------------------------------------------------------------------------------------
| Design Timing Summary
| ---------------------
------------------------------------------------------------------------------------------------

    WNS(ns)      TNS(ns)  TNS Failing Endpoints  TNS Total Endpoints      WHS(ns)      THS(ns)  THS Failing Endpoints  THS Total Endpoints     WPWS(ns)     TPWS(ns)  TPWS Failing Endpoints  TPWS Total Endpoints  
    -------      -------  ---------------------  -------------------      -------      -------  ---------------------  -------------------     --------     --------  ----------------------  --------------------  
      1.992        0.000                      0                 2299        0.036        0.000                      0                 2299        2.801        0.000                       0                  1006  


All user specified timing constraints are met.


------------------------------------------------------------------------------------------------
| Clock Summary
| -------------
------------------------------------------------------------------------------------------------

Clock        Waveform(ns)         Period(ns)      Frequency(MHz)
-----        ------------         ----------      --------------
softmax_clk  {0.000 3.333}        6.666           150.015         


------------------------------------------------------------------------------------------------
| Intra Clock Table
| -----------------
------------------------------------------------------------------------------------------------

Clock             WNS(ns)      TNS(ns)  TNS Failing Endpoints  TNS Total Endpoints      WHS(ns)      THS(ns)  THS Failing Endpoints  THS Total Endpoints     WPWS(ns)     TPWS(ns)  TPWS Failing Endpoints  TPWS Total Endpoints  
-----             -------      -------  ---------------------  -------------------      -------      -------  ---------------------  -------------------     --------     --------  ----------------------  --------------------  
softmax_clk         1.992        0.000                      0                 2299        0.036        0.000                      0                 2299        2.801        0.000                       0                  1006  


------------------------------------------------------------------------------------------------
| Inter Clock Table
| -----------------
------------------------------------------------------------------------------------------------

From Clock    To Clock          WNS(ns)      TNS(ns)  TNS Failing Endpoints  TNS Total Endpoints      WHS(ns)      THS(ns)  THS Failing Endpoints  THS Total Endpoints  
----------    --------          -------      -------  ---------------------  -------------------      -------      -------  ---------------------  -------------------  


------------------------------------------------------------------------------------------------
| Other Path Groups Table
| -----------------------
------------------------------------------------------------------------------------------------

Path Group    From Clock    To Clock          WNS(ns)      TNS(ns)  TNS Failing Endpoints  TNS Total Endpoints      WHS(ns)      THS(ns)  THS Failing Endpoints  THS Total Endpoints  
----------    ----------    --------          -------      -------  ---------------------  -------------------      -------      -------  ---------------------  -------------------  


------------------------------------------------------------------------------------------------
| Timing Details
| --------------
------------------------------------------------------------------------------------------------


---------------------------------------------------------------------------------------------------
From Clock:  softmax_clk
  To Clock:  softmax_clk

Setup :            0  Failing Endpoints,  Worst Slack        1.992ns,  Total Violation        0.000ns
Hold  :            0  Failing Endpoints,  Worst Slack        0.036ns,  Total Violation        0.000ns
PW    :            0  Failing Endpoints,  Worst Slack        2.801ns,  Total Violation        0.000ns
---------------------------------------------------------------------------------------------------


Max Delay Paths
--------------------------------------------------------------------------------------
Slack (MET) :             1.992ns  (required time - arrival time)
  Source:                 state_reg[3]/C
                            (rising edge-triggered cell FDRE clocked by softmax_clk  {rise@0.000ns fall@3.333ns period=6.666ns})
  Destination:            online_lane_sum_reg[0][22]/D
                            (rising edge-triggered cell FDRE clocked by softmax_clk  {rise@0.000ns fall@3.333ns period=6.666ns})
  Path Group:             softmax_clk
  Path Type:              Setup (Max at Slow Process Corner)
  Requirement:            6.666ns  (softmax_clk rise@6.666ns - softmax_clk rise@0.000ns)
  Data Path Delay:        4.656ns  (logic 3.027ns (65.013%)  route 1.629ns (34.987%))
  Logic Levels:           15  (CARRY8=4 DSP_A_B_DATA=1 DSP_ALU=2 DSP_M_DATA=1 DSP_MULTIPLIER=1 DSP_OUTPUT=2 DSP_PREADD_DATA=1 LUT4=1 LUT5=1 LUT6=1)
  Clock Path Skew:        -0.008ns (DCD - SCD + CPR)
    Destination Clock Delay (DCD):    0.020ns = ( 6.686 - 6.666 ) 
    Source Clock Delay      (SCD):    0.028ns
    Clock Pessimism Removal (CPR):    0.000ns
  Clock Uncertainty:      0.035ns  ((TSJ^2 + TIJ^2)^1/2 + DJ) / 2 + PE
    Total System Jitter     (TSJ):    0.071ns
    Total Input Jitter      (TIJ):    0.000ns
    Discrete Jitter          (DJ):    0.000ns
    Phase Error              (PE):    0.000ns

    Location             Delay type                Incr(ns)  Path(ns)    Netlist Resource(s)
  -------------------------------------------------------------------    -------------------
                         (clock softmax_clk rise edge)
                                                      0.000     0.000 r  
                                                      0.000     0.000 r  clk (IN)
                         net (fo=1005, unset)         0.028     0.028    clk
                         FDRE                                         r  state_reg[3]/C
  -------------------------------------------------------------------    -------------------
                         FDRE (Prop_FDRE_C_Q)         0.077     0.105 r  state_reg[3]/Q
                         net (fo=162, unplaced)       0.236     0.341    u_exp_lut/combine_exp_value_reg_reg[0]_0[3]
                         LUT4 (Prop_LUT4_I0_O)        0.139     0.480 r  u_exp_lut/row_head_reg[1]_i_4/O
                         net (fo=60, unplaced)        0.306     0.786    u_exp_lut_n_32
                         LUT5 (Prop_LUT5_I3_O)        0.038     0.824 f  sum_exp3_i_16/O
                         net (fo=2, unplaced)         0.214     1.038    sum_exp3/B[0]
                         DSP_A_B_DATA (Prop_DSP_A_B_DATA_B[0]_B2_DATA[0])
                                                      0.151     1.189 r  sum_exp3/DSP_A_B_DATA_INST/B2_DATA[0]
                         net (fo=1, unplaced)         0.000     1.189    sum_exp3/DSP_A_B_DATA.B2_DATA<0>
                         DSP_PREADD_DATA (Prop_DSP_PREADD_DATA_B2_DATA[0]_B2B1[0])
                                                      0.073     1.262 r  sum_exp3/DSP_PREADD_DATA_INST/B2B1[0]
                         net (fo=1, unplaced)         0.000     1.262    sum_exp3/DSP_PREADD_DATA.B2B1<0>
                         DSP_MULTIPLIER (Prop_DSP_MULTIPLIER_B2B1[0]_V[30])
                                                      0.609     1.871 f  sum_exp3/DSP_MULTIPLIER_INST/V[30]
                         net (fo=1, unplaced)         0.000     1.871    sum_exp3/DSP_MULTIPLIER.V<30>
                         DSP_M_DATA (Prop_DSP_M_DATA_V[30]_V_DATA[30])
                                                      0.046     1.917 r  sum_exp3/DSP_M_DATA_INST/V_DATA[30]
                         net (fo=1, unplaced)         0.000     1.917    sum_exp3/DSP_M_DATA.V_DATA<30>
                         DSP_ALU (Prop_DSP_ALU_V_DATA[30]_ALU_OUT[47])
                                                      0.571     2.488 f  sum_exp3/DSP_ALU_INST/ALU_OUT[47]
                         net (fo=1, unplaced)         0.000     2.488    sum_exp3/DSP_ALU.ALU_OUT<47>
                         DSP_OUTPUT (Prop_DSP_OUTPUT_ALU_OUT[47]_PCOUT[47])
                                                      0.122     2.610 r  sum_exp3/DSP_OUTPUT_INST/PCOUT[47]
                         net (fo=1, unplaced)         0.014     2.624    sum_exp3__0/PCIN[47]
                         DSP_ALU (Prop_DSP_ALU_PCIN[47]_ALU_OUT[7])
                                                      0.546     3.170 f  sum_exp3__0/DSP_ALU_INST/ALU_OUT[7]
                         net (fo=1, unplaced)         0.000     3.170    sum_exp3__0/DSP_ALU.ALU_OUT<7>
                         DSP_OUTPUT (Prop_DSP_OUTPUT_ALU_OUT[7]_P[7])
                                                      0.109     3.279 r  sum_exp3__0/DSP_OUTPUT_INST/P[7]
                         net (fo=1, unplaced)         0.249     3.528    sum_exp3__1[24]
                         CARRY8 (Prop_CARRY8_S[3]_CO[7])
                                                      0.170     3.698 r  online_lane_sum_reg[2][13]_i_2/CO[7]
                         net (fo=1, unplaced)         0.005     3.703    online_lane_sum_reg[2][13]_i_2_n_0
                         CARRY8 (Prop_CARRY8_CI_O[5])
                                                      0.116     3.819 r  online_lane_sum_reg[2][21]_i_3/O[5]
                         net (fo=2, unplaced)         0.320     4.139    online_sum_rescaled[19]
                         CARRY8 (Prop_CARRY8_S[5]_CO[7])
                                                      0.166     4.305 r  online_lane_sum_reg[2][21]_i_2/CO[7]
                         net (fo=1, unplaced)         0.005     4.310    online_lane_sum_reg[2][21]_i_2_n_0
                         CARRY8 (Prop_CARRY8_CI_O[0])
                                                      0.056     4.366 r  online_lane_sum_reg[2][23]_i_7/O[0]
                         net (fo=1, unplaced)         0.232     4.598    online_lane_sum_reg[2][23]_i_7_n_15
                         LUT6 (Prop_LUT6_I3_O)        0.038     4.636 r  online_lane_sum[2][22]_i_1/O
                         net (fo=4, unplaced)         0.048     4.684    online_lane_sum[22]
                         FDRE                                         r  online_lane_sum_reg[0][22]/D
  -------------------------------------------------------------------    -------------------

                         (clock softmax_clk rise edge)
                                                      6.666     6.666 r  
                                                      0.000     6.666 r  clk (IN)
                         net (fo=1005, unset)         0.020     6.686    clk
                         FDRE                                         r  online_lane_sum_reg[0][22]/C
                         clock pessimism              0.000     6.686    
                         clock uncertainty           -0.035     6.651    
                         FDRE (Setup_FDRE_C_D)        0.025     6.676    online_lane_sum_reg[0][22]
  -------------------------------------------------------------------
                         required time                          6.676    
                         arrival time                          -4.684    
  -------------------------------------------------------------------
                         slack                                  1.992    

Slack (MET) :             1.992ns  (required time - arrival time)
  Source:                 state_reg[3]/C
                            (rising edge-triggered cell FDRE clocked by softmax_clk  {rise@0.000ns fall@3.333ns period=6.666ns})
  Destination:            online_lane_sum_reg[1][22]/D
                            (rising edge-triggered cell FDRE clocked by softmax_clk  {rise@0.000ns fall@3.333ns period=6.666ns})
  Path Group:             softmax_clk
  Path Type:              Setup (Max at Slow Process Corner)
  Requirement:            6.666ns  (softmax_clk rise@6.666ns - softmax_clk rise@0.000ns)
  Data Path Delay:        4.656ns  (logic 3.027ns (65.013%)  route 1.629ns (34.987%))
  Logic Levels:           15  (CARRY8=4 DSP_A_B_DATA=1 DSP_ALU=2 DSP_M_DATA=1 DSP_MULTIPLIER=1 DSP_OUTPUT=2 DSP_PREADD_DATA=1 LUT4=1 LUT5=1 LUT6=1)
  Clock Path Skew:        -0.008ns (DCD - SCD + CPR)
    Destination Clock Delay (DCD):    0.020ns = ( 6.686 - 6.666 ) 
    Source Clock Delay      (SCD):    0.028ns
    Clock Pessimism Removal (CPR):    0.000ns
  Clock Uncertainty:      0.035ns  ((TSJ^2 + TIJ^2)^1/2 + DJ) / 2 + PE
    Total System Jitter     (TSJ):    0.071ns
    Total Input Jitter      (TIJ):    0.000ns
    Discrete Jitter          (DJ):    0.000ns
    Phase Error              (PE):    0.000ns

    Location             Delay type                Incr(ns)  Path(ns)    Netlist Resource(s)
  -------------------------------------------------------------------    -------------------
                         (clock softmax_clk rise edge)
                                                      0.000     0.000 r  
                                                      0.000     0.000 r  clk (IN)
                         net (fo=1005, unset)         0.028     0.028    clk
                         FDRE                                         r  state_reg[3]/C
  -------------------------------------------------------------------    -------------------
                         FDRE (Prop_FDRE_C_Q)         0.077     0.105 r  state_reg[3]/Q
                         net (fo=162, unplaced)       0.236     0.341    u_exp_lut/combine_exp_value_reg_reg[0]_0[3]
                         LUT4 (Prop_LUT4_I0_O)        0.139     0.480 r  u_exp_lut/row_head_reg[1]_i_4/O
                         net (fo=60, unplaced)        0.306     0.786    u_exp_lut_n_32
                         LUT5 (Prop_LUT5_I3_O)        0.038     0.824 f  sum_exp3_i_16/O
                         net (fo=2, unplaced)         0.214     1.038    sum_exp3/B[0]
                         DSP_A_B_DATA (Prop_DSP_A_B_DATA_B[0]_B2_DATA[0])
                                                      0.151     1.189 r  sum_exp3/DSP_A_B_DATA_INST/B2_DATA[0]
                         net (fo=1, unplaced)         0.000     1.189    sum_exp3/DSP_A_B_DATA.B2_DATA<0>
                         DSP_PREADD_DATA (Prop_DSP_PREADD_DATA_B2_DATA[0]_B2B1[0])
                                                      0.073     1.262 r  sum_exp3/DSP_PREADD_DATA_INST/B2B1[0]
                         net (fo=1, unplaced)         0.000     1.262    sum_exp3/DSP_PREADD_DATA.B2B1<0>
                         DSP_MULTIPLIER (Prop_DSP_MULTIPLIER_B2B1[0]_V[30])
                                                      0.609     1.871 f  sum_exp3/DSP_MULTIPLIER_INST/V[30]
                         net (fo=1, unplaced)         0.000     1.871    sum_exp3/DSP_MULTIPLIER.V<30>
                         DSP_M_DATA (Prop_DSP_M_DATA_V[30]_V_DATA[30])
                                                      0.046     1.917 r  sum_exp3/DSP_M_DATA_INST/V_DATA[30]
                         net (fo=1, unplaced)         0.000     1.917    sum_exp3/DSP_M_DATA.V_DATA<30>
                         DSP_ALU (Prop_DSP_ALU_V_DATA[30]_ALU_OUT[47])
                                                      0.571     2.488 f  sum_exp3/DSP_ALU_INST/ALU_OUT[47]
                         net (fo=1, unplaced)         0.000     2.488    sum_exp3/DSP_ALU.ALU_OUT<47>
                         DSP_OUTPUT (Prop_DSP_OUTPUT_ALU_OUT[47]_PCOUT[47])
                                                      0.122     2.610 r  sum_exp3/DSP_OUTPUT_INST/PCOUT[47]
                         net (fo=1, unplaced)         0.014     2.624    sum_exp3__0/PCIN[47]
                         DSP_ALU (Prop_DSP_ALU_PCIN[47]_ALU_OUT[7])
                                                      0.546     3.170 f  sum_exp3__0/DSP_ALU_INST/ALU_OUT[7]
                         net (fo=1, unplaced)         0.000     3.170    sum_exp3__0/DSP_ALU.ALU_OUT<7>
                         DSP_OUTPUT (Prop_DSP_OUTPUT_ALU_OUT[7]_P[7])
                                                      0.109     3.279 r  sum_exp3__0/DSP_OUTPUT_INST/P[7]
                         net (fo=1, unplaced)         0.249     3.528    sum_exp3__1[24]
                         CARRY8 (Prop_CARRY8_S[3]_CO[7])
                                                      0.170     3.698 r  online_lane_sum_reg[2][13]_i_2/CO[7]
                         net (fo=1, unplaced)         0.005     3.703    online_lane_sum_reg[2][13]_i_2_n_0
                         CARRY8 (Prop_CARRY8_CI_O[5])
                                                      0.116     3.819 r  online_lane_sum_reg[2][21]_i_3/O[5]
                         net (fo=2, unplaced)         0.320     4.139    online_sum_rescaled[19]
                         CARRY8 (Prop_CARRY8_S[5]_CO[7])
                                                      0.166     4.305 r  online_lane_sum_reg[2][21]_i_2/CO[7]
                         net (fo=1, unplaced)         0.005     4.310    online_lane_sum_reg[2][21]_i_2_n_0
                         CARRY8 (Prop_CARRY8_CI_O[0])
                                                      0.056     4.366 r  online_lane_sum_reg[2][23]_i_7/O[0]
                         net (fo=1, unplaced)         0.232     4.598    online_lane_sum_reg[2][23]_i_7_n_15
                         LUT6 (Prop_LUT6_I3_O)        0.038     4.636 r  online_lane_sum[2][22]_i_1/O
                         net (fo=4, unplaced)         0.048     4.684    online_lane_sum[22]
                         FDRE                                         r  online_lane_sum_reg[1][22]/D
  -------------------------------------------------------------------    -------------------

                         (clock softmax_clk rise edge)
                                                      6.666     6.666 r  
                                                      0.000     6.666 r  clk (IN)
                         net (fo=1005, unset)         0.020     6.686    clk
                         FDRE                                         r  online_lane_sum_reg[1][22]/C
                         clock pessimism              0.000     6.686    
                         clock uncertainty           -0.035     6.651    
                         FDRE (Setup_FDRE_C_D)        0.025     6.676    online_lane_sum_reg[1][22]
  -------------------------------------------------------------------
                         required time                          6.676    
                         arrival time                          -4.684    
  -------------------------------------------------------------------
                         slack                                  1.992    

Slack (MET) :             1.992ns  (required time - arrival time)
  Source:                 state_reg[3]/C
                            (rising edge-triggered cell FDRE clocked by softmax_clk  {rise@0.000ns fall@3.333ns period=6.666ns})
  Destination:            online_lane_sum_reg[2][22]/D
                            (rising edge-triggered cell FDRE clocked by softmax_clk  {rise@0.000ns fall@3.333ns period=6.666ns})
  Path Group:             softmax_clk
  Path Type:              Setup (Max at Slow Process Corner)
  Requirement:            6.666ns  (softmax_clk rise@6.666ns - softmax_clk rise@0.000ns)
  Data Path Delay:        4.656ns  (logic 3.027ns (65.013%)  route 1.629ns (34.987%))
  Logic Levels:           15  (CARRY8=4 DSP_A_B_DATA=1 DSP_ALU=2 DSP_M_DATA=1 DSP_MULTIPLIER=1 DSP_OUTPUT=2 DSP_PREADD_DATA=1 LUT4=1 LUT5=1 LUT6=1)
  Clock Path Skew:        -0.008ns (DCD - SCD + CPR)
    Destination Clock Delay (DCD):    0.020ns = ( 6.686 - 6.666 ) 
    Source Clock Delay      (SCD):    0.028ns
    Clock Pessimism Removal (CPR):    0.000ns
  Clock Uncertainty:      0.035ns  ((TSJ^2 + TIJ^2)^1/2 + DJ) / 2 + PE
    Total System Jitter     (TSJ):    0.071ns
    Total Input Jitter      (TIJ):    0.000ns
    Discrete Jitter          (DJ):    0.000ns
    Phase Error              (PE):    0.000ns

    Location             Delay type                Incr(ns)  Path(ns)    Netlist Resource(s)
  -------------------------------------------------------------------    -------------------
                         (clock softmax_clk rise edge)
                                                      0.000     0.000 r  
                                                      0.000     0.000 r  clk (IN)
                         net (fo=1005, unset)         0.028     0.028    clk
                         FDRE                                         r  state_reg[3]/C
  -------------------------------------------------------------------    -------------------
                         FDRE (Prop_FDRE_C_Q)         0.077     0.105 r  state_reg[3]/Q
                         net (fo=162, unplaced)       0.236     0.341    u_exp_lut/combine_exp_value_reg_reg[0]_0[3]
                         LUT4 (Prop_LUT4_I0_O)        0.139     0.480 r  u_exp_lut/row_head_reg[1]_i_4/O
                         net (fo=60, unplaced)        0.306     0.786    u_exp_lut_n_32
                         LUT5 (Prop_LUT5_I3_O)        0.038     0.824 f  sum_exp3_i_16/O
                         net (fo=2, unplaced)         0.214     1.038    sum_exp3/B[0]
                         DSP_A_B_DATA (Prop_DSP_A_B_DATA_B[0]_B2_DATA[0])
                                                      0.151     1.189 r  sum_exp3/DSP_A_B_DATA_INST/B2_DATA[0]
                         net (fo=1, unplaced)         0.000     1.189    sum_exp3/DSP_A_B_DATA.B2_DATA<0>
                         DSP_PREADD_DATA (Prop_DSP_PREADD_DATA_B2_DATA[0]_B2B1[0])
                                                      0.073     1.262 r  sum_exp3/DSP_PREADD_DATA_INST/B2B1[0]
                         net (fo=1, unplaced)         0.000     1.262    sum_exp3/DSP_PREADD_DATA.B2B1<0>
                         DSP_MULTIPLIER (Prop_DSP_MULTIPLIER_B2B1[0]_V[30])
                                                      0.609     1.871 f  sum_exp3/DSP_MULTIPLIER_INST/V[30]
                         net (fo=1, unplaced)         0.000     1.871    sum_exp3/DSP_MULTIPLIER.V<30>
                         DSP_M_DATA (Prop_DSP_M_DATA_V[30]_V_DATA[30])
                                                      0.046     1.917 r  sum_exp3/DSP_M_DATA_INST/V_DATA[30]
                         net (fo=1, unplaced)         0.000     1.917    sum_exp3/DSP_M_DATA.V_DATA<30>
                         DSP_ALU (Prop_DSP_ALU_V_DATA[30]_ALU_OUT[47])
                                                      0.571     2.488 f  sum_exp3/DSP_ALU_INST/ALU_OUT[47]
                         net (fo=1, unplaced)         0.000     2.488    sum_exp3/DSP_ALU.ALU_OUT<47>
                         DSP_OUTPUT (Prop_DSP_OUTPUT_ALU_OUT[47]_PCOUT[47])
                                                      0.122     2.610 r  sum_exp3/DSP_OUTPUT_INST/PCOUT[47]
                         net (fo=1, unplaced)         0.014     2.624    sum_exp3__0/PCIN[47]
                         DSP_ALU (Prop_DSP_ALU_PCIN[47]_ALU_OUT[7])
                                                      0.546     3.170 f  sum_exp3__0/DSP_ALU_INST/ALU_OUT[7]
                         net (fo=1, unplaced)         0.000     3.170    sum_exp3__0/DSP_ALU.ALU_OUT<7>
                         DSP_OUTPUT (Prop_DSP_OUTPUT_ALU_OUT[7]_P[7])
                                                      0.109     3.279 r  sum_exp3__0/DSP_OUTPUT_INST/P[7]
                         net (fo=1, unplaced)         0.249     3.528    sum_exp3__1[24]
                         CARRY8 (Prop_CARRY8_S[3]_CO[7])
                                                      0.170     3.698 r  online_lane_sum_reg[2][13]_i_2/CO[7]
                         net (fo=1, unplaced)         0.005     3.703    online_lane_sum_reg[2][13]_i_2_n_0
                         CARRY8 (Prop_CARRY8_CI_O[5])
                                                      0.116     3.819 r  online_lane_sum_reg[2][21]_i_3/O[5]
                         net (fo=2, unplaced)         0.320     4.139    online_sum_rescaled[19]
                         CARRY8 (Prop_CARRY8_S[5]_CO[7])
                                                      0.166     4.305 r  online_lane_sum_reg[2][21]_i_2/CO[7]
                         net (fo=1, unplaced)         0.005     4.310    online_lane_sum_reg[2][21]_i_2_n_0
                         CARRY8 (Prop_CARRY8_CI_O[0])
                                                      0.056     4.366 r  online_lane_sum_reg[2][23]_i_7/O[0]
                         net (fo=1, unplaced)         0.232     4.598    online_lane_sum_reg[2][23]_i_7_n_15
                         LUT6 (Prop_LUT6_I3_O)        0.038     4.636 r  online_lane_sum[2][22]_i_1/O
                         net (fo=4, unplaced)         0.048     4.684    online_lane_sum[22]
                         FDRE                                         r  online_lane_sum_reg[2][22]/D
  -------------------------------------------------------------------    -------------------

                         (clock softmax_clk rise edge)
                                                      6.666     6.666 r  
                                                      0.000     6.666 r  clk (IN)
                         net (fo=1005, unset)         0.020     6.686    clk
                         FDRE                                         r  online_lane_sum_reg[2][22]/C
                         clock pessimism              0.000     6.686    
                         clock uncertainty           -0.035     6.651    
                         FDRE (Setup_FDRE_C_D)        0.025     6.676    online_lane_sum_reg[2][22]
  -------------------------------------------------------------------
                         required time                          6.676    
                         arrival time                          -4.684    
  -------------------------------------------------------------------
                         slack                                  1.992    

Slack (MET) :             1.992ns  (required time - arrival time)
  Source:                 state_reg[3]/C
                            (rising edge-triggered cell FDRE clocked by softmax_clk  {rise@0.000ns fall@3.333ns period=6.666ns})
  Destination:            online_lane_sum_reg[3][22]/D
                            (rising edge-triggered cell FDRE clocked by softmax_clk  {rise@0.000ns fall@3.333ns period=6.666ns})
  Path Group:             softmax_clk
  Path Type:              Setup (Max at Slow Process Corner)
  Requirement:            6.666ns  (softmax_clk rise@6.666ns - softmax_clk rise@0.000ns)
  Data Path Delay:        4.656ns  (logic 3.027ns (65.013%)  route 1.629ns (34.987%))
  Logic Levels:           15  (CARRY8=4 DSP_A_B_DATA=1 DSP_ALU=2 DSP_M_DATA=1 DSP_MULTIPLIER=1 DSP_OUTPUT=2 DSP_PREADD_DATA=1 LUT4=1 LUT5=1 LUT6=1)
  Clock Path Skew:        -0.008ns (DCD - SCD + CPR)
    Destination Clock Delay (DCD):    0.020ns = ( 6.686 - 6.666 ) 
    Source Clock Delay      (SCD):    0.028ns
    Clock Pessimism Removal (CPR):    0.000ns
  Clock Uncertainty:      0.035ns  ((TSJ^2 + TIJ^2)^1/2 + DJ) / 2 + PE
    Total System Jitter     (TSJ):    0.071ns
    Total Input Jitter      (TIJ):    0.000ns
    Discrete Jitter          (DJ):    0.000ns
    Phase Error              (PE):    0.000ns

    Location             Delay type                Incr(ns)  Path(ns)    Netlist Resource(s)
  -------------------------------------------------------------------    -------------------
                         (clock softmax_clk rise edge)
                                                      0.000     0.000 r  
                                                      0.000     0.000 r  clk (IN)
                         net (fo=1005, unset)         0.028     0.028    clk
                         FDRE                                         r  state_reg[3]/C
  -------------------------------------------------------------------    -------------------
                         FDRE (Prop_FDRE_C_Q)         0.077     0.105 r  state_reg[3]/Q
                         net (fo=162, unplaced)       0.236     0.341    u_exp_lut/combine_exp_value_reg_reg[0]_0[3]
                         LUT4 (Prop_LUT4_I0_O)        0.139     0.480 r  u_exp_lut/row_head_reg[1]_i_4/O
                         net (fo=60, unplaced)        0.306     0.786    u_exp_lut_n_32
                         LUT5 (Prop_LUT5_I3_O)        0.038     0.824 f  sum_exp3_i_16/O
                         net (fo=2, unplaced)         0.214     1.038    sum_exp3/B[0]
                         DSP_A_B_DATA (Prop_DSP_A_B_DATA_B[0]_B2_DATA[0])
                                                      0.151     1.189 r  sum_exp3/DSP_A_B_DATA_INST/B2_DATA[0]
                         net (fo=1, unplaced)         0.000     1.189    sum_exp3/DSP_A_B_DATA.B2_DATA<0>
                         DSP_PREADD_DATA (Prop_DSP_PREADD_DATA_B2_DATA[0]_B2B1[0])
                                                      0.073     1.262 r  sum_exp3/DSP_PREADD_DATA_INST/B2B1[0]
                         net (fo=1, unplaced)         0.000     1.262    sum_exp3/DSP_PREADD_DATA.B2B1<0>
                         DSP_MULTIPLIER (Prop_DSP_MULTIPLIER_B2B1[0]_V[30])
                                                      0.609     1.871 f  sum_exp3/DSP_MULTIPLIER_INST/V[30]
                         net (fo=1, unplaced)         0.000     1.871    sum_exp3/DSP_MULTIPLIER.V<30>
                         DSP_M_DATA (Prop_DSP_M_DATA_V[30]_V_DATA[30])
                                                      0.046     1.917 r  sum_exp3/DSP_M_DATA_INST/V_DATA[30]
                         net (fo=1, unplaced)         0.000     1.917    sum_exp3/DSP_M_DATA.V_DATA<30>
                         DSP_ALU (Prop_DSP_ALU_V_DATA[30]_ALU_OUT[47])
                                                      0.571     2.488 f  sum_exp3/DSP_ALU_INST/ALU_OUT[47]
                         net (fo=1, unplaced)         0.000     2.488    sum_exp3/DSP_ALU.ALU_OUT<47>
                         DSP_OUTPUT (Prop_DSP_OUTPUT_ALU_OUT[47]_PCOUT[47])
                                                      0.122     2.610 r  sum_exp3/DSP_OUTPUT_INST/PCOUT[47]
                         net (fo=1, unplaced)         0.014     2.624    sum_exp3__0/PCIN[47]
                         DSP_ALU (Prop_DSP_ALU_PCIN[47]_ALU_OUT[7])
                                                      0.546     3.170 f  sum_exp3__0/DSP_ALU_INST/ALU_OUT[7]
                         net (fo=1, unplaced)         0.000     3.170    sum_exp3__0/DSP_ALU.ALU_OUT<7>
                         DSP_OUTPUT (Prop_DSP_OUTPUT_ALU_OUT[7]_P[7])
                                                      0.109     3.279 r  sum_exp3__0/DSP_OUTPUT_INST/P[7]
                         net (fo=1, unplaced)         0.249     3.528    sum_exp3__1[24]
                         CARRY8 (Prop_CARRY8_S[3]_CO[7])
                                                      0.170     3.698 r  online_lane_sum_reg[2][13]_i_2/CO[7]
                         net (fo=1, unplaced)         0.005     3.703    online_lane_sum_reg[2][13]_i_2_n_0
                         CARRY8 (Prop_CARRY8_CI_O[5])
                                                      0.116     3.819 r  online_lane_sum_reg[2][21]_i_3/O[5]
                         net (fo=2, unplaced)         0.320     4.139    online_sum_rescaled[19]
                         CARRY8 (Prop_CARRY8_S[5]_CO[7])
                                                      0.166     4.305 r  online_lane_sum_reg[2][21]_i_2/CO[7]
                         net (fo=1, unplaced)         0.005     4.310    online_lane_sum_reg[2][21]_i_2_n_0
                         CARRY8 (Prop_CARRY8_CI_O[0])
                                                      0.056     4.366 r  online_lane_sum_reg[2][23]_i_7/O[0]
                         net (fo=1, unplaced)         0.232     4.598    online_lane_sum_reg[2][23]_i_7_n_15
                         LUT6 (Prop_LUT6_I3_O)        0.038     4.636 r  online_lane_sum[2][22]_i_1/O
                         net (fo=4, unplaced)         0.048     4.684    online_lane_sum[22]
                         FDRE                                         r  online_lane_sum_reg[3][22]/D
  -------------------------------------------------------------------    -------------------

                         (clock softmax_clk rise edge)
                                                      6.666     6.666 r  
                                                      0.000     6.666 r  clk (IN)
                         net (fo=1005, unset)         0.020     6.686    clk
                         FDRE                                         r  online_lane_sum_reg[3][22]/C
                         clock pessimism              0.000     6.686    
                         clock uncertainty           -0.035     6.651    
                         FDRE (Setup_FDRE_C_D)        0.025     6.676    online_lane_sum_reg[3][22]
  -------------------------------------------------------------------
                         required time                          6.676    
                         arrival time                          -4.684    
  -------------------------------------------------------------------
                         slack                                  1.992    

Slack (MET) :             2.019ns  (required time - arrival time)
  Source:                 state_reg[3]/C
                            (rising edge-triggered cell FDRE clocked by softmax_clk  {rise@0.000ns fall@3.333ns period=6.666ns})
  Destination:            sum_exp_reg[20]/D
                            (rising edge-triggered cell FDRE clocked by softmax_clk  {rise@0.000ns fall@3.333ns period=6.666ns})
  Path Group:             softmax_clk
  Path Type:              Setup (Max at Slow Process Corner)
  Requirement:            6.666ns  (softmax_clk rise@6.666ns - softmax_clk rise@0.000ns)
  Data Path Delay:        4.629ns  (logic 3.107ns (67.120%)  route 1.522ns (32.880%))
  Logic Levels:           16  (CARRY8=4 DSP_A_B_DATA=1 DSP_ALU=2 DSP_M_DATA=1 DSP_MULTIPLIER=1 DSP_OUTPUT=2 DSP_PREADD_DATA=1 LUT3=2 LUT4=1 LUT5=1)
  Clock Path Skew:        -0.008ns (DCD - SCD + CPR)
    Destination Clock Delay (DCD):    0.020ns = ( 6.686 - 6.666 ) 
    Source Clock Delay      (SCD):    0.028ns
    Clock Pessimism Removal (CPR):    0.000ns
  Clock Uncertainty:      0.035ns  ((TSJ^2 + TIJ^2)^1/2 + DJ) / 2 + PE
    Total System Jitter     (TSJ):    0.071ns
    Total Input Jitter      (TIJ):    0.000ns
    Discrete Jitter          (DJ):    0.000ns
    Phase Error              (PE):    0.000ns

    Location             Delay type                Incr(ns)  Path(ns)    Netlist Resource(s)
  -------------------------------------------------------------------    -------------------
                         (clock softmax_clk rise edge)
                                                      0.000     0.000 r  
                                                      0.000     0.000 r  clk (IN)
                         net (fo=1005, unset)         0.028     0.028    clk
                         FDRE                                         r  state_reg[3]/C
  -------------------------------------------------------------------    -------------------
                         FDRE (Prop_FDRE_C_Q)         0.077     0.105 r  state_reg[3]/Q
                         net (fo=162, unplaced)       0.236     0.341    u_exp_lut/combine_exp_value_reg_reg[0]_0[3]
                         LUT4 (Prop_LUT4_I0_O)        0.139     0.480 r  u_exp_lut/row_head_reg[1]_i_4/O
                         net (fo=60, unplaced)        0.306     0.786    u_exp_lut_n_32
                         LUT5 (Prop_LUT5_I3_O)        0.038     0.824 f  sum_exp3_i_16/O
                         net (fo=2, unplaced)         0.214     1.038    sum_exp3/B[0]
                         DSP_A_B_DATA (Prop_DSP_A_B_DATA_B[0]_B2_DATA[0])
                                                      0.151     1.189 r  sum_exp3/DSP_A_B_DATA_INST/B2_DATA[0]
                         net (fo=1, unplaced)         0.000     1.189    sum_exp3/DSP_A_B_DATA.B2_DATA<0>
                         DSP_PREADD_DATA (Prop_DSP_PREADD_DATA_B2_DATA[0]_B2B1[0])
                                                      0.073     1.262 r  sum_exp3/DSP_PREADD_DATA_INST/B2B1[0]
                         net (fo=1, unplaced)         0.000     1.262    sum_exp3/DSP_PREADD_DATA.B2B1<0>
                         DSP_MULTIPLIER (Prop_DSP_MULTIPLIER_B2B1[0]_V[30])
                                                      0.609     1.871 f  sum_exp3/DSP_MULTIPLIER_INST/V[30]
                         net (fo=1, unplaced)         0.000     1.871    sum_exp3/DSP_MULTIPLIER.V<30>
                         DSP_M_DATA (Prop_DSP_M_DATA_V[30]_V_DATA[30])
                                                      0.046     1.917 r  sum_exp3/DSP_M_DATA_INST/V_DATA[30]
                         net (fo=1, unplaced)         0.000     1.917    sum_exp3/DSP_M_DATA.V_DATA<30>
                         DSP_ALU (Prop_DSP_ALU_V_DATA[30]_ALU_OUT[47])
                                                      0.571     2.488 f  sum_exp3/DSP_ALU_INST/ALU_OUT[47]
                         net (fo=1, unplaced)         0.000     2.488    sum_exp3/DSP_ALU.ALU_OUT<47>
                         DSP_OUTPUT (Prop_DSP_OUTPUT_ALU_OUT[47]_PCOUT[47])
                                                      0.122     2.610 r  sum_exp3/DSP_OUTPUT_INST/PCOUT[47]
                         net (fo=1, unplaced)         0.014     2.624    sum_exp3__0/PCIN[47]
                         DSP_ALU (Prop_DSP_ALU_PCIN[47]_ALU_OUT[1])
                                                      0.546     3.170 f  sum_exp3__0/DSP_ALU_INST/ALU_OUT[1]
                         net (fo=1, unplaced)         0.000     3.170    sum_exp3__0/DSP_ALU.ALU_OUT<1>
                         DSP_OUTPUT (Prop_DSP_OUTPUT_ALU_OUT[1]_P[1])
                                                      0.109     3.279 r  sum_exp3__0/DSP_OUTPUT_INST/P[1]
                         net (fo=1, unplaced)         0.210     3.489    sum_exp3__1[18]
                         CARRY8 (Prop_CARRY8_S[5]_CO[7])
                                                      0.166     3.655 r  online_lane_sum_reg[2][5]_i_2/CO[7]
                         net (fo=1, unplaced)         0.005     3.660    online_lane_sum_reg[2][5]_i_2_n_0
                         CARRY8 (Prop_CARRY8_CI_O[2])
                                                      0.067     3.727 r  online_lane_sum_reg[2][13]_i_2/O[2]
                         net (fo=2, unplaced)         0.232     3.959    online_sum_rescaled[8]
                         LUT3 (Prop_LUT3_I2_O)        0.038     3.997 r  sum_exp[15]_i_10/O
                         net (fo=1, unplaced)         0.020     4.017    sum_exp[15]_i_10_n_0
                         CARRY8 (Prop_CARRY8_S[0]_CO[7])
                                                      0.199     4.216 r  sum_exp_reg[15]_i_2/CO[7]
                         net (fo=1, unplaced)         0.005     4.221    sum_exp_reg[15]_i_2_n_0
                         CARRY8 (Prop_CARRY8_CI_O[4])
                                                      0.086     4.307 r  sum_exp_reg[23]_i_4/O[4]
                         net (fo=1, unplaced)         0.232     4.539    sum_exp0[20]
                         LUT3 (Prop_LUT3_I2_O)        0.070     4.609 r  sum_exp[20]_i_1/O
                         net (fo=1, unplaced)         0.048     4.657    sum_exp[20]_i_1_n_0
                         FDRE                                         r  sum_exp_reg[20]/D
  -------------------------------------------------------------------    -------------------

                         (clock softmax_clk rise edge)
                                                      6.666     6.666 r  
                                                      0.000     6.666 r  clk (IN)
                         net (fo=1005, unset)         0.020     6.686    clk
                         FDRE                                         r  sum_exp_reg[20]/C
                         clock pessimism              0.000     6.686    
                         clock uncertainty           -0.035     6.651    
                         FDRE (Setup_FDRE_C_D)        0.025     6.676    sum_exp_reg[20]
  -------------------------------------------------------------------
                         required time                          6.676    
                         arrival time                          -4.657    
  -------------------------------------------------------------------
                         slack                                  2.019    

Slack (MET) :             2.019ns  (required time - arrival time)
  Source:                 state_reg[3]/C
                            (rising edge-triggered cell FDRE clocked by softmax_clk  {rise@0.000ns fall@3.333ns period=6.666ns})
  Destination:            online_lane_sum_reg[0][23]/D
                            (rising edge-triggered cell FDRE clocked by softmax_clk  {rise@0.000ns fall@3.333ns period=6.666ns})
  Path Group:             softmax_clk
  Path Type:              Setup (Max at Slow Process Corner)
  Requirement:            6.666ns  (softmax_clk rise@6.666ns - softmax_clk rise@0.000ns)
  Data Path Delay:        4.629ns  (logic 3.047ns (65.824%)  route 1.582ns (34.176%))
  Logic Levels:           15  (CARRY8=4 DSP_A_B_DATA=1 DSP_ALU=2 DSP_M_DATA=1 DSP_MULTIPLIER=1 DSP_OUTPUT=2 DSP_PREADD_DATA=1 LUT4=1 LUT5=1 LUT6=1)
  Clock Path Skew:        -0.008ns (DCD - SCD + CPR)
    Destination Clock Delay (DCD):    0.020ns = ( 6.686 - 6.666 ) 
    Source Clock Delay      (SCD):    0.028ns
    Clock Pessimism Removal (CPR):    0.000ns
  Clock Uncertainty:      0.035ns  ((TSJ^2 + TIJ^2)^1/2 + DJ) / 2 + PE
    Total System Jitter     (TSJ):    0.071ns
    Total Input Jitter      (TIJ):    0.000ns
    Discrete Jitter          (DJ):    0.000ns
    Phase Error              (PE):    0.000ns

    Location             Delay type                Incr(ns)  Path(ns)    Netlist Resource(s)
  -------------------------------------------------------------------    -------------------
                         (clock softmax_clk rise edge)
                                                      0.000     0.000 r  
                                                      0.000     0.000 r  clk (IN)
                         net (fo=1005, unset)         0.028     0.028    clk
                         FDRE                                         r  state_reg[3]/C
  -------------------------------------------------------------------    -------------------
                         FDRE (Prop_FDRE_C_Q)         0.077     0.105 r  state_reg[3]/Q
                         net (fo=162, unplaced)       0.236     0.341    u_exp_lut/combine_exp_value_reg_reg[0]_0[3]
                         LUT4 (Prop_LUT4_I0_O)        0.139     0.480 r  u_exp_lut/row_head_reg[1]_i_4/O
                         net (fo=60, unplaced)        0.306     0.786    u_exp_lut_n_32
                         LUT5 (Prop_LUT5_I3_O)        0.038     0.824 f  sum_exp3_i_16/O
                         net (fo=2, unplaced)         0.214     1.038    sum_exp3/B[0]
                         DSP_A_B_DATA (Prop_DSP_A_B_DATA_B[0]_B2_DATA[0])
                                                      0.151     1.189 r  sum_exp3/DSP_A_B_DATA_INST/B2_DATA[0]
                         net (fo=1, unplaced)         0.000     1.189    sum_exp3/DSP_A_B_DATA.B2_DATA<0>
                         DSP_PREADD_DATA (Prop_DSP_PREADD_DATA_B2_DATA[0]_B2B1[0])
                                                      0.073     1.262 r  sum_exp3/DSP_PREADD_DATA_INST/B2B1[0]
                         net (fo=1, unplaced)         0.000     1.262    sum_exp3/DSP_PREADD_DATA.B2B1<0>
                         DSP_MULTIPLIER (Prop_DSP_MULTIPLIER_B2B1[0]_V[30])
                                                      0.609     1.871 f  sum_exp3/DSP_MULTIPLIER_INST/V[30]
                         net (fo=1, unplaced)         0.000     1.871    sum_exp3/DSP_MULTIPLIER.V<30>
                         DSP_M_DATA (Prop_DSP_M_DATA_V[30]_V_DATA[30])
                                                      0.046     1.917 r  sum_exp3/DSP_M_DATA_INST/V_DATA[30]
                         net (fo=1, unplaced)         0.000     1.917    sum_exp3/DSP_M_DATA.V_DATA<30>
                         DSP_ALU (Prop_DSP_ALU_V_DATA[30]_ALU_OUT[47])
                                                      0.571     2.488 f  sum_exp3/DSP_ALU_INST/ALU_OUT[47]
                         net (fo=1, unplaced)         0.000     2.488    sum_exp3/DSP_ALU.ALU_OUT<47>
                         DSP_OUTPUT (Prop_DSP_OUTPUT_ALU_OUT[47]_PCOUT[47])
                                                      0.122     2.610 r  sum_exp3/DSP_OUTPUT_INST/PCOUT[47]
                         net (fo=1, unplaced)         0.014     2.624    sum_exp3__0/PCIN[47]
                         DSP_ALU (Prop_DSP_ALU_PCIN[47]_ALU_OUT[7])
                                                      0.546     3.170 f  sum_exp3__0/DSP_ALU_INST/ALU_OUT[7]
                         net (fo=1, unplaced)         0.000     3.170    sum_exp3__0/DSP_ALU.ALU_OUT<7>
                         DSP_OUTPUT (Prop_DSP_OUTPUT_ALU_OUT[7]_P[7])
                                                      0.109     3.279 r  sum_exp3__0/DSP_OUTPUT_INST/P[7]
                         net (fo=1, unplaced)         0.249     3.528    sum_exp3__1[24]
                         CARRY8 (Prop_CARRY8_S[3]_CO[7])
                                                      0.170     3.698 r  online_lane_sum_reg[2][13]_i_2/CO[7]
                         net (fo=1, unplaced)         0.005     3.703    online_lane_sum_reg[2][13]_i_2_n_0
                         CARRY8 (Prop_CARRY8_CI_O[5])
                                                      0.116     3.819 r  online_lane_sum_reg[2][21]_i_3/O[5]
                         net (fo=2, unplaced)         0.320     4.139    online_sum_rescaled[19]
                         CARRY8 (Prop_CARRY8_S[5]_CO[7])
                                                      0.166     4.305 r  online_lane_sum_reg[2][21]_i_2/CO[7]
                         net (fo=1, unplaced)         0.005     4.310    online_lane_sum_reg[2][21]_i_2_n_0
                         CARRY8 (Prop_CARRY8_CI_O[1])
                                                      0.076     4.386 r  online_lane_sum_reg[2][23]_i_7/O[1]
                         net (fo=1, unplaced)         0.185     4.571    online_lane_sum_reg[2][23]_i_7_n_14
                         LUT6 (Prop_LUT6_I3_O)        0.038     4.609 r  online_lane_sum[2][23]_i_2/O
                         net (fo=4, unplaced)         0.048     4.657    online_lane_sum[23]
                         FDRE                                         r  online_lane_sum_reg[0][23]/D
  -------------------------------------------------------------------    -------------------

                         (clock softmax_clk rise edge)
                                                      6.666     6.666 r  
                                                      0.000     6.666 r  clk (IN)
                         net (fo=1005, unset)         0.020     6.686    clk
                         FDRE                                         r  online_lane_sum_reg[0][23]/C
                         clock pessimism              0.000     6.686    
                         clock uncertainty           -0.035     6.651    
                         FDRE (Setup_FDRE_C_D)        0.025     6.676    online_lane_sum_reg[0][23]
  -------------------------------------------------------------------
                         required time                          6.676    
                         arrival time                          -4.657    
  -------------------------------------------------------------------
                         slack                                  2.019    

Slack (MET) :             2.019ns  (required time - arrival time)
  Source:                 state_reg[3]/C
                            (rising edge-triggered cell FDRE clocked by softmax_clk  {rise@0.000ns fall@3.333ns period=6.666ns})
  Destination:            online_lane_sum_reg[1][23]/D
                            (rising edge-triggered cell FDRE clocked by softmax_clk  {rise@0.000ns fall@3.333ns period=6.666ns})
  Path Group:             softmax_clk
  Path Type:              Setup (Max at Slow Process Corner)
  Requirement:            6.666ns  (softmax_clk rise@6.666ns - softmax_clk rise@0.000ns)
  Data Path Delay:        4.629ns  (logic 3.047ns (65.824%)  route 1.582ns (34.176%))
  Logic Levels:           15  (CARRY8=4 DSP_A_B_DATA=1 DSP_ALU=2 DSP_M_DATA=1 DSP_MULTIPLIER=1 DSP_OUTPUT=2 DSP_PREADD_DATA=1 LUT4=1 LUT5=1 LUT6=1)
  Clock Path Skew:        -0.008ns (DCD - SCD + CPR)
    Destination Clock Delay (DCD):    0.020ns = ( 6.686 - 6.666 ) 
    Source Clock Delay      (SCD):    0.028ns
    Clock Pessimism Removal (CPR):    0.000ns
  Clock Uncertainty:      0.035ns  ((TSJ^2 + TIJ^2)^1/2 + DJ) / 2 + PE
    Total System Jitter     (TSJ):    0.071ns
    Total Input Jitter      (TIJ):    0.000ns
    Discrete Jitter          (DJ):    0.000ns
    Phase Error              (PE):    0.000ns

    Location             Delay type                Incr(ns)  Path(ns)    Netlist Resource(s)
  -------------------------------------------------------------------    -------------------
                         (clock softmax_clk rise edge)
                                                      0.000     0.000 r  
                                                      0.000     0.000 r  clk (IN)
                         net (fo=1005, unset)         0.028     0.028    clk
                         FDRE                                         r  state_reg[3]/C
  -------------------------------------------------------------------    -------------------
                         FDRE (Prop_FDRE_C_Q)         0.077     0.105 r  state_reg[3]/Q
                         net (fo=162, unplaced)       0.236     0.341    u_exp_lut/combine_exp_value_reg_reg[0]_0[3]
                         LUT4 (Prop_LUT4_I0_O)        0.139     0.480 r  u_exp_lut/row_head_reg[1]_i_4/O
                         net (fo=60, unplaced)        0.306     0.786    u_exp_lut_n_32
                         LUT5 (Prop_LUT5_I3_O)        0.038     0.824 f  sum_exp3_i_16/O
                         net (fo=2, unplaced)         0.214     1.038    sum_exp3/B[0]
                         DSP_A_B_DATA (Prop_DSP_A_B_DATA_B[0]_B2_DATA[0])
                                                      0.151     1.189 r  sum_exp3/DSP_A_B_DATA_INST/B2_DATA[0]
                         net (fo=1, unplaced)         0.000     1.189    sum_exp3/DSP_A_B_DATA.B2_DATA<0>
                         DSP_PREADD_DATA (Prop_DSP_PREADD_DATA_B2_DATA[0]_B2B1[0])
                                                      0.073     1.262 r  sum_exp3/DSP_PREADD_DATA_INST/B2B1[0]
                         net (fo=1, unplaced)         0.000     1.262    sum_exp3/DSP_PREADD_DATA.B2B1<0>
                         DSP_MULTIPLIER (Prop_DSP_MULTIPLIER_B2B1[0]_V[30])
                                                      0.609     1.871 f  sum_exp3/DSP_MULTIPLIER_INST/V[30]
                         net (fo=1, unplaced)         0.000     1.871    sum_exp3/DSP_MULTIPLIER.V<30>
                         DSP_M_DATA (Prop_DSP_M_DATA_V[30]_V_DATA[30])
                                                      0.046     1.917 r  sum_exp3/DSP_M_DATA_INST/V_DATA[30]
                         net (fo=1, unplaced)         0.000     1.917    sum_exp3/DSP_M_DATA.V_DATA<30>
                         DSP_ALU (Prop_DSP_ALU_V_DATA[30]_ALU_OUT[47])
                                                      0.571     2.488 f  sum_exp3/DSP_ALU_INST/ALU_OUT[47]
                         net (fo=1, unplaced)         0.000     2.488    sum_exp3/DSP_ALU.ALU_OUT<47>
                         DSP_OUTPUT (Prop_DSP_OUTPUT_ALU_OUT[47]_PCOUT[47])
                                                      0.122     2.610 r  sum_exp3/DSP_OUTPUT_INST/PCOUT[47]
                         net (fo=1, unplaced)         0.014     2.624    sum_exp3__0/PCIN[47]
                         DSP_ALU (Prop_DSP_ALU_PCIN[47]_ALU_OUT[7])
                                                      0.546     3.170 f  sum_exp3__0/DSP_ALU_INST/ALU_OUT[7]
                         net (fo=1, unplaced)         0.000     3.170    sum_exp3__0/DSP_ALU.ALU_OUT<7>
                         DSP_OUTPUT (Prop_DSP_OUTPUT_ALU_OUT[7]_P[7])
                                                      0.109     3.279 r  sum_exp3__0/DSP_OUTPUT_INST/P[7]
                         net (fo=1, unplaced)         0.249     3.528    sum_exp3__1[24]
                         CARRY8 (Prop_CARRY8_S[3]_CO[7])
                                                      0.170     3.698 r  online_lane_sum_reg[2][13]_i_2/CO[7]
                         net (fo=1, unplaced)         0.005     3.703    online_lane_sum_reg[2][13]_i_2_n_0
                         CARRY8 (Prop_CARRY8_CI_O[5])
                                                      0.116     3.819 r  online_lane_sum_reg[2][21]_i_3/O[5]
                         net (fo=2, unplaced)         0.320     4.139    online_sum_rescaled[19]
                         CARRY8 (Prop_CARRY8_S[5]_CO[7])
                                                      0.166     4.305 r  online_lane_sum_reg[2][21]_i_2/CO[7]
                         net (fo=1, unplaced)         0.005     4.310    online_lane_sum_reg[2][21]_i_2_n_0
                         CARRY8 (Prop_CARRY8_CI_O[1])
                                                      0.076     4.386 r  online_lane_sum_reg[2][23]_i_7/O[1]
                         net (fo=1, unplaced)         0.185     4.571    online_lane_sum_reg[2][23]_i_7_n_14
                         LUT6 (Prop_LUT6_I3_O)        0.038     4.609 r  online_lane_sum[2][23]_i_2/O
                         net (fo=4, unplaced)         0.048     4.657    online_lane_sum[23]
                         FDRE                                         r  online_lane_sum_reg[1][23]/D
  -------------------------------------------------------------------    -------------------

                         (clock softmax_clk rise edge)
                                                      6.666     6.666 r  
                                                      0.000     6.666 r  clk (IN)
                         net (fo=1005, unset)         0.020     6.686    clk
                         FDRE                                         r  online_lane_sum_reg[1][23]/C
                         clock pessimism              0.000     6.686    
                         clock uncertainty           -0.035     6.651    
                         FDRE (Setup_FDRE_C_D)        0.025     6.676    online_lane_sum_reg[1][23]
  -------------------------------------------------------------------
                         required time                          6.676    
                         arrival time                          -4.657    
  -------------------------------------------------------------------
                         slack                                  2.019    

Slack (MET) :             2.019ns  (required time - arrival time)
  Source:                 state_reg[3]/C
                            (rising edge-triggered cell FDRE clocked by softmax_clk  {rise@0.000ns fall@3.333ns period=6.666ns})
  Destination:            online_lane_sum_reg[2][23]/D
                            (rising edge-triggered cell FDRE clocked by softmax_clk  {rise@0.000ns fall@3.333ns period=6.666ns})
  Path Group:             softmax_clk
  Path Type:              Setup (Max at Slow Process Corner)
  Requirement:            6.666ns  (softmax_clk rise@6.666ns - softmax_clk rise@0.000ns)
  Data Path Delay:        4.629ns  (logic 3.047ns (65.824%)  route 1.582ns (34.176%))
  Logic Levels:           15  (CARRY8=4 DSP_A_B_DATA=1 DSP_ALU=2 DSP_M_DATA=1 DSP_MULTIPLIER=1 DSP_OUTPUT=2 DSP_PREADD_DATA=1 LUT4=1 LUT5=1 LUT6=1)
  Clock Path Skew:        -0.008ns (DCD - SCD + CPR)
    Destination Clock Delay (DCD):    0.020ns = ( 6.686 - 6.666 ) 
    Source Clock Delay      (SCD):    0.028ns
    Clock Pessimism Removal (CPR):    0.000ns
  Clock Uncertainty:      0.035ns  ((TSJ^2 + TIJ^2)^1/2 + DJ) / 2 + PE
    Total System Jitter     (TSJ):    0.071ns
    Total Input Jitter      (TIJ):    0.000ns
    Discrete Jitter          (DJ):    0.000ns
    Phase Error              (PE):    0.000ns

    Location             Delay type                Incr(ns)  Path(ns)    Netlist Resource(s)
  -------------------------------------------------------------------    -------------------
                         (clock softmax_clk rise edge)
                                                      0.000     0.000 r  
                                                      0.000     0.000 r  clk (IN)
                         net (fo=1005, unset)         0.028     0.028    clk
                         FDRE                                         r  state_reg[3]/C
  -------------------------------------------------------------------    -------------------
                         FDRE (Prop_FDRE_C_Q)         0.077     0.105 r  state_reg[3]/Q
                         net (fo=162, unplaced)       0.236     0.341    u_exp_lut/combine_exp_value_reg_reg[0]_0[3]
                         LUT4 (Prop_LUT4_I0_O)        0.139     0.480 r  u_exp_lut/row_head_reg[1]_i_4/O
                         net (fo=60, unplaced)        0.306     0.786    u_exp_lut_n_32
                         LUT5 (Prop_LUT5_I3_O)        0.038     0.824 f  sum_exp3_i_16/O
                         net (fo=2, unplaced)         0.214     1.038    sum_exp3/B[0]
                         DSP_A_B_DATA (Prop_DSP_A_B_DATA_B[0]_B2_DATA[0])
                                                      0.151     1.189 r  sum_exp3/DSP_A_B_DATA_INST/B2_DATA[0]
                         net (fo=1, unplaced)         0.000     1.189    sum_exp3/DSP_A_B_DATA.B2_DATA<0>
                         DSP_PREADD_DATA (Prop_DSP_PREADD_DATA_B2_DATA[0]_B2B1[0])
                                                      0.073     1.262 r  sum_exp3/DSP_PREADD_DATA_INST/B2B1[0]
                         net (fo=1, unplaced)         0.000     1.262    sum_exp3/DSP_PREADD_DATA.B2B1<0>
                         DSP_MULTIPLIER (Prop_DSP_MULTIPLIER_B2B1[0]_V[30])
                                                      0.609     1.871 f  sum_exp3/DSP_MULTIPLIER_INST/V[30]
                         net (fo=1, unplaced)         0.000     1.871    sum_exp3/DSP_MULTIPLIER.V<30>
                         DSP_M_DATA (Prop_DSP_M_DATA_V[30]_V_DATA[30])
                                                      0.046     1.917 r  sum_exp3/DSP_M_DATA_INST/V_DATA[30]
                         net (fo=1, unplaced)         0.000     1.917    sum_exp3/DSP_M_DATA.V_DATA<30>
                         DSP_ALU (Prop_DSP_ALU_V_DATA[30]_ALU_OUT[47])
                                                      0.571     2.488 f  sum_exp3/DSP_ALU_INST/ALU_OUT[47]
                         net (fo=1, unplaced)         0.000     2.488    sum_exp3/DSP_ALU.ALU_OUT<47>
                         DSP_OUTPUT (Prop_DSP_OUTPUT_ALU_OUT[47]_PCOUT[47])
                                                      0.122     2.610 r  sum_exp3/DSP_OUTPUT_INST/PCOUT[47]
                         net (fo=1, unplaced)         0.014     2.624    sum_exp3__0/PCIN[47]
                         DSP_ALU (Prop_DSP_ALU_PCIN[47]_ALU_OUT[7])
                                                      0.546     3.170 f  sum_exp3__0/DSP_ALU_INST/ALU_OUT[7]
                         net (fo=1, unplaced)         0.000     3.170    sum_exp3__0/DSP_ALU.ALU_OUT<7>
                         DSP_OUTPUT (Prop_DSP_OUTPUT_ALU_OUT[7]_P[7])
                                                      0.109     3.279 r  sum_exp3__0/DSP_OUTPUT_INST/P[7]
                         net (fo=1, unplaced)         0.249     3.528    sum_exp3__1[24]
                         CARRY8 (Prop_CARRY8_S[3]_CO[7])
                                                      0.170     3.698 r  online_lane_sum_reg[2][13]_i_2/CO[7]
                         net (fo=1, unplaced)         0.005     3.703    online_lane_sum_reg[2][13]_i_2_n_0
                         CARRY8 (Prop_CARRY8_CI_O[5])
                                                      0.116     3.819 r  online_lane_sum_reg[2][21]_i_3/O[5]
                         net (fo=2, unplaced)         0.320     4.139    online_sum_rescaled[19]
                         CARRY8 (Prop_CARRY8_S[5]_CO[7])
                                                      0.166     4.305 r  online_lane_sum_reg[2][21]_i_2/CO[7]
                         net (fo=1, unplaced)         0.005     4.310    online_lane_sum_reg[2][21]_i_2_n_0
                         CARRY8 (Prop_CARRY8_CI_O[1])
                                                      0.076     4.386 r  online_lane_sum_reg[2][23]_i_7/O[1]
                         net (fo=1, unplaced)         0.185     4.571    online_lane_sum_reg[2][23]_i_7_n_14
                         LUT6 (Prop_LUT6_I3_O)        0.038     4.609 r  online_lane_sum[2][23]_i_2/O
                         net (fo=4, unplaced)         0.048     4.657    online_lane_sum[23]
                         FDRE                                         r  online_lane_sum_reg[2][23]/D
  -------------------------------------------------------------------    -------------------

                         (clock softmax_clk rise edge)
                                                      6.666     6.666 r  
                                                      0.000     6.666 r  clk (IN)
                         net (fo=1005, unset)         0.020     6.686    clk
                         FDRE                                         r  online_lane_sum_reg[2][23]/C
                         clock pessimism              0.000     6.686    
                         clock uncertainty           -0.035     6.651    
                         FDRE (Setup_FDRE_C_D)        0.025     6.676    online_lane_sum_reg[2][23]
  -------------------------------------------------------------------
                         required time                          6.676    
                         arrival time                          -4.657    
  -------------------------------------------------------------------
                         slack                                  2.019    

Slack (MET) :             2.019ns  (required time - arrival time)
  Source:                 state_reg[3]/C
                            (rising edge-triggered cell FDRE clocked by softmax_clk  {rise@0.000ns fall@3.333ns period=6.666ns})
  Destination:            online_lane_sum_reg[3][23]/D
                            (rising edge-triggered cell FDRE clocked by softmax_clk  {rise@0.000ns fall@3.333ns period=6.666ns})
  Path Group:             softmax_clk
  Path Type:              Setup (Max at Slow Process Corner)
  Requirement:            6.666ns  (softmax_clk rise@6.666ns - softmax_clk rise@0.000ns)
  Data Path Delay:        4.629ns  (logic 3.047ns (65.824%)  route 1.582ns (34.176%))
  Logic Levels:           15  (CARRY8=4 DSP_A_B_DATA=1 DSP_ALU=2 DSP_M_DATA=1 DSP_MULTIPLIER=1 DSP_OUTPUT=2 DSP_PREADD_DATA=1 LUT4=1 LUT5=1 LUT6=1)
  Clock Path Skew:        -0.008ns (DCD - SCD + CPR)
    Destination Clock Delay (DCD):    0.020ns = ( 6.686 - 6.666 ) 
    Source Clock Delay      (SCD):    0.028ns
    Clock Pessimism Removal (CPR):    0.000ns
  Clock Uncertainty:      0.035ns  ((TSJ^2 + TIJ^2)^1/2 + DJ) / 2 + PE
    Total System Jitter     (TSJ):    0.071ns
    Total Input Jitter      (TIJ):    0.000ns
    Discrete Jitter          (DJ):    0.000ns
    Phase Error              (PE):    0.000ns

    Location             Delay type                Incr(ns)  Path(ns)    Netlist Resource(s)
  -------------------------------------------------------------------    -------------------
                         (clock softmax_clk rise edge)
                                                      0.000     0.000 r  
                                                      0.000     0.000 r  clk (IN)
                         net (fo=1005, unset)         0.028     0.028    clk
                         FDRE                                         r  state_reg[3]/C
  -------------------------------------------------------------------    -------------------
                         FDRE (Prop_FDRE_C_Q)         0.077     0.105 r  state_reg[3]/Q
                         net (fo=162, unplaced)       0.236     0.341    u_exp_lut/combine_exp_value_reg_reg[0]_0[3]
                         LUT4 (Prop_LUT4_I0_O)        0.139     0.480 r  u_exp_lut/row_head_reg[1]_i_4/O
                         net (fo=60, unplaced)        0.306     0.786    u_exp_lut_n_32
                         LUT5 (Prop_LUT5_I3_O)        0.038     0.824 f  sum_exp3_i_16/O
                         net (fo=2, unplaced)         0.214     1.038    sum_exp3/B[0]
                         DSP_A_B_DATA (Prop_DSP_A_B_DATA_B[0]_B2_DATA[0])
                                                      0.151     1.189 r  sum_exp3/DSP_A_B_DATA_INST/B2_DATA[0]
                         net (fo=1, unplaced)         0.000     1.189    sum_exp3/DSP_A_B_DATA.B2_DATA<0>
                         DSP_PREADD_DATA (Prop_DSP_PREADD_DATA_B2_DATA[0]_B2B1[0])
                                                      0.073     1.262 r  sum_exp3/DSP_PREADD_DATA_INST/B2B1[0]
                         net (fo=1, unplaced)         0.000     1.262    sum_exp3/DSP_PREADD_DATA.B2B1<0>
                         DSP_MULTIPLIER (Prop_DSP_MULTIPLIER_B2B1[0]_V[30])
                                                      0.609     1.871 f  sum_exp3/DSP_MULTIPLIER_INST/V[30]
                         net (fo=1, unplaced)         0.000     1.871    sum_exp3/DSP_MULTIPLIER.V<30>
                         DSP_M_DATA (Prop_DSP_M_DATA_V[30]_V_DATA[30])
                                                      0.046     1.917 r  sum_exp3/DSP_M_DATA_INST/V_DATA[30]
                         net (fo=1, unplaced)         0.000     1.917    sum_exp3/DSP_M_DATA.V_DATA<30>
                         DSP_ALU (Prop_DSP_ALU_V_DATA[30]_ALU_OUT[47])
                                                      0.571     2.488 f  sum_exp3/DSP_ALU_INST/ALU_OUT[47]
                         net (fo=1, unplaced)         0.000     2.488    sum_exp3/DSP_ALU.ALU_OUT<47>
                         DSP_OUTPUT (Prop_DSP_OUTPUT_ALU_OUT[47]_PCOUT[47])
                                                      0.122     2.610 r  sum_exp3/DSP_OUTPUT_INST/PCOUT[47]
                         net (fo=1, unplaced)         0.014     2.624    sum_exp3__0/PCIN[47]
                         DSP_ALU (Prop_DSP_ALU_PCIN[47]_ALU_OUT[7])
                                                      0.546     3.170 f  sum_exp3__0/DSP_ALU_INST/ALU_OUT[7]
                         net (fo=1, unplaced)         0.000     3.170    sum_exp3__0/DSP_ALU.ALU_OUT<7>
                         DSP_OUTPUT (Prop_DSP_OUTPUT_ALU_OUT[7]_P[7])
                                                      0.109     3.279 r  sum_exp3__0/DSP_OUTPUT_INST/P[7]
                         net (fo=1, unplaced)         0.249     3.528    sum_exp3__1[24]
                         CARRY8 (Prop_CARRY8_S[3]_CO[7])
                                                      0.170     3.698 r  online_lane_sum_reg[2][13]_i_2/CO[7]
                         net (fo=1, unplaced)         0.005     3.703    online_lane_sum_reg[2][13]_i_2_n_0
                         CARRY8 (Prop_CARRY8_CI_O[5])
                                                      0.116     3.819 r  online_lane_sum_reg[2][21]_i_3/O[5]
                         net (fo=2, unplaced)         0.320     4.139    online_sum_rescaled[19]
                         CARRY8 (Prop_CARRY8_S[5]_CO[7])
                                                      0.166     4.305 r  online_lane_sum_reg[2][21]_i_2/CO[7]
                         net (fo=1, unplaced)         0.005     4.310    online_lane_sum_reg[2][21]_i_2_n_0
                         CARRY8 (Prop_CARRY8_CI_O[1])
                                                      0.076     4.386 r  online_lane_sum_reg[2][23]_i_7/O[1]
                         net (fo=1, unplaced)         0.185     4.571    online_lane_sum_reg[2][23]_i_7_n_14
                         LUT6 (Prop_LUT6_I3_O)        0.038     4.609 r  online_lane_sum[2][23]_i_2/O
                         net (fo=4, unplaced)         0.048     4.657    online_lane_sum[23]
                         FDRE                                         r  online_lane_sum_reg[3][23]/D
  -------------------------------------------------------------------    -------------------

                         (clock softmax_clk rise edge)
                                                      6.666     6.666 r  
                                                      0.000     6.666 r  clk (IN)
                         net (fo=1005, unset)         0.020     6.686    clk
                         FDRE                                         r  online_lane_sum_reg[3][23]/C
                         clock pessimism              0.000     6.686    
                         clock uncertainty           -0.035     6.651    
                         FDRE (Setup_FDRE_C_D)        0.025     6.676    online_lane_sum_reg[3][23]
  -------------------------------------------------------------------
                         required time                          6.676    
                         arrival time                          -4.657    
  -------------------------------------------------------------------
                         slack                                  2.019    

Slack (MET) :             2.036ns  (required time - arrival time)
  Source:                 state_reg[3]/C
                            (rising edge-triggered cell FDRE clocked by softmax_clk  {rise@0.000ns fall@3.333ns period=6.666ns})
  Destination:            sum_exp_reg[23]/D
                            (rising edge-triggered cell FDRE clocked by softmax_clk  {rise@0.000ns fall@3.333ns period=6.666ns})
  Path Group:             softmax_clk
  Path Type:              Setup (Max at Slow Process Corner)
  Requirement:            6.666ns  (softmax_clk rise@6.666ns - softmax_clk rise@0.000ns)
  Data Path Delay:        4.612ns  (logic 3.137ns (68.018%)  route 1.475ns (31.982%))
  Logic Levels:           16  (CARRY8=4 DSP_A_B_DATA=1 DSP_ALU=2 DSP_M_DATA=1 DSP_MULTIPLIER=1 DSP_OUTPUT=2 DSP_PREADD_DATA=1 LUT3=2 LUT4=1 LUT5=1)
  Clock Path Skew:        -0.008ns (DCD - SCD + CPR)
    Destination Clock Delay (DCD):    0.020ns = ( 6.686 - 6.666 ) 
    Source Clock Delay      (SCD):    0.028ns
    Clock Pessimism Removal (CPR):    0.000ns
  Clock Uncertainty:      0.035ns  ((TSJ^2 + TIJ^2)^1/2 + DJ) / 2 + PE
    Total System Jitter     (TSJ):    0.071ns
    Total Input Jitter      (TIJ):    0.000ns
    Discrete Jitter          (DJ):    0.000ns
    Phase Error              (PE):    0.000ns

    Location             Delay type                Incr(ns)  Path(ns)    Netlist Resource(s)
  -------------------------------------------------------------------    -------------------
                         (clock softmax_clk rise edge)
                                                      0.000     0.000 r  
                                                      0.000     0.000 r  clk (IN)
                         net (fo=1005, unset)         0.028     0.028    clk
                         FDRE                                         r  state_reg[3]/C
  -------------------------------------------------------------------    -------------------
                         FDRE (Prop_FDRE_C_Q)         0.077     0.105 r  state_reg[3]/Q
                         net (fo=162, unplaced)       0.236     0.341    u_exp_lut/combine_exp_value_reg_reg[0]_0[3]
                         LUT4 (Prop_LUT4_I0_O)        0.139     0.480 r  u_exp_lut/row_head_reg[1]_i_4/O
                         net (fo=60, unplaced)        0.306     0.786    u_exp_lut_n_32
                         LUT5 (Prop_LUT5_I3_O)        0.038     0.824 f  sum_exp3_i_16/O
                         net (fo=2, unplaced)         0.214     1.038    sum_exp3/B[0]
                         DSP_A_B_DATA (Prop_DSP_A_B_DATA_B[0]_B2_DATA[0])
                                                      0.151     1.189 r  sum_exp3/DSP_A_B_DATA_INST/B2_DATA[0]
                         net (fo=1, unplaced)         0.000     1.189    sum_exp3/DSP_A_B_DATA.B2_DATA<0>
                         DSP_PREADD_DATA (Prop_DSP_PREADD_DATA_B2_DATA[0]_B2B1[0])
                                                      0.073     1.262 r  sum_exp3/DSP_PREADD_DATA_INST/B2B1[0]
                         net (fo=1, unplaced)         0.000     1.262    sum_exp3/DSP_PREADD_DATA.B2B1<0>
                         DSP_MULTIPLIER (Prop_DSP_MULTIPLIER_B2B1[0]_V[30])
                                                      0.609     1.871 f  sum_exp3/DSP_MULTIPLIER_INST/V[30]
                         net (fo=1, unplaced)         0.000     1.871    sum_exp3/DSP_MULTIPLIER.V<30>
                         DSP_M_DATA (Prop_DSP_M_DATA_V[30]_V_DATA[30])
                                                      0.046     1.917 r  sum_exp3/DSP_M_DATA_INST/V_DATA[30]
                         net (fo=1, unplaced)         0.000     1.917    sum_exp3/DSP_M_DATA.V_DATA<30>
                         DSP_ALU (Prop_DSP_ALU_V_DATA[30]_ALU_OUT[47])
                                                      0.571     2.488 f  sum_exp3/DSP_ALU_INST/ALU_OUT[47]
                         net (fo=1, unplaced)         0.000     2.488    sum_exp3/DSP_ALU.ALU_OUT<47>
                         DSP_OUTPUT (Prop_DSP_OUTPUT_ALU_OUT[47]_PCOUT[47])
                                                      0.122     2.610 r  sum_exp3/DSP_OUTPUT_INST/PCOUT[47]
                         net (fo=1, unplaced)         0.014     2.624    sum_exp3__0/PCIN[47]
                         DSP_ALU (Prop_DSP_ALU_PCIN[47]_ALU_OUT[1])
                                                      0.546     3.170 f  sum_exp3__0/DSP_ALU_INST/ALU_OUT[1]
                         net (fo=1, unplaced)         0.000     3.170    sum_exp3__0/DSP_ALU.ALU_OUT<1>
                         DSP_OUTPUT (Prop_DSP_OUTPUT_ALU_OUT[1]_P[1])
                                                      0.109     3.279 r  sum_exp3__0/DSP_OUTPUT_INST/P[1]
                         net (fo=1, unplaced)         0.210     3.489    sum_exp3__1[18]
                         CARRY8 (Prop_CARRY8_S[5]_CO[7])
                                                      0.166     3.655 r  online_lane_sum_reg[2][5]_i_2/CO[7]
                         net (fo=1, unplaced)         0.005     3.660    online_lane_sum_reg[2][5]_i_2_n_0
                         CARRY8 (Prop_CARRY8_CI_O[2])
                                                      0.067     3.727 r  online_lane_sum_reg[2][13]_i_2/O[2]
                         net (fo=2, unplaced)         0.232     3.959    online_sum_rescaled[8]
                         LUT3 (Prop_LUT3_I2_O)        0.038     3.997 r  sum_exp[15]_i_10/O
                         net (fo=1, unplaced)         0.020     4.017    sum_exp[15]_i_10_n_0
                         CARRY8 (Prop_CARRY8_S[0]_CO[7])
                                                      0.199     4.216 r  sum_exp_reg[15]_i_2/CO[7]
                         net (fo=1, unplaced)         0.005     4.221    sum_exp_reg[15]_i_2_n_0
                         CARRY8 (Prop_CARRY8_CI_O[7])
                                                      0.116     4.337 r  sum_exp_reg[23]_i_4/O[7]
                         net (fo=1, unplaced)         0.185     4.522    sum_exp0[23]
                         LUT3 (Prop_LUT3_I2_O)        0.070     4.592 r  sum_exp[23]_i_2/O
                         net (fo=1, unplaced)         0.048     4.640    sum_exp[23]_i_2_n_0
                         FDRE                                         r  sum_exp_reg[23]/D
  -------------------------------------------------------------------    -------------------

                         (clock softmax_clk rise edge)
                                                      6.666     6.666 r  
                                                      0.000     6.666 r  clk (IN)
                         net (fo=1005, unset)         0.020     6.686    clk
                         FDRE                                         r  sum_exp_reg[23]/C
                         clock pessimism              0.000     6.686    
                         clock uncertainty           -0.035     6.651    
                         FDRE (Setup_FDRE_C_D)        0.025     6.676    sum_exp_reg[23]
  -------------------------------------------------------------------
                         required time                          6.676    
                         arrival time                          -4.640    
  -------------------------------------------------------------------
                         slack                                  2.036    





Min Delay Paths
--------------------------------------------------------------------------------------
Slack (MET) :             0.036ns  (arrival time - required time)
  Source:                 wr_count_reg[3]/C
                            (rising edge-triggered cell FDRE clocked by softmax_clk  {rise@0.000ns fall@3.333ns period=6.666ns})
  Destination:            mask_mem_reg_0_127_0_0/DP.HIGH/WADR3
                            (rising edge-triggered cell RAMD64E clocked by softmax_clk  {rise@0.000ns fall@3.333ns period=6.666ns})
  Path Group:             softmax_clk
  Path Type:              Hold (Min at Fast Process Corner)
  Requirement:            0.000ns  (softmax_clk rise@0.000ns - softmax_clk rise@0.000ns)
  Data Path Delay:        0.125ns  (logic 0.038ns (30.400%)  route 0.087ns (69.600%))
  Logic Levels:           0  
  Clock Path Skew:        0.027ns (DCD - SCD - CPR)
    Destination Clock Delay (DCD):    0.039ns
    Source Clock Delay      (SCD):    0.012ns
    Clock Pessimism Removal (CPR):    -0.000ns

    Location             Delay type                Incr(ns)  Path(ns)    Netlist Resource(s)
  -------------------------------------------------------------------    -------------------
                         (clock softmax_clk rise edge)
                                                      0.000     0.000 r  
                                                      0.000     0.000 r  clk (IN)
                         net (fo=1005, unset)         0.012     0.012    clk
                         FDRE                                         r  wr_count_reg[3]/C
  -------------------------------------------------------------------    -------------------
                         FDRE (Prop_FDRE_C_Q)         0.038     0.050 r  wr_count_reg[3]/Q
                         net (fo=78, unplaced)        0.087     0.137    mask_mem_reg_0_127_0_0/A3
                         RAMD64E                                      r  mask_mem_reg_0_127_0_0/DP.HIGH/WADR3
  -------------------------------------------------------------------    -------------------

                         (clock softmax_clk rise edge)
                                                      0.000     0.000 r  
                                                      0.000     0.000 r  clk (IN)
                         net (fo=1005, unset)         0.039     0.039    mask_mem_reg_0_127_0_0/WCLK
                         RAMD64E                                      r  mask_mem_reg_0_127_0_0/DP.HIGH/CLK
                         clock pessimism              0.000     0.039    
                         RAMD64E (Hold_RAMD64E_CLK_WADR3)
                                                      0.062     0.101    mask_mem_reg_0_127_0_0/DP.HIGH
  -------------------------------------------------------------------
                         required time                         -0.101    
                         arrival time                           0.137    
  -------------------------------------------------------------------
                         slack                                  0.036    

Slack (MET) :             0.036ns  (arrival time - required time)
  Source:                 wr_count_reg[3]/C
                            (rising edge-triggered cell FDRE clocked by softmax_clk  {rise@0.000ns fall@3.333ns period=6.666ns})
  Destination:            mask_mem_reg_0_127_0_0/DP.LOW/WADR3
                            (rising edge-triggered cell RAMD64E clocked by softmax_clk  {rise@0.000ns fall@3.333ns period=6.666ns})
  Path Group:             softmax_clk
  Path Type:              Hold (Min at Fast Process Corner)
  Requirement:            0.000ns  (softmax_clk rise@0.000ns - softmax_clk rise@0.000ns)
  Data Path Delay:        0.125ns  (logic 0.038ns (30.400%)  route 0.087ns (69.600%))
  Logic Levels:           0  
  Clock Path Skew:        0.027ns (DCD - SCD - CPR)
    Destination Clock Delay (DCD):    0.039ns
    Source Clock Delay      (SCD):    0.012ns
    Clock Pessimism Removal (CPR):    -0.000ns

    Location             Delay type                Incr(ns)  Path(ns)    Netlist Resource(s)
  -------------------------------------------------------------------    -------------------
                         (clock softmax_clk rise edge)
                                                      0.000     0.000 r  
                                                      0.000     0.000 r  clk (IN)
                         net (fo=1005, unset)         0.012     0.012    clk
                         FDRE                                         r  wr_count_reg[3]/C
  -------------------------------------------------------------------    -------------------
                         FDRE (Prop_FDRE_C_Q)         0.038     0.050 r  wr_count_reg[3]/Q
                         net (fo=78, unplaced)        0.087     0.137    mask_mem_reg_0_127_0_0/A3
                         RAMD64E                                      r  mask_mem_reg_0_127_0_0/DP.LOW/WADR3
  -------------------------------------------------------------------    -------------------

                         (clock softmax_clk rise edge)
                                                      0.000     0.000 r  
                                                      0.000     0.000 r  clk (IN)
                         net (fo=1005, unset)         0.039     0.039    mask_mem_reg_0_127_0_0/WCLK
                         RAMD64E                                      r  mask_mem_reg_0_127_0_0/DP.LOW/CLK
                         clock pessimism              0.000     0.039    
                         RAMD64E (Hold_RAMD64E_CLK_WADR3)
                                                      0.062     0.101    mask_mem_reg_0_127_0_0/DP.LOW
  -------------------------------------------------------------------
                         required time                         -0.101    
                         arrival time                           0.137    
  -------------------------------------------------------------------
                         slack                                  0.036    

Slack (MET) :             0.036ns  (arrival time - required time)
  Source:                 wr_count_reg[3]/C
                            (rising edge-triggered cell FDRE clocked by softmax_clk  {rise@0.000ns fall@3.333ns period=6.666ns})
  Destination:            mask_mem_reg_0_127_0_0/SP.HIGH/WADR3
                            (rising edge-triggered cell RAMD64E clocked by softmax_clk  {rise@0.000ns fall@3.333ns period=6.666ns})
  Path Group:             softmax_clk
  Path Type:              Hold (Min at Fast Process Corner)
  Requirement:            0.000ns  (softmax_clk rise@0.000ns - softmax_clk rise@0.000ns)
  Data Path Delay:        0.125ns  (logic 0.038ns (30.400%)  route 0.087ns (69.600%))
  Logic Levels:           0  
  Clock Path Skew:        0.027ns (DCD - SCD - CPR)
    Destination Clock Delay (DCD):    0.039ns
    Source Clock Delay      (SCD):    0.012ns
    Clock Pessimism Removal (CPR):    -0.000ns

    Location             Delay type                Incr(ns)  Path(ns)    Netlist Resource(s)
  -------------------------------------------------------------------    -------------------
                         (clock softmax_clk rise edge)
                                                      0.000     0.000 r  
                                                      0.000     0.000 r  clk (IN)
                         net (fo=1005, unset)         0.012     0.012    clk
                         FDRE                                         r  wr_count_reg[3]/C
  -------------------------------------------------------------------    -------------------
                         FDRE (Prop_FDRE_C_Q)         0.038     0.050 r  wr_count_reg[3]/Q
                         net (fo=78, unplaced)        0.087     0.137    mask_mem_reg_0_127_0_0/A3
                         RAMD64E                                      r  mask_mem_reg_0_127_0_0/SP.HIGH/WADR3
  -------------------------------------------------------------------    -------------------

                         (clock softmax_clk rise edge)
                                                      0.000     0.000 r  
                                                      0.000     0.000 r  clk (IN)
                         net (fo=1005, unset)         0.039     0.039    mask_mem_reg_0_127_0_0/WCLK
                         RAMD64E                                      r  mask_mem_reg_0_127_0_0/SP.HIGH/CLK
                         clock pessimism              0.000     0.039    
                         RAMD64E (Hold_RAMD64E_CLK_WADR3)
                                                      0.062     0.101    mask_mem_reg_0_127_0_0/SP.HIGH
  -------------------------------------------------------------------
                         required time                         -0.101    
                         arrival time                           0.137    
  -------------------------------------------------------------------
                         slack                                  0.036    

Slack (MET) :             0.036ns  (arrival time - required time)
  Source:                 wr_count_reg[3]/C
                            (rising edge-triggered cell FDRE clocked by softmax_clk  {rise@0.000ns fall@3.333ns period=6.666ns})
  Destination:            mask_mem_reg_0_127_0_0/SP.LOW/WADR3
                            (rising edge-triggered cell RAMD64E clocked by softmax_clk  {rise@0.000ns fall@3.333ns period=6.666ns})
  Path Group:             softmax_clk
  Path Type:              Hold (Min at Fast Process Corner)
  Requirement:            0.000ns  (softmax_clk rise@0.000ns - softmax_clk rise@0.000ns)
  Data Path Delay:        0.125ns  (logic 0.038ns (30.400%)  route 0.087ns (69.600%))
  Logic Levels:           0  
  Clock Path Skew:        0.027ns (DCD - SCD - CPR)
    Destination Clock Delay (DCD):    0.039ns
    Source Clock Delay      (SCD):    0.012ns
    Clock Pessimism Removal (CPR):    -0.000ns

    Location             Delay type                Incr(ns)  Path(ns)    Netlist Resource(s)
  -------------------------------------------------------------------    -------------------
                         (clock softmax_clk rise edge)
                                                      0.000     0.000 r  
                                                      0.000     0.000 r  clk (IN)
                         net (fo=1005, unset)         0.012     0.012    clk
                         FDRE                                         r  wr_count_reg[3]/C
  -------------------------------------------------------------------    -------------------
                         FDRE (Prop_FDRE_C_Q)         0.038     0.050 r  wr_count_reg[3]/Q
                         net (fo=78, unplaced)        0.087     0.137    mask_mem_reg_0_127_0_0/A3
                         RAMD64E                                      r  mask_mem_reg_0_127_0_0/SP.LOW/WADR3
  -------------------------------------------------------------------    -------------------

                         (clock softmax_clk rise edge)
                                                      0.000     0.000 r  
                                                      0.000     0.000 r  clk (IN)
                         net (fo=1005, unset)         0.039     0.039    mask_mem_reg_0_127_0_0/WCLK
                         RAMD64E                                      r  mask_mem_reg_0_127_0_0/SP.LOW/CLK
                         clock pessimism              0.000     0.039    
                         RAMD64E (Hold_RAMD64E_CLK_WADR3)
                                                      0.062     0.101    mask_mem_reg_0_127_0_0/SP.LOW
  -------------------------------------------------------------------
                         required time                         -0.101    
                         arrival time                           0.137    
  -------------------------------------------------------------------
                         slack                                  0.036    

Slack (MET) :             0.036ns  (arrival time - required time)
  Source:                 wr_count_reg[3]/C
                            (rising edge-triggered cell FDRE clocked by softmax_clk  {rise@0.000ns fall@3.333ns period=6.666ns})
  Destination:            score_mem_reg_0_63_0_6/RAMA/WADR3
                            (rising edge-triggered cell RAMD64E clocked by softmax_clk  {rise@0.000ns fall@3.333ns period=6.666ns})
  Path Group:             softmax_clk
  Path Type:              Hold (Min at Fast Process Corner)
  Requirement:            0.000ns  (softmax_clk rise@0.000ns - softmax_clk rise@0.000ns)
  Data Path Delay:        0.125ns  (logic 0.038ns (30.400%)  route 0.087ns (69.600%))
  Logic Levels:           0  
  Clock Path Skew:        0.027ns (DCD - SCD - CPR)
    Destination Clock Delay (DCD):    0.039ns
    Source Clock Delay      (SCD):    0.012ns
    Clock Pessimism Removal (CPR):    -0.000ns

    Location             Delay type                Incr(ns)  Path(ns)    Netlist Resource(s)
  -------------------------------------------------------------------    -------------------
                         (clock softmax_clk rise edge)
                                                      0.000     0.000 r  
                                                      0.000     0.000 r  clk (IN)
                         net (fo=1005, unset)         0.012     0.012    clk
                         FDRE                                         r  wr_count_reg[3]/C
  -------------------------------------------------------------------    -------------------
                         FDRE (Prop_FDRE_C_Q)         0.038     0.050 r  wr_count_reg[3]/Q
                         net (fo=78, unplaced)        0.087     0.137    score_mem_reg_0_63_0_6/ADDRH3
                         RAMD64E                                      r  score_mem_reg_0_63_0_6/RAMA/WADR3
  -------------------------------------------------------------------    -------------------

                         (clock softmax_clk rise edge)
                                                      0.000     0.000 r  
                                                      0.000     0.000 r  clk (IN)
                         net (fo=1005, unset)         0.039     0.039    score_mem_reg_0_63_0_6/WCLK
                         RAMD64E                                      r  score_mem_reg_0_63_0_6/RAMA/CLK
                         clock pessimism              0.000     0.039    
                         RAMD64E (Hold_RAMD64E_CLK_WADR3)
                                                      0.062     0.101    score_mem_reg_0_63_0_6/RAMA
  -------------------------------------------------------------------
                         required time                         -0.101    
                         arrival time                           0.137    
  -------------------------------------------------------------------
                         slack                                  0.036    

Slack (MET) :             0.036ns  (arrival time - required time)
  Source:                 wr_count_reg[3]/C
                            (rising edge-triggered cell FDRE clocked by softmax_clk  {rise@0.000ns fall@3.333ns period=6.666ns})
  Destination:            score_mem_reg_0_63_0_6/RAMB/WADR3
                            (rising edge-triggered cell RAMD64E clocked by softmax_clk  {rise@0.000ns fall@3.333ns period=6.666ns})
  Path Group:             softmax_clk
  Path Type:              Hold (Min at Fast Process Corner)
  Requirement:            0.000ns  (softmax_clk rise@0.000ns - softmax_clk rise@0.000ns)
  Data Path Delay:        0.125ns  (logic 0.038ns (30.400%)  route 0.087ns (69.600%))
  Logic Levels:           0  
  Clock Path Skew:        0.027ns (DCD - SCD - CPR)
    Destination Clock Delay (DCD):    0.039ns
    Source Clock Delay      (SCD):    0.012ns
    Clock Pessimism Removal (CPR):    -0.000ns

    Location             Delay type                Incr(ns)  Path(ns)    Netlist Resource(s)
  -------------------------------------------------------------------    -------------------
                         (clock softmax_clk rise edge)
                                                      0.000     0.000 r  
                                                      0.000     0.000 r  clk (IN)
                         net (fo=1005, unset)         0.012     0.012    clk
                         FDRE                                         r  wr_count_reg[3]/C
  -------------------------------------------------------------------    -------------------
                         FDRE (Prop_FDRE_C_Q)         0.038     0.050 r  wr_count_reg[3]/Q
                         net (fo=78, unplaced)        0.087     0.137    score_mem_reg_0_63_0_6/ADDRH3
                         RAMD64E                                      r  score_mem_reg_0_63_0_6/RAMB/WADR3
  -------------------------------------------------------------------    -------------------

                         (clock softmax_clk rise edge)
                                                      0.000     0.000 r  
                                                      0.000     0.000 r  clk (IN)
                         net (fo=1005, unset)         0.039     0.039    score_mem_reg_0_63_0_6/WCLK
                         RAMD64E                                      r  score_mem_reg_0_63_0_6/RAMB/CLK
                         clock pessimism              0.000     0.039    
                         RAMD64E (Hold_RAMD64E_CLK_WADR3)
                                                      0.062     0.101    score_mem_reg_0_63_0_6/RAMB
  -------------------------------------------------------------------
                         required time                         -0.101    
                         arrival time                           0.137    
  -------------------------------------------------------------------
                         slack                                  0.036    

Slack (MET) :             0.036ns  (arrival time - required time)
  Source:                 wr_count_reg[3]/C
                            (rising edge-triggered cell FDRE clocked by softmax_clk  {rise@0.000ns fall@3.333ns period=6.666ns})
  Destination:            score_mem_reg_0_63_0_6/RAMC/WADR3
                            (rising edge-triggered cell RAMD64E clocked by softmax_clk  {rise@0.000ns fall@3.333ns period=6.666ns})
  Path Group:             softmax_clk
  Path Type:              Hold (Min at Fast Process Corner)
  Requirement:            0.000ns  (softmax_clk rise@0.000ns - softmax_clk rise@0.000ns)
  Data Path Delay:        0.125ns  (logic 0.038ns (30.400%)  route 0.087ns (69.600%))
  Logic Levels:           0  
  Clock Path Skew:        0.027ns (DCD - SCD - CPR)
    Destination Clock Delay (DCD):    0.039ns
    Source Clock Delay      (SCD):    0.012ns
    Clock Pessimism Removal (CPR):    -0.000ns

    Location             Delay type                Incr(ns)  Path(ns)    Netlist Resource(s)
  -------------------------------------------------------------------    -------------------
                         (clock softmax_clk rise edge)
                                                      0.000     0.000 r  
                                                      0.000     0.000 r  clk (IN)
                         net (fo=1005, unset)         0.012     0.012    clk
                         FDRE                                         r  wr_count_reg[3]/C
  -------------------------------------------------------------------    -------------------
                         FDRE (Prop_FDRE_C_Q)         0.038     0.050 r  wr_count_reg[3]/Q
                         net (fo=78, unplaced)        0.087     0.137    score_mem_reg_0_63_0_6/ADDRH3
                         RAMD64E                                      r  score_mem_reg_0_63_0_6/RAMC/WADR3
  -------------------------------------------------------------------    -------------------

                         (clock softmax_clk rise edge)
                                                      0.000     0.000 r  
                                                      0.000     0.000 r  clk (IN)
                         net (fo=1005, unset)         0.039     0.039    score_mem_reg_0_63_0_6/WCLK
                         RAMD64E                                      r  score_mem_reg_0_63_0_6/RAMC/CLK
                         clock pessimism              0.000     0.039    
                         RAMD64E (Hold_RAMD64E_CLK_WADR3)
                                                      0.062     0.101    score_mem_reg_0_63_0_6/RAMC
  -------------------------------------------------------------------
                         required time                         -0.101    
                         arrival time                           0.137    
  -------------------------------------------------------------------
                         slack                                  0.036    

Slack (MET) :             0.036ns  (arrival time - required time)
  Source:                 wr_count_reg[3]/C
                            (rising edge-triggered cell FDRE clocked by softmax_clk  {rise@0.000ns fall@3.333ns period=6.666ns})
  Destination:            score_mem_reg_0_63_0_6/RAMD/WADR3
                            (rising edge-triggered cell RAMD64E clocked by softmax_clk  {rise@0.000ns fall@3.333ns period=6.666ns})
  Path Group:             softmax_clk
  Path Type:              Hold (Min at Fast Process Corner)
  Requirement:            0.000ns  (softmax_clk rise@0.000ns - softmax_clk rise@0.000ns)
  Data Path Delay:        0.125ns  (logic 0.038ns (30.400%)  route 0.087ns (69.600%))
  Logic Levels:           0  
  Clock Path Skew:        0.027ns (DCD - SCD - CPR)
    Destination Clock Delay (DCD):    0.039ns
    Source Clock Delay      (SCD):    0.012ns
    Clock Pessimism Removal (CPR):    -0.000ns

    Location             Delay type                Incr(ns)  Path(ns)    Netlist Resource(s)
  -------------------------------------------------------------------    -------------------
                         (clock softmax_clk rise edge)
                                                      0.000     0.000 r  
                                                      0.000     0.000 r  clk (IN)
                         net (fo=1005, unset)         0.012     0.012    clk
                         FDRE                                         r  wr_count_reg[3]/C
  -------------------------------------------------------------------    -------------------
                         FDRE (Prop_FDRE_C_Q)         0.038     0.050 r  wr_count_reg[3]/Q
                         net (fo=78, unplaced)        0.087     0.137    score_mem_reg_0_63_0_6/ADDRH3
                         RAMD64E                                      r  score_mem_reg_0_63_0_6/RAMD/WADR3
  -------------------------------------------------------------------    -------------------

                         (clock softmax_clk rise edge)
                                                      0.000     0.000 r  
                                                      0.000     0.000 r  clk (IN)
                         net (fo=1005, unset)         0.039     0.039    score_mem_reg_0_63_0_6/WCLK
                         RAMD64E                                      r  score_mem_reg_0_63_0_6/RAMD/CLK
                         clock pessimism              0.000     0.039    
                         RAMD64E (Hold_RAMD64E_CLK_WADR3)
                                                      0.062     0.101    score_mem_reg_0_63_0_6/RAMD
  -------------------------------------------------------------------
                         required time                         -0.101    
                         arrival time                           0.137    
  -------------------------------------------------------------------
                         slack                                  0.036    

Slack (MET) :             0.036ns  (arrival time - required time)
  Source:                 wr_count_reg[3]/C
                            (rising edge-triggered cell FDRE clocked by softmax_clk  {rise@0.000ns fall@3.333ns period=6.666ns})
  Destination:            score_mem_reg_0_63_0_6/RAME/WADR3
                            (rising edge-triggered cell RAMD64E clocked by softmax_clk  {rise@0.000ns fall@3.333ns period=6.666ns})
  Path Group:             softmax_clk
  Path Type:              Hold (Min at Fast Process Corner)
  Requirement:            0.000ns  (softmax_clk rise@0.000ns - softmax_clk rise@0.000ns)
  Data Path Delay:        0.125ns  (logic 0.038ns (30.400%)  route 0.087ns (69.600%))
  Logic Levels:           0  
  Clock Path Skew:        0.027ns (DCD - SCD - CPR)
    Destination Clock Delay (DCD):    0.039ns
    Source Clock Delay      (SCD):    0.012ns
    Clock Pessimism Removal (CPR):    -0.000ns

    Location             Delay type                Incr(ns)  Path(ns)    Netlist Resource(s)
  -------------------------------------------------------------------    -------------------
                         (clock softmax_clk rise edge)
                                                      0.000     0.000 r  
                                                      0.000     0.000 r  clk (IN)
                         net (fo=1005, unset)         0.012     0.012    clk
                         FDRE                                         r  wr_count_reg[3]/C
  -------------------------------------------------------------------    -------------------
                         FDRE (Prop_FDRE_C_Q)         0.038     0.050 r  wr_count_reg[3]/Q
                         net (fo=78, unplaced)        0.087     0.137    score_mem_reg_0_63_0_6/ADDRH3
                         RAMD64E                                      r  score_mem_reg_0_63_0_6/RAME/WADR3
  -------------------------------------------------------------------    -------------------

                         (clock softmax_clk rise edge)
                                                      0.000     0.000 r  
                                                      0.000     0.000 r  clk (IN)
                         net (fo=1005, unset)         0.039     0.039    score_mem_reg_0_63_0_6/WCLK
                         RAMD64E                                      r  score_mem_reg_0_63_0_6/RAME/CLK
                         clock pessimism              0.000     0.039    
                         RAMD64E (Hold_RAMD64E_CLK_WADR3)
                                                      0.062     0.101    score_mem_reg_0_63_0_6/RAME
  -------------------------------------------------------------------
                         required time                         -0.101    
                         arrival time                           0.137    
  -------------------------------------------------------------------
                         slack                                  0.036    

Slack (MET) :             0.036ns  (arrival time - required time)
  Source:                 wr_count_reg[3]/C
                            (rising edge-triggered cell FDRE clocked by softmax_clk  {rise@0.000ns fall@3.333ns period=6.666ns})
  Destination:            score_mem_reg_0_63_0_6/RAMF/WADR3
                            (rising edge-triggered cell RAMD64E clocked by softmax_clk  {rise@0.000ns fall@3.333ns period=6.666ns})
  Path Group:             softmax_clk
  Path Type:              Hold (Min at Fast Process Corner)
  Requirement:            0.000ns  (softmax_clk rise@0.000ns - softmax_clk rise@0.000ns)
  Data Path Delay:        0.125ns  (logic 0.038ns (30.400%)  route 0.087ns (69.600%))
  Logic Levels:           0  
  Clock Path Skew:        0.027ns (DCD - SCD - CPR)
    Destination Clock Delay (DCD):    0.039ns
    Source Clock Delay      (SCD):    0.012ns
    Clock Pessimism Removal (CPR):    -0.000ns

    Location             Delay type                Incr(ns)  Path(ns)    Netlist Resource(s)
  -------------------------------------------------------------------    -------------------
                         (clock softmax_clk rise edge)
                                                      0.000     0.000 r  
                                                      0.000     0.000 r  clk (IN)
                         net (fo=1005, unset)         0.012     0.012    clk
                         FDRE                                         r  wr_count_reg[3]/C
  -------------------------------------------------------------------    -------------------
                         FDRE (Prop_FDRE_C_Q)         0.038     0.050 r  wr_count_reg[3]/Q
                         net (fo=78, unplaced)        0.087     0.137    score_mem_reg_0_63_0_6/ADDRH3
                         RAMD64E                                      r  score_mem_reg_0_63_0_6/RAMF/WADR3
  -------------------------------------------------------------------    -------------------

                         (clock softmax_clk rise edge)
                                                      0.000     0.000 r  
                                                      0.000     0.000 r  clk (IN)
                         net (fo=1005, unset)         0.039     0.039    score_mem_reg_0_63_0_6/WCLK
                         RAMD64E                                      r  score_mem_reg_0_63_0_6/RAMF/CLK
                         clock pessimism              0.000     0.039    
                         RAMD64E (Hold_RAMD64E_CLK_WADR3)
                                                      0.062     0.101    score_mem_reg_0_63_0_6/RAMF
  -------------------------------------------------------------------
                         required time                         -0.101    
                         arrival time                           0.137    
  -------------------------------------------------------------------
                         slack                                  0.036    





Pulse Width Checks
--------------------------------------------------------------------------------------
Clock Name:         softmax_clk
Waveform(ns):       { 0.000 3.333 }
Period(ns):         6.666
Sources:            { clk }

Check Type        Corner  Lib Pin      Reference Pin  Required(ns)  Actual(ns)  Slack(ns)  Location  Pin
Min Period        n/a     SRL16E/CLK   n/a            1.064         6.666       5.602                pipe_col_reg[3][0]_srl3___pipe_last_reg_r_1/CLK
Min Period        n/a     SRL16E/CLK   n/a            1.064         6.666       5.602                pipe_col_reg[3][1]_srl3___pipe_last_reg_r_1/CLK
Min Period        n/a     SRL16E/CLK   n/a            1.064         6.666       5.602                pipe_col_reg[3][2]_srl3___pipe_last_reg_r_1/CLK
Min Period        n/a     SRL16E/CLK   n/a            1.064         6.666       5.602                pipe_col_reg[3][3]_srl3___pipe_last_reg_r_1/CLK
Min Period        n/a     SRL16E/CLK   n/a            1.064         6.666       5.602                pipe_col_reg[3][4]_srl3___pipe_last_reg_r_1/CLK
Min Period        n/a     SRL16E/CLK   n/a            1.064         6.666       5.602                pipe_col_reg[3][5]_srl3___pipe_last_reg_r_1/CLK
Min Period        n/a     SRL16E/CLK   n/a            1.064         6.666       5.602                pipe_col_reg[3][6]_srl3___pipe_last_reg_r_1/CLK
Min Period        n/a     SRL16E/CLK   n/a            1.064         6.666       5.602                pipe_first_reg[3]_srl4___pipe_last_reg_r_2/CLK
Min Period        n/a     SRL16E/CLK   n/a            1.064         6.666       5.602                pipe_last_reg[3]_srl4___pipe_last_reg_r_2/CLK
Min Period        n/a     RAMD64E/CLK  n/a            1.064         6.666       5.602                mask_mem_reg_0_127_0_0/DP.HIGH/CLK
Low Pulse Width   Slow    SRL16E/CLK   n/a            0.532         3.333       2.801                pipe_col_reg[3][0]_srl3___pipe_last_reg_r_1/CLK
Low Pulse Width   Fast    SRL16E/CLK   n/a            0.532         3.333       2.801                pipe_col_reg[3][0]_srl3___pipe_last_reg_r_1/CLK
Low Pulse Width   Slow    SRL16E/CLK   n/a            0.532         3.333       2.801                pipe_col_reg[3][1]_srl3___pipe_last_reg_r_1/CLK
Low Pulse Width   Fast    SRL16E/CLK   n/a            0.532         3.333       2.801                pipe_col_reg[3][1]_srl3___pipe_last_reg_r_1/CLK
Low Pulse Width   Slow    SRL16E/CLK   n/a            0.532         3.333       2.801                pipe_col_reg[3][2]_srl3___pipe_last_reg_r_1/CLK
Low Pulse Width   Fast    SRL16E/CLK   n/a            0.532         3.333       2.801                pipe_col_reg[3][2]_srl3___pipe_last_reg_r_1/CLK
Low Pulse Width   Slow    SRL16E/CLK   n/a            0.532         3.333       2.801                pipe_col_reg[3][3]_srl3___pipe_last_reg_r_1/CLK
Low Pulse Width   Fast    SRL16E/CLK   n/a            0.532         3.333       2.801                pipe_col_reg[3][3]_srl3___pipe_last_reg_r_1/CLK
Low Pulse Width   Slow    SRL16E/CLK   n/a            0.532         3.333       2.801                pipe_col_reg[3][4]_srl3___pipe_last_reg_r_1/CLK
Low Pulse Width   Fast    SRL16E/CLK   n/a            0.532         3.333       2.801                pipe_col_reg[3][4]_srl3___pipe_last_reg_r_1/CLK
High Pulse Width  Slow    SRL16E/CLK   n/a            0.532         3.333       2.801                pipe_col_reg[3][0]_srl3___pipe_last_reg_r_1/CLK
High Pulse Width  Fast    SRL16E/CLK   n/a            0.532         3.333       2.801                pipe_col_reg[3][0]_srl3___pipe_last_reg_r_1/CLK
High Pulse Width  Slow    SRL16E/CLK   n/a            0.532         3.333       2.801                pipe_col_reg[3][1]_srl3___pipe_last_reg_r_1/CLK
High Pulse Width  Fast    SRL16E/CLK   n/a            0.532         3.333       2.801                pipe_col_reg[3][1]_srl3___pipe_last_reg_r_1/CLK
High Pulse Width  Slow    SRL16E/CLK   n/a            0.532         3.333       2.801                pipe_col_reg[3][2]_srl3___pipe_last_reg_r_1/CLK
High Pulse Width  Fast    SRL16E/CLK   n/a            0.532         3.333       2.801                pipe_col_reg[3][2]_srl3___pipe_last_reg_r_1/CLK
High Pulse Width  Slow    SRL16E/CLK   n/a            0.532         3.333       2.801                pipe_col_reg[3][3]_srl3___pipe_last_reg_r_1/CLK
High Pulse Width  Fast    SRL16E/CLK   n/a            0.532         3.333       2.801                pipe_col_reg[3][3]_srl3___pipe_last_reg_r_1/CLK
High Pulse Width  Slow    SRL16E/CLK   n/a            0.532         3.333       2.801                pipe_col_reg[3][4]_srl3___pipe_last_reg_r_1/CLK
High Pulse Width  Fast    SRL16E/CLK   n/a            0.532         3.333       2.801                pipe_col_reg[3][4]_srl3___pipe_last_reg_r_1/CLK



