Copyright 1986-2022 Xilinx, Inc. All Rights Reserved. Copyright 2022-2025 Advanced Micro Devices, Inc. All Rights Reserved.
--------------------------------------------------------------------------------------------------------------------------------------------------------------------------
| Tool Version      : Vivado v.2025.2 (win64) Build 6299465 Fri Nov 14 19:35:11 GMT 2025
| Date              : Fri Sep 11 14:26:53 2026
| Host              : zhangxuanhao running 64-bit major release  (build 9200)
| Command           : report_timing_summary -delay_type max -max_paths 20 -report_unconstrained -file X:/artifacts/b2_shared_ooc_clear_20260911_143200/timing_summary.rpt
| Design            : cats_r4_b2_shared_stager_v3_wrapper
| Device            : xczu15eg-ffvb1156
| Speed File        : -2  PRODUCTION 1.30 05-15-2022
| Design State      : Synthesized
| Temperature Grade : I
--------------------------------------------------------------------------------------------------------------------------------------------------------------------------

Timing Summary Report

------------------------------------------------------------------------------------------------
| Timer Settings
| --------------
------------------------------------------------------------------------------------------------

  Enable Multi Corner Analysis               :  Yes
  Enable Pessimism Removal                   :  Yes
  Pessimism Removal Resolution               :  Nearest Common Node
  Enable Input Delay Default Clock           :  No
  Enable Preset / Clear Arcs                 :  No
  Disable Flight Delays                      :  No
  Ignore I/O Paths                           :  No
  Timing Early Launch at Borrowing Latches   :  No
  Borrow Time for Max Delay Exceptions       :  Yes
  Merge Timing Exceptions                    :  Yes
  Inter-SLR Compensation                     :  Conservative

  Corner  Analyze    Analyze    
  Name    Max Paths  Min Paths  
  ------  ---------  ---------  
  Slow    Yes        Yes        
  Fast    Yes        Yes        


------------------------------------------------------------------------------------------------
| Report Methodology
| ------------------
------------------------------------------------------------------------------------------------

No report available as report_methodology has not been run prior. Run report_methodology on the current design for the summary of methodology violations.



check_timing report

Table of Contents
-----------------
1. checking no_clock (0)
2. checking constant_clock (0)
3. checking pulse_width_clock (0)
4. checking unconstrained_internal_endpoints (0)
5. checking no_input_delay (0)
6. checking no_output_delay (0)
7. checking multiple_clock (0)
8. checking generated_clocks (0)
9. checking loops (0)
10. checking partial_input_delay (0)
11. checking partial_output_delay (0)
12. checking latch_loops (0)

1. checking no_clock (0)
------------------------
 There are 0 register/latch pins with no clock.


2. checking constant_clock (0)
------------------------------
 There are 0 register/latch pins with constant_clock.


3. checking pulse_width_clock (0)
---------------------------------
 There are 0 register/latch pins which need pulse_width check


4. checking unconstrained_internal_endpoints (0)
------------------------------------------------
 There are 0 pins that are not constrained for maximum delay.

 There are 0 pins that are not constrained for maximum delay due to constant clock.


5. checking no_input_delay (0)
------------------------------
 There are 0 input ports with no input delay specified.

 There are 0 input ports with no input delay but user has a false path constraint.


6. checking no_output_delay (0)
-------------------------------
 There are 0 ports with no output delay specified.

 There are 0 ports with no output delay but user has a false path constraint

 There are 0 ports with no output delay but with a timing clock defined on it or propagating through it


7. checking multiple_clock (0)
------------------------------
 There are 0 register/latch pins with multiple clocks.


8. checking generated_clocks (0)
--------------------------------
 There are 0 generated clocks that are not connected to a clock source.


9. checking loops (0)
---------------------
 There are 0 combinational loops in the design.


10. checking partial_input_delay (0)
------------------------------------
 There are 0 input ports with partial input delay specified.


11. checking partial_output_delay (0)
-------------------------------------
 There are 0 ports with partial output delay specified.


12. checking latch_loops (0)
----------------------------
 There are 0 combinational latch loops in the design through latch input



------------------------------------------------------------------------------------------------
| Design Timing Summary
| ---------------------
------------------------------------------------------------------------------------------------

    WNS(ns)      TNS(ns)  TNS Failing Endpoints  TNS Total Endpoints     WPWS(ns)     TPWS(ns)  TPWS Failing Endpoints  TPWS Total Endpoints  
    -------      -------  ---------------------  -------------------     --------     --------  ----------------------  --------------------  
     -0.527      -40.479                    111                40241        3.058        0.000                       0                 16774  


Timing constraints are not met.


------------------------------------------------------------------------------------------------
| Clock Summary
| -------------
------------------------------------------------------------------------------------------------

Clock     Waveform(ns)         Period(ns)      Frequency(MHz)
-----     ------------         ----------      --------------
core_clk  {0.000 3.333}        6.666           150.015         


------------------------------------------------------------------------------------------------
| Intra Clock Table
| -----------------
------------------------------------------------------------------------------------------------

Clock             WNS(ns)      TNS(ns)  TNS Failing Endpoints  TNS Total Endpoints     WPWS(ns)     TPWS(ns)  TPWS Failing Endpoints  TPWS Total Endpoints  
-----             -------      -------  ---------------------  -------------------     --------     --------  ----------------------  --------------------  
core_clk           -0.527      -40.479                    111                35618        3.058        0.000                       0                 16774  


------------------------------------------------------------------------------------------------
| Inter Clock Table
| -----------------
------------------------------------------------------------------------------------------------

From Clock    To Clock          WNS(ns)      TNS(ns)  TNS Failing Endpoints  TNS Total Endpoints  
----------    --------          -------      -------  ---------------------  -------------------  


------------------------------------------------------------------------------------------------
| Other Path Groups Table
| -----------------------
------------------------------------------------------------------------------------------------

Path Group         From Clock         To Clock               WNS(ns)      TNS(ns)  TNS Failing Endpoints  TNS Total Endpoints  
----------         ----------         --------               -------      -------  ---------------------  -------------------  
**async_default**  core_clk           core_clk                 5.115        0.000                      0                 4623  


------------------------------------------------------------------------------------------------
| User Ignored Path Table
| -----------------------
------------------------------------------------------------------------------------------------

Path Group    From Clock    To Clock    
----------    ----------    --------    


------------------------------------------------------------------------------------------------
| Unconstrained Path Table
| ------------------------
------------------------------------------------------------------------------------------------

Path Group    From Clock    To Clock    
----------    ----------    --------    


------------------------------------------------------------------------------------------------
| Timing Details
| --------------
------------------------------------------------------------------------------------------------


---------------------------------------------------------------------------------------------------
From Clock:  core_clk
  To Clock:  core_clk

Setup :          111  Failing Endpoints,  Worst Slack       -0.527ns,  Total Violation      -40.479ns
Hold  :           NA  Failing Endpoints,  Worst Slack           NA  ,  Total Violation           NA
PW    :            0  Failing Endpoints,  Worst Slack        3.058ns,  Total Violation        0.000ns
---------------------------------------------------------------------------------------------------


Max Delay Paths
--------------------------------------------------------------------------------------
Slack (VIOLATED) :        -0.527ns  (required time - arrival time)
  Source:                 score_bf16[10]
                            (input port clocked by core_clk  {rise@0.000ns fall@3.333ns period=6.666ns})
  Destination:            u_compatibility/u_core/ctx_sum_q15_reg[0][20]/D
                            (rising edge-triggered cell FDCE clocked by core_clk  {rise@0.000ns fall@3.333ns period=6.666ns})
  Path Group:             core_clk
  Path Type:              Setup (Max at Slow Process Corner)
  Requirement:            6.666ns  (core_clk rise@6.666ns - core_clk rise@0.000ns)
  Data Path Delay:        6.183ns  (logic 1.920ns (31.053%)  route 4.263ns (68.947%))
  Logic Levels:           26  (CARRY8=8 LUT2=3 LUT3=2 LUT5=1 LUT6=11 MUXF7=1)
  Input Delay:            1.000ns
  Clock Uncertainty:      0.035ns  ((TSJ^2 + TIJ^2)^1/2 + DJ) / 2 + PE
    Total System Jitter     (TSJ):    0.071ns
    Total Input Jitter      (TIJ):    0.000ns
    Discrete Jitter          (DJ):    0.000ns
    Phase Error              (PE):    0.000ns

    Location             Delay type                Incr(ns)  Path(ns)    Netlist Resource(s)
  -------------------------------------------------------------------    -------------------
                         (clock core_clk rise edge)
                                                      0.000     0.000 r  
                         input delay                  1.000     1.000    
                                                      0.000     1.000 f  score_bf16[10] (IN)
                         net (fo=74, unset)           0.000     1.000    u_compatibility/u_core/score_bf16[10]
                         LUT2 (Prop_LUT2_I0_O)        0.053     1.053 f  u_compatibility/u_core/pending_last_i_171/O
                         net (fo=1, unplaced)         0.187     1.240    u_compatibility/u_core/pending_last_i_171_n_0
                         LUT6 (Prop_LUT6_I2_O)        0.100     1.340 f  u_compatibility/u_core/pending_last_i_169/O
                         net (fo=2, unplaced)         0.232     1.572    u_compatibility/u_core/pending_last_i_169_n_0
                         LUT6 (Prop_LUT6_I0_O)        0.038     1.610 f  u_compatibility/u_core/pending_weight_q15[15]_i_241/O
                         net (fo=4, unplaced)         0.245     1.855    u_compatibility/u_core/pending_weight_q15[15]_i_241_n_0
                         LUT6 (Prop_LUT6_I0_O)        0.038     1.893 f  u_compatibility/u_core/pending_weight_q15[15]_i_232/O
                         net (fo=8, unplaced)         0.260     2.153    u_compatibility/u_core/pending_weight_q15[15]_i_232_n_0
                         LUT6 (Prop_LUT6_I0_O)        0.038     2.191 r  u_compatibility/u_core/pending_weight_q15[15]_i_172/O
                         net (fo=17, unplaced)        0.277     2.468    u_compatibility/u_core/pending_weight_q15[15]_i_172_n_0
                         LUT6 (Prop_LUT6_I5_O)        0.038     2.506 f  u_compatibility/u_core/pending_last_i_153/O
                         net (fo=4, unplaced)         0.196     2.702    u_compatibility/u_core/pending_last_i_153_n_0
                         LUT6 (Prop_LUT6_I2_O)        0.053     2.755 r  u_compatibility/u_core/pending_weight_q15[15]_i_160/O
                         net (fo=3, unplaced)         0.117     2.872    u_compatibility/u_core/p_0_in[0]
                         CARRY8 (Prop_CARRY8_CI_O[4])
                                                      0.193     3.065 r  u_compatibility/u_core/pending_weight_q15_reg[15]_i_128/O[4]
                         net (fo=1, unplaced)         0.232     3.297    u_compatibility/u_core/pending_weight_q15_reg[15]_i_128_n_11
                         LUT3 (Prop_LUT3_I1_O)        0.038     3.335 f  u_compatibility/u_core/pending_last_i_141/O
                         net (fo=1, unplaced)         0.232     3.567    u_compatibility/u_core/pending_last_i_141_n_0
                         LUT6 (Prop_LUT6_I4_O)        0.038     3.605 r  u_compatibility/u_core/pending_last_i_119/O
                         net (fo=4, unplaced)         0.245     3.850    u_compatibility/u_core/pending_last_i_119_n_0
                         LUT2 (Prop_LUT2_I1_O)        0.037     3.887 r  u_compatibility/u_core/pending_weight_q15[15]_i_207/O
                         net (fo=1, unplaced)         0.029     3.916    u_compatibility/u_core/pending_weight_q15[15]_i_207_n_0
                         CARRY8 (Prop_CARRY8_S[5]_CO[7])
                                                      0.166     4.082 r  u_compatibility/u_core/pending_weight_q15_reg[15]_i_136/CO[7]
                         net (fo=1, unplaced)         0.005     4.087    u_compatibility/u_core/pending_weight_q15_reg[15]_i_136_n_0
                         CARRY8 (Prop_CARRY8_CI_CO[7])
                                                      0.022     4.109 r  u_compatibility/u_core/pending_weight_q15_reg[15]_i_64/CO[7]
                         net (fo=1, unplaced)         0.005     4.114    u_compatibility/u_core/pending_weight_q15_reg[15]_i_64_n_0
                         CARRY8 (Prop_CARRY8_CI_O[5])
                                                      0.116     4.230 f  u_compatibility/u_core/pending_weight_q15_reg[15]_i_18/O[5]
                         net (fo=3, unplaced)         0.207     4.437    u_compatibility/u_core/lut_forced_zero2[21]
                         LUT2 (Prop_LUT2_I0_O)        0.099     4.536 f  u_compatibility/u_core/pending_weight_q15[15]_i_24/O
                         net (fo=1, unplaced)         0.251     4.787    u_compatibility/u_core/pending_weight_q15[15]_i_24_n_0
                         CARRY8 (Prop_CARRY8_DI[2]_CO[4])
                                                      0.160     4.947 f  u_compatibility/u_core/pending_weight_q15_reg[15]_i_6/CO[4]
                         net (fo=70, unplaced)        0.263     5.210    u_compatibility/u_core/pending_weight_q15_reg[15]_i_6_n_3
                         LUT3 (Prop_LUT3_I2_O)        0.053     5.263 r  u_compatibility/u_core/pending_weight_q15[12]_i_8/O
                         net (fo=119, unplaced)       0.276     5.539    u_compatibility/u_core/u_exp_lut/lut_addr[0]
                         LUT6 (Prop_LUT6_I3_O)        0.090     5.629 r  u_compatibility/u_core/u_exp_lut/pending_weight_q15[4]_i_15/O
                         net (fo=1, unplaced)         0.232     5.861    u_compatibility/u_core/u_exp_lut/pending_weight_q15[4]_i_15_n_0
                         LUT6 (Prop_LUT6_I0_O)        0.037     5.898 r  u_compatibility/u_core/u_exp_lut/pending_weight_q15[4]_i_7/O
                         net (fo=1, unplaced)         0.024     5.922    u_compatibility/u_core/u_exp_lut/pending_weight_q15[4]_i_7_n_0
                         MUXF7 (Prop_MUXF7_I0_O)      0.067     5.989 r  u_compatibility/u_core/u_exp_lut/pending_weight_q15_reg[4]_i_3/O
                         net (fo=1, unplaced)         0.187     6.176    u_compatibility/u_core/u_exp_lut/pending_weight_q15_reg[4]_i_3_n_0
                         LUT6 (Prop_LUT6_I0_O)        0.100     6.276 r  u_compatibility/u_core/u_exp_lut/pending_weight_q15[4]_i_2/O
                         net (fo=2, unplaced)         0.232     6.508    u_compatibility/u_core/u_exp_lut_n_4
                         LUT6 (Prop_LUT6_I5_O)        0.037     6.545 r  u_compatibility/u_core/pending_sum_final[7]_i_13/O
                         net (fo=1, unplaced)         0.021     6.566    u_compatibility/u_core/pending_sum_final[7]_i_13_n_0
                         CARRY8 (Prop_CARRY8_S[4]_CO[7])
                                                      0.163     6.729 r  u_compatibility/u_core/pending_sum_final_reg[7]_i_1/CO[7]
                         net (fo=1, unplaced)         0.005     6.734    u_compatibility/u_core/pending_sum_final_reg[7]_i_1_n_0
                         CARRY8 (Prop_CARRY8_CI_CO[7])
                                                      0.022     6.756 r  u_compatibility/u_core/pending_sum_final_reg[15]_i_1/CO[7]
                         net (fo=1, unplaced)         0.005     6.761    u_compatibility/u_core/pending_sum_final_reg[15]_i_1_n_0
                         CARRY8 (Prop_CARRY8_CI_O[4])
                                                      0.086     6.847 r  u_compatibility/u_core/pending_sum_final_reg[22]_i_1/O[4]
                         net (fo=5, unplaced)         0.250     7.097    u_compatibility/u_core/u_reciprocal/selected_sum_next[20]
                         LUT5 (Prop_LUT5_I4_O)        0.038     7.135 r  u_compatibility/u_core/u_reciprocal/ctx_sum_q15[0][20]_i_1/O
                         net (fo=1, unplaced)         0.048     7.183    u_compatibility/u_core/u_reciprocal_n_216
                         FDCE                                         r  u_compatibility/u_core/ctx_sum_q15_reg[0][20]/D
  -------------------------------------------------------------------    -------------------

                         (clock core_clk rise edge)
                                                      6.666     6.666 r  
                                                      0.000     6.666 r  clk (IN)
                         net (fo=16773, unset)        0.000     6.666    u_compatibility/u_core/clk
                         FDCE                                         r  u_compatibility/u_core/ctx_sum_q15_reg[0][20]/C
                         clock pessimism              0.000     6.666    
                         clock uncertainty           -0.035     6.631    
                         FDCE (Setup_FDCE_C_D)        0.025     6.656    u_compatibility/u_core/ctx_sum_q15_reg[0][20]
  -------------------------------------------------------------------
                         required time                          6.656    
                         arrival time                          -7.183    
  -------------------------------------------------------------------
                         slack                                 -0.527    

Slack (VIOLATED) :        -0.527ns  (required time - arrival time)
  Source:                 score_bf16[10]
                            (input port clocked by core_clk  {rise@0.000ns fall@3.333ns period=6.666ns})
  Destination:            u_compatibility/u_core/ctx_sum_q15_reg[1][20]/D
                            (rising edge-triggered cell FDCE clocked by core_clk  {rise@0.000ns fall@3.333ns period=6.666ns})
  Path Group:             core_clk
  Path Type:              Setup (Max at Slow Process Corner)
  Requirement:            6.666ns  (core_clk rise@6.666ns - core_clk rise@0.000ns)
  Data Path Delay:        6.183ns  (logic 1.920ns (31.053%)  route 4.263ns (68.947%))
  Logic Levels:           26  (CARRY8=8 LUT2=3 LUT3=2 LUT5=1 LUT6=11 MUXF7=1)
  Input Delay:            1.000ns
  Clock Uncertainty:      0.035ns  ((TSJ^2 + TIJ^2)^1/2 + DJ) / 2 + PE
    Total System Jitter     (TSJ):    0.071ns
    Total Input Jitter      (TIJ):    0.000ns
    Discrete Jitter          (DJ):    0.000ns
    Phase Error              (PE):    0.000ns

    Location             Delay type                Incr(ns)  Path(ns)    Netlist Resource(s)
  -------------------------------------------------------------------    -------------------
                         (clock core_clk rise edge)
                                                      0.000     0.000 r  
                         input delay                  1.000     1.000    
                                                      0.000     1.000 f  score_bf16[10] (IN)
                         net (fo=74, unset)           0.000     1.000    u_compatibility/u_core/score_bf16[10]
                         LUT2 (Prop_LUT2_I0_O)        0.053     1.053 f  u_compatibility/u_core/pending_last_i_171/O
                         net (fo=1, unplaced)         0.187     1.240    u_compatibility/u_core/pending_last_i_171_n_0
                         LUT6 (Prop_LUT6_I2_O)        0.100     1.340 f  u_compatibility/u_core/pending_last_i_169/O
                         net (fo=2, unplaced)         0.232     1.572    u_compatibility/u_core/pending_last_i_169_n_0
                         LUT6 (Prop_LUT6_I0_O)        0.038     1.610 f  u_compatibility/u_core/pending_weight_q15[15]_i_241/O
                         net (fo=4, unplaced)         0.245     1.855    u_compatibility/u_core/pending_weight_q15[15]_i_241_n_0
                         LUT6 (Prop_LUT6_I0_O)        0.038     1.893 f  u_compatibility/u_core/pending_weight_q15[15]_i_232/O
                         net (fo=8, unplaced)         0.260     2.153    u_compatibility/u_core/pending_weight_q15[15]_i_232_n_0
                         LUT6 (Prop_LUT6_I0_O)        0.038     2.191 r  u_compatibility/u_core/pending_weight_q15[15]_i_172/O
                         net (fo=17, unplaced)        0.277     2.468    u_compatibility/u_core/pending_weight_q15[15]_i_172_n_0
                         LUT6 (Prop_LUT6_I5_O)        0.038     2.506 f  u_compatibility/u_core/pending_last_i_153/O
                         net (fo=4, unplaced)         0.196     2.702    u_compatibility/u_core/pending_last_i_153_n_0
                         LUT6 (Prop_LUT6_I2_O)        0.053     2.755 r  u_compatibility/u_core/pending_weight_q15[15]_i_160/O
                         net (fo=3, unplaced)         0.117     2.872    u_compatibility/u_core/p_0_in[0]
                         CARRY8 (Prop_CARRY8_CI_O[4])
                                                      0.193     3.065 r  u_compatibility/u_core/pending_weight_q15_reg[15]_i_128/O[4]
                         net (fo=1, unplaced)         0.232     3.297    u_compatibility/u_core/pending_weight_q15_reg[15]_i_128_n_11
                         LUT3 (Prop_LUT3_I1_O)        0.038     3.335 f  u_compatibility/u_core/pending_last_i_141/O
                         net (fo=1, unplaced)         0.232     3.567    u_compatibility/u_core/pending_last_i_141_n_0
                         LUT6 (Prop_LUT6_I4_O)        0.038     3.605 r  u_compatibility/u_core/pending_last_i_119/O
                         net (fo=4, unplaced)         0.245     3.850    u_compatibility/u_core/pending_last_i_119_n_0
                         LUT2 (Prop_LUT2_I1_O)        0.037     3.887 r  u_compatibility/u_core/pending_weight_q15[15]_i_207/O
                         net (fo=1, unplaced)         0.029     3.916    u_compatibility/u_core/pending_weight_q15[15]_i_207_n_0
                         CARRY8 (Prop_CARRY8_S[5]_CO[7])
                                                      0.166     4.082 r  u_compatibility/u_core/pending_weight_q15_reg[15]_i_136/CO[7]
                         net (fo=1, unplaced)         0.005     4.087    u_compatibility/u_core/pending_weight_q15_reg[15]_i_136_n_0
                         CARRY8 (Prop_CARRY8_CI_CO[7])
                                                      0.022     4.109 r  u_compatibility/u_core/pending_weight_q15_reg[15]_i_64/CO[7]
                         net (fo=1, unplaced)         0.005     4.114    u_compatibility/u_core/pending_weight_q15_reg[15]_i_64_n_0
                         CARRY8 (Prop_CARRY8_CI_O[5])
                                                      0.116     4.230 f  u_compatibility/u_core/pending_weight_q15_reg[15]_i_18/O[5]
                         net (fo=3, unplaced)         0.207     4.437    u_compatibility/u_core/lut_forced_zero2[21]
                         LUT2 (Prop_LUT2_I0_O)        0.099     4.536 f  u_compatibility/u_core/pending_weight_q15[15]_i_24/O
                         net (fo=1, unplaced)         0.251     4.787    u_compatibility/u_core/pending_weight_q15[15]_i_24_n_0
                         CARRY8 (Prop_CARRY8_DI[2]_CO[4])
                                                      0.160     4.947 f  u_compatibility/u_core/pending_weight_q15_reg[15]_i_6/CO[4]
                         net (fo=70, unplaced)        0.263     5.210    u_compatibility/u_core/pending_weight_q15_reg[15]_i_6_n_3
                         LUT3 (Prop_LUT3_I2_O)        0.053     5.263 r  u_compatibility/u_core/pending_weight_q15[12]_i_8/O
                         net (fo=119, unplaced)       0.276     5.539    u_compatibility/u_core/u_exp_lut/lut_addr[0]
                         LUT6 (Prop_LUT6_I3_O)        0.090     5.629 r  u_compatibility/u_core/u_exp_lut/pending_weight_q15[4]_i_15/O
                         net (fo=1, unplaced)         0.232     5.861    u_compatibility/u_core/u_exp_lut/pending_weight_q15[4]_i_15_n_0
                         LUT6 (Prop_LUT6_I0_O)        0.037     5.898 r  u_compatibility/u_core/u_exp_lut/pending_weight_q15[4]_i_7/O
                         net (fo=1, unplaced)         0.024     5.922    u_compatibility/u_core/u_exp_lut/pending_weight_q15[4]_i_7_n_0
                         MUXF7 (Prop_MUXF7_I0_O)      0.067     5.989 r  u_compatibility/u_core/u_exp_lut/pending_weight_q15_reg[4]_i_3/O
                         net (fo=1, unplaced)         0.187     6.176    u_compatibility/u_core/u_exp_lut/pending_weight_q15_reg[4]_i_3_n_0
                         LUT6 (Prop_LUT6_I0_O)        0.100     6.276 r  u_compatibility/u_core/u_exp_lut/pending_weight_q15[4]_i_2/O
                         net (fo=2, unplaced)         0.232     6.508    u_compatibility/u_core/u_exp_lut_n_4
                         LUT6 (Prop_LUT6_I5_O)        0.037     6.545 r  u_compatibility/u_core/pending_sum_final[7]_i_13/O
                         net (fo=1, unplaced)         0.021     6.566    u_compatibility/u_core/pending_sum_final[7]_i_13_n_0
                         CARRY8 (Prop_CARRY8_S[4]_CO[7])
                                                      0.163     6.729 r  u_compatibility/u_core/pending_sum_final_reg[7]_i_1/CO[7]
                         net (fo=1, unplaced)         0.005     6.734    u_compatibility/u_core/pending_sum_final_reg[7]_i_1_n_0
                         CARRY8 (Prop_CARRY8_CI_CO[7])
                                                      0.022     6.756 r  u_compatibility/u_core/pending_sum_final_reg[15]_i_1/CO[7]
                         net (fo=1, unplaced)         0.005     6.761    u_compatibility/u_core/pending_sum_final_reg[15]_i_1_n_0
                         CARRY8 (Prop_CARRY8_CI_O[4])
                                                      0.086     6.847 r  u_compatibility/u_core/pending_sum_final_reg[22]_i_1/O[4]
                         net (fo=5, unplaced)         0.250     7.097    u_compatibility/u_core/u_reciprocal/selected_sum_next[20]
                         LUT5 (Prop_LUT5_I4_O)        0.038     7.135 r  u_compatibility/u_core/u_reciprocal/ctx_sum_q15[1][20]_i_1/O
                         net (fo=1, unplaced)         0.048     7.183    u_compatibility/u_core/u_reciprocal_n_192
                         FDCE                                         r  u_compatibility/u_core/ctx_sum_q15_reg[1][20]/D
  -------------------------------------------------------------------    -------------------

                         (clock core_clk rise edge)
                                                      6.666     6.666 r  
                                                      0.000     6.666 r  clk (IN)
                         net (fo=16773, unset)        0.000     6.666    u_compatibility/u_core/clk
                         FDCE                                         r  u_compatibility/u_core/ctx_sum_q15_reg[1][20]/C
                         clock pessimism              0.000     6.666    
                         clock uncertainty           -0.035     6.631    
                         FDCE (Setup_FDCE_C_D)        0.025     6.656    u_compatibility/u_core/ctx_sum_q15_reg[1][20]
  -------------------------------------------------------------------
                         required time                          6.656    
                         arrival time                          -7.183    
  -------------------------------------------------------------------
                         slack                                 -0.527    

Slack (VIOLATED) :        -0.527ns  (required time - arrival time)
  Source:                 score_bf16[10]
                            (input port clocked by core_clk  {rise@0.000ns fall@3.333ns period=6.666ns})
  Destination:            u_compatibility/u_core/ctx_sum_q15_reg[2][20]/D
                            (rising edge-triggered cell FDCE clocked by core_clk  {rise@0.000ns fall@3.333ns period=6.666ns})
  Path Group:             core_clk
  Path Type:              Setup (Max at Slow Process Corner)
  Requirement:            6.666ns  (core_clk rise@6.666ns - core_clk rise@0.000ns)
  Data Path Delay:        6.183ns  (logic 1.920ns (31.053%)  route 4.263ns (68.947%))
  Logic Levels:           26  (CARRY8=8 LUT2=3 LUT3=2 LUT5=1 LUT6=11 MUXF7=1)
  Input Delay:            1.000ns
  Clock Uncertainty:      0.035ns  ((TSJ^2 + TIJ^2)^1/2 + DJ) / 2 + PE
    Total System Jitter     (TSJ):    0.071ns
    Total Input Jitter      (TIJ):    0.000ns
    Discrete Jitter          (DJ):    0.000ns
    Phase Error              (PE):    0.000ns

    Location             Delay type                Incr(ns)  Path(ns)    Netlist Resource(s)
  -------------------------------------------------------------------    -------------------
                         (clock core_clk rise edge)
                                                      0.000     0.000 r  
                         input delay                  1.000     1.000    
                                                      0.000     1.000 f  score_bf16[10] (IN)
                         net (fo=74, unset)           0.000     1.000    u_compatibility/u_core/score_bf16[10]
                         LUT2 (Prop_LUT2_I0_O)        0.053     1.053 f  u_compatibility/u_core/pending_last_i_171/O
                         net (fo=1, unplaced)         0.187     1.240    u_compatibility/u_core/pending_last_i_171_n_0
                         LUT6 (Prop_LUT6_I2_O)        0.100     1.340 f  u_compatibility/u_core/pending_last_i_169/O
                         net (fo=2, unplaced)         0.232     1.572    u_compatibility/u_core/pending_last_i_169_n_0
                         LUT6 (Prop_LUT6_I0_O)        0.038     1.610 f  u_compatibility/u_core/pending_weight_q15[15]_i_241/O
                         net (fo=4, unplaced)         0.245     1.855    u_compatibility/u_core/pending_weight_q15[15]_i_241_n_0
                         LUT6 (Prop_LUT6_I0_O)        0.038     1.893 f  u_compatibility/u_core/pending_weight_q15[15]_i_232/O
                         net (fo=8, unplaced)         0.260     2.153    u_compatibility/u_core/pending_weight_q15[15]_i_232_n_0
                         LUT6 (Prop_LUT6_I0_O)        0.038     2.191 r  u_compatibility/u_core/pending_weight_q15[15]_i_172/O
                         net (fo=17, unplaced)        0.277     2.468    u_compatibility/u_core/pending_weight_q15[15]_i_172_n_0
                         LUT6 (Prop_LUT6_I5_O)        0.038     2.506 f  u_compatibility/u_core/pending_last_i_153/O
                         net (fo=4, unplaced)         0.196     2.702    u_compatibility/u_core/pending_last_i_153_n_0
                         LUT6 (Prop_LUT6_I2_O)        0.053     2.755 r  u_compatibility/u_core/pending_weight_q15[15]_i_160/O
                         net (fo=3, unplaced)         0.117     2.872    u_compatibility/u_core/p_0_in[0]
                         CARRY8 (Prop_CARRY8_CI_O[4])
                                                      0.193     3.065 r  u_compatibility/u_core/pending_weight_q15_reg[15]_i_128/O[4]
                         net (fo=1, unplaced)         0.232     3.297    u_compatibility/u_core/pending_weight_q15_reg[15]_i_128_n_11
                         LUT3 (Prop_LUT3_I1_O)        0.038     3.335 f  u_compatibility/u_core/pending_last_i_141/O
                         net (fo=1, unplaced)         0.232     3.567    u_compatibility/u_core/pending_last_i_141_n_0
                         LUT6 (Prop_LUT6_I4_O)        0.038     3.605 r  u_compatibility/u_core/pending_last_i_119/O
                         net (fo=4, unplaced)         0.245     3.850    u_compatibility/u_core/pending_last_i_119_n_0
                         LUT2 (Prop_LUT2_I1_O)        0.037     3.887 r  u_compatibility/u_core/pending_weight_q15[15]_i_207/O
                         net (fo=1, unplaced)         0.029     3.916    u_compatibility/u_core/pending_weight_q15[15]_i_207_n_0
                         CARRY8 (Prop_CARRY8_S[5]_CO[7])
                                                      0.166     4.082 r  u_compatibility/u_core/pending_weight_q15_reg[15]_i_136/CO[7]
                         net (fo=1, unplaced)         0.005     4.087    u_compatibility/u_core/pending_weight_q15_reg[15]_i_136_n_0
                         CARRY8 (Prop_CARRY8_CI_CO[7])
                                                      0.022     4.109 r  u_compatibility/u_core/pending_weight_q15_reg[15]_i_64/CO[7]
                         net (fo=1, unplaced)         0.005     4.114    u_compatibility/u_core/pending_weight_q15_reg[15]_i_64_n_0
                         CARRY8 (Prop_CARRY8_CI_O[5])
                                                      0.116     4.230 f  u_compatibility/u_core/pending_weight_q15_reg[15]_i_18/O[5]
                         net (fo=3, unplaced)         0.207     4.437    u_compatibility/u_core/lut_forced_zero2[21]
                         LUT2 (Prop_LUT2_I0_O)        0.099     4.536 f  u_compatibility/u_core/pending_weight_q15[15]_i_24/O
                         net (fo=1, unplaced)         0.251     4.787    u_compatibility/u_core/pending_weight_q15[15]_i_24_n_0
                         CARRY8 (Prop_CARRY8_DI[2]_CO[4])
                                                      0.160     4.947 f  u_compatibility/u_core/pending_weight_q15_reg[15]_i_6/CO[4]
                         net (fo=70, unplaced)        0.263     5.210    u_compatibility/u_core/pending_weight_q15_reg[15]_i_6_n_3
                         LUT3 (Prop_LUT3_I2_O)        0.053     5.263 r  u_compatibility/u_core/pending_weight_q15[12]_i_8/O
                         net (fo=119, unplaced)       0.276     5.539    u_compatibility/u_core/u_exp_lut/lut_addr[0]
                         LUT6 (Prop_LUT6_I3_O)        0.090     5.629 r  u_compatibility/u_core/u_exp_lut/pending_weight_q15[4]_i_15/O
                         net (fo=1, unplaced)         0.232     5.861    u_compatibility/u_core/u_exp_lut/pending_weight_q15[4]_i_15_n_0
                         LUT6 (Prop_LUT6_I0_O)        0.037     5.898 r  u_compatibility/u_core/u_exp_lut/pending_weight_q15[4]_i_7/O
                         net (fo=1, unplaced)         0.024     5.922    u_compatibility/u_core/u_exp_lut/pending_weight_q15[4]_i_7_n_0
                         MUXF7 (Prop_MUXF7_I0_O)      0.067     5.989 r  u_compatibility/u_core/u_exp_lut/pending_weight_q15_reg[4]_i_3/O
                         net (fo=1, unplaced)         0.187     6.176    u_compatibility/u_core/u_exp_lut/pending_weight_q15_reg[4]_i_3_n_0
                         LUT6 (Prop_LUT6_I0_O)        0.100     6.276 r  u_compatibility/u_core/u_exp_lut/pending_weight_q15[4]_i_2/O
                         net (fo=2, unplaced)         0.232     6.508    u_compatibility/u_core/u_exp_lut_n_4
                         LUT6 (Prop_LUT6_I5_O)        0.037     6.545 r  u_compatibility/u_core/pending_sum_final[7]_i_13/O
                         net (fo=1, unplaced)         0.021     6.566    u_compatibility/u_core/pending_sum_final[7]_i_13_n_0
                         CARRY8 (Prop_CARRY8_S[4]_CO[7])
                                                      0.163     6.729 r  u_compatibility/u_core/pending_sum_final_reg[7]_i_1/CO[7]
                         net (fo=1, unplaced)         0.005     6.734    u_compatibility/u_core/pending_sum_final_reg[7]_i_1_n_0
                         CARRY8 (Prop_CARRY8_CI_CO[7])
                                                      0.022     6.756 r  u_compatibility/u_core/pending_sum_final_reg[15]_i_1/CO[7]
                         net (fo=1, unplaced)         0.005     6.761    u_compatibility/u_core/pending_sum_final_reg[15]_i_1_n_0
                         CARRY8 (Prop_CARRY8_CI_O[4])
                                                      0.086     6.847 r  u_compatibility/u_core/pending_sum_final_reg[22]_i_1/O[4]
                         net (fo=5, unplaced)         0.250     7.097    u_compatibility/u_core/u_reciprocal/selected_sum_next[20]
                         LUT5 (Prop_LUT5_I4_O)        0.038     7.135 r  u_compatibility/u_core/u_reciprocal/ctx_sum_q15[2][20]_i_1/O
                         net (fo=1, unplaced)         0.048     7.183    u_compatibility/u_core/u_reciprocal_n_262
                         FDCE                                         r  u_compatibility/u_core/ctx_sum_q15_reg[2][20]/D
  -------------------------------------------------------------------    -------------------

                         (clock core_clk rise edge)
                                                      6.666     6.666 r  
                                                      0.000     6.666 r  clk (IN)
                         net (fo=16773, unset)        0.000     6.666    u_compatibility/u_core/clk
                         FDCE                                         r  u_compatibility/u_core/ctx_sum_q15_reg[2][20]/C
                         clock pessimism              0.000     6.666    
                         clock uncertainty           -0.035     6.631    
                         FDCE (Setup_FDCE_C_D)        0.025     6.656    u_compatibility/u_core/ctx_sum_q15_reg[2][20]
  -------------------------------------------------------------------
                         required time                          6.656    
                         arrival time                          -7.183    
  -------------------------------------------------------------------
                         slack                                 -0.527    

Slack (VIOLATED) :        -0.527ns  (required time - arrival time)
  Source:                 score_bf16[10]
                            (input port clocked by core_clk  {rise@0.000ns fall@3.333ns period=6.666ns})
  Destination:            u_compatibility/u_core/ctx_sum_q15_reg[3][20]/D
                            (rising edge-triggered cell FDCE clocked by core_clk  {rise@0.000ns fall@3.333ns period=6.666ns})
  Path Group:             core_clk
  Path Type:              Setup (Max at Slow Process Corner)
  Requirement:            6.666ns  (core_clk rise@6.666ns - core_clk rise@0.000ns)
  Data Path Delay:        6.183ns  (logic 1.920ns (31.053%)  route 4.263ns (68.947%))
  Logic Levels:           26  (CARRY8=8 LUT2=3 LUT3=2 LUT5=1 LUT6=11 MUXF7=1)
  Input Delay:            1.000ns
  Clock Uncertainty:      0.035ns  ((TSJ^2 + TIJ^2)^1/2 + DJ) / 2 + PE
    Total System Jitter     (TSJ):    0.071ns
    Total Input Jitter      (TIJ):    0.000ns
    Discrete Jitter          (DJ):    0.000ns
    Phase Error              (PE):    0.000ns

    Location             Delay type                Incr(ns)  Path(ns)    Netlist Resource(s)
  -------------------------------------------------------------------    -------------------
                         (clock core_clk rise edge)
                                                      0.000     0.000 r  
                         input delay                  1.000     1.000    
                                                      0.000     1.000 f  score_bf16[10] (IN)
                         net (fo=74, unset)           0.000     1.000    u_compatibility/u_core/score_bf16[10]
                         LUT2 (Prop_LUT2_I0_O)        0.053     1.053 f  u_compatibility/u_core/pending_last_i_171/O
                         net (fo=1, unplaced)         0.187     1.240    u_compatibility/u_core/pending_last_i_171_n_0
                         LUT6 (Prop_LUT6_I2_O)        0.100     1.340 f  u_compatibility/u_core/pending_last_i_169/O
                         net (fo=2, unplaced)         0.232     1.572    u_compatibility/u_core/pending_last_i_169_n_0
                         LUT6 (Prop_LUT6_I0_O)        0.038     1.610 f  u_compatibility/u_core/pending_weight_q15[15]_i_241/O
                         net (fo=4, unplaced)         0.245     1.855    u_compatibility/u_core/pending_weight_q15[15]_i_241_n_0
                         LUT6 (Prop_LUT6_I0_O)        0.038     1.893 f  u_compatibility/u_core/pending_weight_q15[15]_i_232/O
                         net (fo=8, unplaced)         0.260     2.153    u_compatibility/u_core/pending_weight_q15[15]_i_232_n_0
                         LUT6 (Prop_LUT6_I0_O)        0.038     2.191 r  u_compatibility/u_core/pending_weight_q15[15]_i_172/O
                         net (fo=17, unplaced)        0.277     2.468    u_compatibility/u_core/pending_weight_q15[15]_i_172_n_0
                         LUT6 (Prop_LUT6_I5_O)        0.038     2.506 f  u_compatibility/u_core/pending_last_i_153/O
                         net (fo=4, unplaced)         0.196     2.702    u_compatibility/u_core/pending_last_i_153_n_0
                         LUT6 (Prop_LUT6_I2_O)        0.053     2.755 r  u_compatibility/u_core/pending_weight_q15[15]_i_160/O
                         net (fo=3, unplaced)         0.117     2.872    u_compatibility/u_core/p_0_in[0]
                         CARRY8 (Prop_CARRY8_CI_O[4])
                                                      0.193     3.065 r  u_compatibility/u_core/pending_weight_q15_reg[15]_i_128/O[4]
                         net (fo=1, unplaced)         0.232     3.297    u_compatibility/u_core/pending_weight_q15_reg[15]_i_128_n_11
                         LUT3 (Prop_LUT3_I1_O)        0.038     3.335 f  u_compatibility/u_core/pending_last_i_141/O
                         net (fo=1, unplaced)         0.232     3.567    u_compatibility/u_core/pending_last_i_141_n_0
                         LUT6 (Prop_LUT6_I4_O)        0.038     3.605 r  u_compatibility/u_core/pending_last_i_119/O
                         net (fo=4, unplaced)         0.245     3.850    u_compatibility/u_core/pending_last_i_119_n_0
                         LUT2 (Prop_LUT2_I1_O)        0.037     3.887 r  u_compatibility/u_core/pending_weight_q15[15]_i_207/O
                         net (fo=1, unplaced)         0.029     3.916    u_compatibility/u_core/pending_weight_q15[15]_i_207_n_0
                         CARRY8 (Prop_CARRY8_S[5]_CO[7])
                                                      0.166     4.082 r  u_compatibility/u_core/pending_weight_q15_reg[15]_i_136/CO[7]
                         net (fo=1, unplaced)         0.005     4.087    u_compatibility/u_core/pending_weight_q15_reg[15]_i_136_n_0
                         CARRY8 (Prop_CARRY8_CI_CO[7])
                                                      0.022     4.109 r  u_compatibility/u_core/pending_weight_q15_reg[15]_i_64/CO[7]
                         net (fo=1, unplaced)         0.005     4.114    u_compatibility/u_core/pending_weight_q15_reg[15]_i_64_n_0
                         CARRY8 (Prop_CARRY8_CI_O[5])
                                                      0.116     4.230 f  u_compatibility/u_core/pending_weight_q15_reg[15]_i_18/O[5]
                         net (fo=3, unplaced)         0.207     4.437    u_compatibility/u_core/lut_forced_zero2[21]
                         LUT2 (Prop_LUT2_I0_O)        0.099     4.536 f  u_compatibility/u_core/pending_weight_q15[15]_i_24/O
                         net (fo=1, unplaced)         0.251     4.787    u_compatibility/u_core/pending_weight_q15[15]_i_24_n_0
                         CARRY8 (Prop_CARRY8_DI[2]_CO[4])
                                                      0.160     4.947 f  u_compatibility/u_core/pending_weight_q15_reg[15]_i_6/CO[4]
                         net (fo=70, unplaced)        0.263     5.210    u_compatibility/u_core/pending_weight_q15_reg[15]_i_6_n_3
                         LUT3 (Prop_LUT3_I2_O)        0.053     5.263 r  u_compatibility/u_core/pending_weight_q15[12]_i_8/O
                         net (fo=119, unplaced)       0.276     5.539    u_compatibility/u_core/u_exp_lut/lut_addr[0]
                         LUT6 (Prop_LUT6_I3_O)        0.090     5.629 r  u_compatibility/u_core/u_exp_lut/pending_weight_q15[4]_i_15/O
                         net (fo=1, unplaced)         0.232     5.861    u_compatibility/u_core/u_exp_lut/pending_weight_q15[4]_i_15_n_0
                         LUT6 (Prop_LUT6_I0_O)        0.037     5.898 r  u_compatibility/u_core/u_exp_lut/pending_weight_q15[4]_i_7/O
                         net (fo=1, unplaced)         0.024     5.922    u_compatibility/u_core/u_exp_lut/pending_weight_q15[4]_i_7_n_0
                         MUXF7 (Prop_MUXF7_I0_O)      0.067     5.989 r  u_compatibility/u_core/u_exp_lut/pending_weight_q15_reg[4]_i_3/O
                         net (fo=1, unplaced)         0.187     6.176    u_compatibility/u_core/u_exp_lut/pending_weight_q15_reg[4]_i_3_n_0
                         LUT6 (Prop_LUT6_I0_O)        0.100     6.276 r  u_compatibility/u_core/u_exp_lut/pending_weight_q15[4]_i_2/O
                         net (fo=2, unplaced)         0.232     6.508    u_compatibility/u_core/u_exp_lut_n_4
                         LUT6 (Prop_LUT6_I5_O)        0.037     6.545 r  u_compatibility/u_core/pending_sum_final[7]_i_13/O
                         net (fo=1, unplaced)         0.021     6.566    u_compatibility/u_core/pending_sum_final[7]_i_13_n_0
                         CARRY8 (Prop_CARRY8_S[4]_CO[7])
                                                      0.163     6.729 r  u_compatibility/u_core/pending_sum_final_reg[7]_i_1/CO[7]
                         net (fo=1, unplaced)         0.005     6.734    u_compatibility/u_core/pending_sum_final_reg[7]_i_1_n_0
                         CARRY8 (Prop_CARRY8_CI_CO[7])
                                                      0.022     6.756 r  u_compatibility/u_core/pending_sum_final_reg[15]_i_1/CO[7]
                         net (fo=1, unplaced)         0.005     6.761    u_compatibility/u_core/pending_sum_final_reg[15]_i_1_n_0
                         CARRY8 (Prop_CARRY8_CI_O[4])
                                                      0.086     6.847 r  u_compatibility/u_core/pending_sum_final_reg[22]_i_1/O[4]
                         net (fo=5, unplaced)         0.250     7.097    u_compatibility/u_core/u_reciprocal/selected_sum_next[20]
                         LUT5 (Prop_LUT5_I4_O)        0.038     7.135 r  u_compatibility/u_core/u_reciprocal/ctx_sum_q15[3][20]_i_1/O
                         net (fo=1, unplaced)         0.048     7.183    u_compatibility/u_core/u_reciprocal_n_239
                         FDCE                                         r  u_compatibility/u_core/ctx_sum_q15_reg[3][20]/D
  -------------------------------------------------------------------    -------------------

                         (clock core_clk rise edge)
                                                      6.666     6.666 r  
                                                      0.000     6.666 r  clk (IN)
                         net (fo=16773, unset)        0.000     6.666    u_compatibility/u_core/clk
                         FDCE                                         r  u_compatibility/u_core/ctx_sum_q15_reg[3][20]/C
                         clock pessimism              0.000     6.666    
                         clock uncertainty           -0.035     6.631    
                         FDCE (Setup_FDCE_C_D)        0.025     6.656    u_compatibility/u_core/ctx_sum_q15_reg[3][20]
  -------------------------------------------------------------------
                         required time                          6.656    
                         arrival time                          -7.183    
  -------------------------------------------------------------------
                         slack                                 -0.527    

Slack (VIOLATED) :        -0.508ns  (required time - arrival time)
  Source:                 score_bf16[10]
                            (input port clocked by core_clk  {rise@0.000ns fall@3.333ns period=6.666ns})
  Destination:            u_compatibility/u_core/ctx_sum_q15_reg[0][18]/D
                            (rising edge-triggered cell FDCE clocked by core_clk  {rise@0.000ns fall@3.333ns period=6.666ns})
  Path Group:             core_clk
  Path Type:              Setup (Max at Slow Process Corner)
  Requirement:            6.666ns  (core_clk rise@6.666ns - core_clk rise@0.000ns)
  Data Path Delay:        6.164ns  (logic 1.901ns (30.840%)  route 4.263ns (69.160%))
  Logic Levels:           26  (CARRY8=8 LUT2=3 LUT3=2 LUT5=1 LUT6=11 MUXF7=1)
  Input Delay:            1.000ns
  Clock Uncertainty:      0.035ns  ((TSJ^2 + TIJ^2)^1/2 + DJ) / 2 + PE
    Total System Jitter     (TSJ):    0.071ns
    Total Input Jitter      (TIJ):    0.000ns
    Discrete Jitter          (DJ):    0.000ns
    Phase Error              (PE):    0.000ns

    Location             Delay type                Incr(ns)  Path(ns)    Netlist Resource(s)
  -------------------------------------------------------------------    -------------------
                         (clock core_clk rise edge)
                                                      0.000     0.000 r  
                         input delay                  1.000     1.000    
                                                      0.000     1.000 f  score_bf16[10] (IN)
                         net (fo=74, unset)           0.000     1.000    u_compatibility/u_core/score_bf16[10]
                         LUT2 (Prop_LUT2_I0_O)        0.053     1.053 f  u_compatibility/u_core/pending_last_i_171/O
                         net (fo=1, unplaced)         0.187     1.240    u_compatibility/u_core/pending_last_i_171_n_0
                         LUT6 (Prop_LUT6_I2_O)        0.100     1.340 f  u_compatibility/u_core/pending_last_i_169/O
                         net (fo=2, unplaced)         0.232     1.572    u_compatibility/u_core/pending_last_i_169_n_0
                         LUT6 (Prop_LUT6_I0_O)        0.038     1.610 f  u_compatibility/u_core/pending_weight_q15[15]_i_241/O
                         net (fo=4, unplaced)         0.245     1.855    u_compatibility/u_core/pending_weight_q15[15]_i_241_n_0
                         LUT6 (Prop_LUT6_I0_O)        0.038     1.893 f  u_compatibility/u_core/pending_weight_q15[15]_i_232/O
                         net (fo=8, unplaced)         0.260     2.153    u_compatibility/u_core/pending_weight_q15[15]_i_232_n_0
                         LUT6 (Prop_LUT6_I0_O)        0.038     2.191 r  u_compatibility/u_core/pending_weight_q15[15]_i_172/O
                         net (fo=17, unplaced)        0.277     2.468    u_compatibility/u_core/pending_weight_q15[15]_i_172_n_0
                         LUT6 (Prop_LUT6_I5_O)        0.038     2.506 f  u_compatibility/u_core/pending_last_i_153/O
                         net (fo=4, unplaced)         0.196     2.702    u_compatibility/u_core/pending_last_i_153_n_0
                         LUT6 (Prop_LUT6_I2_O)        0.053     2.755 r  u_compatibility/u_core/pending_weight_q15[15]_i_160/O
                         net (fo=3, unplaced)         0.117     2.872    u_compatibility/u_core/p_0_in[0]
                         CARRY8 (Prop_CARRY8_CI_O[4])
                                                      0.193     3.065 r  u_compatibility/u_core/pending_weight_q15_reg[15]_i_128/O[4]
                         net (fo=1, unplaced)         0.232     3.297    u_compatibility/u_core/pending_weight_q15_reg[15]_i_128_n_11
                         LUT3 (Prop_LUT3_I1_O)        0.038     3.335 f  u_compatibility/u_core/pending_last_i_141/O
                         net (fo=1, unplaced)         0.232     3.567    u_compatibility/u_core/pending_last_i_141_n_0
                         LUT6 (Prop_LUT6_I4_O)        0.038     3.605 r  u_compatibility/u_core/pending_last_i_119/O
                         net (fo=4, unplaced)         0.245     3.850    u_compatibility/u_core/pending_last_i_119_n_0
                         LUT2 (Prop_LUT2_I1_O)        0.037     3.887 r  u_compatibility/u_core/pending_weight_q15[15]_i_207/O
                         net (fo=1, unplaced)         0.029     3.916    u_compatibility/u_core/pending_weight_q15[15]_i_207_n_0
                         CARRY8 (Prop_CARRY8_S[5]_CO[7])
                                                      0.166     4.082 r  u_compatibility/u_core/pending_weight_q15_reg[15]_i_136/CO[7]
                         net (fo=1, unplaced)         0.005     4.087    u_compatibility/u_core/pending_weight_q15_reg[15]_i_136_n_0
                         CARRY8 (Prop_CARRY8_CI_CO[7])
                                                      0.022     4.109 r  u_compatibility/u_core/pending_weight_q15_reg[15]_i_64/CO[7]
                         net (fo=1, unplaced)         0.005     4.114    u_compatibility/u_core/pending_weight_q15_reg[15]_i_64_n_0
                         CARRY8 (Prop_CARRY8_CI_O[5])
                                                      0.116     4.230 f  u_compatibility/u_core/pending_weight_q15_reg[15]_i_18/O[5]
                         net (fo=3, unplaced)         0.207     4.437    u_compatibility/u_core/lut_forced_zero2[21]
                         LUT2 (Prop_LUT2_I0_O)        0.099     4.536 f  u_compatibility/u_core/pending_weight_q15[15]_i_24/O
                         net (fo=1, unplaced)         0.251     4.787    u_compatibility/u_core/pending_weight_q15[15]_i_24_n_0
                         CARRY8 (Prop_CARRY8_DI[2]_CO[4])
                                                      0.160     4.947 f  u_compatibility/u_core/pending_weight_q15_reg[15]_i_6/CO[4]
                         net (fo=70, unplaced)        0.263     5.210    u_compatibility/u_core/pending_weight_q15_reg[15]_i_6_n_3
                         LUT3 (Prop_LUT3_I2_O)        0.053     5.263 r  u_compatibility/u_core/pending_weight_q15[12]_i_8/O
                         net (fo=119, unplaced)       0.276     5.539    u_compatibility/u_core/u_exp_lut/lut_addr[0]
                         LUT6 (Prop_LUT6_I3_O)        0.090     5.629 r  u_compatibility/u_core/u_exp_lut/pending_weight_q15[4]_i_15/O
                         net (fo=1, unplaced)         0.232     5.861    u_compatibility/u_core/u_exp_lut/pending_weight_q15[4]_i_15_n_0
                         LUT6 (Prop_LUT6_I0_O)        0.037     5.898 r  u_compatibility/u_core/u_exp_lut/pending_weight_q15[4]_i_7/O
                         net (fo=1, unplaced)         0.024     5.922    u_compatibility/u_core/u_exp_lut/pending_weight_q15[4]_i_7_n_0
                         MUXF7 (Prop_MUXF7_I0_O)      0.067     5.989 r  u_compatibility/u_core/u_exp_lut/pending_weight_q15_reg[4]_i_3/O
                         net (fo=1, unplaced)         0.187     6.176    u_compatibility/u_core/u_exp_lut/pending_weight_q15_reg[4]_i_3_n_0
                         LUT6 (Prop_LUT6_I0_O)        0.100     6.276 r  u_compatibility/u_core/u_exp_lut/pending_weight_q15[4]_i_2/O
                         net (fo=2, unplaced)         0.232     6.508    u_compatibility/u_core/u_exp_lut_n_4
                         LUT6 (Prop_LUT6_I5_O)        0.037     6.545 r  u_compatibility/u_core/pending_sum_final[7]_i_13/O
                         net (fo=1, unplaced)         0.021     6.566    u_compatibility/u_core/pending_sum_final[7]_i_13_n_0
                         CARRY8 (Prop_CARRY8_S[4]_CO[7])
                                                      0.163     6.729 r  u_compatibility/u_core/pending_sum_final_reg[7]_i_1/CO[7]
                         net (fo=1, unplaced)         0.005     6.734    u_compatibility/u_core/pending_sum_final_reg[7]_i_1_n_0
                         CARRY8 (Prop_CARRY8_CI_CO[7])
                                                      0.022     6.756 r  u_compatibility/u_core/pending_sum_final_reg[15]_i_1/CO[7]
                         net (fo=1, unplaced)         0.005     6.761    u_compatibility/u_core/pending_sum_final_reg[15]_i_1_n_0
                         CARRY8 (Prop_CARRY8_CI_O[2])
                                                      0.067     6.828 r  u_compatibility/u_core/pending_sum_final_reg[22]_i_1/O[2]
                         net (fo=5, unplaced)         0.250     7.078    u_compatibility/u_core/u_reciprocal/selected_sum_next[18]
                         LUT5 (Prop_LUT5_I4_O)        0.038     7.116 r  u_compatibility/u_core/u_reciprocal/ctx_sum_q15[0][18]_i_1/O
                         net (fo=1, unplaced)         0.048     7.164    u_compatibility/u_core/u_reciprocal_n_218
                         FDCE                                         r  u_compatibility/u_core/ctx_sum_q15_reg[0][18]/D
  -------------------------------------------------------------------    -------------------

                         (clock core_clk rise edge)
                                                      6.666     6.666 r  
                                                      0.000     6.666 r  clk (IN)
                         net (fo=16773, unset)        0.000     6.666    u_compatibility/u_core/clk
                         FDCE                                         r  u_compatibility/u_core/ctx_sum_q15_reg[0][18]/C
                         clock pessimism              0.000     6.666    
                         clock uncertainty           -0.035     6.631    
                         FDCE (Setup_FDCE_C_D)        0.025     6.656    u_compatibility/u_core/ctx_sum_q15_reg[0][18]
  -------------------------------------------------------------------
                         required time                          6.656    
                         arrival time                          -7.164    
  -------------------------------------------------------------------
                         slack                                 -0.508    

Slack (VIOLATED) :        -0.508ns  (required time - arrival time)
  Source:                 score_bf16[10]
                            (input port clocked by core_clk  {rise@0.000ns fall@3.333ns period=6.666ns})
  Destination:            u_compatibility/u_core/ctx_sum_q15_reg[1][18]/D
                            (rising edge-triggered cell FDCE clocked by core_clk  {rise@0.000ns fall@3.333ns period=6.666ns})
  Path Group:             core_clk
  Path Type:              Setup (Max at Slow Process Corner)
  Requirement:            6.666ns  (core_clk rise@6.666ns - core_clk rise@0.000ns)
  Data Path Delay:        6.164ns  (logic 1.901ns (30.840%)  route 4.263ns (69.160%))
  Logic Levels:           26  (CARRY8=8 LUT2=3 LUT3=2 LUT5=1 LUT6=11 MUXF7=1)
  Input Delay:            1.000ns
  Clock Uncertainty:      0.035ns  ((TSJ^2 + TIJ^2)^1/2 + DJ) / 2 + PE
    Total System Jitter     (TSJ):    0.071ns
    Total Input Jitter      (TIJ):    0.000ns
    Discrete Jitter          (DJ):    0.000ns
    Phase Error              (PE):    0.000ns

    Location             Delay type                Incr(ns)  Path(ns)    Netlist Resource(s)
  -------------------------------------------------------------------    -------------------
                         (clock core_clk rise edge)
                                                      0.000     0.000 r  
                         input delay                  1.000     1.000    
                                                      0.000     1.000 f  score_bf16[10] (IN)
                         net (fo=74, unset)           0.000     1.000    u_compatibility/u_core/score_bf16[10]
                         LUT2 (Prop_LUT2_I0_O)        0.053     1.053 f  u_compatibility/u_core/pending_last_i_171/O
                         net (fo=1, unplaced)         0.187     1.240    u_compatibility/u_core/pending_last_i_171_n_0
                         LUT6 (Prop_LUT6_I2_O)        0.100     1.340 f  u_compatibility/u_core/pending_last_i_169/O
                         net (fo=2, unplaced)         0.232     1.572    u_compatibility/u_core/pending_last_i_169_n_0
                         LUT6 (Prop_LUT6_I0_O)        0.038     1.610 f  u_compatibility/u_core/pending_weight_q15[15]_i_241/O
                         net (fo=4, unplaced)         0.245     1.855    u_compatibility/u_core/pending_weight_q15[15]_i_241_n_0
                         LUT6 (Prop_LUT6_I0_O)        0.038     1.893 f  u_compatibility/u_core/pending_weight_q15[15]_i_232/O
                         net (fo=8, unplaced)         0.260     2.153    u_compatibility/u_core/pending_weight_q15[15]_i_232_n_0
                         LUT6 (Prop_LUT6_I0_O)        0.038     2.191 r  u_compatibility/u_core/pending_weight_q15[15]_i_172/O
                         net (fo=17, unplaced)        0.277     2.468    u_compatibility/u_core/pending_weight_q15[15]_i_172_n_0
                         LUT6 (Prop_LUT6_I5_O)        0.038     2.506 f  u_compatibility/u_core/pending_last_i_153/O
                         net (fo=4, unplaced)         0.196     2.702    u_compatibility/u_core/pending_last_i_153_n_0
                         LUT6 (Prop_LUT6_I2_O)        0.053     2.755 r  u_compatibility/u_core/pending_weight_q15[15]_i_160/O
                         net (fo=3, unplaced)         0.117     2.872    u_compatibility/u_core/p_0_in[0]
                         CARRY8 (Prop_CARRY8_CI_O[4])
                                                      0.193     3.065 r  u_compatibility/u_core/pending_weight_q15_reg[15]_i_128/O[4]
                         net (fo=1, unplaced)         0.232     3.297    u_compatibility/u_core/pending_weight_q15_reg[15]_i_128_n_11
                         LUT3 (Prop_LUT3_I1_O)        0.038     3.335 f  u_compatibility/u_core/pending_last_i_141/O
                         net (fo=1, unplaced)         0.232     3.567    u_compatibility/u_core/pending_last_i_141_n_0
                         LUT6 (Prop_LUT6_I4_O)        0.038     3.605 r  u_compatibility/u_core/pending_last_i_119/O
                         net (fo=4, unplaced)         0.245     3.850    u_compatibility/u_core/pending_last_i_119_n_0
                         LUT2 (Prop_LUT2_I1_O)        0.037     3.887 r  u_compatibility/u_core/pending_weight_q15[15]_i_207/O
                         net (fo=1, unplaced)         0.029     3.916    u_compatibility/u_core/pending_weight_q15[15]_i_207_n_0
                         CARRY8 (Prop_CARRY8_S[5]_CO[7])
                                                      0.166     4.082 r  u_compatibility/u_core/pending_weight_q15_reg[15]_i_136/CO[7]
                         net (fo=1, unplaced)         0.005     4.087    u_compatibility/u_core/pending_weight_q15_reg[15]_i_136_n_0
                         CARRY8 (Prop_CARRY8_CI_CO[7])
                                                      0.022     4.109 r  u_compatibility/u_core/pending_weight_q15_reg[15]_i_64/CO[7]
                         net (fo=1, unplaced)         0.005     4.114    u_compatibility/u_core/pending_weight_q15_reg[15]_i_64_n_0
                         CARRY8 (Prop_CARRY8_CI_O[5])
                                                      0.116     4.230 f  u_compatibility/u_core/pending_weight_q15_reg[15]_i_18/O[5]
                         net (fo=3, unplaced)         0.207     4.437    u_compatibility/u_core/lut_forced_zero2[21]
                         LUT2 (Prop_LUT2_I0_O)        0.099     4.536 f  u_compatibility/u_core/pending_weight_q15[15]_i_24/O
                         net (fo=1, unplaced)         0.251     4.787    u_compatibility/u_core/pending_weight_q15[15]_i_24_n_0
                         CARRY8 (Prop_CARRY8_DI[2]_CO[4])
                                                      0.160     4.947 f  u_compatibility/u_core/pending_weight_q15_reg[15]_i_6/CO[4]
                         net (fo=70, unplaced)        0.263     5.210    u_compatibility/u_core/pending_weight_q15_reg[15]_i_6_n_3
                         LUT3 (Prop_LUT3_I2_O)        0.053     5.263 r  u_compatibility/u_core/pending_weight_q15[12]_i_8/O
                         net (fo=119, unplaced)       0.276     5.539    u_compatibility/u_core/u_exp_lut/lut_addr[0]
                         LUT6 (Prop_LUT6_I3_O)        0.090     5.629 r  u_compatibility/u_core/u_exp_lut/pending_weight_q15[4]_i_15/O
                         net (fo=1, unplaced)         0.232     5.861    u_compatibility/u_core/u_exp_lut/pending_weight_q15[4]_i_15_n_0
                         LUT6 (Prop_LUT6_I0_O)        0.037     5.898 r  u_compatibility/u_core/u_exp_lut/pending_weight_q15[4]_i_7/O
                         net (fo=1, unplaced)         0.024     5.922    u_compatibility/u_core/u_exp_lut/pending_weight_q15[4]_i_7_n_0
                         MUXF7 (Prop_MUXF7_I0_O)      0.067     5.989 r  u_compatibility/u_core/u_exp_lut/pending_weight_q15_reg[4]_i_3/O
                         net (fo=1, unplaced)         0.187     6.176    u_compatibility/u_core/u_exp_lut/pending_weight_q15_reg[4]_i_3_n_0
                         LUT6 (Prop_LUT6_I0_O)        0.100     6.276 r  u_compatibility/u_core/u_exp_lut/pending_weight_q15[4]_i_2/O
                         net (fo=2, unplaced)         0.232     6.508    u_compatibility/u_core/u_exp_lut_n_4
                         LUT6 (Prop_LUT6_I5_O)        0.037     6.545 r  u_compatibility/u_core/pending_sum_final[7]_i_13/O
                         net (fo=1, unplaced)         0.021     6.566    u_compatibility/u_core/pending_sum_final[7]_i_13_n_0
                         CARRY8 (Prop_CARRY8_S[4]_CO[7])
                                                      0.163     6.729 r  u_compatibility/u_core/pending_sum_final_reg[7]_i_1/CO[7]
                         net (fo=1, unplaced)         0.005     6.734    u_compatibility/u_core/pending_sum_final_reg[7]_i_1_n_0
                         CARRY8 (Prop_CARRY8_CI_CO[7])
                                                      0.022     6.756 r  u_compatibility/u_core/pending_sum_final_reg[15]_i_1/CO[7]
                         net (fo=1, unplaced)         0.005     6.761    u_compatibility/u_core/pending_sum_final_reg[15]_i_1_n_0
                         CARRY8 (Prop_CARRY8_CI_O[2])
                                                      0.067     6.828 r  u_compatibility/u_core/pending_sum_final_reg[22]_i_1/O[2]
                         net (fo=5, unplaced)         0.250     7.078    u_compatibility/u_core/u_reciprocal/selected_sum_next[18]
                         LUT5 (Prop_LUT5_I4_O)        0.038     7.116 r  u_compatibility/u_core/u_reciprocal/ctx_sum_q15[1][18]_i_1/O
                         net (fo=1, unplaced)         0.048     7.164    u_compatibility/u_core/u_reciprocal_n_194
                         FDCE                                         r  u_compatibility/u_core/ctx_sum_q15_reg[1][18]/D
  -------------------------------------------------------------------    -------------------

                         (clock core_clk rise edge)
                                                      6.666     6.666 r  
                                                      0.000     6.666 r  clk (IN)
                         net (fo=16773, unset)        0.000     6.666    u_compatibility/u_core/clk
                         FDCE                                         r  u_compatibility/u_core/ctx_sum_q15_reg[1][18]/C
                         clock pessimism              0.000     6.666    
                         clock uncertainty           -0.035     6.631    
                         FDCE (Setup_FDCE_C_D)        0.025     6.656    u_compatibility/u_core/ctx_sum_q15_reg[1][18]
  -------------------------------------------------------------------
                         required time                          6.656    
                         arrival time                          -7.164    
  -------------------------------------------------------------------
                         slack                                 -0.508    

Slack (VIOLATED) :        -0.508ns  (required time - arrival time)
  Source:                 score_bf16[10]
                            (input port clocked by core_clk  {rise@0.000ns fall@3.333ns period=6.666ns})
  Destination:            u_compatibility/u_core/ctx_sum_q15_reg[2][18]/D
                            (rising edge-triggered cell FDCE clocked by core_clk  {rise@0.000ns fall@3.333ns period=6.666ns})
  Path Group:             core_clk
  Path Type:              Setup (Max at Slow Process Corner)
  Requirement:            6.666ns  (core_clk rise@6.666ns - core_clk rise@0.000ns)
  Data Path Delay:        6.164ns  (logic 1.901ns (30.840%)  route 4.263ns (69.160%))
  Logic Levels:           26  (CARRY8=8 LUT2=3 LUT3=2 LUT5=1 LUT6=11 MUXF7=1)
  Input Delay:            1.000ns
  Clock Uncertainty:      0.035ns  ((TSJ^2 + TIJ^2)^1/2 + DJ) / 2 + PE
    Total System Jitter     (TSJ):    0.071ns
    Total Input Jitter      (TIJ):    0.000ns
    Discrete Jitter          (DJ):    0.000ns
    Phase Error              (PE):    0.000ns

    Location             Delay type                Incr(ns)  Path(ns)    Netlist Resource(s)
  -------------------------------------------------------------------    -------------------
                         (clock core_clk rise edge)
                                                      0.000     0.000 r  
                         input delay                  1.000     1.000    
                                                      0.000     1.000 f  score_bf16[10] (IN)
                         net (fo=74, unset)           0.000     1.000    u_compatibility/u_core/score_bf16[10]
                         LUT2 (Prop_LUT2_I0_O)        0.053     1.053 f  u_compatibility/u_core/pending_last_i_171/O
                         net (fo=1, unplaced)         0.187     1.240    u_compatibility/u_core/pending_last_i_171_n_0
                         LUT6 (Prop_LUT6_I2_O)        0.100     1.340 f  u_compatibility/u_core/pending_last_i_169/O
                         net (fo=2, unplaced)         0.232     1.572    u_compatibility/u_core/pending_last_i_169_n_0
                         LUT6 (Prop_LUT6_I0_O)        0.038     1.610 f  u_compatibility/u_core/pending_weight_q15[15]_i_241/O
                         net (fo=4, unplaced)         0.245     1.855    u_compatibility/u_core/pending_weight_q15[15]_i_241_n_0
                         LUT6 (Prop_LUT6_I0_O)        0.038     1.893 f  u_compatibility/u_core/pending_weight_q15[15]_i_232/O
                         net (fo=8, unplaced)         0.260     2.153    u_compatibility/u_core/pending_weight_q15[15]_i_232_n_0
                         LUT6 (Prop_LUT6_I0_O)        0.038     2.191 r  u_compatibility/u_core/pending_weight_q15[15]_i_172/O
                         net (fo=17, unplaced)        0.277     2.468    u_compatibility/u_core/pending_weight_q15[15]_i_172_n_0
                         LUT6 (Prop_LUT6_I5_O)        0.038     2.506 f  u_compatibility/u_core/pending_last_i_153/O
                         net (fo=4, unplaced)         0.196     2.702    u_compatibility/u_core/pending_last_i_153_n_0
                         LUT6 (Prop_LUT6_I2_O)        0.053     2.755 r  u_compatibility/u_core/pending_weight_q15[15]_i_160/O
                         net (fo=3, unplaced)         0.117     2.872    u_compatibility/u_core/p_0_in[0]
                         CARRY8 (Prop_CARRY8_CI_O[4])
                                                      0.193     3.065 r  u_compatibility/u_core/pending_weight_q15_reg[15]_i_128/O[4]
                         net (fo=1, unplaced)         0.232     3.297    u_compatibility/u_core/pending_weight_q15_reg[15]_i_128_n_11
                         LUT3 (Prop_LUT3_I1_O)        0.038     3.335 f  u_compatibility/u_core/pending_last_i_141/O
                         net (fo=1, unplaced)         0.232     3.567    u_compatibility/u_core/pending_last_i_141_n_0
                         LUT6 (Prop_LUT6_I4_O)        0.038     3.605 r  u_compatibility/u_core/pending_last_i_119/O
                         net (fo=4, unplaced)         0.245     3.850    u_compatibility/u_core/pending_last_i_119_n_0
                         LUT2 (Prop_LUT2_I1_O)        0.037     3.887 r  u_compatibility/u_core/pending_weight_q15[15]_i_207/O
                         net (fo=1, unplaced)         0.029     3.916    u_compatibility/u_core/pending_weight_q15[15]_i_207_n_0
                         CARRY8 (Prop_CARRY8_S[5]_CO[7])
                                                      0.166     4.082 r  u_compatibility/u_core/pending_weight_q15_reg[15]_i_136/CO[7]
                         net (fo=1, unplaced)         0.005     4.087    u_compatibility/u_core/pending_weight_q15_reg[15]_i_136_n_0
                         CARRY8 (Prop_CARRY8_CI_CO[7])
                                                      0.022     4.109 r  u_compatibility/u_core/pending_weight_q15_reg[15]_i_64/CO[7]
                         net (fo=1, unplaced)         0.005     4.114    u_compatibility/u_core/pending_weight_q15_reg[15]_i_64_n_0
                         CARRY8 (Prop_CARRY8_CI_O[5])
                                                      0.116     4.230 f  u_compatibility/u_core/pending_weight_q15_reg[15]_i_18/O[5]
                         net (fo=3, unplaced)         0.207     4.437    u_compatibility/u_core/lut_forced_zero2[21]
                         LUT2 (Prop_LUT2_I0_O)        0.099     4.536 f  u_compatibility/u_core/pending_weight_q15[15]_i_24/O
                         net (fo=1, unplaced)         0.251     4.787    u_compatibility/u_core/pending_weight_q15[15]_i_24_n_0
                         CARRY8 (Prop_CARRY8_DI[2]_CO[4])
                                                      0.160     4.947 f  u_compatibility/u_core/pending_weight_q15_reg[15]_i_6/CO[4]
                         net (fo=70, unplaced)        0.263     5.210    u_compatibility/u_core/pending_weight_q15_reg[15]_i_6_n_3
                         LUT3 (Prop_LUT3_I2_O)        0.053     5.263 r  u_compatibility/u_core/pending_weight_q15[12]_i_8/O
                         net (fo=119, unplaced)       0.276     5.539    u_compatibility/u_core/u_exp_lut/lut_addr[0]
                         LUT6 (Prop_LUT6_I3_O)        0.090     5.629 r  u_compatibility/u_core/u_exp_lut/pending_weight_q15[4]_i_15/O
                         net (fo=1, unplaced)         0.232     5.861    u_compatibility/u_core/u_exp_lut/pending_weight_q15[4]_i_15_n_0
                         LUT6 (Prop_LUT6_I0_O)        0.037     5.898 r  u_compatibility/u_core/u_exp_lut/pending_weight_q15[4]_i_7/O
                         net (fo=1, unplaced)         0.024     5.922    u_compatibility/u_core/u_exp_lut/pending_weight_q15[4]_i_7_n_0
                         MUXF7 (Prop_MUXF7_I0_O)      0.067     5.989 r  u_compatibility/u_core/u_exp_lut/pending_weight_q15_reg[4]_i_3/O
                         net (fo=1, unplaced)         0.187     6.176    u_compatibility/u_core/u_exp_lut/pending_weight_q15_reg[4]_i_3_n_0
                         LUT6 (Prop_LUT6_I0_O)        0.100     6.276 r  u_compatibility/u_core/u_exp_lut/pending_weight_q15[4]_i_2/O
                         net (fo=2, unplaced)         0.232     6.508    u_compatibility/u_core/u_exp_lut_n_4
                         LUT6 (Prop_LUT6_I5_O)        0.037     6.545 r  u_compatibility/u_core/pending_sum_final[7]_i_13/O
                         net (fo=1, unplaced)         0.021     6.566    u_compatibility/u_core/pending_sum_final[7]_i_13_n_0
                         CARRY8 (Prop_CARRY8_S[4]_CO[7])
                                                      0.163     6.729 r  u_compatibility/u_core/pending_sum_final_reg[7]_i_1/CO[7]
                         net (fo=1, unplaced)         0.005     6.734    u_compatibility/u_core/pending_sum_final_reg[7]_i_1_n_0
                         CARRY8 (Prop_CARRY8_CI_CO[7])
                                                      0.022     6.756 r  u_compatibility/u_core/pending_sum_final_reg[15]_i_1/CO[7]
                         net (fo=1, unplaced)         0.005     6.761    u_compatibility/u_core/pending_sum_final_reg[15]_i_1_n_0
                         CARRY8 (Prop_CARRY8_CI_O[2])
                                                      0.067     6.828 r  u_compatibility/u_core/pending_sum_final_reg[22]_i_1/O[2]
                         net (fo=5, unplaced)         0.250     7.078    u_compatibility/u_core/u_reciprocal/selected_sum_next[18]
                         LUT5 (Prop_LUT5_I4_O)        0.038     7.116 r  u_compatibility/u_core/u_reciprocal/ctx_sum_q15[2][18]_i_1/O
                         net (fo=1, unplaced)         0.048     7.164    u_compatibility/u_core/u_reciprocal_n_264
                         FDCE                                         r  u_compatibility/u_core/ctx_sum_q15_reg[2][18]/D
  -------------------------------------------------------------------    -------------------

                         (clock core_clk rise edge)
                                                      6.666     6.666 r  
                                                      0.000     6.666 r  clk (IN)
                         net (fo=16773, unset)        0.000     6.666    u_compatibility/u_core/clk
                         FDCE                                         r  u_compatibility/u_core/ctx_sum_q15_reg[2][18]/C
                         clock pessimism              0.000     6.666    
                         clock uncertainty           -0.035     6.631    
                         FDCE (Setup_FDCE_C_D)        0.025     6.656    u_compatibility/u_core/ctx_sum_q15_reg[2][18]
  -------------------------------------------------------------------
                         required time                          6.656    
                         arrival time                          -7.164    
  -------------------------------------------------------------------
                         slack                                 -0.508    

Slack (VIOLATED) :        -0.508ns  (required time - arrival time)
  Source:                 score_bf16[10]
                            (input port clocked by core_clk  {rise@0.000ns fall@3.333ns period=6.666ns})
  Destination:            u_compatibility/u_core/ctx_sum_q15_reg[3][18]/D
                            (rising edge-triggered cell FDCE clocked by core_clk  {rise@0.000ns fall@3.333ns period=6.666ns})
  Path Group:             core_clk
  Path Type:              Setup (Max at Slow Process Corner)
  Requirement:            6.666ns  (core_clk rise@6.666ns - core_clk rise@0.000ns)
  Data Path Delay:        6.164ns  (logic 1.901ns (30.840%)  route 4.263ns (69.160%))
  Logic Levels:           26  (CARRY8=8 LUT2=3 LUT3=2 LUT5=1 LUT6=11 MUXF7=1)
  Input Delay:            1.000ns
  Clock Uncertainty:      0.035ns  ((TSJ^2 + TIJ^2)^1/2 + DJ) / 2 + PE
    Total System Jitter     (TSJ):    0.071ns
    Total Input Jitter      (TIJ):    0.000ns
    Discrete Jitter          (DJ):    0.000ns
    Phase Error              (PE):    0.000ns

    Location             Delay type                Incr(ns)  Path(ns)    Netlist Resource(s)
  -------------------------------------------------------------------    -------------------
                         (clock core_clk rise edge)
                                                      0.000     0.000 r  
                         input delay                  1.000     1.000    
                                                      0.000     1.000 f  score_bf16[10] (IN)
                         net (fo=74, unset)           0.000     1.000    u_compatibility/u_core/score_bf16[10]
                         LUT2 (Prop_LUT2_I0_O)        0.053     1.053 f  u_compatibility/u_core/pending_last_i_171/O
                         net (fo=1, unplaced)         0.187     1.240    u_compatibility/u_core/pending_last_i_171_n_0
                         LUT6 (Prop_LUT6_I2_O)        0.100     1.340 f  u_compatibility/u_core/pending_last_i_169/O
                         net (fo=2, unplaced)         0.232     1.572    u_compatibility/u_core/pending_last_i_169_n_0
                         LUT6 (Prop_LUT6_I0_O)        0.038     1.610 f  u_compatibility/u_core/pending_weight_q15[15]_i_241/O
                         net (fo=4, unplaced)         0.245     1.855    u_compatibility/u_core/pending_weight_q15[15]_i_241_n_0
                         LUT6 (Prop_LUT6_I0_O)        0.038     1.893 f  u_compatibility/u_core/pending_weight_q15[15]_i_232/O
                         net (fo=8, unplaced)         0.260     2.153    u_compatibility/u_core/pending_weight_q15[15]_i_232_n_0
                         LUT6 (Prop_LUT6_I0_O)        0.038     2.191 r  u_compatibility/u_core/pending_weight_q15[15]_i_172/O
                         net (fo=17, unplaced)        0.277     2.468    u_compatibility/u_core/pending_weight_q15[15]_i_172_n_0
                         LUT6 (Prop_LUT6_I5_O)        0.038     2.506 f  u_compatibility/u_core/pending_last_i_153/O
                         net (fo=4, unplaced)         0.196     2.702    u_compatibility/u_core/pending_last_i_153_n_0
                         LUT6 (Prop_LUT6_I2_O)        0.053     2.755 r  u_compatibility/u_core/pending_weight_q15[15]_i_160/O
                         net (fo=3, unplaced)         0.117     2.872    u_compatibility/u_core/p_0_in[0]
                         CARRY8 (Prop_CARRY8_CI_O[4])
                                                      0.193     3.065 r  u_compatibility/u_core/pending_weight_q15_reg[15]_i_128/O[4]
                         net (fo=1, unplaced)         0.232     3.297    u_compatibility/u_core/pending_weight_q15_reg[15]_i_128_n_11
                         LUT3 (Prop_LUT3_I1_O)        0.038     3.335 f  u_compatibility/u_core/pending_last_i_141/O
                         net (fo=1, unplaced)         0.232     3.567    u_compatibility/u_core/pending_last_i_141_n_0
                         LUT6 (Prop_LUT6_I4_O)        0.038     3.605 r  u_compatibility/u_core/pending_last_i_119/O
                         net (fo=4, unplaced)         0.245     3.850    u_compatibility/u_core/pending_last_i_119_n_0
                         LUT2 (Prop_LUT2_I1_O)        0.037     3.887 r  u_compatibility/u_core/pending_weight_q15[15]_i_207/O
                         net (fo=1, unplaced)         0.029     3.916    u_compatibility/u_core/pending_weight_q15[15]_i_207_n_0
                         CARRY8 (Prop_CARRY8_S[5]_CO[7])
                                                      0.166     4.082 r  u_compatibility/u_core/pending_weight_q15_reg[15]_i_136/CO[7]
                         net (fo=1, unplaced)         0.005     4.087    u_compatibility/u_core/pending_weight_q15_reg[15]_i_136_n_0
                         CARRY8 (Prop_CARRY8_CI_CO[7])
                                                      0.022     4.109 r  u_compatibility/u_core/pending_weight_q15_reg[15]_i_64/CO[7]
                         net (fo=1, unplaced)         0.005     4.114    u_compatibility/u_core/pending_weight_q15_reg[15]_i_64_n_0
                         CARRY8 (Prop_CARRY8_CI_O[5])
                                                      0.116     4.230 f  u_compatibility/u_core/pending_weight_q15_reg[15]_i_18/O[5]
                         net (fo=3, unplaced)         0.207     4.437    u_compatibility/u_core/lut_forced_zero2[21]
                         LUT2 (Prop_LUT2_I0_O)        0.099     4.536 f  u_compatibility/u_core/pending_weight_q15[15]_i_24/O
                         net (fo=1, unplaced)         0.251     4.787    u_compatibility/u_core/pending_weight_q15[15]_i_24_n_0
                         CARRY8 (Prop_CARRY8_DI[2]_CO[4])
                                                      0.160     4.947 f  u_compatibility/u_core/pending_weight_q15_reg[15]_i_6/CO[4]
                         net (fo=70, unplaced)        0.263     5.210    u_compatibility/u_core/pending_weight_q15_reg[15]_i_6_n_3
                         LUT3 (Prop_LUT3_I2_O)        0.053     5.263 r  u_compatibility/u_core/pending_weight_q15[12]_i_8/O
                         net (fo=119, unplaced)       0.276     5.539    u_compatibility/u_core/u_exp_lut/lut_addr[0]
                         LUT6 (Prop_LUT6_I3_O)        0.090     5.629 r  u_compatibility/u_core/u_exp_lut/pending_weight_q15[4]_i_15/O
                         net (fo=1, unplaced)         0.232     5.861    u_compatibility/u_core/u_exp_lut/pending_weight_q15[4]_i_15_n_0
                         LUT6 (Prop_LUT6_I0_O)        0.037     5.898 r  u_compatibility/u_core/u_exp_lut/pending_weight_q15[4]_i_7/O
                         net (fo=1, unplaced)         0.024     5.922    u_compatibility/u_core/u_exp_lut/pending_weight_q15[4]_i_7_n_0
                         MUXF7 (Prop_MUXF7_I0_O)      0.067     5.989 r  u_compatibility/u_core/u_exp_lut/pending_weight_q15_reg[4]_i_3/O
                         net (fo=1, unplaced)         0.187     6.176    u_compatibility/u_core/u_exp_lut/pending_weight_q15_reg[4]_i_3_n_0
                         LUT6 (Prop_LUT6_I0_O)        0.100     6.276 r  u_compatibility/u_core/u_exp_lut/pending_weight_q15[4]_i_2/O
                         net (fo=2, unplaced)         0.232     6.508    u_compatibility/u_core/u_exp_lut_n_4
                         LUT6 (Prop_LUT6_I5_O)        0.037     6.545 r  u_compatibility/u_core/pending_sum_final[7]_i_13/O
                         net (fo=1, unplaced)         0.021     6.566    u_compatibility/u_core/pending_sum_final[7]_i_13_n_0
                         CARRY8 (Prop_CARRY8_S[4]_CO[7])
                                                      0.163     6.729 r  u_compatibility/u_core/pending_sum_final_reg[7]_i_1/CO[7]
                         net (fo=1, unplaced)         0.005     6.734    u_compatibility/u_core/pending_sum_final_reg[7]_i_1_n_0
                         CARRY8 (Prop_CARRY8_CI_CO[7])
                                                      0.022     6.756 r  u_compatibility/u_core/pending_sum_final_reg[15]_i_1/CO[7]
                         net (fo=1, unplaced)         0.005     6.761    u_compatibility/u_core/pending_sum_final_reg[15]_i_1_n_0
                         CARRY8 (Prop_CARRY8_CI_O[2])
                                                      0.067     6.828 r  u_compatibility/u_core/pending_sum_final_reg[22]_i_1/O[2]
                         net (fo=5, unplaced)         0.250     7.078    u_compatibility/u_core/u_reciprocal/selected_sum_next[18]
                         LUT5 (Prop_LUT5_I4_O)        0.038     7.116 r  u_compatibility/u_core/u_reciprocal/ctx_sum_q15[3][18]_i_1/O
                         net (fo=1, unplaced)         0.048     7.164    u_compatibility/u_core/u_reciprocal_n_241
                         FDCE                                         r  u_compatibility/u_core/ctx_sum_q15_reg[3][18]/D
  -------------------------------------------------------------------    -------------------

                         (clock core_clk rise edge)
                                                      6.666     6.666 r  
                                                      0.000     6.666 r  clk (IN)
                         net (fo=16773, unset)        0.000     6.666    u_compatibility/u_core/clk
                         FDCE                                         r  u_compatibility/u_core/ctx_sum_q15_reg[3][18]/C
                         clock pessimism              0.000     6.666    
                         clock uncertainty           -0.035     6.631    
                         FDCE (Setup_FDCE_C_D)        0.025     6.656    u_compatibility/u_core/ctx_sum_q15_reg[3][18]
  -------------------------------------------------------------------
                         required time                          6.656    
                         arrival time                          -7.164    
  -------------------------------------------------------------------
                         slack                                 -0.508    

Slack (VIOLATED) :        -0.500ns  (required time - arrival time)
  Source:                 score_bf16[10]
                            (input port clocked by core_clk  {rise@0.000ns fall@3.333ns period=6.666ns})
  Destination:            u_compatibility/u_core/ctx_sum_q15_reg[0][12]/D
                            (rising edge-triggered cell FDCE clocked by core_clk  {rise@0.000ns fall@3.333ns period=6.666ns})
  Path Group:             core_clk
  Path Type:              Setup (Max at Slow Process Corner)
  Requirement:            6.666ns  (core_clk rise@6.666ns - core_clk rise@0.000ns)
  Data Path Delay:        6.156ns  (logic 1.898ns (30.832%)  route 4.258ns (69.168%))
  Logic Levels:           25  (CARRY8=7 LUT2=3 LUT3=2 LUT5=1 LUT6=11 MUXF7=1)
  Input Delay:            1.000ns
  Clock Uncertainty:      0.035ns  ((TSJ^2 + TIJ^2)^1/2 + DJ) / 2 + PE
    Total System Jitter     (TSJ):    0.071ns
    Total Input Jitter      (TIJ):    0.000ns
    Discrete Jitter          (DJ):    0.000ns
    Phase Error              (PE):    0.000ns

    Location             Delay type                Incr(ns)  Path(ns)    Netlist Resource(s)
  -------------------------------------------------------------------    -------------------
                         (clock core_clk rise edge)
                                                      0.000     0.000 r  
                         input delay                  1.000     1.000    
                                                      0.000     1.000 f  score_bf16[10] (IN)
                         net (fo=74, unset)           0.000     1.000    u_compatibility/u_core/score_bf16[10]
                         LUT2 (Prop_LUT2_I0_O)        0.053     1.053 f  u_compatibility/u_core/pending_last_i_171/O
                         net (fo=1, unplaced)         0.187     1.240    u_compatibility/u_core/pending_last_i_171_n_0
                         LUT6 (Prop_LUT6_I2_O)        0.100     1.340 f  u_compatibility/u_core/pending_last_i_169/O
                         net (fo=2, unplaced)         0.232     1.572    u_compatibility/u_core/pending_last_i_169_n_0
                         LUT6 (Prop_LUT6_I0_O)        0.038     1.610 f  u_compatibility/u_core/pending_weight_q15[15]_i_241/O
                         net (fo=4, unplaced)         0.245     1.855    u_compatibility/u_core/pending_weight_q15[15]_i_241_n_0
                         LUT6 (Prop_LUT6_I0_O)        0.038     1.893 f  u_compatibility/u_core/pending_weight_q15[15]_i_232/O
                         net (fo=8, unplaced)         0.260     2.153    u_compatibility/u_core/pending_weight_q15[15]_i_232_n_0
                         LUT6 (Prop_LUT6_I0_O)        0.038     2.191 r  u_compatibility/u_core/pending_weight_q15[15]_i_172/O
                         net (fo=17, unplaced)        0.277     2.468    u_compatibility/u_core/pending_weight_q15[15]_i_172_n_0
                         LUT6 (Prop_LUT6_I5_O)        0.038     2.506 f  u_compatibility/u_core/pending_last_i_153/O
                         net (fo=4, unplaced)         0.196     2.702    u_compatibility/u_core/pending_last_i_153_n_0
                         LUT6 (Prop_LUT6_I2_O)        0.053     2.755 r  u_compatibility/u_core/pending_weight_q15[15]_i_160/O
                         net (fo=3, unplaced)         0.117     2.872    u_compatibility/u_core/p_0_in[0]
                         CARRY8 (Prop_CARRY8_CI_O[4])
                                                      0.193     3.065 r  u_compatibility/u_core/pending_weight_q15_reg[15]_i_128/O[4]
                         net (fo=1, unplaced)         0.232     3.297    u_compatibility/u_core/pending_weight_q15_reg[15]_i_128_n_11
                         LUT3 (Prop_LUT3_I1_O)        0.038     3.335 f  u_compatibility/u_core/pending_last_i_141/O
                         net (fo=1, unplaced)         0.232     3.567    u_compatibility/u_core/pending_last_i_141_n_0
                         LUT6 (Prop_LUT6_I4_O)        0.038     3.605 r  u_compatibility/u_core/pending_last_i_119/O
                         net (fo=4, unplaced)         0.245     3.850    u_compatibility/u_core/pending_last_i_119_n_0
                         LUT2 (Prop_LUT2_I1_O)        0.037     3.887 r  u_compatibility/u_core/pending_weight_q15[15]_i_207/O
                         net (fo=1, unplaced)         0.029     3.916    u_compatibility/u_core/pending_weight_q15[15]_i_207_n_0
                         CARRY8 (Prop_CARRY8_S[5]_CO[7])
                                                      0.166     4.082 r  u_compatibility/u_core/pending_weight_q15_reg[15]_i_136/CO[7]
                         net (fo=1, unplaced)         0.005     4.087    u_compatibility/u_core/pending_weight_q15_reg[15]_i_136_n_0
                         CARRY8 (Prop_CARRY8_CI_CO[7])
                                                      0.022     4.109 r  u_compatibility/u_core/pending_weight_q15_reg[15]_i_64/CO[7]
                         net (fo=1, unplaced)         0.005     4.114    u_compatibility/u_core/pending_weight_q15_reg[15]_i_64_n_0
                         CARRY8 (Prop_CARRY8_CI_O[5])
                                                      0.116     4.230 f  u_compatibility/u_core/pending_weight_q15_reg[15]_i_18/O[5]
                         net (fo=3, unplaced)         0.207     4.437    u_compatibility/u_core/lut_forced_zero2[21]
                         LUT2 (Prop_LUT2_I0_O)        0.099     4.536 f  u_compatibility/u_core/pending_weight_q15[15]_i_24/O
                         net (fo=1, unplaced)         0.251     4.787    u_compatibility/u_core/pending_weight_q15[15]_i_24_n_0
                         CARRY8 (Prop_CARRY8_DI[2]_CO[4])
                                                      0.160     4.947 f  u_compatibility/u_core/pending_weight_q15_reg[15]_i_6/CO[4]
                         net (fo=70, unplaced)        0.263     5.210    u_compatibility/u_core/pending_weight_q15_reg[15]_i_6_n_3
                         LUT3 (Prop_LUT3_I2_O)        0.053     5.263 r  u_compatibility/u_core/pending_weight_q15[12]_i_8/O
                         net (fo=119, unplaced)       0.276     5.539    u_compatibility/u_core/u_exp_lut/lut_addr[0]
                         LUT6 (Prop_LUT6_I3_O)        0.090     5.629 r  u_compatibility/u_core/u_exp_lut/pending_weight_q15[4]_i_15/O
                         net (fo=1, unplaced)         0.232     5.861    u_compatibility/u_core/u_exp_lut/pending_weight_q15[4]_i_15_n_0
                         LUT6 (Prop_LUT6_I0_O)        0.037     5.898 r  u_compatibility/u_core/u_exp_lut/pending_weight_q15[4]_i_7/O
                         net (fo=1, unplaced)         0.024     5.922    u_compatibility/u_core/u_exp_lut/pending_weight_q15[4]_i_7_n_0
                         MUXF7 (Prop_MUXF7_I0_O)      0.067     5.989 r  u_compatibility/u_core/u_exp_lut/pending_weight_q15_reg[4]_i_3/O
                         net (fo=1, unplaced)         0.187     6.176    u_compatibility/u_core/u_exp_lut/pending_weight_q15_reg[4]_i_3_n_0
                         LUT6 (Prop_LUT6_I0_O)        0.100     6.276 r  u_compatibility/u_core/u_exp_lut/pending_weight_q15[4]_i_2/O
                         net (fo=2, unplaced)         0.232     6.508    u_compatibility/u_core/u_exp_lut_n_4
                         LUT6 (Prop_LUT6_I5_O)        0.037     6.545 r  u_compatibility/u_core/pending_sum_final[7]_i_13/O
                         net (fo=1, unplaced)         0.021     6.566    u_compatibility/u_core/pending_sum_final[7]_i_13_n_0
                         CARRY8 (Prop_CARRY8_S[4]_CO[7])
                                                      0.163     6.729 r  u_compatibility/u_core/pending_sum_final_reg[7]_i_1/CO[7]
                         net (fo=1, unplaced)         0.005     6.734    u_compatibility/u_core/pending_sum_final_reg[7]_i_1_n_0
                         CARRY8 (Prop_CARRY8_CI_O[4])
                                                      0.086     6.820 r  u_compatibility/u_core/pending_sum_final_reg[15]_i_1/O[4]
                         net (fo=5, unplaced)         0.250     7.070    u_compatibility/u_core/u_reciprocal/selected_sum_next[12]
                         LUT5 (Prop_LUT5_I4_O)        0.038     7.108 r  u_compatibility/u_core/u_reciprocal/ctx_sum_q15[0][12]_i_1/O
                         net (fo=1, unplaced)         0.048     7.156    u_compatibility/u_core/u_reciprocal_n_224
                         FDCE                                         r  u_compatibility/u_core/ctx_sum_q15_reg[0][12]/D
  -------------------------------------------------------------------    -------------------

                         (clock core_clk rise edge)
                                                      6.666     6.666 r  
                                                      0.000     6.666 r  clk (IN)
                         net (fo=16773, unset)        0.000     6.666    u_compatibility/u_core/clk
                         FDCE                                         r  u_compatibility/u_core/ctx_sum_q15_reg[0][12]/C
                         clock pessimism              0.000     6.666    
                         clock uncertainty           -0.035     6.631    
                         FDCE (Setup_FDCE_C_D)        0.025     6.656    u_compatibility/u_core/ctx_sum_q15_reg[0][12]
  -------------------------------------------------------------------
                         required time                          6.656    
                         arrival time                          -7.156    
  -------------------------------------------------------------------
                         slack                                 -0.500    

Slack (VIOLATED) :        -0.500ns  (required time - arrival time)
  Source:                 score_bf16[10]
                            (input port clocked by core_clk  {rise@0.000ns fall@3.333ns period=6.666ns})
  Destination:            u_compatibility/u_core/ctx_sum_q15_reg[1][12]/D
                            (rising edge-triggered cell FDCE clocked by core_clk  {rise@0.000ns fall@3.333ns period=6.666ns})
  Path Group:             core_clk
  Path Type:              Setup (Max at Slow Process Corner)
  Requirement:            6.666ns  (core_clk rise@6.666ns - core_clk rise@0.000ns)
  Data Path Delay:        6.156ns  (logic 1.898ns (30.832%)  route 4.258ns (69.168%))
  Logic Levels:           25  (CARRY8=7 LUT2=3 LUT3=2 LUT5=1 LUT6=11 MUXF7=1)
  Input Delay:            1.000ns
  Clock Uncertainty:      0.035ns  ((TSJ^2 + TIJ^2)^1/2 + DJ) / 2 + PE
    Total System Jitter     (TSJ):    0.071ns
    Total Input Jitter      (TIJ):    0.000ns
    Discrete Jitter          (DJ):    0.000ns
    Phase Error              (PE):    0.000ns

    Location             Delay type                Incr(ns)  Path(ns)    Netlist Resource(s)
  -------------------------------------------------------------------    -------------------
                         (clock core_clk rise edge)
                                                      0.000     0.000 r  
                         input delay                  1.000     1.000    
                                                      0.000     1.000 f  score_bf16[10] (IN)
                         net (fo=74, unset)           0.000     1.000    u_compatibility/u_core/score_bf16[10]
                         LUT2 (Prop_LUT2_I0_O)        0.053     1.053 f  u_compatibility/u_core/pending_last_i_171/O
                         net (fo=1, unplaced)         0.187     1.240    u_compatibility/u_core/pending_last_i_171_n_0
                         LUT6 (Prop_LUT6_I2_O)        0.100     1.340 f  u_compatibility/u_core/pending_last_i_169/O
                         net (fo=2, unplaced)         0.232     1.572    u_compatibility/u_core/pending_last_i_169_n_0
                         LUT6 (Prop_LUT6_I0_O)        0.038     1.610 f  u_compatibility/u_core/pending_weight_q15[15]_i_241/O
                         net (fo=4, unplaced)         0.245     1.855    u_compatibility/u_core/pending_weight_q15[15]_i_241_n_0
                         LUT6 (Prop_LUT6_I0_O)        0.038     1.893 f  u_compatibility/u_core/pending_weight_q15[15]_i_232/O
                         net (fo=8, unplaced)         0.260     2.153    u_compatibility/u_core/pending_weight_q15[15]_i_232_n_0
                         LUT6 (Prop_LUT6_I0_O)        0.038     2.191 r  u_compatibility/u_core/pending_weight_q15[15]_i_172/O
                         net (fo=17, unplaced)        0.277     2.468    u_compatibility/u_core/pending_weight_q15[15]_i_172_n_0
                         LUT6 (Prop_LUT6_I5_O)        0.038     2.506 f  u_compatibility/u_core/pending_last_i_153/O
                         net (fo=4, unplaced)         0.196     2.702    u_compatibility/u_core/pending_last_i_153_n_0
                         LUT6 (Prop_LUT6_I2_O)        0.053     2.755 r  u_compatibility/u_core/pending_weight_q15[15]_i_160/O
                         net (fo=3, unplaced)         0.117     2.872    u_compatibility/u_core/p_0_in[0]
                         CARRY8 (Prop_CARRY8_CI_O[4])
                                                      0.193     3.065 r  u_compatibility/u_core/pending_weight_q15_reg[15]_i_128/O[4]
                         net (fo=1, unplaced)         0.232     3.297    u_compatibility/u_core/pending_weight_q15_reg[15]_i_128_n_11
                         LUT3 (Prop_LUT3_I1_O)        0.038     3.335 f  u_compatibility/u_core/pending_last_i_141/O
                         net (fo=1, unplaced)         0.232     3.567    u_compatibility/u_core/pending_last_i_141_n_0
                         LUT6 (Prop_LUT6_I4_O)        0.038     3.605 r  u_compatibility/u_core/pending_last_i_119/O
                         net (fo=4, unplaced)         0.245     3.850    u_compatibility/u_core/pending_last_i_119_n_0
                         LUT2 (Prop_LUT2_I1_O)        0.037     3.887 r  u_compatibility/u_core/pending_weight_q15[15]_i_207/O
                         net (fo=1, unplaced)         0.029     3.916    u_compatibility/u_core/pending_weight_q15[15]_i_207_n_0
                         CARRY8 (Prop_CARRY8_S[5]_CO[7])
                                                      0.166     4.082 r  u_compatibility/u_core/pending_weight_q15_reg[15]_i_136/CO[7]
                         net (fo=1, unplaced)         0.005     4.087    u_compatibility/u_core/pending_weight_q15_reg[15]_i_136_n_0
                         CARRY8 (Prop_CARRY8_CI_CO[7])
                                                      0.022     4.109 r  u_compatibility/u_core/pending_weight_q15_reg[15]_i_64/CO[7]
                         net (fo=1, unplaced)         0.005     4.114    u_compatibility/u_core/pending_weight_q15_reg[15]_i_64_n_0
                         CARRY8 (Prop_CARRY8_CI_O[5])
                                                      0.116     4.230 f  u_compatibility/u_core/pending_weight_q15_reg[15]_i_18/O[5]
                         net (fo=3, unplaced)         0.207     4.437    u_compatibility/u_core/lut_forced_zero2[21]
                         LUT2 (Prop_LUT2_I0_O)        0.099     4.536 f  u_compatibility/u_core/pending_weight_q15[15]_i_24/O
                         net (fo=1, unplaced)         0.251     4.787    u_compatibility/u_core/pending_weight_q15[15]_i_24_n_0
                         CARRY8 (Prop_CARRY8_DI[2]_CO[4])
                                                      0.160     4.947 f  u_compatibility/u_core/pending_weight_q15_reg[15]_i_6/CO[4]
                         net (fo=70, unplaced)        0.263     5.210    u_compatibility/u_core/pending_weight_q15_reg[15]_i_6_n_3
                         LUT3 (Prop_LUT3_I2_O)        0.053     5.263 r  u_compatibility/u_core/pending_weight_q15[12]_i_8/O
                         net (fo=119, unplaced)       0.276     5.539    u_compatibility/u_core/u_exp_lut/lut_addr[0]
                         LUT6 (Prop_LUT6_I3_O)        0.090     5.629 r  u_compatibility/u_core/u_exp_lut/pending_weight_q15[4]_i_15/O
                         net (fo=1, unplaced)         0.232     5.861    u_compatibility/u_core/u_exp_lut/pending_weight_q15[4]_i_15_n_0
                         LUT6 (Prop_LUT6_I0_O)        0.037     5.898 r  u_compatibility/u_core/u_exp_lut/pending_weight_q15[4]_i_7/O
                         net (fo=1, unplaced)         0.024     5.922    u_compatibility/u_core/u_exp_lut/pending_weight_q15[4]_i_7_n_0
                         MUXF7 (Prop_MUXF7_I0_O)      0.067     5.989 r  u_compatibility/u_core/u_exp_lut/pending_weight_q15_reg[4]_i_3/O
                         net (fo=1, unplaced)         0.187     6.176    u_compatibility/u_core/u_exp_lut/pending_weight_q15_reg[4]_i_3_n_0
                         LUT6 (Prop_LUT6_I0_O)        0.100     6.276 r  u_compatibility/u_core/u_exp_lut/pending_weight_q15[4]_i_2/O
                         net (fo=2, unplaced)         0.232     6.508    u_compatibility/u_core/u_exp_lut_n_4
                         LUT6 (Prop_LUT6_I5_O)        0.037     6.545 r  u_compatibility/u_core/pending_sum_final[7]_i_13/O
                         net (fo=1, unplaced)         0.021     6.566    u_compatibility/u_core/pending_sum_final[7]_i_13_n_0
                         CARRY8 (Prop_CARRY8_S[4]_CO[7])
                                                      0.163     6.729 r  u_compatibility/u_core/pending_sum_final_reg[7]_i_1/CO[7]
                         net (fo=1, unplaced)         0.005     6.734    u_compatibility/u_core/pending_sum_final_reg[7]_i_1_n_0
                         CARRY8 (Prop_CARRY8_CI_O[4])
                                                      0.086     6.820 r  u_compatibility/u_core/pending_sum_final_reg[15]_i_1/O[4]
                         net (fo=5, unplaced)         0.250     7.070    u_compatibility/u_core/u_reciprocal/selected_sum_next[12]
                         LUT5 (Prop_LUT5_I4_O)        0.038     7.108 r  u_compatibility/u_core/u_reciprocal/ctx_sum_q15[1][12]_i_1/O
                         net (fo=1, unplaced)         0.048     7.156    u_compatibility/u_core/u_reciprocal_n_200
                         FDCE                                         r  u_compatibility/u_core/ctx_sum_q15_reg[1][12]/D
  -------------------------------------------------------------------    -------------------

                         (clock core_clk rise edge)
                                                      6.666     6.666 r  
                                                      0.000     6.666 r  clk (IN)
                         net (fo=16773, unset)        0.000     6.666    u_compatibility/u_core/clk
                         FDCE                                         r  u_compatibility/u_core/ctx_sum_q15_reg[1][12]/C
                         clock pessimism              0.000     6.666    
                         clock uncertainty           -0.035     6.631    
                         FDCE (Setup_FDCE_C_D)        0.025     6.656    u_compatibility/u_core/ctx_sum_q15_reg[1][12]
  -------------------------------------------------------------------
                         required time                          6.656    
                         arrival time                          -7.156    
  -------------------------------------------------------------------
                         slack                                 -0.500    

Slack (VIOLATED) :        -0.500ns  (required time - arrival time)
  Source:                 score_bf16[10]
                            (input port clocked by core_clk  {rise@0.000ns fall@3.333ns period=6.666ns})
  Destination:            u_compatibility/u_core/ctx_sum_q15_reg[2][12]/D
                            (rising edge-triggered cell FDCE clocked by core_clk  {rise@0.000ns fall@3.333ns period=6.666ns})
  Path Group:             core_clk
  Path Type:              Setup (Max at Slow Process Corner)
  Requirement:            6.666ns  (core_clk rise@6.666ns - core_clk rise@0.000ns)
  Data Path Delay:        6.156ns  (logic 1.898ns (30.832%)  route 4.258ns (69.168%))
  Logic Levels:           25  (CARRY8=7 LUT2=3 LUT3=2 LUT5=1 LUT6=11 MUXF7=1)
  Input Delay:            1.000ns
  Clock Uncertainty:      0.035ns  ((TSJ^2 + TIJ^2)^1/2 + DJ) / 2 + PE
    Total System Jitter     (TSJ):    0.071ns
    Total Input Jitter      (TIJ):    0.000ns
    Discrete Jitter          (DJ):    0.000ns
    Phase Error              (PE):    0.000ns

    Location             Delay type                Incr(ns)  Path(ns)    Netlist Resource(s)
  -------------------------------------------------------------------    -------------------
                         (clock core_clk rise edge)
                                                      0.000     0.000 r  
                         input delay                  1.000     1.000    
                                                      0.000     1.000 f  score_bf16[10] (IN)
                         net (fo=74, unset)           0.000     1.000    u_compatibility/u_core/score_bf16[10]
                         LUT2 (Prop_LUT2_I0_O)        0.053     1.053 f  u_compatibility/u_core/pending_last_i_171/O
                         net (fo=1, unplaced)         0.187     1.240    u_compatibility/u_core/pending_last_i_171_n_0
                         LUT6 (Prop_LUT6_I2_O)        0.100     1.340 f  u_compatibility/u_core/pending_last_i_169/O
                         net (fo=2, unplaced)         0.232     1.572    u_compatibility/u_core/pending_last_i_169_n_0
                         LUT6 (Prop_LUT6_I0_O)        0.038     1.610 f  u_compatibility/u_core/pending_weight_q15[15]_i_241/O
                         net (fo=4, unplaced)         0.245     1.855    u_compatibility/u_core/pending_weight_q15[15]_i_241_n_0
                         LUT6 (Prop_LUT6_I0_O)        0.038     1.893 f  u_compatibility/u_core/pending_weight_q15[15]_i_232/O
                         net (fo=8, unplaced)         0.260     2.153    u_compatibility/u_core/pending_weight_q15[15]_i_232_n_0
                         LUT6 (Prop_LUT6_I0_O)        0.038     2.191 r  u_compatibility/u_core/pending_weight_q15[15]_i_172/O
                         net (fo=17, unplaced)        0.277     2.468    u_compatibility/u_core/pending_weight_q15[15]_i_172_n_0
                         LUT6 (Prop_LUT6_I5_O)        0.038     2.506 f  u_compatibility/u_core/pending_last_i_153/O
                         net (fo=4, unplaced)         0.196     2.702    u_compatibility/u_core/pending_last_i_153_n_0
                         LUT6 (Prop_LUT6_I2_O)        0.053     2.755 r  u_compatibility/u_core/pending_weight_q15[15]_i_160/O
                         net (fo=3, unplaced)         0.117     2.872    u_compatibility/u_core/p_0_in[0]
                         CARRY8 (Prop_CARRY8_CI_O[4])
                                                      0.193     3.065 r  u_compatibility/u_core/pending_weight_q15_reg[15]_i_128/O[4]
                         net (fo=1, unplaced)         0.232     3.297    u_compatibility/u_core/pending_weight_q15_reg[15]_i_128_n_11
                         LUT3 (Prop_LUT3_I1_O)        0.038     3.335 f  u_compatibility/u_core/pending_last_i_141/O
                         net (fo=1, unplaced)         0.232     3.567    u_compatibility/u_core/pending_last_i_141_n_0
                         LUT6 (Prop_LUT6_I4_O)        0.038     3.605 r  u_compatibility/u_core/pending_last_i_119/O
                         net (fo=4, unplaced)         0.245     3.850    u_compatibility/u_core/pending_last_i_119_n_0
                         LUT2 (Prop_LUT2_I1_O)        0.037     3.887 r  u_compatibility/u_core/pending_weight_q15[15]_i_207/O
                         net (fo=1, unplaced)         0.029     3.916    u_compatibility/u_core/pending_weight_q15[15]_i_207_n_0
                         CARRY8 (Prop_CARRY8_S[5]_CO[7])
                                                      0.166     4.082 r  u_compatibility/u_core/pending_weight_q15_reg[15]_i_136/CO[7]
                         net (fo=1, unplaced)         0.005     4.087    u_compatibility/u_core/pending_weight_q15_reg[15]_i_136_n_0
                         CARRY8 (Prop_CARRY8_CI_CO[7])
                                                      0.022     4.109 r  u_compatibility/u_core/pending_weight_q15_reg[15]_i_64/CO[7]
                         net (fo=1, unplaced)         0.005     4.114    u_compatibility/u_core/pending_weight_q15_reg[15]_i_64_n_0
                         CARRY8 (Prop_CARRY8_CI_O[5])
                                                      0.116     4.230 f  u_compatibility/u_core/pending_weight_q15_reg[15]_i_18/O[5]
                         net (fo=3, unplaced)         0.207     4.437    u_compatibility/u_core/lut_forced_zero2[21]
                         LUT2 (Prop_LUT2_I0_O)        0.099     4.536 f  u_compatibility/u_core/pending_weight_q15[15]_i_24/O
                         net (fo=1, unplaced)         0.251     4.787    u_compatibility/u_core/pending_weight_q15[15]_i_24_n_0
                         CARRY8 (Prop_CARRY8_DI[2]_CO[4])
                                                      0.160     4.947 f  u_compatibility/u_core/pending_weight_q15_reg[15]_i_6/CO[4]
                         net (fo=70, unplaced)        0.263     5.210    u_compatibility/u_core/pending_weight_q15_reg[15]_i_6_n_3
                         LUT3 (Prop_LUT3_I2_O)        0.053     5.263 r  u_compatibility/u_core/pending_weight_q15[12]_i_8/O
                         net (fo=119, unplaced)       0.276     5.539    u_compatibility/u_core/u_exp_lut/lut_addr[0]
                         LUT6 (Prop_LUT6_I3_O)        0.090     5.629 r  u_compatibility/u_core/u_exp_lut/pending_weight_q15[4]_i_15/O
                         net (fo=1, unplaced)         0.232     5.861    u_compatibility/u_core/u_exp_lut/pending_weight_q15[4]_i_15_n_0
                         LUT6 (Prop_LUT6_I0_O)        0.037     5.898 r  u_compatibility/u_core/u_exp_lut/pending_weight_q15[4]_i_7/O
                         net (fo=1, unplaced)         0.024     5.922    u_compatibility/u_core/u_exp_lut/pending_weight_q15[4]_i_7_n_0
                         MUXF7 (Prop_MUXF7_I0_O)      0.067     5.989 r  u_compatibility/u_core/u_exp_lut/pending_weight_q15_reg[4]_i_3/O
                         net (fo=1, unplaced)         0.187     6.176    u_compatibility/u_core/u_exp_lut/pending_weight_q15_reg[4]_i_3_n_0
                         LUT6 (Prop_LUT6_I0_O)        0.100     6.276 r  u_compatibility/u_core/u_exp_lut/pending_weight_q15[4]_i_2/O
                         net (fo=2, unplaced)         0.232     6.508    u_compatibility/u_core/u_exp_lut_n_4
                         LUT6 (Prop_LUT6_I5_O)        0.037     6.545 r  u_compatibility/u_core/pending_sum_final[7]_i_13/O
                         net (fo=1, unplaced)         0.021     6.566    u_compatibility/u_core/pending_sum_final[7]_i_13_n_0
                         CARRY8 (Prop_CARRY8_S[4]_CO[7])
                                                      0.163     6.729 r  u_compatibility/u_core/pending_sum_final_reg[7]_i_1/CO[7]
                         net (fo=1, unplaced)         0.005     6.734    u_compatibility/u_core/pending_sum_final_reg[7]_i_1_n_0
                         CARRY8 (Prop_CARRY8_CI_O[4])
                                                      0.086     6.820 r  u_compatibility/u_core/pending_sum_final_reg[15]_i_1/O[4]
                         net (fo=5, unplaced)         0.250     7.070    u_compatibility/u_core/u_reciprocal/selected_sum_next[12]
                         LUT5 (Prop_LUT5_I4_O)        0.038     7.108 r  u_compatibility/u_core/u_reciprocal/ctx_sum_q15[2][12]_i_1/O
                         net (fo=1, unplaced)         0.048     7.156    u_compatibility/u_core/u_reciprocal_n_270
                         FDCE                                         r  u_compatibility/u_core/ctx_sum_q15_reg[2][12]/D
  -------------------------------------------------------------------    -------------------

                         (clock core_clk rise edge)
                                                      6.666     6.666 r  
                                                      0.000     6.666 r  clk (IN)
                         net (fo=16773, unset)        0.000     6.666    u_compatibility/u_core/clk
                         FDCE                                         r  u_compatibility/u_core/ctx_sum_q15_reg[2][12]/C
                         clock pessimism              0.000     6.666    
                         clock uncertainty           -0.035     6.631    
                         FDCE (Setup_FDCE_C_D)        0.025     6.656    u_compatibility/u_core/ctx_sum_q15_reg[2][12]
  -------------------------------------------------------------------
                         required time                          6.656    
                         arrival time                          -7.156    
  -------------------------------------------------------------------
                         slack                                 -0.500    

Slack (VIOLATED) :        -0.500ns  (required time - arrival time)
  Source:                 score_bf16[10]
                            (input port clocked by core_clk  {rise@0.000ns fall@3.333ns period=6.666ns})
  Destination:            u_compatibility/u_core/ctx_sum_q15_reg[3][12]/D
                            (rising edge-triggered cell FDCE clocked by core_clk  {rise@0.000ns fall@3.333ns period=6.666ns})
  Path Group:             core_clk
  Path Type:              Setup (Max at Slow Process Corner)
  Requirement:            6.666ns  (core_clk rise@6.666ns - core_clk rise@0.000ns)
  Data Path Delay:        6.156ns  (logic 1.898ns (30.832%)  route 4.258ns (69.168%))
  Logic Levels:           25  (CARRY8=7 LUT2=3 LUT3=2 LUT5=1 LUT6=11 MUXF7=1)
  Input Delay:            1.000ns
  Clock Uncertainty:      0.035ns  ((TSJ^2 + TIJ^2)^1/2 + DJ) / 2 + PE
    Total System Jitter     (TSJ):    0.071ns
    Total Input Jitter      (TIJ):    0.000ns
    Discrete Jitter          (DJ):    0.000ns
    Phase Error              (PE):    0.000ns

    Location             Delay type                Incr(ns)  Path(ns)    Netlist Resource(s)
  -------------------------------------------------------------------    -------------------
                         (clock core_clk rise edge)
                                                      0.000     0.000 r  
                         input delay                  1.000     1.000    
                                                      0.000     1.000 f  score_bf16[10] (IN)
                         net (fo=74, unset)           0.000     1.000    u_compatibility/u_core/score_bf16[10]
                         LUT2 (Prop_LUT2_I0_O)        0.053     1.053 f  u_compatibility/u_core/pending_last_i_171/O
                         net (fo=1, unplaced)         0.187     1.240    u_compatibility/u_core/pending_last_i_171_n_0
                         LUT6 (Prop_LUT6_I2_O)        0.100     1.340 f  u_compatibility/u_core/pending_last_i_169/O
                         net (fo=2, unplaced)         0.232     1.572    u_compatibility/u_core/pending_last_i_169_n_0
                         LUT6 (Prop_LUT6_I0_O)        0.038     1.610 f  u_compatibility/u_core/pending_weight_q15[15]_i_241/O
                         net (fo=4, unplaced)         0.245     1.855    u_compatibility/u_core/pending_weight_q15[15]_i_241_n_0
                         LUT6 (Prop_LUT6_I0_O)        0.038     1.893 f  u_compatibility/u_core/pending_weight_q15[15]_i_232/O
                         net (fo=8, unplaced)         0.260     2.153    u_compatibility/u_core/pending_weight_q15[15]_i_232_n_0
                         LUT6 (Prop_LUT6_I0_O)        0.038     2.191 r  u_compatibility/u_core/pending_weight_q15[15]_i_172/O
                         net (fo=17, unplaced)        0.277     2.468    u_compatibility/u_core/pending_weight_q15[15]_i_172_n_0
                         LUT6 (Prop_LUT6_I5_O)        0.038     2.506 f  u_compatibility/u_core/pending_last_i_153/O
                         net (fo=4, unplaced)         0.196     2.702    u_compatibility/u_core/pending_last_i_153_n_0
                         LUT6 (Prop_LUT6_I2_O)        0.053     2.755 r  u_compatibility/u_core/pending_weight_q15[15]_i_160/O
                         net (fo=3, unplaced)         0.117     2.872    u_compatibility/u_core/p_0_in[0]
                         CARRY8 (Prop_CARRY8_CI_O[4])
                                                      0.193     3.065 r  u_compatibility/u_core/pending_weight_q15_reg[15]_i_128/O[4]
                         net (fo=1, unplaced)         0.232     3.297    u_compatibility/u_core/pending_weight_q15_reg[15]_i_128_n_11
                         LUT3 (Prop_LUT3_I1_O)        0.038     3.335 f  u_compatibility/u_core/pending_last_i_141/O
                         net (fo=1, unplaced)         0.232     3.567    u_compatibility/u_core/pending_last_i_141_n_0
                         LUT6 (Prop_LUT6_I4_O)        0.038     3.605 r  u_compatibility/u_core/pending_last_i_119/O
                         net (fo=4, unplaced)         0.245     3.850    u_compatibility/u_core/pending_last_i_119_n_0
                         LUT2 (Prop_LUT2_I1_O)        0.037     3.887 r  u_compatibility/u_core/pending_weight_q15[15]_i_207/O
                         net (fo=1, unplaced)         0.029     3.916    u_compatibility/u_core/pending_weight_q15[15]_i_207_n_0
                         CARRY8 (Prop_CARRY8_S[5]_CO[7])
                                                      0.166     4.082 r  u_compatibility/u_core/pending_weight_q15_reg[15]_i_136/CO[7]
                         net (fo=1, unplaced)         0.005     4.087    u_compatibility/u_core/pending_weight_q15_reg[15]_i_136_n_0
                         CARRY8 (Prop_CARRY8_CI_CO[7])
                                                      0.022     4.109 r  u_compatibility/u_core/pending_weight_q15_reg[15]_i_64/CO[7]
                         net (fo=1, unplaced)         0.005     4.114    u_compatibility/u_core/pending_weight_q15_reg[15]_i_64_n_0
                         CARRY8 (Prop_CARRY8_CI_O[5])
                                                      0.116     4.230 f  u_compatibility/u_core/pending_weight_q15_reg[15]_i_18/O[5]
                         net (fo=3, unplaced)         0.207     4.437    u_compatibility/u_core/lut_forced_zero2[21]
                         LUT2 (Prop_LUT2_I0_O)        0.099     4.536 f  u_compatibility/u_core/pending_weight_q15[15]_i_24/O
                         net (fo=1, unplaced)         0.251     4.787    u_compatibility/u_core/pending_weight_q15[15]_i_24_n_0
                         CARRY8 (Prop_CARRY8_DI[2]_CO[4])
                                                      0.160     4.947 f  u_compatibility/u_core/pending_weight_q15_reg[15]_i_6/CO[4]
                         net (fo=70, unplaced)        0.263     5.210    u_compatibility/u_core/pending_weight_q15_reg[15]_i_6_n_3
                         LUT3 (Prop_LUT3_I2_O)        0.053     5.263 r  u_compatibility/u_core/pending_weight_q15[12]_i_8/O
                         net (fo=119, unplaced)       0.276     5.539    u_compatibility/u_core/u_exp_lut/lut_addr[0]
                         LUT6 (Prop_LUT6_I3_O)        0.090     5.629 r  u_compatibility/u_core/u_exp_lut/pending_weight_q15[4]_i_15/O
                         net (fo=1, unplaced)         0.232     5.861    u_compatibility/u_core/u_exp_lut/pending_weight_q15[4]_i_15_n_0
                         LUT6 (Prop_LUT6_I0_O)        0.037     5.898 r  u_compatibility/u_core/u_exp_lut/pending_weight_q15[4]_i_7/O
                         net (fo=1, unplaced)         0.024     5.922    u_compatibility/u_core/u_exp_lut/pending_weight_q15[4]_i_7_n_0
                         MUXF7 (Prop_MUXF7_I0_O)      0.067     5.989 r  u_compatibility/u_core/u_exp_lut/pending_weight_q15_reg[4]_i_3/O
                         net (fo=1, unplaced)         0.187     6.176    u_compatibility/u_core/u_exp_lut/pending_weight_q15_reg[4]_i_3_n_0
                         LUT6 (Prop_LUT6_I0_O)        0.100     6.276 r  u_compatibility/u_core/u_exp_lut/pending_weight_q15[4]_i_2/O
                         net (fo=2, unplaced)         0.232     6.508    u_compatibility/u_core/u_exp_lut_n_4
                         LUT6 (Prop_LUT6_I5_O)        0.037     6.545 r  u_compatibility/u_core/pending_sum_final[7]_i_13/O
                         net (fo=1, unplaced)         0.021     6.566    u_compatibility/u_core/pending_sum_final[7]_i_13_n_0
                         CARRY8 (Prop_CARRY8_S[4]_CO[7])
                                                      0.163     6.729 r  u_compatibility/u_core/pending_sum_final_reg[7]_i_1/CO[7]
                         net (fo=1, unplaced)         0.005     6.734    u_compatibility/u_core/pending_sum_final_reg[7]_i_1_n_0
                         CARRY8 (Prop_CARRY8_CI_O[4])
                                                      0.086     6.820 r  u_compatibility/u_core/pending_sum_final_reg[15]_i_1/O[4]
                         net (fo=5, unplaced)         0.250     7.070    u_compatibility/u_core/u_reciprocal/selected_sum_next[12]
                         LUT5 (Prop_LUT5_I4_O)        0.038     7.108 r  u_compatibility/u_core/u_reciprocal/ctx_sum_q15[3][12]_i_1/O
                         net (fo=1, unplaced)         0.048     7.156    u_compatibility/u_core/u_reciprocal_n_247
                         FDCE                                         r  u_compatibility/u_core/ctx_sum_q15_reg[3][12]/D
  -------------------------------------------------------------------    -------------------

                         (clock core_clk rise edge)
                                                      6.666     6.666 r  
                                                      0.000     6.666 r  clk (IN)
                         net (fo=16773, unset)        0.000     6.666    u_compatibility/u_core/clk
                         FDCE                                         r  u_compatibility/u_core/ctx_sum_q15_reg[3][12]/C
                         clock pessimism              0.000     6.666    
                         clock uncertainty           -0.035     6.631    
                         FDCE (Setup_FDCE_C_D)        0.025     6.656    u_compatibility/u_core/ctx_sum_q15_reg[3][12]
  -------------------------------------------------------------------
                         required time                          6.656    
                         arrival time                          -7.156    
  -------------------------------------------------------------------
                         slack                                 -0.500    

Slack (VIOLATED) :        -0.497ns  (required time - arrival time)
  Source:                 score_bf16[10]
                            (input port clocked by core_clk  {rise@0.000ns fall@3.333ns period=6.666ns})
  Destination:            u_compatibility/u_core/ctx_sum_q15_reg[0][16]/D
                            (rising edge-triggered cell FDCE clocked by core_clk  {rise@0.000ns fall@3.333ns period=6.666ns})
  Path Group:             core_clk
  Path Type:              Setup (Max at Slow Process Corner)
  Requirement:            6.666ns  (core_clk rise@6.666ns - core_clk rise@0.000ns)
  Data Path Delay:        6.153ns  (logic 1.890ns (30.717%)  route 4.263ns (69.283%))
  Logic Levels:           26  (CARRY8=8 LUT2=3 LUT3=2 LUT5=1 LUT6=11 MUXF7=1)
  Input Delay:            1.000ns
  Clock Uncertainty:      0.035ns  ((TSJ^2 + TIJ^2)^1/2 + DJ) / 2 + PE
    Total System Jitter     (TSJ):    0.071ns
    Total Input Jitter      (TIJ):    0.000ns
    Discrete Jitter          (DJ):    0.000ns
    Phase Error              (PE):    0.000ns

    Location             Delay type                Incr(ns)  Path(ns)    Netlist Resource(s)
  -------------------------------------------------------------------    -------------------
                         (clock core_clk rise edge)
                                                      0.000     0.000 r  
                         input delay                  1.000     1.000    
                                                      0.000     1.000 f  score_bf16[10] (IN)
                         net (fo=74, unset)           0.000     1.000    u_compatibility/u_core/score_bf16[10]
                         LUT2 (Prop_LUT2_I0_O)        0.053     1.053 f  u_compatibility/u_core/pending_last_i_171/O
                         net (fo=1, unplaced)         0.187     1.240    u_compatibility/u_core/pending_last_i_171_n_0
                         LUT6 (Prop_LUT6_I2_O)        0.100     1.340 f  u_compatibility/u_core/pending_last_i_169/O
                         net (fo=2, unplaced)         0.232     1.572    u_compatibility/u_core/pending_last_i_169_n_0
                         LUT6 (Prop_LUT6_I0_O)        0.038     1.610 f  u_compatibility/u_core/pending_weight_q15[15]_i_241/O
                         net (fo=4, unplaced)         0.245     1.855    u_compatibility/u_core/pending_weight_q15[15]_i_241_n_0
                         LUT6 (Prop_LUT6_I0_O)        0.038     1.893 f  u_compatibility/u_core/pending_weight_q15[15]_i_232/O
                         net (fo=8, unplaced)         0.260     2.153    u_compatibility/u_core/pending_weight_q15[15]_i_232_n_0
                         LUT6 (Prop_LUT6_I0_O)        0.038     2.191 r  u_compatibility/u_core/pending_weight_q15[15]_i_172/O
                         net (fo=17, unplaced)        0.277     2.468    u_compatibility/u_core/pending_weight_q15[15]_i_172_n_0
                         LUT6 (Prop_LUT6_I5_O)        0.038     2.506 f  u_compatibility/u_core/pending_last_i_153/O
                         net (fo=4, unplaced)         0.196     2.702    u_compatibility/u_core/pending_last_i_153_n_0
                         LUT6 (Prop_LUT6_I2_O)        0.053     2.755 r  u_compatibility/u_core/pending_weight_q15[15]_i_160/O
                         net (fo=3, unplaced)         0.117     2.872    u_compatibility/u_core/p_0_in[0]
                         CARRY8 (Prop_CARRY8_CI_O[4])
                                                      0.193     3.065 r  u_compatibility/u_core/pending_weight_q15_reg[15]_i_128/O[4]
                         net (fo=1, unplaced)         0.232     3.297    u_compatibility/u_core/pending_weight_q15_reg[15]_i_128_n_11
                         LUT3 (Prop_LUT3_I1_O)        0.038     3.335 f  u_compatibility/u_core/pending_last_i_141/O
                         net (fo=1, unplaced)         0.232     3.567    u_compatibility/u_core/pending_last_i_141_n_0
                         LUT6 (Prop_LUT6_I4_O)        0.038     3.605 r  u_compatibility/u_core/pending_last_i_119/O
                         net (fo=4, unplaced)         0.245     3.850    u_compatibility/u_core/pending_last_i_119_n_0
                         LUT2 (Prop_LUT2_I1_O)        0.037     3.887 r  u_compatibility/u_core/pending_weight_q15[15]_i_207/O
                         net (fo=1, unplaced)         0.029     3.916    u_compatibility/u_core/pending_weight_q15[15]_i_207_n_0
                         CARRY8 (Prop_CARRY8_S[5]_CO[7])
                                                      0.166     4.082 r  u_compatibility/u_core/pending_weight_q15_reg[15]_i_136/CO[7]
                         net (fo=1, unplaced)         0.005     4.087    u_compatibility/u_core/pending_weight_q15_reg[15]_i_136_n_0
                         CARRY8 (Prop_CARRY8_CI_CO[7])
                                                      0.022     4.109 r  u_compatibility/u_core/pending_weight_q15_reg[15]_i_64/CO[7]
                         net (fo=1, unplaced)         0.005     4.114    u_compatibility/u_core/pending_weight_q15_reg[15]_i_64_n_0
                         CARRY8 (Prop_CARRY8_CI_O[5])
                                                      0.116     4.230 f  u_compatibility/u_core/pending_weight_q15_reg[15]_i_18/O[5]
                         net (fo=3, unplaced)         0.207     4.437    u_compatibility/u_core/lut_forced_zero2[21]
                         LUT2 (Prop_LUT2_I0_O)        0.099     4.536 f  u_compatibility/u_core/pending_weight_q15[15]_i_24/O
                         net (fo=1, unplaced)         0.251     4.787    u_compatibility/u_core/pending_weight_q15[15]_i_24_n_0
                         CARRY8 (Prop_CARRY8_DI[2]_CO[4])
                                                      0.160     4.947 f  u_compatibility/u_core/pending_weight_q15_reg[15]_i_6/CO[4]
                         net (fo=70, unplaced)        0.263     5.210    u_compatibility/u_core/pending_weight_q15_reg[15]_i_6_n_3
                         LUT3 (Prop_LUT3_I2_O)        0.053     5.263 r  u_compatibility/u_core/pending_weight_q15[12]_i_8/O
                         net (fo=119, unplaced)       0.276     5.539    u_compatibility/u_core/u_exp_lut/lut_addr[0]
                         LUT6 (Prop_LUT6_I3_O)        0.090     5.629 r  u_compatibility/u_core/u_exp_lut/pending_weight_q15[4]_i_15/O
                         net (fo=1, unplaced)         0.232     5.861    u_compatibility/u_core/u_exp_lut/pending_weight_q15[4]_i_15_n_0
                         LUT6 (Prop_LUT6_I0_O)        0.037     5.898 r  u_compatibility/u_core/u_exp_lut/pending_weight_q15[4]_i_7/O
                         net (fo=1, unplaced)         0.024     5.922    u_compatibility/u_core/u_exp_lut/pending_weight_q15[4]_i_7_n_0
                         MUXF7 (Prop_MUXF7_I0_O)      0.067     5.989 r  u_compatibility/u_core/u_exp_lut/pending_weight_q15_reg[4]_i_3/O
                         net (fo=1, unplaced)         0.187     6.176    u_compatibility/u_core/u_exp_lut/pending_weight_q15_reg[4]_i_3_n_0
                         LUT6 (Prop_LUT6_I0_O)        0.100     6.276 r  u_compatibility/u_core/u_exp_lut/pending_weight_q15[4]_i_2/O
                         net (fo=2, unplaced)         0.232     6.508    u_compatibility/u_core/u_exp_lut_n_4
                         LUT6 (Prop_LUT6_I5_O)        0.037     6.545 r  u_compatibility/u_core/pending_sum_final[7]_i_13/O
                         net (fo=1, unplaced)         0.021     6.566    u_compatibility/u_core/pending_sum_final[7]_i_13_n_0
                         CARRY8 (Prop_CARRY8_S[4]_CO[7])
                                                      0.163     6.729 r  u_compatibility/u_core/pending_sum_final_reg[7]_i_1/CO[7]
                         net (fo=1, unplaced)         0.005     6.734    u_compatibility/u_core/pending_sum_final_reg[7]_i_1_n_0
                         CARRY8 (Prop_CARRY8_CI_CO[7])
                                                      0.022     6.756 r  u_compatibility/u_core/pending_sum_final_reg[15]_i_1/CO[7]
                         net (fo=1, unplaced)         0.005     6.761    u_compatibility/u_core/pending_sum_final_reg[15]_i_1_n_0
                         CARRY8 (Prop_CARRY8_CI_O[0])
                                                      0.056     6.817 r  u_compatibility/u_core/pending_sum_final_reg[22]_i_1/O[0]
                         net (fo=5, unplaced)         0.250     7.067    u_compatibility/u_core/u_reciprocal/selected_sum_next[16]
                         LUT5 (Prop_LUT5_I4_O)        0.038     7.105 r  u_compatibility/u_core/u_reciprocal/ctx_sum_q15[0][16]_i_1/O
                         net (fo=1, unplaced)         0.048     7.153    u_compatibility/u_core/u_reciprocal_n_220
                         FDCE                                         r  u_compatibility/u_core/ctx_sum_q15_reg[0][16]/D
  -------------------------------------------------------------------    -------------------

                         (clock core_clk rise edge)
                                                      6.666     6.666 r  
                                                      0.000     6.666 r  clk (IN)
                         net (fo=16773, unset)        0.000     6.666    u_compatibility/u_core/clk
                         FDCE                                         r  u_compatibility/u_core/ctx_sum_q15_reg[0][16]/C
                         clock pessimism              0.000     6.666    
                         clock uncertainty           -0.035     6.631    
                         FDCE (Setup_FDCE_C_D)        0.025     6.656    u_compatibility/u_core/ctx_sum_q15_reg[0][16]
  -------------------------------------------------------------------
                         required time                          6.656    
                         arrival time                          -7.153    
  -------------------------------------------------------------------
                         slack                                 -0.497    

Slack (VIOLATED) :        -0.497ns  (required time - arrival time)
  Source:                 score_bf16[10]
                            (input port clocked by core_clk  {rise@0.000ns fall@3.333ns period=6.666ns})
  Destination:            u_compatibility/u_core/ctx_sum_q15_reg[1][16]/D
                            (rising edge-triggered cell FDCE clocked by core_clk  {rise@0.000ns fall@3.333ns period=6.666ns})
  Path Group:             core_clk
  Path Type:              Setup (Max at Slow Process Corner)
  Requirement:            6.666ns  (core_clk rise@6.666ns - core_clk rise@0.000ns)
  Data Path Delay:        6.153ns  (logic 1.890ns (30.717%)  route 4.263ns (69.283%))
  Logic Levels:           26  (CARRY8=8 LUT2=3 LUT3=2 LUT5=1 LUT6=11 MUXF7=1)
  Input Delay:            1.000ns
  Clock Uncertainty:      0.035ns  ((TSJ^2 + TIJ^2)^1/2 + DJ) / 2 + PE
    Total System Jitter     (TSJ):    0.071ns
    Total Input Jitter      (TIJ):    0.000ns
    Discrete Jitter          (DJ):    0.000ns
    Phase Error              (PE):    0.000ns

    Location             Delay type                Incr(ns)  Path(ns)    Netlist Resource(s)
  -------------------------------------------------------------------    -------------------
                         (clock core_clk rise edge)
                                                      0.000     0.000 r  
                         input delay                  1.000     1.000    
                                                      0.000     1.000 f  score_bf16[10] (IN)
                         net (fo=74, unset)           0.000     1.000    u_compatibility/u_core/score_bf16[10]
                         LUT2 (Prop_LUT2_I0_O)        0.053     1.053 f  u_compatibility/u_core/pending_last_i_171/O
                         net (fo=1, unplaced)         0.187     1.240    u_compatibility/u_core/pending_last_i_171_n_0
                         LUT6 (Prop_LUT6_I2_O)        0.100     1.340 f  u_compatibility/u_core/pending_last_i_169/O
                         net (fo=2, unplaced)         0.232     1.572    u_compatibility/u_core/pending_last_i_169_n_0
                         LUT6 (Prop_LUT6_I0_O)        0.038     1.610 f  u_compatibility/u_core/pending_weight_q15[15]_i_241/O
                         net (fo=4, unplaced)         0.245     1.855    u_compatibility/u_core/pending_weight_q15[15]_i_241_n_0
                         LUT6 (Prop_LUT6_I0_O)        0.038     1.893 f  u_compatibility/u_core/pending_weight_q15[15]_i_232/O
                         net (fo=8, unplaced)         0.260     2.153    u_compatibility/u_core/pending_weight_q15[15]_i_232_n_0
                         LUT6 (Prop_LUT6_I0_O)        0.038     2.191 r  u_compatibility/u_core/pending_weight_q15[15]_i_172/O
                         net (fo=17, unplaced)        0.277     2.468    u_compatibility/u_core/pending_weight_q15[15]_i_172_n_0
                         LUT6 (Prop_LUT6_I5_O)        0.038     2.506 f  u_compatibility/u_core/pending_last_i_153/O
                         net (fo=4, unplaced)         0.196     2.702    u_compatibility/u_core/pending_last_i_153_n_0
                         LUT6 (Prop_LUT6_I2_O)        0.053     2.755 r  u_compatibility/u_core/pending_weight_q15[15]_i_160/O
                         net (fo=3, unplaced)         0.117     2.872    u_compatibility/u_core/p_0_in[0]
                         CARRY8 (Prop_CARRY8_CI_O[4])
                                                      0.193     3.065 r  u_compatibility/u_core/pending_weight_q15_reg[15]_i_128/O[4]
                         net (fo=1, unplaced)         0.232     3.297    u_compatibility/u_core/pending_weight_q15_reg[15]_i_128_n_11
                         LUT3 (Prop_LUT3_I1_O)        0.038     3.335 f  u_compatibility/u_core/pending_last_i_141/O
                         net (fo=1, unplaced)         0.232     3.567    u_compatibility/u_core/pending_last_i_141_n_0
                         LUT6 (Prop_LUT6_I4_O)        0.038     3.605 r  u_compatibility/u_core/pending_last_i_119/O
                         net (fo=4, unplaced)         0.245     3.850    u_compatibility/u_core/pending_last_i_119_n_0
                         LUT2 (Prop_LUT2_I1_O)        0.037     3.887 r  u_compatibility/u_core/pending_weight_q15[15]_i_207/O
                         net (fo=1, unplaced)         0.029     3.916    u_compatibility/u_core/pending_weight_q15[15]_i_207_n_0
                         CARRY8 (Prop_CARRY8_S[5]_CO[7])
                                                      0.166     4.082 r  u_compatibility/u_core/pending_weight_q15_reg[15]_i_136/CO[7]
                         net (fo=1, unplaced)         0.005     4.087    u_compatibility/u_core/pending_weight_q15_reg[15]_i_136_n_0
                         CARRY8 (Prop_CARRY8_CI_CO[7])
                                                      0.022     4.109 r  u_compatibility/u_core/pending_weight_q15_reg[15]_i_64/CO[7]
                         net (fo=1, unplaced)         0.005     4.114    u_compatibility/u_core/pending_weight_q15_reg[15]_i_64_n_0
                         CARRY8 (Prop_CARRY8_CI_O[5])
                                                      0.116     4.230 f  u_compatibility/u_core/pending_weight_q15_reg[15]_i_18/O[5]
                         net (fo=3, unplaced)         0.207     4.437    u_compatibility/u_core/lut_forced_zero2[21]
                         LUT2 (Prop_LUT2_I0_O)        0.099     4.536 f  u_compatibility/u_core/pending_weight_q15[15]_i_24/O
                         net (fo=1, unplaced)         0.251     4.787    u_compatibility/u_core/pending_weight_q15[15]_i_24_n_0
                         CARRY8 (Prop_CARRY8_DI[2]_CO[4])
                                                      0.160     4.947 f  u_compatibility/u_core/pending_weight_q15_reg[15]_i_6/CO[4]
                         net (fo=70, unplaced)        0.263     5.210    u_compatibility/u_core/pending_weight_q15_reg[15]_i_6_n_3
                         LUT3 (Prop_LUT3_I2_O)        0.053     5.263 r  u_compatibility/u_core/pending_weight_q15[12]_i_8/O
                         net (fo=119, unplaced)       0.276     5.539    u_compatibility/u_core/u_exp_lut/lut_addr[0]
                         LUT6 (Prop_LUT6_I3_O)        0.090     5.629 r  u_compatibility/u_core/u_exp_lut/pending_weight_q15[4]_i_15/O
                         net (fo=1, unplaced)         0.232     5.861    u_compatibility/u_core/u_exp_lut/pending_weight_q15[4]_i_15_n_0
                         LUT6 (Prop_LUT6_I0_O)        0.037     5.898 r  u_compatibility/u_core/u_exp_lut/pending_weight_q15[4]_i_7/O
                         net (fo=1, unplaced)         0.024     5.922    u_compatibility/u_core/u_exp_lut/pending_weight_q15[4]_i_7_n_0
                         MUXF7 (Prop_MUXF7_I0_O)      0.067     5.989 r  u_compatibility/u_core/u_exp_lut/pending_weight_q15_reg[4]_i_3/O
                         net (fo=1, unplaced)         0.187     6.176    u_compatibility/u_core/u_exp_lut/pending_weight_q15_reg[4]_i_3_n_0
                         LUT6 (Prop_LUT6_I0_O)        0.100     6.276 r  u_compatibility/u_core/u_exp_lut/pending_weight_q15[4]_i_2/O
                         net (fo=2, unplaced)         0.232     6.508    u_compatibility/u_core/u_exp_lut_n_4
                         LUT6 (Prop_LUT6_I5_O)        0.037     6.545 r  u_compatibility/u_core/pending_sum_final[7]_i_13/O
                         net (fo=1, unplaced)         0.021     6.566    u_compatibility/u_core/pending_sum_final[7]_i_13_n_0
                         CARRY8 (Prop_CARRY8_S[4]_CO[7])
                                                      0.163     6.729 r  u_compatibility/u_core/pending_sum_final_reg[7]_i_1/CO[7]
                         net (fo=1, unplaced)         0.005     6.734    u_compatibility/u_core/pending_sum_final_reg[7]_i_1_n_0
                         CARRY8 (Prop_CARRY8_CI_CO[7])
                                                      0.022     6.756 r  u_compatibility/u_core/pending_sum_final_reg[15]_i_1/CO[7]
                         net (fo=1, unplaced)         0.005     6.761    u_compatibility/u_core/pending_sum_final_reg[15]_i_1_n_0
                         CARRY8 (Prop_CARRY8_CI_O[0])
                                                      0.056     6.817 r  u_compatibility/u_core/pending_sum_final_reg[22]_i_1/O[0]
                         net (fo=5, unplaced)         0.250     7.067    u_compatibility/u_core/u_reciprocal/selected_sum_next[16]
                         LUT5 (Prop_LUT5_I4_O)        0.038     7.105 r  u_compatibility/u_core/u_reciprocal/ctx_sum_q15[1][16]_i_1/O
                         net (fo=1, unplaced)         0.048     7.153    u_compatibility/u_core/u_reciprocal_n_196
                         FDCE                                         r  u_compatibility/u_core/ctx_sum_q15_reg[1][16]/D
  -------------------------------------------------------------------    -------------------

                         (clock core_clk rise edge)
                                                      6.666     6.666 r  
                                                      0.000     6.666 r  clk (IN)
                         net (fo=16773, unset)        0.000     6.666    u_compatibility/u_core/clk
                         FDCE                                         r  u_compatibility/u_core/ctx_sum_q15_reg[1][16]/C
                         clock pessimism              0.000     6.666    
                         clock uncertainty           -0.035     6.631    
                         FDCE (Setup_FDCE_C_D)        0.025     6.656    u_compatibility/u_core/ctx_sum_q15_reg[1][16]
  -------------------------------------------------------------------
                         required time                          6.656    
                         arrival time                          -7.153    
  -------------------------------------------------------------------
                         slack                                 -0.497    

Slack (VIOLATED) :        -0.497ns  (required time - arrival time)
  Source:                 score_bf16[10]
                            (input port clocked by core_clk  {rise@0.000ns fall@3.333ns period=6.666ns})
  Destination:            u_compatibility/u_core/ctx_sum_q15_reg[2][16]/D
                            (rising edge-triggered cell FDCE clocked by core_clk  {rise@0.000ns fall@3.333ns period=6.666ns})
  Path Group:             core_clk
  Path Type:              Setup (Max at Slow Process Corner)
  Requirement:            6.666ns  (core_clk rise@6.666ns - core_clk rise@0.000ns)
  Data Path Delay:        6.153ns  (logic 1.890ns (30.717%)  route 4.263ns (69.283%))
  Logic Levels:           26  (CARRY8=8 LUT2=3 LUT3=2 LUT5=1 LUT6=11 MUXF7=1)
  Input Delay:            1.000ns
  Clock Uncertainty:      0.035ns  ((TSJ^2 + TIJ^2)^1/2 + DJ) / 2 + PE
    Total System Jitter     (TSJ):    0.071ns
    Total Input Jitter      (TIJ):    0.000ns
    Discrete Jitter          (DJ):    0.000ns
    Phase Error              (PE):    0.000ns

    Location             Delay type                Incr(ns)  Path(ns)    Netlist Resource(s)
  -------------------------------------------------------------------    -------------------
                         (clock core_clk rise edge)
                                                      0.000     0.000 r  
                         input delay                  1.000     1.000    
                                                      0.000     1.000 f  score_bf16[10] (IN)
                         net (fo=74, unset)           0.000     1.000    u_compatibility/u_core/score_bf16[10]
                         LUT2 (Prop_LUT2_I0_O)        0.053     1.053 f  u_compatibility/u_core/pending_last_i_171/O
                         net (fo=1, unplaced)         0.187     1.240    u_compatibility/u_core/pending_last_i_171_n_0
                         LUT6 (Prop_LUT6_I2_O)        0.100     1.340 f  u_compatibility/u_core/pending_last_i_169/O
                         net (fo=2, unplaced)         0.232     1.572    u_compatibility/u_core/pending_last_i_169_n_0
                         LUT6 (Prop_LUT6_I0_O)        0.038     1.610 f  u_compatibility/u_core/pending_weight_q15[15]_i_241/O
                         net (fo=4, unplaced)         0.245     1.855    u_compatibility/u_core/pending_weight_q15[15]_i_241_n_0
                         LUT6 (Prop_LUT6_I0_O)        0.038     1.893 f  u_compatibility/u_core/pending_weight_q15[15]_i_232/O
                         net (fo=8, unplaced)         0.260     2.153    u_compatibility/u_core/pending_weight_q15[15]_i_232_n_0
                         LUT6 (Prop_LUT6_I0_O)        0.038     2.191 r  u_compatibility/u_core/pending_weight_q15[15]_i_172/O
                         net (fo=17, unplaced)        0.277     2.468    u_compatibility/u_core/pending_weight_q15[15]_i_172_n_0
                         LUT6 (Prop_LUT6_I5_O)        0.038     2.506 f  u_compatibility/u_core/pending_last_i_153/O
                         net (fo=4, unplaced)         0.196     2.702    u_compatibility/u_core/pending_last_i_153_n_0
                         LUT6 (Prop_LUT6_I2_O)        0.053     2.755 r  u_compatibility/u_core/pending_weight_q15[15]_i_160/O
                         net (fo=3, unplaced)         0.117     2.872    u_compatibility/u_core/p_0_in[0]
                         CARRY8 (Prop_CARRY8_CI_O[4])
                                                      0.193     3.065 r  u_compatibility/u_core/pending_weight_q15_reg[15]_i_128/O[4]
                         net (fo=1, unplaced)         0.232     3.297    u_compatibility/u_core/pending_weight_q15_reg[15]_i_128_n_11
                         LUT3 (Prop_LUT3_I1_O)        0.038     3.335 f  u_compatibility/u_core/pending_last_i_141/O
                         net (fo=1, unplaced)         0.232     3.567    u_compatibility/u_core/pending_last_i_141_n_0
                         LUT6 (Prop_LUT6_I4_O)        0.038     3.605 r  u_compatibility/u_core/pending_last_i_119/O
                         net (fo=4, unplaced)         0.245     3.850    u_compatibility/u_core/pending_last_i_119_n_0
                         LUT2 (Prop_LUT2_I1_O)        0.037     3.887 r  u_compatibility/u_core/pending_weight_q15[15]_i_207/O
                         net (fo=1, unplaced)         0.029     3.916    u_compatibility/u_core/pending_weight_q15[15]_i_207_n_0
                         CARRY8 (Prop_CARRY8_S[5]_CO[7])
                                                      0.166     4.082 r  u_compatibility/u_core/pending_weight_q15_reg[15]_i_136/CO[7]
                         net (fo=1, unplaced)         0.005     4.087    u_compatibility/u_core/pending_weight_q15_reg[15]_i_136_n_0
                         CARRY8 (Prop_CARRY8_CI_CO[7])
                                                      0.022     4.109 r  u_compatibility/u_core/pending_weight_q15_reg[15]_i_64/CO[7]
                         net (fo=1, unplaced)         0.005     4.114    u_compatibility/u_core/pending_weight_q15_reg[15]_i_64_n_0
                         CARRY8 (Prop_CARRY8_CI_O[5])
                                                      0.116     4.230 f  u_compatibility/u_core/pending_weight_q15_reg[15]_i_18/O[5]
                         net (fo=3, unplaced)         0.207     4.437    u_compatibility/u_core/lut_forced_zero2[21]
                         LUT2 (Prop_LUT2_I0_O)        0.099     4.536 f  u_compatibility/u_core/pending_weight_q15[15]_i_24/O
                         net (fo=1, unplaced)         0.251     4.787    u_compatibility/u_core/pending_weight_q15[15]_i_24_n_0
                         CARRY8 (Prop_CARRY8_DI[2]_CO[4])
                                                      0.160     4.947 f  u_compatibility/u_core/pending_weight_q15_reg[15]_i_6/CO[4]
                         net (fo=70, unplaced)        0.263     5.210    u_compatibility/u_core/pending_weight_q15_reg[15]_i_6_n_3
                         LUT3 (Prop_LUT3_I2_O)        0.053     5.263 r  u_compatibility/u_core/pending_weight_q15[12]_i_8/O
                         net (fo=119, unplaced)       0.276     5.539    u_compatibility/u_core/u_exp_lut/lut_addr[0]
                         LUT6 (Prop_LUT6_I3_O)        0.090     5.629 r  u_compatibility/u_core/u_exp_lut/pending_weight_q15[4]_i_15/O
                         net (fo=1, unplaced)         0.232     5.861    u_compatibility/u_core/u_exp_lut/pending_weight_q15[4]_i_15_n_0
                         LUT6 (Prop_LUT6_I0_O)        0.037     5.898 r  u_compatibility/u_core/u_exp_lut/pending_weight_q15[4]_i_7/O
                         net (fo=1, unplaced)         0.024     5.922    u_compatibility/u_core/u_exp_lut/pending_weight_q15[4]_i_7_n_0
                         MUXF7 (Prop_MUXF7_I0_O)      0.067     5.989 r  u_compatibility/u_core/u_exp_lut/pending_weight_q15_reg[4]_i_3/O
                         net (fo=1, unplaced)         0.187     6.176    u_compatibility/u_core/u_exp_lut/pending_weight_q15_reg[4]_i_3_n_0
                         LUT6 (Prop_LUT6_I0_O)        0.100     6.276 r  u_compatibility/u_core/u_exp_lut/pending_weight_q15[4]_i_2/O
                         net (fo=2, unplaced)         0.232     6.508    u_compatibility/u_core/u_exp_lut_n_4
                         LUT6 (Prop_LUT6_I5_O)        0.037     6.545 r  u_compatibility/u_core/pending_sum_final[7]_i_13/O
                         net (fo=1, unplaced)         0.021     6.566    u_compatibility/u_core/pending_sum_final[7]_i_13_n_0
                         CARRY8 (Prop_CARRY8_S[4]_CO[7])
                                                      0.163     6.729 r  u_compatibility/u_core/pending_sum_final_reg[7]_i_1/CO[7]
                         net (fo=1, unplaced)         0.005     6.734    u_compatibility/u_core/pending_sum_final_reg[7]_i_1_n_0
                         CARRY8 (Prop_CARRY8_CI_CO[7])
                                                      0.022     6.756 r  u_compatibility/u_core/pending_sum_final_reg[15]_i_1/CO[7]
                         net (fo=1, unplaced)         0.005     6.761    u_compatibility/u_core/pending_sum_final_reg[15]_i_1_n_0
                         CARRY8 (Prop_CARRY8_CI_O[0])
                                                      0.056     6.817 r  u_compatibility/u_core/pending_sum_final_reg[22]_i_1/O[0]
                         net (fo=5, unplaced)         0.250     7.067    u_compatibility/u_core/u_reciprocal/selected_sum_next[16]
                         LUT5 (Prop_LUT5_I4_O)        0.038     7.105 r  u_compatibility/u_core/u_reciprocal/ctx_sum_q15[2][16]_i_1/O
                         net (fo=1, unplaced)         0.048     7.153    u_compatibility/u_core/u_reciprocal_n_266
                         FDCE                                         r  u_compatibility/u_core/ctx_sum_q15_reg[2][16]/D
  -------------------------------------------------------------------    -------------------

                         (clock core_clk rise edge)
                                                      6.666     6.666 r  
                                                      0.000     6.666 r  clk (IN)
                         net (fo=16773, unset)        0.000     6.666    u_compatibility/u_core/clk
                         FDCE                                         r  u_compatibility/u_core/ctx_sum_q15_reg[2][16]/C
                         clock pessimism              0.000     6.666    
                         clock uncertainty           -0.035     6.631    
                         FDCE (Setup_FDCE_C_D)        0.025     6.656    u_compatibility/u_core/ctx_sum_q15_reg[2][16]
  -------------------------------------------------------------------
                         required time                          6.656    
                         arrival time                          -7.153    
  -------------------------------------------------------------------
                         slack                                 -0.497    

Slack (VIOLATED) :        -0.497ns  (required time - arrival time)
  Source:                 score_bf16[10]
                            (input port clocked by core_clk  {rise@0.000ns fall@3.333ns period=6.666ns})
  Destination:            u_compatibility/u_core/ctx_sum_q15_reg[3][16]/D
                            (rising edge-triggered cell FDCE clocked by core_clk  {rise@0.000ns fall@3.333ns period=6.666ns})
  Path Group:             core_clk
  Path Type:              Setup (Max at Slow Process Corner)
  Requirement:            6.666ns  (core_clk rise@6.666ns - core_clk rise@0.000ns)
  Data Path Delay:        6.153ns  (logic 1.890ns (30.717%)  route 4.263ns (69.283%))
  Logic Levels:           26  (CARRY8=8 LUT2=3 LUT3=2 LUT5=1 LUT6=11 MUXF7=1)
  Input Delay:            1.000ns
  Clock Uncertainty:      0.035ns  ((TSJ^2 + TIJ^2)^1/2 + DJ) / 2 + PE
    Total System Jitter     (TSJ):    0.071ns
    Total Input Jitter      (TIJ):    0.000ns
    Discrete Jitter          (DJ):    0.000ns
    Phase Error              (PE):    0.000ns

    Location             Delay type                Incr(ns)  Path(ns)    Netlist Resource(s)
  -------------------------------------------------------------------    -------------------
                         (clock core_clk rise edge)
                                                      0.000     0.000 r  
                         input delay                  1.000     1.000    
                                                      0.000     1.000 f  score_bf16[10] (IN)
                         net (fo=74, unset)           0.000     1.000    u_compatibility/u_core/score_bf16[10]
                         LUT2 (Prop_LUT2_I0_O)        0.053     1.053 f  u_compatibility/u_core/pending_last_i_171/O
                         net (fo=1, unplaced)         0.187     1.240    u_compatibility/u_core/pending_last_i_171_n_0
                         LUT6 (Prop_LUT6_I2_O)        0.100     1.340 f  u_compatibility/u_core/pending_last_i_169/O
                         net (fo=2, unplaced)         0.232     1.572    u_compatibility/u_core/pending_last_i_169_n_0
                         LUT6 (Prop_LUT6_I0_O)        0.038     1.610 f  u_compatibility/u_core/pending_weight_q15[15]_i_241/O
                         net (fo=4, unplaced)         0.245     1.855    u_compatibility/u_core/pending_weight_q15[15]_i_241_n_0
                         LUT6 (Prop_LUT6_I0_O)        0.038     1.893 f  u_compatibility/u_core/pending_weight_q15[15]_i_232/O
                         net (fo=8, unplaced)         0.260     2.153    u_compatibility/u_core/pending_weight_q15[15]_i_232_n_0
                         LUT6 (Prop_LUT6_I0_O)        0.038     2.191 r  u_compatibility/u_core/pending_weight_q15[15]_i_172/O
                         net (fo=17, unplaced)        0.277     2.468    u_compatibility/u_core/pending_weight_q15[15]_i_172_n_0
                         LUT6 (Prop_LUT6_I5_O)        0.038     2.506 f  u_compatibility/u_core/pending_last_i_153/O
                         net (fo=4, unplaced)         0.196     2.702    u_compatibility/u_core/pending_last_i_153_n_0
                         LUT6 (Prop_LUT6_I2_O)        0.053     2.755 r  u_compatibility/u_core/pending_weight_q15[15]_i_160/O
                         net (fo=3, unplaced)         0.117     2.872    u_compatibility/u_core/p_0_in[0]
                         CARRY8 (Prop_CARRY8_CI_O[4])
                                                      0.193     3.065 r  u_compatibility/u_core/pending_weight_q15_reg[15]_i_128/O[4]
                         net (fo=1, unplaced)         0.232     3.297    u_compatibility/u_core/pending_weight_q15_reg[15]_i_128_n_11
                         LUT3 (Prop_LUT3_I1_O)        0.038     3.335 f  u_compatibility/u_core/pending_last_i_141/O
                         net (fo=1, unplaced)         0.232     3.567    u_compatibility/u_core/pending_last_i_141_n_0
                         LUT6 (Prop_LUT6_I4_O)        0.038     3.605 r  u_compatibility/u_core/pending_last_i_119/O
                         net (fo=4, unplaced)         0.245     3.850    u_compatibility/u_core/pending_last_i_119_n_0
                         LUT2 (Prop_LUT2_I1_O)        0.037     3.887 r  u_compatibility/u_core/pending_weight_q15[15]_i_207/O
                         net (fo=1, unplaced)         0.029     3.916    u_compatibility/u_core/pending_weight_q15[15]_i_207_n_0
                         CARRY8 (Prop_CARRY8_S[5]_CO[7])
                                                      0.166     4.082 r  u_compatibility/u_core/pending_weight_q15_reg[15]_i_136/CO[7]
                         net (fo=1, unplaced)         0.005     4.087    u_compatibility/u_core/pending_weight_q15_reg[15]_i_136_n_0
                         CARRY8 (Prop_CARRY8_CI_CO[7])
                                                      0.022     4.109 r  u_compatibility/u_core/pending_weight_q15_reg[15]_i_64/CO[7]
                         net (fo=1, unplaced)         0.005     4.114    u_compatibility/u_core/pending_weight_q15_reg[15]_i_64_n_0
                         CARRY8 (Prop_CARRY8_CI_O[5])
                                                      0.116     4.230 f  u_compatibility/u_core/pending_weight_q15_reg[15]_i_18/O[5]
                         net (fo=3, unplaced)         0.207     4.437    u_compatibility/u_core/lut_forced_zero2[21]
                         LUT2 (Prop_LUT2_I0_O)        0.099     4.536 f  u_compatibility/u_core/pending_weight_q15[15]_i_24/O
                         net (fo=1, unplaced)         0.251     4.787    u_compatibility/u_core/pending_weight_q15[15]_i_24_n_0
                         CARRY8 (Prop_CARRY8_DI[2]_CO[4])
                                                      0.160     4.947 f  u_compatibility/u_core/pending_weight_q15_reg[15]_i_6/CO[4]
                         net (fo=70, unplaced)        0.263     5.210    u_compatibility/u_core/pending_weight_q15_reg[15]_i_6_n_3
                         LUT3 (Prop_LUT3_I2_O)        0.053     5.263 r  u_compatibility/u_core/pending_weight_q15[12]_i_8/O
                         net (fo=119, unplaced)       0.276     5.539    u_compatibility/u_core/u_exp_lut/lut_addr[0]
                         LUT6 (Prop_LUT6_I3_O)        0.090     5.629 r  u_compatibility/u_core/u_exp_lut/pending_weight_q15[4]_i_15/O
                         net (fo=1, unplaced)         0.232     5.861    u_compatibility/u_core/u_exp_lut/pending_weight_q15[4]_i_15_n_0
                         LUT6 (Prop_LUT6_I0_O)        0.037     5.898 r  u_compatibility/u_core/u_exp_lut/pending_weight_q15[4]_i_7/O
                         net (fo=1, unplaced)         0.024     5.922    u_compatibility/u_core/u_exp_lut/pending_weight_q15[4]_i_7_n_0
                         MUXF7 (Prop_MUXF7_I0_O)      0.067     5.989 r  u_compatibility/u_core/u_exp_lut/pending_weight_q15_reg[4]_i_3/O
                         net (fo=1, unplaced)         0.187     6.176    u_compatibility/u_core/u_exp_lut/pending_weight_q15_reg[4]_i_3_n_0
                         LUT6 (Prop_LUT6_I0_O)        0.100     6.276 r  u_compatibility/u_core/u_exp_lut/pending_weight_q15[4]_i_2/O
                         net (fo=2, unplaced)         0.232     6.508    u_compatibility/u_core/u_exp_lut_n_4
                         LUT6 (Prop_LUT6_I5_O)        0.037     6.545 r  u_compatibility/u_core/pending_sum_final[7]_i_13/O
                         net (fo=1, unplaced)         0.021     6.566    u_compatibility/u_core/pending_sum_final[7]_i_13_n_0
                         CARRY8 (Prop_CARRY8_S[4]_CO[7])
                                                      0.163     6.729 r  u_compatibility/u_core/pending_sum_final_reg[7]_i_1/CO[7]
                         net (fo=1, unplaced)         0.005     6.734    u_compatibility/u_core/pending_sum_final_reg[7]_i_1_n_0
                         CARRY8 (Prop_CARRY8_CI_CO[7])
                                                      0.022     6.756 r  u_compatibility/u_core/pending_sum_final_reg[15]_i_1/CO[7]
                         net (fo=1, unplaced)         0.005     6.761    u_compatibility/u_core/pending_sum_final_reg[15]_i_1_n_0
                         CARRY8 (Prop_CARRY8_CI_O[0])
                                                      0.056     6.817 r  u_compatibility/u_core/pending_sum_final_reg[22]_i_1/O[0]
                         net (fo=5, unplaced)         0.250     7.067    u_compatibility/u_core/u_reciprocal/selected_sum_next[16]
                         LUT5 (Prop_LUT5_I4_O)        0.038     7.105 r  u_compatibility/u_core/u_reciprocal/ctx_sum_q15[3][16]_i_1/O
                         net (fo=1, unplaced)         0.048     7.153    u_compatibility/u_core/u_reciprocal_n_243
                         FDCE                                         r  u_compatibility/u_core/ctx_sum_q15_reg[3][16]/D
  -------------------------------------------------------------------    -------------------

                         (clock core_clk rise edge)
                                                      6.666     6.666 r  
                                                      0.000     6.666 r  clk (IN)
                         net (fo=16773, unset)        0.000     6.666    u_compatibility/u_core/clk
                         FDCE                                         r  u_compatibility/u_core/ctx_sum_q15_reg[3][16]/C
                         clock pessimism              0.000     6.666    
                         clock uncertainty           -0.035     6.631    
                         FDCE (Setup_FDCE_C_D)        0.025     6.656    u_compatibility/u_core/ctx_sum_q15_reg[3][16]
  -------------------------------------------------------------------
                         required time                          6.656    
                         arrival time                          -7.153    
  -------------------------------------------------------------------
                         slack                                 -0.497    

Slack (VIOLATED) :        -0.496ns  (required time - arrival time)
  Source:                 score_bf16[10]
                            (input port clocked by core_clk  {rise@0.000ns fall@3.333ns period=6.666ns})
  Destination:            u_compatibility/u_core/ctx_sum_q15_reg[0][22]/D
                            (rising edge-triggered cell FDCE clocked by core_clk  {rise@0.000ns fall@3.333ns period=6.666ns})
  Path Group:             core_clk
  Path Type:              Setup (Max at Slow Process Corner)
  Requirement:            6.666ns  (core_clk rise@6.666ns - core_clk rise@0.000ns)
  Data Path Delay:        6.152ns  (logic 1.937ns (31.486%)  route 4.215ns (68.514%))
  Logic Levels:           26  (CARRY8=8 LUT2=3 LUT3=2 LUT5=1 LUT6=11 MUXF7=1)
  Input Delay:            1.000ns
  Clock Uncertainty:      0.035ns  ((TSJ^2 + TIJ^2)^1/2 + DJ) / 2 + PE
    Total System Jitter     (TSJ):    0.071ns
    Total Input Jitter      (TIJ):    0.000ns
    Discrete Jitter          (DJ):    0.000ns
    Phase Error              (PE):    0.000ns

    Location             Delay type                Incr(ns)  Path(ns)    Netlist Resource(s)
  -------------------------------------------------------------------    -------------------
                         (clock core_clk rise edge)
                                                      0.000     0.000 r  
                         input delay                  1.000     1.000    
                                                      0.000     1.000 f  score_bf16[10] (IN)
                         net (fo=74, unset)           0.000     1.000    u_compatibility/u_core/score_bf16[10]
                         LUT2 (Prop_LUT2_I0_O)        0.053     1.053 f  u_compatibility/u_core/pending_last_i_171/O
                         net (fo=1, unplaced)         0.187     1.240    u_compatibility/u_core/pending_last_i_171_n_0
                         LUT6 (Prop_LUT6_I2_O)        0.100     1.340 f  u_compatibility/u_core/pending_last_i_169/O
                         net (fo=2, unplaced)         0.232     1.572    u_compatibility/u_core/pending_last_i_169_n_0
                         LUT6 (Prop_LUT6_I0_O)        0.038     1.610 f  u_compatibility/u_core/pending_weight_q15[15]_i_241/O
                         net (fo=4, unplaced)         0.245     1.855    u_compatibility/u_core/pending_weight_q15[15]_i_241_n_0
                         LUT6 (Prop_LUT6_I0_O)        0.038     1.893 f  u_compatibility/u_core/pending_weight_q15[15]_i_232/O
                         net (fo=8, unplaced)         0.260     2.153    u_compatibility/u_core/pending_weight_q15[15]_i_232_n_0
                         LUT6 (Prop_LUT6_I0_O)        0.038     2.191 r  u_compatibility/u_core/pending_weight_q15[15]_i_172/O
                         net (fo=17, unplaced)        0.277     2.468    u_compatibility/u_core/pending_weight_q15[15]_i_172_n_0
                         LUT6 (Prop_LUT6_I5_O)        0.038     2.506 f  u_compatibility/u_core/pending_last_i_153/O
                         net (fo=4, unplaced)         0.196     2.702    u_compatibility/u_core/pending_last_i_153_n_0
                         LUT6 (Prop_LUT6_I2_O)        0.053     2.755 r  u_compatibility/u_core/pending_weight_q15[15]_i_160/O
                         net (fo=3, unplaced)         0.117     2.872    u_compatibility/u_core/p_0_in[0]
                         CARRY8 (Prop_CARRY8_CI_O[4])
                                                      0.193     3.065 r  u_compatibility/u_core/pending_weight_q15_reg[15]_i_128/O[4]
                         net (fo=1, unplaced)         0.232     3.297    u_compatibility/u_core/pending_weight_q15_reg[15]_i_128_n_11
                         LUT3 (Prop_LUT3_I1_O)        0.038     3.335 f  u_compatibility/u_core/pending_last_i_141/O
                         net (fo=1, unplaced)         0.232     3.567    u_compatibility/u_core/pending_last_i_141_n_0
                         LUT6 (Prop_LUT6_I4_O)        0.038     3.605 r  u_compatibility/u_core/pending_last_i_119/O
                         net (fo=4, unplaced)         0.245     3.850    u_compatibility/u_core/pending_last_i_119_n_0
                         LUT2 (Prop_LUT2_I1_O)        0.037     3.887 r  u_compatibility/u_core/pending_weight_q15[15]_i_207/O
                         net (fo=1, unplaced)         0.029     3.916    u_compatibility/u_core/pending_weight_q15[15]_i_207_n_0
                         CARRY8 (Prop_CARRY8_S[5]_CO[7])
                                                      0.166     4.082 r  u_compatibility/u_core/pending_weight_q15_reg[15]_i_136/CO[7]
                         net (fo=1, unplaced)         0.005     4.087    u_compatibility/u_core/pending_weight_q15_reg[15]_i_136_n_0
                         CARRY8 (Prop_CARRY8_CI_CO[7])
                                                      0.022     4.109 r  u_compatibility/u_core/pending_weight_q15_reg[15]_i_64/CO[7]
                         net (fo=1, unplaced)         0.005     4.114    u_compatibility/u_core/pending_weight_q15_reg[15]_i_64_n_0
                         CARRY8 (Prop_CARRY8_CI_O[5])
                                                      0.116     4.230 f  u_compatibility/u_core/pending_weight_q15_reg[15]_i_18/O[5]
                         net (fo=3, unplaced)         0.207     4.437    u_compatibility/u_core/lut_forced_zero2[21]
                         LUT2 (Prop_LUT2_I0_O)        0.099     4.536 f  u_compatibility/u_core/pending_weight_q15[15]_i_24/O
                         net (fo=1, unplaced)         0.251     4.787    u_compatibility/u_core/pending_weight_q15[15]_i_24_n_0
                         CARRY8 (Prop_CARRY8_DI[2]_CO[4])
                                                      0.160     4.947 f  u_compatibility/u_core/pending_weight_q15_reg[15]_i_6/CO[4]
                         net (fo=70, unplaced)        0.263     5.210    u_compatibility/u_core/pending_weight_q15_reg[15]_i_6_n_3
                         LUT3 (Prop_LUT3_I2_O)        0.053     5.263 r  u_compatibility/u_core/pending_weight_q15[12]_i_8/O
                         net (fo=119, unplaced)       0.276     5.539    u_compatibility/u_core/u_exp_lut/lut_addr[0]
                         LUT6 (Prop_LUT6_I3_O)        0.090     5.629 r  u_compatibility/u_core/u_exp_lut/pending_weight_q15[4]_i_15/O
                         net (fo=1, unplaced)         0.232     5.861    u_compatibility/u_core/u_exp_lut/pending_weight_q15[4]_i_15_n_0
                         LUT6 (Prop_LUT6_I0_O)        0.037     5.898 r  u_compatibility/u_core/u_exp_lut/pending_weight_q15[4]_i_7/O
                         net (fo=1, unplaced)         0.024     5.922    u_compatibility/u_core/u_exp_lut/pending_weight_q15[4]_i_7_n_0
                         MUXF7 (Prop_MUXF7_I0_O)      0.067     5.989 r  u_compatibility/u_core/u_exp_lut/pending_weight_q15_reg[4]_i_3/O
                         net (fo=1, unplaced)         0.187     6.176    u_compatibility/u_core/u_exp_lut/pending_weight_q15_reg[4]_i_3_n_0
                         LUT6 (Prop_LUT6_I0_O)        0.100     6.276 r  u_compatibility/u_core/u_exp_lut/pending_weight_q15[4]_i_2/O
                         net (fo=2, unplaced)         0.232     6.508    u_compatibility/u_core/u_exp_lut_n_4
                         LUT6 (Prop_LUT6_I5_O)        0.037     6.545 r  u_compatibility/u_core/pending_sum_final[7]_i_13/O
                         net (fo=1, unplaced)         0.021     6.566    u_compatibility/u_core/pending_sum_final[7]_i_13_n_0
                         CARRY8 (Prop_CARRY8_S[4]_CO[7])
                                                      0.163     6.729 r  u_compatibility/u_core/pending_sum_final_reg[7]_i_1/CO[7]
                         net (fo=1, unplaced)         0.005     6.734    u_compatibility/u_core/pending_sum_final_reg[7]_i_1_n_0
                         CARRY8 (Prop_CARRY8_CI_CO[7])
                                                      0.022     6.756 r  u_compatibility/u_core/pending_sum_final_reg[15]_i_1/CO[7]
                         net (fo=1, unplaced)         0.005     6.761    u_compatibility/u_core/pending_sum_final_reg[15]_i_1_n_0
                         CARRY8 (Prop_CARRY8_CI_O[6])
                                                      0.103     6.864 r  u_compatibility/u_core/pending_sum_final_reg[22]_i_1/O[6]
                         net (fo=5, unplaced)         0.202     7.066    u_compatibility/u_core/u_reciprocal/selected_sum_next[22]
                         LUT5 (Prop_LUT5_I4_O)        0.038     7.104 r  u_compatibility/u_core/u_reciprocal/ctx_sum_q15[0][22]_i_2/O
                         net (fo=1, unplaced)         0.048     7.152    u_compatibility/u_core/u_reciprocal_n_214
                         FDCE                                         r  u_compatibility/u_core/ctx_sum_q15_reg[0][22]/D
  -------------------------------------------------------------------    -------------------

                         (clock core_clk rise edge)
                                                      6.666     6.666 r  
                                                      0.000     6.666 r  clk (IN)
                         net (fo=16773, unset)        0.000     6.666    u_compatibility/u_core/clk
                         FDCE                                         r  u_compatibility/u_core/ctx_sum_q15_reg[0][22]/C
                         clock pessimism              0.000     6.666    
                         clock uncertainty           -0.035     6.631    
                         FDCE (Setup_FDCE_C_D)        0.025     6.656    u_compatibility/u_core/ctx_sum_q15_reg[0][22]
  -------------------------------------------------------------------
                         required time                          6.656    
                         arrival time                          -7.152    
  -------------------------------------------------------------------
                         slack                                 -0.496    

Slack (VIOLATED) :        -0.496ns  (required time - arrival time)
  Source:                 score_bf16[10]
                            (input port clocked by core_clk  {rise@0.000ns fall@3.333ns period=6.666ns})
  Destination:            u_compatibility/u_core/ctx_sum_q15_reg[1][22]/D
                            (rising edge-triggered cell FDCE clocked by core_clk  {rise@0.000ns fall@3.333ns period=6.666ns})
  Path Group:             core_clk
  Path Type:              Setup (Max at Slow Process Corner)
  Requirement:            6.666ns  (core_clk rise@6.666ns - core_clk rise@0.000ns)
  Data Path Delay:        6.152ns  (logic 1.937ns (31.486%)  route 4.215ns (68.514%))
  Logic Levels:           26  (CARRY8=8 LUT2=3 LUT3=2 LUT5=1 LUT6=11 MUXF7=1)
  Input Delay:            1.000ns
  Clock Uncertainty:      0.035ns  ((TSJ^2 + TIJ^2)^1/2 + DJ) / 2 + PE
    Total System Jitter     (TSJ):    0.071ns
    Total Input Jitter      (TIJ):    0.000ns
    Discrete Jitter          (DJ):    0.000ns
    Phase Error              (PE):    0.000ns

    Location             Delay type                Incr(ns)  Path(ns)    Netlist Resource(s)
  -------------------------------------------------------------------    -------------------
                         (clock core_clk rise edge)
                                                      0.000     0.000 r  
                         input delay                  1.000     1.000    
                                                      0.000     1.000 f  score_bf16[10] (IN)
                         net (fo=74, unset)           0.000     1.000    u_compatibility/u_core/score_bf16[10]
                         LUT2 (Prop_LUT2_I0_O)        0.053     1.053 f  u_compatibility/u_core/pending_last_i_171/O
                         net (fo=1, unplaced)         0.187     1.240    u_compatibility/u_core/pending_last_i_171_n_0
                         LUT6 (Prop_LUT6_I2_O)        0.100     1.340 f  u_compatibility/u_core/pending_last_i_169/O
                         net (fo=2, unplaced)         0.232     1.572    u_compatibility/u_core/pending_last_i_169_n_0
                         LUT6 (Prop_LUT6_I0_O)        0.038     1.610 f  u_compatibility/u_core/pending_weight_q15[15]_i_241/O
                         net (fo=4, unplaced)         0.245     1.855    u_compatibility/u_core/pending_weight_q15[15]_i_241_n_0
                         LUT6 (Prop_LUT6_I0_O)        0.038     1.893 f  u_compatibility/u_core/pending_weight_q15[15]_i_232/O
                         net (fo=8, unplaced)         0.260     2.153    u_compatibility/u_core/pending_weight_q15[15]_i_232_n_0
                         LUT6 (Prop_LUT6_I0_O)        0.038     2.191 r  u_compatibility/u_core/pending_weight_q15[15]_i_172/O
                         net (fo=17, unplaced)        0.277     2.468    u_compatibility/u_core/pending_weight_q15[15]_i_172_n_0
                         LUT6 (Prop_LUT6_I5_O)        0.038     2.506 f  u_compatibility/u_core/pending_last_i_153/O
                         net (fo=4, unplaced)         0.196     2.702    u_compatibility/u_core/pending_last_i_153_n_0
                         LUT6 (Prop_LUT6_I2_O)        0.053     2.755 r  u_compatibility/u_core/pending_weight_q15[15]_i_160/O
                         net (fo=3, unplaced)         0.117     2.872    u_compatibility/u_core/p_0_in[0]
                         CARRY8 (Prop_CARRY8_CI_O[4])
                                                      0.193     3.065 r  u_compatibility/u_core/pending_weight_q15_reg[15]_i_128/O[4]
                         net (fo=1, unplaced)         0.232     3.297    u_compatibility/u_core/pending_weight_q15_reg[15]_i_128_n_11
                         LUT3 (Prop_LUT3_I1_O)        0.038     3.335 f  u_compatibility/u_core/pending_last_i_141/O
                         net (fo=1, unplaced)         0.232     3.567    u_compatibility/u_core/pending_last_i_141_n_0
                         LUT6 (Prop_LUT6_I4_O)        0.038     3.605 r  u_compatibility/u_core/pending_last_i_119/O
                         net (fo=4, unplaced)         0.245     3.850    u_compatibility/u_core/pending_last_i_119_n_0
                         LUT2 (Prop_LUT2_I1_O)        0.037     3.887 r  u_compatibility/u_core/pending_weight_q15[15]_i_207/O
                         net (fo=1, unplaced)         0.029     3.916    u_compatibility/u_core/pending_weight_q15[15]_i_207_n_0
                         CARRY8 (Prop_CARRY8_S[5]_CO[7])
                                                      0.166     4.082 r  u_compatibility/u_core/pending_weight_q15_reg[15]_i_136/CO[7]
                         net (fo=1, unplaced)         0.005     4.087    u_compatibility/u_core/pending_weight_q15_reg[15]_i_136_n_0
                         CARRY8 (Prop_CARRY8_CI_CO[7])
                                                      0.022     4.109 r  u_compatibility/u_core/pending_weight_q15_reg[15]_i_64/CO[7]
                         net (fo=1, unplaced)         0.005     4.114    u_compatibility/u_core/pending_weight_q15_reg[15]_i_64_n_0
                         CARRY8 (Prop_CARRY8_CI_O[5])
                                                      0.116     4.230 f  u_compatibility/u_core/pending_weight_q15_reg[15]_i_18/O[5]
                         net (fo=3, unplaced)         0.207     4.437    u_compatibility/u_core/lut_forced_zero2[21]
                         LUT2 (Prop_LUT2_I0_O)        0.099     4.536 f  u_compatibility/u_core/pending_weight_q15[15]_i_24/O
                         net (fo=1, unplaced)         0.251     4.787    u_compatibility/u_core/pending_weight_q15[15]_i_24_n_0
                         CARRY8 (Prop_CARRY8_DI[2]_CO[4])
                                                      0.160     4.947 f  u_compatibility/u_core/pending_weight_q15_reg[15]_i_6/CO[4]
                         net (fo=70, unplaced)        0.263     5.210    u_compatibility/u_core/pending_weight_q15_reg[15]_i_6_n_3
                         LUT3 (Prop_LUT3_I2_O)        0.053     5.263 r  u_compatibility/u_core/pending_weight_q15[12]_i_8/O
                         net (fo=119, unplaced)       0.276     5.539    u_compatibility/u_core/u_exp_lut/lut_addr[0]
                         LUT6 (Prop_LUT6_I3_O)        0.090     5.629 r  u_compatibility/u_core/u_exp_lut/pending_weight_q15[4]_i_15/O
                         net (fo=1, unplaced)         0.232     5.861    u_compatibility/u_core/u_exp_lut/pending_weight_q15[4]_i_15_n_0
                         LUT6 (Prop_LUT6_I0_O)        0.037     5.898 r  u_compatibility/u_core/u_exp_lut/pending_weight_q15[4]_i_7/O
                         net (fo=1, unplaced)         0.024     5.922    u_compatibility/u_core/u_exp_lut/pending_weight_q15[4]_i_7_n_0
                         MUXF7 (Prop_MUXF7_I0_O)      0.067     5.989 r  u_compatibility/u_core/u_exp_lut/pending_weight_q15_reg[4]_i_3/O
                         net (fo=1, unplaced)         0.187     6.176    u_compatibility/u_core/u_exp_lut/pending_weight_q15_reg[4]_i_3_n_0
                         LUT6 (Prop_LUT6_I0_O)        0.100     6.276 r  u_compatibility/u_core/u_exp_lut/pending_weight_q15[4]_i_2/O
                         net (fo=2, unplaced)         0.232     6.508    u_compatibility/u_core/u_exp_lut_n_4
                         LUT6 (Prop_LUT6_I5_O)        0.037     6.545 r  u_compatibility/u_core/pending_sum_final[7]_i_13/O
                         net (fo=1, unplaced)         0.021     6.566    u_compatibility/u_core/pending_sum_final[7]_i_13_n_0
                         CARRY8 (Prop_CARRY8_S[4]_CO[7])
                                                      0.163     6.729 r  u_compatibility/u_core/pending_sum_final_reg[7]_i_1/CO[7]
                         net (fo=1, unplaced)         0.005     6.734    u_compatibility/u_core/pending_sum_final_reg[7]_i_1_n_0
                         CARRY8 (Prop_CARRY8_CI_CO[7])
                                                      0.022     6.756 r  u_compatibility/u_core/pending_sum_final_reg[15]_i_1/CO[7]
                         net (fo=1, unplaced)         0.005     6.761    u_compatibility/u_core/pending_sum_final_reg[15]_i_1_n_0
                         CARRY8 (Prop_CARRY8_CI_O[6])
                                                      0.103     6.864 r  u_compatibility/u_core/pending_sum_final_reg[22]_i_1/O[6]
                         net (fo=5, unplaced)         0.202     7.066    u_compatibility/u_core/u_reciprocal/selected_sum_next[22]
                         LUT5 (Prop_LUT5_I4_O)        0.038     7.104 r  u_compatibility/u_core/u_reciprocal/ctx_sum_q15[1][22]_i_2/O
                         net (fo=1, unplaced)         0.048     7.152    u_compatibility/u_core/u_reciprocal_n_190
                         FDCE                                         r  u_compatibility/u_core/ctx_sum_q15_reg[1][22]/D
  -------------------------------------------------------------------    -------------------

                         (clock core_clk rise edge)
                                                      6.666     6.666 r  
                                                      0.000     6.666 r  clk (IN)
                         net (fo=16773, unset)        0.000     6.666    u_compatibility/u_core/clk
                         FDCE                                         r  u_compatibility/u_core/ctx_sum_q15_reg[1][22]/C
                         clock pessimism              0.000     6.666    
                         clock uncertainty           -0.035     6.631    
                         FDCE (Setup_FDCE_C_D)        0.025     6.656    u_compatibility/u_core/ctx_sum_q15_reg[1][22]
  -------------------------------------------------------------------
                         required time                          6.656    
                         arrival time                          -7.152    
  -------------------------------------------------------------------
                         slack                                 -0.496    

Slack (VIOLATED) :        -0.496ns  (required time - arrival time)
  Source:                 score_bf16[10]
                            (input port clocked by core_clk  {rise@0.000ns fall@3.333ns period=6.666ns})
  Destination:            u_compatibility/u_core/ctx_sum_q15_reg[2][22]/D
                            (rising edge-triggered cell FDCE clocked by core_clk  {rise@0.000ns fall@3.333ns period=6.666ns})
  Path Group:             core_clk
  Path Type:              Setup (Max at Slow Process Corner)
  Requirement:            6.666ns  (core_clk rise@6.666ns - core_clk rise@0.000ns)
  Data Path Delay:        6.152ns  (logic 1.937ns (31.486%)  route 4.215ns (68.514%))
  Logic Levels:           26  (CARRY8=8 LUT2=3 LUT3=2 LUT5=1 LUT6=11 MUXF7=1)
  Input Delay:            1.000ns
  Clock Uncertainty:      0.035ns  ((TSJ^2 + TIJ^2)^1/2 + DJ) / 2 + PE
    Total System Jitter     (TSJ):    0.071ns
    Total Input Jitter      (TIJ):    0.000ns
    Discrete Jitter          (DJ):    0.000ns
    Phase Error              (PE):    0.000ns

    Location             Delay type                Incr(ns)  Path(ns)    Netlist Resource(s)
  -------------------------------------------------------------------    -------------------
                         (clock core_clk rise edge)
                                                      0.000     0.000 r  
                         input delay                  1.000     1.000    
                                                      0.000     1.000 f  score_bf16[10] (IN)
                         net (fo=74, unset)           0.000     1.000    u_compatibility/u_core/score_bf16[10]
                         LUT2 (Prop_LUT2_I0_O)        0.053     1.053 f  u_compatibility/u_core/pending_last_i_171/O
                         net (fo=1, unplaced)         0.187     1.240    u_compatibility/u_core/pending_last_i_171_n_0
                         LUT6 (Prop_LUT6_I2_O)        0.100     1.340 f  u_compatibility/u_core/pending_last_i_169/O
                         net (fo=2, unplaced)         0.232     1.572    u_compatibility/u_core/pending_last_i_169_n_0
                         LUT6 (Prop_LUT6_I0_O)        0.038     1.610 f  u_compatibility/u_core/pending_weight_q15[15]_i_241/O
                         net (fo=4, unplaced)         0.245     1.855    u_compatibility/u_core/pending_weight_q15[15]_i_241_n_0
                         LUT6 (Prop_LUT6_I0_O)        0.038     1.893 f  u_compatibility/u_core/pending_weight_q15[15]_i_232/O
                         net (fo=8, unplaced)         0.260     2.153    u_compatibility/u_core/pending_weight_q15[15]_i_232_n_0
                         LUT6 (Prop_LUT6_I0_O)        0.038     2.191 r  u_compatibility/u_core/pending_weight_q15[15]_i_172/O
                         net (fo=17, unplaced)        0.277     2.468    u_compatibility/u_core/pending_weight_q15[15]_i_172_n_0
                         LUT6 (Prop_LUT6_I5_O)        0.038     2.506 f  u_compatibility/u_core/pending_last_i_153/O
                         net (fo=4, unplaced)         0.196     2.702    u_compatibility/u_core/pending_last_i_153_n_0
                         LUT6 (Prop_LUT6_I2_O)        0.053     2.755 r  u_compatibility/u_core/pending_weight_q15[15]_i_160/O
                         net (fo=3, unplaced)         0.117     2.872    u_compatibility/u_core/p_0_in[0]
                         CARRY8 (Prop_CARRY8_CI_O[4])
                                                      0.193     3.065 r  u_compatibility/u_core/pending_weight_q15_reg[15]_i_128/O[4]
                         net (fo=1, unplaced)         0.232     3.297    u_compatibility/u_core/pending_weight_q15_reg[15]_i_128_n_11
                         LUT3 (Prop_LUT3_I1_O)        0.038     3.335 f  u_compatibility/u_core/pending_last_i_141/O
                         net (fo=1, unplaced)         0.232     3.567    u_compatibility/u_core/pending_last_i_141_n_0
                         LUT6 (Prop_LUT6_I4_O)        0.038     3.605 r  u_compatibility/u_core/pending_last_i_119/O
                         net (fo=4, unplaced)         0.245     3.850    u_compatibility/u_core/pending_last_i_119_n_0
                         LUT2 (Prop_LUT2_I1_O)        0.037     3.887 r  u_compatibility/u_core/pending_weight_q15[15]_i_207/O
                         net (fo=1, unplaced)         0.029     3.916    u_compatibility/u_core/pending_weight_q15[15]_i_207_n_0
                         CARRY8 (Prop_CARRY8_S[5]_CO[7])
                                                      0.166     4.082 r  u_compatibility/u_core/pending_weight_q15_reg[15]_i_136/CO[7]
                         net (fo=1, unplaced)         0.005     4.087    u_compatibility/u_core/pending_weight_q15_reg[15]_i_136_n_0
                         CARRY8 (Prop_CARRY8_CI_CO[7])
                                                      0.022     4.109 r  u_compatibility/u_core/pending_weight_q15_reg[15]_i_64/CO[7]
                         net (fo=1, unplaced)         0.005     4.114    u_compatibility/u_core/pending_weight_q15_reg[15]_i_64_n_0
                         CARRY8 (Prop_CARRY8_CI_O[5])
                                                      0.116     4.230 f  u_compatibility/u_core/pending_weight_q15_reg[15]_i_18/O[5]
                         net (fo=3, unplaced)         0.207     4.437    u_compatibility/u_core/lut_forced_zero2[21]
                         LUT2 (Prop_LUT2_I0_O)        0.099     4.536 f  u_compatibility/u_core/pending_weight_q15[15]_i_24/O
                         net (fo=1, unplaced)         0.251     4.787    u_compatibility/u_core/pending_weight_q15[15]_i_24_n_0
                         CARRY8 (Prop_CARRY8_DI[2]_CO[4])
                                                      0.160     4.947 f  u_compatibility/u_core/pending_weight_q15_reg[15]_i_6/CO[4]
                         net (fo=70, unplaced)        0.263     5.210    u_compatibility/u_core/pending_weight_q15_reg[15]_i_6_n_3
                         LUT3 (Prop_LUT3_I2_O)        0.053     5.263 r  u_compatibility/u_core/pending_weight_q15[12]_i_8/O
                         net (fo=119, unplaced)       0.276     5.539    u_compatibility/u_core/u_exp_lut/lut_addr[0]
                         LUT6 (Prop_LUT6_I3_O)        0.090     5.629 r  u_compatibility/u_core/u_exp_lut/pending_weight_q15[4]_i_15/O
                         net (fo=1, unplaced)         0.232     5.861    u_compatibility/u_core/u_exp_lut/pending_weight_q15[4]_i_15_n_0
                         LUT6 (Prop_LUT6_I0_O)        0.037     5.898 r  u_compatibility/u_core/u_exp_lut/pending_weight_q15[4]_i_7/O
                         net (fo=1, unplaced)         0.024     5.922    u_compatibility/u_core/u_exp_lut/pending_weight_q15[4]_i_7_n_0
                         MUXF7 (Prop_MUXF7_I0_O)      0.067     5.989 r  u_compatibility/u_core/u_exp_lut/pending_weight_q15_reg[4]_i_3/O
                         net (fo=1, unplaced)         0.187     6.176    u_compatibility/u_core/u_exp_lut/pending_weight_q15_reg[4]_i_3_n_0
                         LUT6 (Prop_LUT6_I0_O)        0.100     6.276 r  u_compatibility/u_core/u_exp_lut/pending_weight_q15[4]_i_2/O
                         net (fo=2, unplaced)         0.232     6.508    u_compatibility/u_core/u_exp_lut_n_4
                         LUT6 (Prop_LUT6_I5_O)        0.037     6.545 r  u_compatibility/u_core/pending_sum_final[7]_i_13/O
                         net (fo=1, unplaced)         0.021     6.566    u_compatibility/u_core/pending_sum_final[7]_i_13_n_0
                         CARRY8 (Prop_CARRY8_S[4]_CO[7])
                                                      0.163     6.729 r  u_compatibility/u_core/pending_sum_final_reg[7]_i_1/CO[7]
                         net (fo=1, unplaced)         0.005     6.734    u_compatibility/u_core/pending_sum_final_reg[7]_i_1_n_0
                         CARRY8 (Prop_CARRY8_CI_CO[7])
                                                      0.022     6.756 r  u_compatibility/u_core/pending_sum_final_reg[15]_i_1/CO[7]
                         net (fo=1, unplaced)         0.005     6.761    u_compatibility/u_core/pending_sum_final_reg[15]_i_1_n_0
                         CARRY8 (Prop_CARRY8_CI_O[6])
                                                      0.103     6.864 r  u_compatibility/u_core/pending_sum_final_reg[22]_i_1/O[6]
                         net (fo=5, unplaced)         0.202     7.066    u_compatibility/u_core/u_reciprocal/selected_sum_next[22]
                         LUT5 (Prop_LUT5_I4_O)        0.038     7.104 r  u_compatibility/u_core/u_reciprocal/ctx_sum_q15[2][22]_i_2/O
                         net (fo=1, unplaced)         0.048     7.152    u_compatibility/u_core/u_reciprocal_n_260
                         FDCE                                         r  u_compatibility/u_core/ctx_sum_q15_reg[2][22]/D
  -------------------------------------------------------------------    -------------------

                         (clock core_clk rise edge)
                                                      6.666     6.666 r  
                                                      0.000     6.666 r  clk (IN)
                         net (fo=16773, unset)        0.000     6.666    u_compatibility/u_core/clk
                         FDCE                                         r  u_compatibility/u_core/ctx_sum_q15_reg[2][22]/C
                         clock pessimism              0.000     6.666    
                         clock uncertainty           -0.035     6.631    
                         FDCE (Setup_FDCE_C_D)        0.025     6.656    u_compatibility/u_core/ctx_sum_q15_reg[2][22]
  -------------------------------------------------------------------
                         required time                          6.656    
                         arrival time                          -7.152    
  -------------------------------------------------------------------
                         slack                                 -0.496    

Slack (VIOLATED) :        -0.496ns  (required time - arrival time)
  Source:                 score_bf16[10]
                            (input port clocked by core_clk  {rise@0.000ns fall@3.333ns period=6.666ns})
  Destination:            u_compatibility/u_core/ctx_sum_q15_reg[3][22]/D
                            (rising edge-triggered cell FDCE clocked by core_clk  {rise@0.000ns fall@3.333ns period=6.666ns})
  Path Group:             core_clk
  Path Type:              Setup (Max at Slow Process Corner)
  Requirement:            6.666ns  (core_clk rise@6.666ns - core_clk rise@0.000ns)
  Data Path Delay:        6.152ns  (logic 1.937ns (31.486%)  route 4.215ns (68.514%))
  Logic Levels:           26  (CARRY8=8 LUT2=3 LUT3=2 LUT5=1 LUT6=11 MUXF7=1)
  Input Delay:            1.000ns
  Clock Uncertainty:      0.035ns  ((TSJ^2 + TIJ^2)^1/2 + DJ) / 2 + PE
    Total System Jitter     (TSJ):    0.071ns
    Total Input Jitter      (TIJ):    0.000ns
    Discrete Jitter          (DJ):    0.000ns
    Phase Error              (PE):    0.000ns

    Location             Delay type                Incr(ns)  Path(ns)    Netlist Resource(s)
  -------------------------------------------------------------------    -------------------
                         (clock core_clk rise edge)
                                                      0.000     0.000 r  
                         input delay                  1.000     1.000    
                                                      0.000     1.000 f  score_bf16[10] (IN)
                         net (fo=74, unset)           0.000     1.000    u_compatibility/u_core/score_bf16[10]
                         LUT2 (Prop_LUT2_I0_O)        0.053     1.053 f  u_compatibility/u_core/pending_last_i_171/O
                         net (fo=1, unplaced)         0.187     1.240    u_compatibility/u_core/pending_last_i_171_n_0
                         LUT6 (Prop_LUT6_I2_O)        0.100     1.340 f  u_compatibility/u_core/pending_last_i_169/O
                         net (fo=2, unplaced)         0.232     1.572    u_compatibility/u_core/pending_last_i_169_n_0
                         LUT6 (Prop_LUT6_I0_O)        0.038     1.610 f  u_compatibility/u_core/pending_weight_q15[15]_i_241/O
                         net (fo=4, unplaced)         0.245     1.855    u_compatibility/u_core/pending_weight_q15[15]_i_241_n_0
                         LUT6 (Prop_LUT6_I0_O)        0.038     1.893 f  u_compatibility/u_core/pending_weight_q15[15]_i_232/O
                         net (fo=8, unplaced)         0.260     2.153    u_compatibility/u_core/pending_weight_q15[15]_i_232_n_0
                         LUT6 (Prop_LUT6_I0_O)        0.038     2.191 r  u_compatibility/u_core/pending_weight_q15[15]_i_172/O
                         net (fo=17, unplaced)        0.277     2.468    u_compatibility/u_core/pending_weight_q15[15]_i_172_n_0
                         LUT6 (Prop_LUT6_I5_O)        0.038     2.506 f  u_compatibility/u_core/pending_last_i_153/O
                         net (fo=4, unplaced)         0.196     2.702    u_compatibility/u_core/pending_last_i_153_n_0
                         LUT6 (Prop_LUT6_I2_O)        0.053     2.755 r  u_compatibility/u_core/pending_weight_q15[15]_i_160/O
                         net (fo=3, unplaced)         0.117     2.872    u_compatibility/u_core/p_0_in[0]
                         CARRY8 (Prop_CARRY8_CI_O[4])
                                                      0.193     3.065 r  u_compatibility/u_core/pending_weight_q15_reg[15]_i_128/O[4]
                         net (fo=1, unplaced)         0.232     3.297    u_compatibility/u_core/pending_weight_q15_reg[15]_i_128_n_11
                         LUT3 (Prop_LUT3_I1_O)        0.038     3.335 f  u_compatibility/u_core/pending_last_i_141/O
                         net (fo=1, unplaced)         0.232     3.567    u_compatibility/u_core/pending_last_i_141_n_0
                         LUT6 (Prop_LUT6_I4_O)        0.038     3.605 r  u_compatibility/u_core/pending_last_i_119/O
                         net (fo=4, unplaced)         0.245     3.850    u_compatibility/u_core/pending_last_i_119_n_0
                         LUT2 (Prop_LUT2_I1_O)        0.037     3.887 r  u_compatibility/u_core/pending_weight_q15[15]_i_207/O
                         net (fo=1, unplaced)         0.029     3.916    u_compatibility/u_core/pending_weight_q15[15]_i_207_n_0
                         CARRY8 (Prop_CARRY8_S[5]_CO[7])
                                                      0.166     4.082 r  u_compatibility/u_core/pending_weight_q15_reg[15]_i_136/CO[7]
                         net (fo=1, unplaced)         0.005     4.087    u_compatibility/u_core/pending_weight_q15_reg[15]_i_136_n_0
                         CARRY8 (Prop_CARRY8_CI_CO[7])
                                                      0.022     4.109 r  u_compatibility/u_core/pending_weight_q15_reg[15]_i_64/CO[7]
                         net (fo=1, unplaced)         0.005     4.114    u_compatibility/u_core/pending_weight_q15_reg[15]_i_64_n_0
                         CARRY8 (Prop_CARRY8_CI_O[5])
                                                      0.116     4.230 f  u_compatibility/u_core/pending_weight_q15_reg[15]_i_18/O[5]
                         net (fo=3, unplaced)         0.207     4.437    u_compatibility/u_core/lut_forced_zero2[21]
                         LUT2 (Prop_LUT2_I0_O)        0.099     4.536 f  u_compatibility/u_core/pending_weight_q15[15]_i_24/O
                         net (fo=1, unplaced)         0.251     4.787    u_compatibility/u_core/pending_weight_q15[15]_i_24_n_0
                         CARRY8 (Prop_CARRY8_DI[2]_CO[4])
                                                      0.160     4.947 f  u_compatibility/u_core/pending_weight_q15_reg[15]_i_6/CO[4]
                         net (fo=70, unplaced)        0.263     5.210    u_compatibility/u_core/pending_weight_q15_reg[15]_i_6_n_3
                         LUT3 (Prop_LUT3_I2_O)        0.053     5.263 r  u_compatibility/u_core/pending_weight_q15[12]_i_8/O
                         net (fo=119, unplaced)       0.276     5.539    u_compatibility/u_core/u_exp_lut/lut_addr[0]
                         LUT6 (Prop_LUT6_I3_O)        0.090     5.629 r  u_compatibility/u_core/u_exp_lut/pending_weight_q15[4]_i_15/O
                         net (fo=1, unplaced)         0.232     5.861    u_compatibility/u_core/u_exp_lut/pending_weight_q15[4]_i_15_n_0
                         LUT6 (Prop_LUT6_I0_O)        0.037     5.898 r  u_compatibility/u_core/u_exp_lut/pending_weight_q15[4]_i_7/O
                         net (fo=1, unplaced)         0.024     5.922    u_compatibility/u_core/u_exp_lut/pending_weight_q15[4]_i_7_n_0
                         MUXF7 (Prop_MUXF7_I0_O)      0.067     5.989 r  u_compatibility/u_core/u_exp_lut/pending_weight_q15_reg[4]_i_3/O
                         net (fo=1, unplaced)         0.187     6.176    u_compatibility/u_core/u_exp_lut/pending_weight_q15_reg[4]_i_3_n_0
                         LUT6 (Prop_LUT6_I0_O)        0.100     6.276 r  u_compatibility/u_core/u_exp_lut/pending_weight_q15[4]_i_2/O
                         net (fo=2, unplaced)         0.232     6.508    u_compatibility/u_core/u_exp_lut_n_4
                         LUT6 (Prop_LUT6_I5_O)        0.037     6.545 r  u_compatibility/u_core/pending_sum_final[7]_i_13/O
                         net (fo=1, unplaced)         0.021     6.566    u_compatibility/u_core/pending_sum_final[7]_i_13_n_0
                         CARRY8 (Prop_CARRY8_S[4]_CO[7])
                                                      0.163     6.729 r  u_compatibility/u_core/pending_sum_final_reg[7]_i_1/CO[7]
                         net (fo=1, unplaced)         0.005     6.734    u_compatibility/u_core/pending_sum_final_reg[7]_i_1_n_0
                         CARRY8 (Prop_CARRY8_CI_CO[7])
                                                      0.022     6.756 r  u_compatibility/u_core/pending_sum_final_reg[15]_i_1/CO[7]
                         net (fo=1, unplaced)         0.005     6.761    u_compatibility/u_core/pending_sum_final_reg[15]_i_1_n_0
                         CARRY8 (Prop_CARRY8_CI_O[6])
                                                      0.103     6.864 r  u_compatibility/u_core/pending_sum_final_reg[22]_i_1/O[6]
                         net (fo=5, unplaced)         0.202     7.066    u_compatibility/u_core/u_reciprocal/selected_sum_next[22]
                         LUT5 (Prop_LUT5_I4_O)        0.038     7.104 r  u_compatibility/u_core/u_reciprocal/ctx_sum_q15[3][22]_i_2/O
                         net (fo=1, unplaced)         0.048     7.152    u_compatibility/u_core/u_reciprocal_n_237
                         FDCE                                         r  u_compatibility/u_core/ctx_sum_q15_reg[3][22]/D
  -------------------------------------------------------------------    -------------------

                         (clock core_clk rise edge)
                                                      6.666     6.666 r  
                                                      0.000     6.666 r  clk (IN)
                         net (fo=16773, unset)        0.000     6.666    u_compatibility/u_core/clk
                         FDCE                                         r  u_compatibility/u_core/ctx_sum_q15_reg[3][22]/C
                         clock pessimism              0.000     6.666    
                         clock uncertainty           -0.035     6.631    
                         FDCE (Setup_FDCE_C_D)        0.025     6.656    u_compatibility/u_core/ctx_sum_q15_reg[3][22]
  -------------------------------------------------------------------
                         required time                          6.656    
                         arrival time                          -7.152    
  -------------------------------------------------------------------
                         slack                                 -0.496    





Pulse Width Checks
--------------------------------------------------------------------------------------
Clock Name:         core_clk
Waveform(ns):       { 0.000 3.333 }
Period(ns):         6.666
Sources:            { clk }

Check Type        Corner  Lib Pin  Reference Pin  Required(ns)  Actual(ns)  Slack(ns)  Location  Pin
Min Period        n/a     FDCE/C   n/a            0.550         6.666       6.116                clear_local_reg/C
Min Period        n/a     FDCE/C   n/a            0.550         6.666       6.116                clear_local_reg_rep/C
Min Period        n/a     FDCE/C   n/a            0.550         6.666       6.116                clear_local_reg_rep__0/C
Min Period        n/a     FDCE/C   n/a            0.550         6.666       6.116                clear_local_reg_rep__1/C
Min Period        n/a     FDCE/C   n/a            0.550         6.666       6.116                clear_local_reg_rep__2/C
Min Period        n/a     FDCE/C   n/a            0.550         6.666       6.116                clear_local_reg_rep__3/C
Min Period        n/a     FDCE/C   n/a            0.550         6.666       6.116                clear_local_reg_rep__4/C
Min Period        n/a     FDCE/C   n/a            0.550         6.666       6.116                finalize_conflict_cycles_reg[0]/C
Min Period        n/a     FDCE/C   n/a            0.550         6.666       6.116                finalize_conflict_cycles_reg[10]/C
Min Period        n/a     FDCE/C   n/a            0.550         6.666       6.116                finalize_conflict_cycles_reg[11]/C
Min Period        n/a     FDCE/C   n/a            0.550         6.666       6.116                finalize_conflict_cycles_reg[12]/C
Min Period        n/a     FDCE/C   n/a            0.550         6.666       6.116                finalize_conflict_cycles_reg[13]/C
Min Period        n/a     FDCE/C   n/a            0.550         6.666       6.116                finalize_conflict_cycles_reg[14]/C
Min Period        n/a     FDCE/C   n/a            0.550         6.666       6.116                finalize_conflict_cycles_reg[15]/C
Min Period        n/a     FDCE/C   n/a            0.550         6.666       6.116                finalize_conflict_cycles_reg[16]/C
Min Period        n/a     FDCE/C   n/a            0.550         6.666       6.116                finalize_conflict_cycles_reg[17]/C
Min Period        n/a     FDCE/C   n/a            0.550         6.666       6.116                finalize_conflict_cycles_reg[18]/C
Min Period        n/a     FDCE/C   n/a            0.550         6.666       6.116                finalize_conflict_cycles_reg[19]/C
Min Period        n/a     FDCE/C   n/a            0.550         6.666       6.116                finalize_conflict_cycles_reg[1]/C
Min Period        n/a     FDCE/C   n/a            0.550         6.666       6.116                finalize_conflict_cycles_reg[20]/C
Low Pulse Width   Slow    FDCE/C   n/a            0.275         3.333       3.058                clear_local_reg/C
Low Pulse Width   Fast    FDCE/C   n/a            0.275         3.333       3.058                clear_local_reg/C
Low Pulse Width   Slow    FDCE/C   n/a            0.275         3.333       3.058                clear_local_reg_rep/C
Low Pulse Width   Fast    FDCE/C   n/a            0.275         3.333       3.058                clear_local_reg_rep/C
Low Pulse Width   Slow    FDCE/C   n/a            0.275         3.333       3.058                clear_local_reg_rep__0/C
Low Pulse Width   Fast    FDCE/C   n/a            0.275         3.333       3.058                clear_local_reg_rep__0/C
Low Pulse Width   Slow    FDCE/C   n/a            0.275         3.333       3.058                clear_local_reg_rep__1/C
Low Pulse Width   Fast    FDCE/C   n/a            0.275         3.333       3.058                clear_local_reg_rep__1/C
Low Pulse Width   Slow    FDCE/C   n/a            0.275         3.333       3.058                clear_local_reg_rep__2/C
Low Pulse Width   Fast    FDCE/C   n/a            0.275         3.333       3.058                clear_local_reg_rep__2/C
Low Pulse Width   Slow    FDCE/C   n/a            0.275         3.333       3.058                clear_local_reg_rep__3/C
Low Pulse Width   Fast    FDCE/C   n/a            0.275         3.333       3.058                clear_local_reg_rep__3/C
Low Pulse Width   Slow    FDCE/C   n/a            0.275         3.333       3.058                clear_local_reg_rep__4/C
Low Pulse Width   Fast    FDCE/C   n/a            0.275         3.333       3.058                clear_local_reg_rep__4/C
Low Pulse Width   Slow    FDCE/C   n/a            0.275         3.333       3.058                finalize_conflict_cycles_reg[0]/C
Low Pulse Width   Fast    FDCE/C   n/a            0.275         3.333       3.058                finalize_conflict_cycles_reg[0]/C
Low Pulse Width   Slow    FDCE/C   n/a            0.275         3.333       3.058                finalize_conflict_cycles_reg[10]/C
Low Pulse Width   Fast    FDCE/C   n/a            0.275         3.333       3.058                finalize_conflict_cycles_reg[10]/C
Low Pulse Width   Slow    FDCE/C   n/a            0.275         3.333       3.058                finalize_conflict_cycles_reg[11]/C
Low Pulse Width   Fast    FDCE/C   n/a            0.275         3.333       3.058                finalize_conflict_cycles_reg[11]/C
High Pulse Width  Slow    FDCE/C   n/a            0.275         3.333       3.058                clear_local_reg/C
High Pulse Width  Fast    FDCE/C   n/a            0.275         3.333       3.058                clear_local_reg/C
High Pulse Width  Slow    FDCE/C   n/a            0.275         3.333       3.058                clear_local_reg_rep/C
High Pulse Width  Fast    FDCE/C   n/a            0.275         3.333       3.058                clear_local_reg_rep/C
High Pulse Width  Slow    FDCE/C   n/a            0.275         3.333       3.058                clear_local_reg_rep__0/C
High Pulse Width  Fast    FDCE/C   n/a            0.275         3.333       3.058                clear_local_reg_rep__0/C
High Pulse Width  Slow    FDCE/C   n/a            0.275         3.333       3.058                clear_local_reg_rep__1/C
High Pulse Width  Fast    FDCE/C   n/a            0.275         3.333       3.058                clear_local_reg_rep__1/C
High Pulse Width  Slow    FDCE/C   n/a            0.275         3.333       3.058                clear_local_reg_rep__2/C
High Pulse Width  Fast    FDCE/C   n/a            0.275         3.333       3.058                clear_local_reg_rep__2/C
High Pulse Width  Slow    FDCE/C   n/a            0.275         3.333       3.058                clear_local_reg_rep__3/C
High Pulse Width  Fast    FDCE/C   n/a            0.275         3.333       3.058                clear_local_reg_rep__3/C
High Pulse Width  Slow    FDCE/C   n/a            0.275         3.333       3.058                clear_local_reg_rep__4/C
High Pulse Width  Fast    FDCE/C   n/a            0.275         3.333       3.058                clear_local_reg_rep__4/C
High Pulse Width  Slow    FDCE/C   n/a            0.275         3.333       3.058                finalize_conflict_cycles_reg[0]/C
High Pulse Width  Fast    FDCE/C   n/a            0.275         3.333       3.058                finalize_conflict_cycles_reg[0]/C
High Pulse Width  Slow    FDCE/C   n/a            0.275         3.333       3.058                finalize_conflict_cycles_reg[10]/C
High Pulse Width  Fast    FDCE/C   n/a            0.275         3.333       3.058                finalize_conflict_cycles_reg[10]/C
High Pulse Width  Slow    FDCE/C   n/a            0.275         3.333       3.058                finalize_conflict_cycles_reg[11]/C
High Pulse Width  Fast    FDCE/C   n/a            0.275         3.333       3.058                finalize_conflict_cycles_reg[11]/C



---------------------------------------------------------------------------------------------------
Path Group:  **async_default**
From Clock:  core_clk
  To Clock:  core_clk

Setup :            0  Failing Endpoints,  Worst Slack        5.115ns,  Total Violation        0.000ns
Hold  :           NA  Failing Endpoints,  Worst Slack           NA  ,  Total Violation           NA
---------------------------------------------------------------------------------------------------


Max Delay Paths
--------------------------------------------------------------------------------------
Slack (MET) :             5.115ns  (required time - arrival time)
  Source:                 rst_n
                            (input port clocked by core_clk  {rise@0.000ns fall@3.333ns period=6.666ns})
  Destination:            u_stager/error_sticky_reg/CLR
                            (recovery check against rising-edge clock core_clk  {rise@0.000ns fall@3.333ns period=6.666ns})
  Path Group:             **async_default**
  Path Type:              Recovery (Max at Slow Process Corner)
  Requirement:            6.666ns  (core_clk rise@6.666ns - core_clk rise@0.000ns)
  Data Path Delay:        0.450ns  (logic 0.090ns (20.000%)  route 0.360ns (80.000%))
  Logic Levels:           1  (LUT3=1)
  Input Delay:            1.000ns
  Clock Uncertainty:      0.035ns  ((TSJ^2 + TIJ^2)^1/2 + DJ) / 2 + PE
    Total System Jitter     (TSJ):    0.071ns
    Total Input Jitter      (TIJ):    0.000ns
    Discrete Jitter          (DJ):    0.000ns
    Phase Error              (PE):    0.000ns

    Location             Delay type                Incr(ns)  Path(ns)    Netlist Resource(s)
  -------------------------------------------------------------------    -------------------
                         (clock core_clk rise edge)
                                                      0.000     0.000 r  
                         input delay                  1.000     1.000    
                                                      0.000     1.000 r  rst_n (IN)
                         net (fo=10, unset)           0.000     1.000    u_stager/rst_n
                         LUT3 (Prop_LUT3_I0_O)        0.090     1.090 f  u_stager/stage_weight_accept[63]_i_3/O
                         net (fo=514, unplaced)       0.360     1.450    u_stager/rows_begin0
                         FDCE                                         f  u_stager/error_sticky_reg/CLR
  -------------------------------------------------------------------    -------------------

                         (clock core_clk rise edge)
                                                      6.666     6.666 r  
                                                      0.000     6.666 r  clk (IN)
                         net (fo=16773, unset)        0.000     6.666    u_stager/clk
                         FDCE                                         r  u_stager/error_sticky_reg/C
                         clock pessimism              0.000     6.666    
                         clock uncertainty           -0.035     6.631    
                         FDCE (Recov_FDCE_C_CLR)     -0.066     6.565    u_stager/error_sticky_reg
  -------------------------------------------------------------------
                         required time                          6.565    
                         arrival time                          -1.450    
  -------------------------------------------------------------------
                         slack                                  5.115    

Slack (MET) :             5.115ns  (required time - arrival time)
  Source:                 rst_n
                            (input port clocked by core_clk  {rise@0.000ns fall@3.333ns period=6.666ns})
  Destination:            u_stager/numeric_error_count_reg[0]/CLR
                            (recovery check against rising-edge clock core_clk  {rise@0.000ns fall@3.333ns period=6.666ns})
  Path Group:             **async_default**
  Path Type:              Recovery (Max at Slow Process Corner)
  Requirement:            6.666ns  (core_clk rise@6.666ns - core_clk rise@0.000ns)
  Data Path Delay:        0.450ns  (logic 0.090ns (20.000%)  route 0.360ns (80.000%))
  Logic Levels:           1  (LUT3=1)
  Input Delay:            1.000ns
  Clock Uncertainty:      0.035ns  ((TSJ^2 + TIJ^2)^1/2 + DJ) / 2 + PE
    Total System Jitter     (TSJ):    0.071ns
    Total Input Jitter      (TIJ):    0.000ns
    Discrete Jitter          (DJ):    0.000ns
    Phase Error              (PE):    0.000ns

    Location             Delay type                Incr(ns)  Path(ns)    Netlist Resource(s)
  -------------------------------------------------------------------    -------------------
                         (clock core_clk rise edge)
                                                      0.000     0.000 r  
                         input delay                  1.000     1.000    
                                                      0.000     1.000 r  rst_n (IN)
                         net (fo=10, unset)           0.000     1.000    u_stager/rst_n
                         LUT3 (Prop_LUT3_I0_O)        0.090     1.090 f  u_stager/stage_weight_accept[63]_i_3/O
                         net (fo=514, unplaced)       0.360     1.450    u_stager/rows_begin0
                         FDCE                                         f  u_stager/numeric_error_count_reg[0]/CLR
  -------------------------------------------------------------------    -------------------

                         (clock core_clk rise edge)
                                                      6.666     6.666 r  
                                                      0.000     6.666 r  clk (IN)
                         net (fo=16773, unset)        0.000     6.666    u_stager/clk
                         FDCE                                         r  u_stager/numeric_error_count_reg[0]/C
                         clock pessimism              0.000     6.666    
                         clock uncertainty           -0.035     6.631    
                         FDCE (Recov_FDCE_C_CLR)     -0.066     6.565    u_stager/numeric_error_count_reg[0]
  -------------------------------------------------------------------
                         required time                          6.565    
                         arrival time                          -1.450    
  -------------------------------------------------------------------
                         slack                                  5.115    

Slack (MET) :             5.115ns  (required time - arrival time)
  Source:                 rst_n
                            (input port clocked by core_clk  {rise@0.000ns fall@3.333ns period=6.666ns})
  Destination:            u_stager/numeric_error_count_reg[10]/CLR
                            (recovery check against rising-edge clock core_clk  {rise@0.000ns fall@3.333ns period=6.666ns})
  Path Group:             **async_default**
  Path Type:              Recovery (Max at Slow Process Corner)
  Requirement:            6.666ns  (core_clk rise@6.666ns - core_clk rise@0.000ns)
  Data Path Delay:        0.450ns  (logic 0.090ns (20.000%)  route 0.360ns (80.000%))
  Logic Levels:           1  (LUT3=1)
  Input Delay:            1.000ns
  Clock Uncertainty:      0.035ns  ((TSJ^2 + TIJ^2)^1/2 + DJ) / 2 + PE
    Total System Jitter     (TSJ):    0.071ns
    Total Input Jitter      (TIJ):    0.000ns
    Discrete Jitter          (DJ):    0.000ns
    Phase Error              (PE):    0.000ns

    Location             Delay type                Incr(ns)  Path(ns)    Netlist Resource(s)
  -------------------------------------------------------------------    -------------------
                         (clock core_clk rise edge)
                                                      0.000     0.000 r  
                         input delay                  1.000     1.000    
                                                      0.000     1.000 r  rst_n (IN)
                         net (fo=10, unset)           0.000     1.000    u_stager/rst_n
                         LUT3 (Prop_LUT3_I0_O)        0.090     1.090 f  u_stager/stage_weight_accept[63]_i_3/O
                         net (fo=514, unplaced)       0.360     1.450    u_stager/rows_begin0
                         FDCE                                         f  u_stager/numeric_error_count_reg[10]/CLR
  -------------------------------------------------------------------    -------------------

                         (clock core_clk rise edge)
                                                      6.666     6.666 r  
                                                      0.000     6.666 r  clk (IN)
                         net (fo=16773, unset)        0.000     6.666    u_stager/clk
                         FDCE                                         r  u_stager/numeric_error_count_reg[10]/C
                         clock pessimism              0.000     6.666    
                         clock uncertainty           -0.035     6.631    
                         FDCE (Recov_FDCE_C_CLR)     -0.066     6.565    u_stager/numeric_error_count_reg[10]
  -------------------------------------------------------------------
                         required time                          6.565    
                         arrival time                          -1.450    
  -------------------------------------------------------------------
                         slack                                  5.115    

Slack (MET) :             5.115ns  (required time - arrival time)
  Source:                 rst_n
                            (input port clocked by core_clk  {rise@0.000ns fall@3.333ns period=6.666ns})
  Destination:            u_stager/numeric_error_count_reg[11]/CLR
                            (recovery check against rising-edge clock core_clk  {rise@0.000ns fall@3.333ns period=6.666ns})
  Path Group:             **async_default**
  Path Type:              Recovery (Max at Slow Process Corner)
  Requirement:            6.666ns  (core_clk rise@6.666ns - core_clk rise@0.000ns)
  Data Path Delay:        0.450ns  (logic 0.090ns (20.000%)  route 0.360ns (80.000%))
  Logic Levels:           1  (LUT3=1)
  Input Delay:            1.000ns
  Clock Uncertainty:      0.035ns  ((TSJ^2 + TIJ^2)^1/2 + DJ) / 2 + PE
    Total System Jitter     (TSJ):    0.071ns
    Total Input Jitter      (TIJ):    0.000ns
    Discrete Jitter          (DJ):    0.000ns
    Phase Error              (PE):    0.000ns

    Location             Delay type                Incr(ns)  Path(ns)    Netlist Resource(s)
  -------------------------------------------------------------------    -------------------
                         (clock core_clk rise edge)
                                                      0.000     0.000 r  
                         input delay                  1.000     1.000    
                                                      0.000     1.000 r  rst_n (IN)
                         net (fo=10, unset)           0.000     1.000    u_stager/rst_n
                         LUT3 (Prop_LUT3_I0_O)        0.090     1.090 f  u_stager/stage_weight_accept[63]_i_3/O
                         net (fo=514, unplaced)       0.360     1.450    u_stager/rows_begin0
                         FDCE                                         f  u_stager/numeric_error_count_reg[11]/CLR
  -------------------------------------------------------------------    -------------------

                         (clock core_clk rise edge)
                                                      6.666     6.666 r  
                                                      0.000     6.666 r  clk (IN)
                         net (fo=16773, unset)        0.000     6.666    u_stager/clk
                         FDCE                                         r  u_stager/numeric_error_count_reg[11]/C
                         clock pessimism              0.000     6.666    
                         clock uncertainty           -0.035     6.631    
                         FDCE (Recov_FDCE_C_CLR)     -0.066     6.565    u_stager/numeric_error_count_reg[11]
  -------------------------------------------------------------------
                         required time                          6.565    
                         arrival time                          -1.450    
  -------------------------------------------------------------------
                         slack                                  5.115    

Slack (MET) :             5.115ns  (required time - arrival time)
  Source:                 rst_n
                            (input port clocked by core_clk  {rise@0.000ns fall@3.333ns period=6.666ns})
  Destination:            u_stager/numeric_error_count_reg[12]/CLR
                            (recovery check against rising-edge clock core_clk  {rise@0.000ns fall@3.333ns period=6.666ns})
  Path Group:             **async_default**
  Path Type:              Recovery (Max at Slow Process Corner)
  Requirement:            6.666ns  (core_clk rise@6.666ns - core_clk rise@0.000ns)
  Data Path Delay:        0.450ns  (logic 0.090ns (20.000%)  route 0.360ns (80.000%))
  Logic Levels:           1  (LUT3=1)
  Input Delay:            1.000ns
  Clock Uncertainty:      0.035ns  ((TSJ^2 + TIJ^2)^1/2 + DJ) / 2 + PE
    Total System Jitter     (TSJ):    0.071ns
    Total Input Jitter      (TIJ):    0.000ns
    Discrete Jitter          (DJ):    0.000ns
    Phase Error              (PE):    0.000ns

    Location             Delay type                Incr(ns)  Path(ns)    Netlist Resource(s)
  -------------------------------------------------------------------    -------------------
                         (clock core_clk rise edge)
                                                      0.000     0.000 r  
                         input delay                  1.000     1.000    
                                                      0.000     1.000 r  rst_n (IN)
                         net (fo=10, unset)           0.000     1.000    u_stager/rst_n
                         LUT3 (Prop_LUT3_I0_O)        0.090     1.090 f  u_stager/stage_weight_accept[63]_i_3/O
                         net (fo=514, unplaced)       0.360     1.450    u_stager/rows_begin0
                         FDCE                                         f  u_stager/numeric_error_count_reg[12]/CLR
  -------------------------------------------------------------------    -------------------

                         (clock core_clk rise edge)
                                                      6.666     6.666 r  
                                                      0.000     6.666 r  clk (IN)
                         net (fo=16773, unset)        0.000     6.666    u_stager/clk
                         FDCE                                         r  u_stager/numeric_error_count_reg[12]/C
                         clock pessimism              0.000     6.666    
                         clock uncertainty           -0.035     6.631    
                         FDCE (Recov_FDCE_C_CLR)     -0.066     6.565    u_stager/numeric_error_count_reg[12]
  -------------------------------------------------------------------
                         required time                          6.565    
                         arrival time                          -1.450    
  -------------------------------------------------------------------
                         slack                                  5.115    

Slack (MET) :             5.115ns  (required time - arrival time)
  Source:                 rst_n
                            (input port clocked by core_clk  {rise@0.000ns fall@3.333ns period=6.666ns})
  Destination:            u_stager/numeric_error_count_reg[13]/CLR
                            (recovery check against rising-edge clock core_clk  {rise@0.000ns fall@3.333ns period=6.666ns})
  Path Group:             **async_default**
  Path Type:              Recovery (Max at Slow Process Corner)
  Requirement:            6.666ns  (core_clk rise@6.666ns - core_clk rise@0.000ns)
  Data Path Delay:        0.450ns  (logic 0.090ns (20.000%)  route 0.360ns (80.000%))
  Logic Levels:           1  (LUT3=1)
  Input Delay:            1.000ns
  Clock Uncertainty:      0.035ns  ((TSJ^2 + TIJ^2)^1/2 + DJ) / 2 + PE
    Total System Jitter     (TSJ):    0.071ns
    Total Input Jitter      (TIJ):    0.000ns
    Discrete Jitter          (DJ):    0.000ns
    Phase Error              (PE):    0.000ns

    Location             Delay type                Incr(ns)  Path(ns)    Netlist Resource(s)
  -------------------------------------------------------------------    -------------------
                         (clock core_clk rise edge)
                                                      0.000     0.000 r  
                         input delay                  1.000     1.000    
                                                      0.000     1.000 r  rst_n (IN)
                         net (fo=10, unset)           0.000     1.000    u_stager/rst_n
                         LUT3 (Prop_LUT3_I0_O)        0.090     1.090 f  u_stager/stage_weight_accept[63]_i_3/O
                         net (fo=514, unplaced)       0.360     1.450    u_stager/rows_begin0
                         FDCE                                         f  u_stager/numeric_error_count_reg[13]/CLR
  -------------------------------------------------------------------    -------------------

                         (clock core_clk rise edge)
                                                      6.666     6.666 r  
                                                      0.000     6.666 r  clk (IN)
                         net (fo=16773, unset)        0.000     6.666    u_stager/clk
                         FDCE                                         r  u_stager/numeric_error_count_reg[13]/C
                         clock pessimism              0.000     6.666    
                         clock uncertainty           -0.035     6.631    
                         FDCE (Recov_FDCE_C_CLR)     -0.066     6.565    u_stager/numeric_error_count_reg[13]
  -------------------------------------------------------------------
                         required time                          6.565    
                         arrival time                          -1.450    
  -------------------------------------------------------------------
                         slack                                  5.115    

Slack (MET) :             5.115ns  (required time - arrival time)
  Source:                 rst_n
                            (input port clocked by core_clk  {rise@0.000ns fall@3.333ns period=6.666ns})
  Destination:            u_stager/numeric_error_count_reg[14]/CLR
                            (recovery check against rising-edge clock core_clk  {rise@0.000ns fall@3.333ns period=6.666ns})
  Path Group:             **async_default**
  Path Type:              Recovery (Max at Slow Process Corner)
  Requirement:            6.666ns  (core_clk rise@6.666ns - core_clk rise@0.000ns)
  Data Path Delay:        0.450ns  (logic 0.090ns (20.000%)  route 0.360ns (80.000%))
  Logic Levels:           1  (LUT3=1)
  Input Delay:            1.000ns
  Clock Uncertainty:      0.035ns  ((TSJ^2 + TIJ^2)^1/2 + DJ) / 2 + PE
    Total System Jitter     (TSJ):    0.071ns
    Total Input Jitter      (TIJ):    0.000ns
    Discrete Jitter          (DJ):    0.000ns
    Phase Error              (PE):    0.000ns

    Location             Delay type                Incr(ns)  Path(ns)    Netlist Resource(s)
  -------------------------------------------------------------------    -------------------
                         (clock core_clk rise edge)
                                                      0.000     0.000 r  
                         input delay                  1.000     1.000    
                                                      0.000     1.000 r  rst_n (IN)
                         net (fo=10, unset)           0.000     1.000    u_stager/rst_n
                         LUT3 (Prop_LUT3_I0_O)        0.090     1.090 f  u_stager/stage_weight_accept[63]_i_3/O
                         net (fo=514, unplaced)       0.360     1.450    u_stager/rows_begin0
                         FDCE                                         f  u_stager/numeric_error_count_reg[14]/CLR
  -------------------------------------------------------------------    -------------------

                         (clock core_clk rise edge)
                                                      6.666     6.666 r  
                                                      0.000     6.666 r  clk (IN)
                         net (fo=16773, unset)        0.000     6.666    u_stager/clk
                         FDCE                                         r  u_stager/numeric_error_count_reg[14]/C
                         clock pessimism              0.000     6.666    
                         clock uncertainty           -0.035     6.631    
                         FDCE (Recov_FDCE_C_CLR)     -0.066     6.565    u_stager/numeric_error_count_reg[14]
  -------------------------------------------------------------------
                         required time                          6.565    
                         arrival time                          -1.450    
  -------------------------------------------------------------------
                         slack                                  5.115    

Slack (MET) :             5.115ns  (required time - arrival time)
  Source:                 rst_n
                            (input port clocked by core_clk  {rise@0.000ns fall@3.333ns period=6.666ns})
  Destination:            u_stager/numeric_error_count_reg[15]/CLR
                            (recovery check against rising-edge clock core_clk  {rise@0.000ns fall@3.333ns period=6.666ns})
  Path Group:             **async_default**
  Path Type:              Recovery (Max at Slow Process Corner)
  Requirement:            6.666ns  (core_clk rise@6.666ns - core_clk rise@0.000ns)
  Data Path Delay:        0.450ns  (logic 0.090ns (20.000%)  route 0.360ns (80.000%))
  Logic Levels:           1  (LUT3=1)
  Input Delay:            1.000ns
  Clock Uncertainty:      0.035ns  ((TSJ^2 + TIJ^2)^1/2 + DJ) / 2 + PE
    Total System Jitter     (TSJ):    0.071ns
    Total Input Jitter      (TIJ):    0.000ns
    Discrete Jitter          (DJ):    0.000ns
    Phase Error              (PE):    0.000ns

    Location             Delay type                Incr(ns)  Path(ns)    Netlist Resource(s)
  -------------------------------------------------------------------    -------------------
                         (clock core_clk rise edge)
                                                      0.000     0.000 r  
                         input delay                  1.000     1.000    
                                                      0.000     1.000 r  rst_n (IN)
                         net (fo=10, unset)           0.000     1.000    u_stager/rst_n
                         LUT3 (Prop_LUT3_I0_O)        0.090     1.090 f  u_stager/stage_weight_accept[63]_i_3/O
                         net (fo=514, unplaced)       0.360     1.450    u_stager/rows_begin0
                         FDCE                                         f  u_stager/numeric_error_count_reg[15]/CLR
  -------------------------------------------------------------------    -------------------

                         (clock core_clk rise edge)
                                                      6.666     6.666 r  
                                                      0.000     6.666 r  clk (IN)
                         net (fo=16773, unset)        0.000     6.666    u_stager/clk
                         FDCE                                         r  u_stager/numeric_error_count_reg[15]/C
                         clock pessimism              0.000     6.666    
                         clock uncertainty           -0.035     6.631    
                         FDCE (Recov_FDCE_C_CLR)     -0.066     6.565    u_stager/numeric_error_count_reg[15]
  -------------------------------------------------------------------
                         required time                          6.565    
                         arrival time                          -1.450    
  -------------------------------------------------------------------
                         slack                                  5.115    

Slack (MET) :             5.115ns  (required time - arrival time)
  Source:                 rst_n
                            (input port clocked by core_clk  {rise@0.000ns fall@3.333ns period=6.666ns})
  Destination:            u_stager/numeric_error_count_reg[16]/CLR
                            (recovery check against rising-edge clock core_clk  {rise@0.000ns fall@3.333ns period=6.666ns})
  Path Group:             **async_default**
  Path Type:              Recovery (Max at Slow Process Corner)
  Requirement:            6.666ns  (core_clk rise@6.666ns - core_clk rise@0.000ns)
  Data Path Delay:        0.450ns  (logic 0.090ns (20.000%)  route 0.360ns (80.000%))
  Logic Levels:           1  (LUT3=1)
  Input Delay:            1.000ns
  Clock Uncertainty:      0.035ns  ((TSJ^2 + TIJ^2)^1/2 + DJ) / 2 + PE
    Total System Jitter     (TSJ):    0.071ns
    Total Input Jitter      (TIJ):    0.000ns
    Discrete Jitter          (DJ):    0.000ns
    Phase Error              (PE):    0.000ns

    Location             Delay type                Incr(ns)  Path(ns)    Netlist Resource(s)
  -------------------------------------------------------------------    -------------------
                         (clock core_clk rise edge)
                                                      0.000     0.000 r  
                         input delay                  1.000     1.000    
                                                      0.000     1.000 r  rst_n (IN)
                         net (fo=10, unset)           0.000     1.000    u_stager/rst_n
                         LUT3 (Prop_LUT3_I0_O)        0.090     1.090 f  u_stager/stage_weight_accept[63]_i_3/O
                         net (fo=514, unplaced)       0.360     1.450    u_stager/rows_begin0
                         FDCE                                         f  u_stager/numeric_error_count_reg[16]/CLR
  -------------------------------------------------------------------    -------------------

                         (clock core_clk rise edge)
                                                      6.666     6.666 r  
                                                      0.000     6.666 r  clk (IN)
                         net (fo=16773, unset)        0.000     6.666    u_stager/clk
                         FDCE                                         r  u_stager/numeric_error_count_reg[16]/C
                         clock pessimism              0.000     6.666    
                         clock uncertainty           -0.035     6.631    
                         FDCE (Recov_FDCE_C_CLR)     -0.066     6.565    u_stager/numeric_error_count_reg[16]
  -------------------------------------------------------------------
                         required time                          6.565    
                         arrival time                          -1.450    
  -------------------------------------------------------------------
                         slack                                  5.115    

Slack (MET) :             5.115ns  (required time - arrival time)
  Source:                 rst_n
                            (input port clocked by core_clk  {rise@0.000ns fall@3.333ns period=6.666ns})
  Destination:            u_stager/numeric_error_count_reg[17]/CLR
                            (recovery check against rising-edge clock core_clk  {rise@0.000ns fall@3.333ns period=6.666ns})
  Path Group:             **async_default**
  Path Type:              Recovery (Max at Slow Process Corner)
  Requirement:            6.666ns  (core_clk rise@6.666ns - core_clk rise@0.000ns)
  Data Path Delay:        0.450ns  (logic 0.090ns (20.000%)  route 0.360ns (80.000%))
  Logic Levels:           1  (LUT3=1)
  Input Delay:            1.000ns
  Clock Uncertainty:      0.035ns  ((TSJ^2 + TIJ^2)^1/2 + DJ) / 2 + PE
    Total System Jitter     (TSJ):    0.071ns
    Total Input Jitter      (TIJ):    0.000ns
    Discrete Jitter          (DJ):    0.000ns
    Phase Error              (PE):    0.000ns

    Location             Delay type                Incr(ns)  Path(ns)    Netlist Resource(s)
  -------------------------------------------------------------------    -------------------
                         (clock core_clk rise edge)
                                                      0.000     0.000 r  
                         input delay                  1.000     1.000    
                                                      0.000     1.000 r  rst_n (IN)
                         net (fo=10, unset)           0.000     1.000    u_stager/rst_n
                         LUT3 (Prop_LUT3_I0_O)        0.090     1.090 f  u_stager/stage_weight_accept[63]_i_3/O
                         net (fo=514, unplaced)       0.360     1.450    u_stager/rows_begin0
                         FDCE                                         f  u_stager/numeric_error_count_reg[17]/CLR
  -------------------------------------------------------------------    -------------------

                         (clock core_clk rise edge)
                                                      6.666     6.666 r  
                                                      0.000     6.666 r  clk (IN)
                         net (fo=16773, unset)        0.000     6.666    u_stager/clk
                         FDCE                                         r  u_stager/numeric_error_count_reg[17]/C
                         clock pessimism              0.000     6.666    
                         clock uncertainty           -0.035     6.631    
                         FDCE (Recov_FDCE_C_CLR)     -0.066     6.565    u_stager/numeric_error_count_reg[17]
  -------------------------------------------------------------------
                         required time                          6.565    
                         arrival time                          -1.450    
  -------------------------------------------------------------------
                         slack                                  5.115    

Slack (MET) :             5.115ns  (required time - arrival time)
  Source:                 rst_n
                            (input port clocked by core_clk  {rise@0.000ns fall@3.333ns period=6.666ns})
  Destination:            u_stager/numeric_error_count_reg[18]/CLR
                            (recovery check against rising-edge clock core_clk  {rise@0.000ns fall@3.333ns period=6.666ns})
  Path Group:             **async_default**
  Path Type:              Recovery (Max at Slow Process Corner)
  Requirement:            6.666ns  (core_clk rise@6.666ns - core_clk rise@0.000ns)
  Data Path Delay:        0.450ns  (logic 0.090ns (20.000%)  route 0.360ns (80.000%))
  Logic Levels:           1  (LUT3=1)
  Input Delay:            1.000ns
  Clock Uncertainty:      0.035ns  ((TSJ^2 + TIJ^2)^1/2 + DJ) / 2 + PE
    Total System Jitter     (TSJ):    0.071ns
    Total Input Jitter      (TIJ):    0.000ns
    Discrete Jitter          (DJ):    0.000ns
    Phase Error              (PE):    0.000ns

    Location             Delay type                Incr(ns)  Path(ns)    Netlist Resource(s)
  -------------------------------------------------------------------    -------------------
                         (clock core_clk rise edge)
                                                      0.000     0.000 r  
                         input delay                  1.000     1.000    
                                                      0.000     1.000 r  rst_n (IN)
                         net (fo=10, unset)           0.000     1.000    u_stager/rst_n
                         LUT3 (Prop_LUT3_I0_O)        0.090     1.090 f  u_stager/stage_weight_accept[63]_i_3/O
                         net (fo=514, unplaced)       0.360     1.450    u_stager/rows_begin0
                         FDCE                                         f  u_stager/numeric_error_count_reg[18]/CLR
  -------------------------------------------------------------------    -------------------

                         (clock core_clk rise edge)
                                                      6.666     6.666 r  
                                                      0.000     6.666 r  clk (IN)
                         net (fo=16773, unset)        0.000     6.666    u_stager/clk
                         FDCE                                         r  u_stager/numeric_error_count_reg[18]/C
                         clock pessimism              0.000     6.666    
                         clock uncertainty           -0.035     6.631    
                         FDCE (Recov_FDCE_C_CLR)     -0.066     6.565    u_stager/numeric_error_count_reg[18]
  -------------------------------------------------------------------
                         required time                          6.565    
                         arrival time                          -1.450    
  -------------------------------------------------------------------
                         slack                                  5.115    

Slack (MET) :             5.115ns  (required time - arrival time)
  Source:                 rst_n
                            (input port clocked by core_clk  {rise@0.000ns fall@3.333ns period=6.666ns})
  Destination:            u_stager/numeric_error_count_reg[19]/CLR
                            (recovery check against rising-edge clock core_clk  {rise@0.000ns fall@3.333ns period=6.666ns})
  Path Group:             **async_default**
  Path Type:              Recovery (Max at Slow Process Corner)
  Requirement:            6.666ns  (core_clk rise@6.666ns - core_clk rise@0.000ns)
  Data Path Delay:        0.450ns  (logic 0.090ns (20.000%)  route 0.360ns (80.000%))
  Logic Levels:           1  (LUT3=1)
  Input Delay:            1.000ns
  Clock Uncertainty:      0.035ns  ((TSJ^2 + TIJ^2)^1/2 + DJ) / 2 + PE
    Total System Jitter     (TSJ):    0.071ns
    Total Input Jitter      (TIJ):    0.000ns
    Discrete Jitter          (DJ):    0.000ns
    Phase Error              (PE):    0.000ns

    Location             Delay type                Incr(ns)  Path(ns)    Netlist Resource(s)
  -------------------------------------------------------------------    -------------------
                         (clock core_clk rise edge)
                                                      0.000     0.000 r  
                         input delay                  1.000     1.000    
                                                      0.000     1.000 r  rst_n (IN)
                         net (fo=10, unset)           0.000     1.000    u_stager/rst_n
                         LUT3 (Prop_LUT3_I0_O)        0.090     1.090 f  u_stager/stage_weight_accept[63]_i_3/O
                         net (fo=514, unplaced)       0.360     1.450    u_stager/rows_begin0
                         FDCE                                         f  u_stager/numeric_error_count_reg[19]/CLR
  -------------------------------------------------------------------    -------------------

                         (clock core_clk rise edge)
                                                      6.666     6.666 r  
                                                      0.000     6.666 r  clk (IN)
                         net (fo=16773, unset)        0.000     6.666    u_stager/clk
                         FDCE                                         r  u_stager/numeric_error_count_reg[19]/C
                         clock pessimism              0.000     6.666    
                         clock uncertainty           -0.035     6.631    
                         FDCE (Recov_FDCE_C_CLR)     -0.066     6.565    u_stager/numeric_error_count_reg[19]
  -------------------------------------------------------------------
                         required time                          6.565    
                         arrival time                          -1.450    
  -------------------------------------------------------------------
                         slack                                  5.115    

Slack (MET) :             5.115ns  (required time - arrival time)
  Source:                 rst_n
                            (input port clocked by core_clk  {rise@0.000ns fall@3.333ns period=6.666ns})
  Destination:            u_stager/numeric_error_count_reg[1]/CLR
                            (recovery check against rising-edge clock core_clk  {rise@0.000ns fall@3.333ns period=6.666ns})
  Path Group:             **async_default**
  Path Type:              Recovery (Max at Slow Process Corner)
  Requirement:            6.666ns  (core_clk rise@6.666ns - core_clk rise@0.000ns)
  Data Path Delay:        0.450ns  (logic 0.090ns (20.000%)  route 0.360ns (80.000%))
  Logic Levels:           1  (LUT3=1)
  Input Delay:            1.000ns
  Clock Uncertainty:      0.035ns  ((TSJ^2 + TIJ^2)^1/2 + DJ) / 2 + PE
    Total System Jitter     (TSJ):    0.071ns
    Total Input Jitter      (TIJ):    0.000ns
    Discrete Jitter          (DJ):    0.000ns
    Phase Error              (PE):    0.000ns

    Location             Delay type                Incr(ns)  Path(ns)    Netlist Resource(s)
  -------------------------------------------------------------------    -------------------
                         (clock core_clk rise edge)
                                                      0.000     0.000 r  
                         input delay                  1.000     1.000    
                                                      0.000     1.000 r  rst_n (IN)
                         net (fo=10, unset)           0.000     1.000    u_stager/rst_n
                         LUT3 (Prop_LUT3_I0_O)        0.090     1.090 f  u_stager/stage_weight_accept[63]_i_3/O
                         net (fo=514, unplaced)       0.360     1.450    u_stager/rows_begin0
                         FDCE                                         f  u_stager/numeric_error_count_reg[1]/CLR
  -------------------------------------------------------------------    -------------------

                         (clock core_clk rise edge)
                                                      6.666     6.666 r  
                                                      0.000     6.666 r  clk (IN)
                         net (fo=16773, unset)        0.000     6.666    u_stager/clk
                         FDCE                                         r  u_stager/numeric_error_count_reg[1]/C
                         clock pessimism              0.000     6.666    
                         clock uncertainty           -0.035     6.631    
                         FDCE (Recov_FDCE_C_CLR)     -0.066     6.565    u_stager/numeric_error_count_reg[1]
  -------------------------------------------------------------------
                         required time                          6.565    
                         arrival time                          -1.450    
  -------------------------------------------------------------------
                         slack                                  5.115    

Slack (MET) :             5.115ns  (required time - arrival time)
  Source:                 rst_n
                            (input port clocked by core_clk  {rise@0.000ns fall@3.333ns period=6.666ns})
  Destination:            u_stager/numeric_error_count_reg[20]/CLR
                            (recovery check against rising-edge clock core_clk  {rise@0.000ns fall@3.333ns period=6.666ns})
  Path Group:             **async_default**
  Path Type:              Recovery (Max at Slow Process Corner)
  Requirement:            6.666ns  (core_clk rise@6.666ns - core_clk rise@0.000ns)
  Data Path Delay:        0.450ns  (logic 0.090ns (20.000%)  route 0.360ns (80.000%))
  Logic Levels:           1  (LUT3=1)
  Input Delay:            1.000ns
  Clock Uncertainty:      0.035ns  ((TSJ^2 + TIJ^2)^1/2 + DJ) / 2 + PE
    Total System Jitter     (TSJ):    0.071ns
    Total Input Jitter      (TIJ):    0.000ns
    Discrete Jitter          (DJ):    0.000ns
    Phase Error              (PE):    0.000ns

    Location             Delay type                Incr(ns)  Path(ns)    Netlist Resource(s)
  -------------------------------------------------------------------    -------------------
                         (clock core_clk rise edge)
                                                      0.000     0.000 r  
                         input delay                  1.000     1.000    
                                                      0.000     1.000 r  rst_n (IN)
                         net (fo=10, unset)           0.000     1.000    u_stager/rst_n
                         LUT3 (Prop_LUT3_I0_O)        0.090     1.090 f  u_stager/stage_weight_accept[63]_i_3/O
                         net (fo=514, unplaced)       0.360     1.450    u_stager/rows_begin0
                         FDCE                                         f  u_stager/numeric_error_count_reg[20]/CLR
  -------------------------------------------------------------------    -------------------

                         (clock core_clk rise edge)
                                                      6.666     6.666 r  
                                                      0.000     6.666 r  clk (IN)
                         net (fo=16773, unset)        0.000     6.666    u_stager/clk
                         FDCE                                         r  u_stager/numeric_error_count_reg[20]/C
                         clock pessimism              0.000     6.666    
                         clock uncertainty           -0.035     6.631    
                         FDCE (Recov_FDCE_C_CLR)     -0.066     6.565    u_stager/numeric_error_count_reg[20]
  -------------------------------------------------------------------
                         required time                          6.565    
                         arrival time                          -1.450    
  -------------------------------------------------------------------
                         slack                                  5.115    

Slack (MET) :             5.115ns  (required time - arrival time)
  Source:                 rst_n
                            (input port clocked by core_clk  {rise@0.000ns fall@3.333ns period=6.666ns})
  Destination:            u_stager/numeric_error_count_reg[21]/CLR
                            (recovery check against rising-edge clock core_clk  {rise@0.000ns fall@3.333ns period=6.666ns})
  Path Group:             **async_default**
  Path Type:              Recovery (Max at Slow Process Corner)
  Requirement:            6.666ns  (core_clk rise@6.666ns - core_clk rise@0.000ns)
  Data Path Delay:        0.450ns  (logic 0.090ns (20.000%)  route 0.360ns (80.000%))
  Logic Levels:           1  (LUT3=1)
  Input Delay:            1.000ns
  Clock Uncertainty:      0.035ns  ((TSJ^2 + TIJ^2)^1/2 + DJ) / 2 + PE
    Total System Jitter     (TSJ):    0.071ns
    Total Input Jitter      (TIJ):    0.000ns
    Discrete Jitter          (DJ):    0.000ns
    Phase Error              (PE):    0.000ns

    Location             Delay type                Incr(ns)  Path(ns)    Netlist Resource(s)
  -------------------------------------------------------------------    -------------------
                         (clock core_clk rise edge)
                                                      0.000     0.000 r  
                         input delay                  1.000     1.000    
                                                      0.000     1.000 r  rst_n (IN)
                         net (fo=10, unset)           0.000     1.000    u_stager/rst_n
                         LUT3 (Prop_LUT3_I0_O)        0.090     1.090 f  u_stager/stage_weight_accept[63]_i_3/O
                         net (fo=514, unplaced)       0.360     1.450    u_stager/rows_begin0
                         FDCE                                         f  u_stager/numeric_error_count_reg[21]/CLR
  -------------------------------------------------------------------    -------------------

                         (clock core_clk rise edge)
                                                      6.666     6.666 r  
                                                      0.000     6.666 r  clk (IN)
                         net (fo=16773, unset)        0.000     6.666    u_stager/clk
                         FDCE                                         r  u_stager/numeric_error_count_reg[21]/C
                         clock pessimism              0.000     6.666    
                         clock uncertainty           -0.035     6.631    
                         FDCE (Recov_FDCE_C_CLR)     -0.066     6.565    u_stager/numeric_error_count_reg[21]
  -------------------------------------------------------------------
                         required time                          6.565    
                         arrival time                          -1.450    
  -------------------------------------------------------------------
                         slack                                  5.115    

Slack (MET) :             5.115ns  (required time - arrival time)
  Source:                 rst_n
                            (input port clocked by core_clk  {rise@0.000ns fall@3.333ns period=6.666ns})
  Destination:            u_stager/numeric_error_count_reg[22]/CLR
                            (recovery check against rising-edge clock core_clk  {rise@0.000ns fall@3.333ns period=6.666ns})
  Path Group:             **async_default**
  Path Type:              Recovery (Max at Slow Process Corner)
  Requirement:            6.666ns  (core_clk rise@6.666ns - core_clk rise@0.000ns)
  Data Path Delay:        0.450ns  (logic 0.090ns (20.000%)  route 0.360ns (80.000%))
  Logic Levels:           1  (LUT3=1)
  Input Delay:            1.000ns
  Clock Uncertainty:      0.035ns  ((TSJ^2 + TIJ^2)^1/2 + DJ) / 2 + PE
    Total System Jitter     (TSJ):    0.071ns
    Total Input Jitter      (TIJ):    0.000ns
    Discrete Jitter          (DJ):    0.000ns
    Phase Error              (PE):    0.000ns

    Location             Delay type                Incr(ns)  Path(ns)    Netlist Resource(s)
  -------------------------------------------------------------------    -------------------
                         (clock core_clk rise edge)
                                                      0.000     0.000 r  
                         input delay                  1.000     1.000    
                                                      0.000     1.000 r  rst_n (IN)
                         net (fo=10, unset)           0.000     1.000    u_stager/rst_n
                         LUT3 (Prop_LUT3_I0_O)        0.090     1.090 f  u_stager/stage_weight_accept[63]_i_3/O
                         net (fo=514, unplaced)       0.360     1.450    u_stager/rows_begin0
                         FDCE                                         f  u_stager/numeric_error_count_reg[22]/CLR
  -------------------------------------------------------------------    -------------------

                         (clock core_clk rise edge)
                                                      6.666     6.666 r  
                                                      0.000     6.666 r  clk (IN)
                         net (fo=16773, unset)        0.000     6.666    u_stager/clk
                         FDCE                                         r  u_stager/numeric_error_count_reg[22]/C
                         clock pessimism              0.000     6.666    
                         clock uncertainty           -0.035     6.631    
                         FDCE (Recov_FDCE_C_CLR)     -0.066     6.565    u_stager/numeric_error_count_reg[22]
  -------------------------------------------------------------------
                         required time                          6.565    
                         arrival time                          -1.450    
  -------------------------------------------------------------------
                         slack                                  5.115    

Slack (MET) :             5.115ns  (required time - arrival time)
  Source:                 rst_n
                            (input port clocked by core_clk  {rise@0.000ns fall@3.333ns period=6.666ns})
  Destination:            u_stager/numeric_error_count_reg[23]/CLR
                            (recovery check against rising-edge clock core_clk  {rise@0.000ns fall@3.333ns period=6.666ns})
  Path Group:             **async_default**
  Path Type:              Recovery (Max at Slow Process Corner)
  Requirement:            6.666ns  (core_clk rise@6.666ns - core_clk rise@0.000ns)
  Data Path Delay:        0.450ns  (logic 0.090ns (20.000%)  route 0.360ns (80.000%))
  Logic Levels:           1  (LUT3=1)
  Input Delay:            1.000ns
  Clock Uncertainty:      0.035ns  ((TSJ^2 + TIJ^2)^1/2 + DJ) / 2 + PE
    Total System Jitter     (TSJ):    0.071ns
    Total Input Jitter      (TIJ):    0.000ns
    Discrete Jitter          (DJ):    0.000ns
    Phase Error              (PE):    0.000ns

    Location             Delay type                Incr(ns)  Path(ns)    Netlist Resource(s)
  -------------------------------------------------------------------    -------------------
                         (clock core_clk rise edge)
                                                      0.000     0.000 r  
                         input delay                  1.000     1.000    
                                                      0.000     1.000 r  rst_n (IN)
                         net (fo=10, unset)           0.000     1.000    u_stager/rst_n
                         LUT3 (Prop_LUT3_I0_O)        0.090     1.090 f  u_stager/stage_weight_accept[63]_i_3/O
                         net (fo=514, unplaced)       0.360     1.450    u_stager/rows_begin0
                         FDCE                                         f  u_stager/numeric_error_count_reg[23]/CLR
  -------------------------------------------------------------------    -------------------

                         (clock core_clk rise edge)
                                                      6.666     6.666 r  
                                                      0.000     6.666 r  clk (IN)
                         net (fo=16773, unset)        0.000     6.666    u_stager/clk
                         FDCE                                         r  u_stager/numeric_error_count_reg[23]/C
                         clock pessimism              0.000     6.666    
                         clock uncertainty           -0.035     6.631    
                         FDCE (Recov_FDCE_C_CLR)     -0.066     6.565    u_stager/numeric_error_count_reg[23]
  -------------------------------------------------------------------
                         required time                          6.565    
                         arrival time                          -1.450    
  -------------------------------------------------------------------
                         slack                                  5.115    

Slack (MET) :             5.115ns  (required time - arrival time)
  Source:                 rst_n
                            (input port clocked by core_clk  {rise@0.000ns fall@3.333ns period=6.666ns})
  Destination:            u_stager/numeric_error_count_reg[24]/CLR
                            (recovery check against rising-edge clock core_clk  {rise@0.000ns fall@3.333ns period=6.666ns})
  Path Group:             **async_default**
  Path Type:              Recovery (Max at Slow Process Corner)
  Requirement:            6.666ns  (core_clk rise@6.666ns - core_clk rise@0.000ns)
  Data Path Delay:        0.450ns  (logic 0.090ns (20.000%)  route 0.360ns (80.000%))
  Logic Levels:           1  (LUT3=1)
  Input Delay:            1.000ns
  Clock Uncertainty:      0.035ns  ((TSJ^2 + TIJ^2)^1/2 + DJ) / 2 + PE
    Total System Jitter     (TSJ):    0.071ns
    Total Input Jitter      (TIJ):    0.000ns
    Discrete Jitter          (DJ):    0.000ns
    Phase Error              (PE):    0.000ns

    Location             Delay type                Incr(ns)  Path(ns)    Netlist Resource(s)
  -------------------------------------------------------------------    -------------------
                         (clock core_clk rise edge)
                                                      0.000     0.000 r  
                         input delay                  1.000     1.000    
                                                      0.000     1.000 r  rst_n (IN)
                         net (fo=10, unset)           0.000     1.000    u_stager/rst_n
                         LUT3 (Prop_LUT3_I0_O)        0.090     1.090 f  u_stager/stage_weight_accept[63]_i_3/O
                         net (fo=514, unplaced)       0.360     1.450    u_stager/rows_begin0
                         FDCE                                         f  u_stager/numeric_error_count_reg[24]/CLR
  -------------------------------------------------------------------    -------------------

                         (clock core_clk rise edge)
                                                      6.666     6.666 r  
                                                      0.000     6.666 r  clk (IN)
                         net (fo=16773, unset)        0.000     6.666    u_stager/clk
                         FDCE                                         r  u_stager/numeric_error_count_reg[24]/C
                         clock pessimism              0.000     6.666    
                         clock uncertainty           -0.035     6.631    
                         FDCE (Recov_FDCE_C_CLR)     -0.066     6.565    u_stager/numeric_error_count_reg[24]
  -------------------------------------------------------------------
                         required time                          6.565    
                         arrival time                          -1.450    
  -------------------------------------------------------------------
                         slack                                  5.115    

Slack (MET) :             5.115ns  (required time - arrival time)
  Source:                 rst_n
                            (input port clocked by core_clk  {rise@0.000ns fall@3.333ns period=6.666ns})
  Destination:            u_stager/numeric_error_count_reg[25]/CLR
                            (recovery check against rising-edge clock core_clk  {rise@0.000ns fall@3.333ns period=6.666ns})
  Path Group:             **async_default**
  Path Type:              Recovery (Max at Slow Process Corner)
  Requirement:            6.666ns  (core_clk rise@6.666ns - core_clk rise@0.000ns)
  Data Path Delay:        0.450ns  (logic 0.090ns (20.000%)  route 0.360ns (80.000%))
  Logic Levels:           1  (LUT3=1)
  Input Delay:            1.000ns
  Clock Uncertainty:      0.035ns  ((TSJ^2 + TIJ^2)^1/2 + DJ) / 2 + PE
    Total System Jitter     (TSJ):    0.071ns
    Total Input Jitter      (TIJ):    0.000ns
    Discrete Jitter          (DJ):    0.000ns
    Phase Error              (PE):    0.000ns

    Location             Delay type                Incr(ns)  Path(ns)    Netlist Resource(s)
  -------------------------------------------------------------------    -------------------
                         (clock core_clk rise edge)
                                                      0.000     0.000 r  
                         input delay                  1.000     1.000    
                                                      0.000     1.000 r  rst_n (IN)
                         net (fo=10, unset)           0.000     1.000    u_stager/rst_n
                         LUT3 (Prop_LUT3_I0_O)        0.090     1.090 f  u_stager/stage_weight_accept[63]_i_3/O
                         net (fo=514, unplaced)       0.360     1.450    u_stager/rows_begin0
                         FDCE                                         f  u_stager/numeric_error_count_reg[25]/CLR
  -------------------------------------------------------------------    -------------------

                         (clock core_clk rise edge)
                                                      6.666     6.666 r  
                                                      0.000     6.666 r  clk (IN)
                         net (fo=16773, unset)        0.000     6.666    u_stager/clk
                         FDCE                                         r  u_stager/numeric_error_count_reg[25]/C
                         clock pessimism              0.000     6.666    
                         clock uncertainty           -0.035     6.631    
                         FDCE (Recov_FDCE_C_CLR)     -0.066     6.565    u_stager/numeric_error_count_reg[25]
  -------------------------------------------------------------------
                         required time                          6.565    
                         arrival time                          -1.450    
  -------------------------------------------------------------------
                         slack                                  5.115    

Slack (MET) :             5.115ns  (required time - arrival time)
  Source:                 rst_n
                            (input port clocked by core_clk  {rise@0.000ns fall@3.333ns period=6.666ns})
  Destination:            u_stager/numeric_error_count_reg[26]/CLR
                            (recovery check against rising-edge clock core_clk  {rise@0.000ns fall@3.333ns period=6.666ns})
  Path Group:             **async_default**
  Path Type:              Recovery (Max at Slow Process Corner)
  Requirement:            6.666ns  (core_clk rise@6.666ns - core_clk rise@0.000ns)
  Data Path Delay:        0.450ns  (logic 0.090ns (20.000%)  route 0.360ns (80.000%))
  Logic Levels:           1  (LUT3=1)
  Input Delay:            1.000ns
  Clock Uncertainty:      0.035ns  ((TSJ^2 + TIJ^2)^1/2 + DJ) / 2 + PE
    Total System Jitter     (TSJ):    0.071ns
    Total Input Jitter      (TIJ):    0.000ns
    Discrete Jitter          (DJ):    0.000ns
    Phase Error              (PE):    0.000ns

    Location             Delay type                Incr(ns)  Path(ns)    Netlist Resource(s)
  -------------------------------------------------------------------    -------------------
                         (clock core_clk rise edge)
                                                      0.000     0.000 r  
                         input delay                  1.000     1.000    
                                                      0.000     1.000 r  rst_n (IN)
                         net (fo=10, unset)           0.000     1.000    u_stager/rst_n
                         LUT3 (Prop_LUT3_I0_O)        0.090     1.090 f  u_stager/stage_weight_accept[63]_i_3/O
                         net (fo=514, unplaced)       0.360     1.450    u_stager/rows_begin0
                         FDCE                                         f  u_stager/numeric_error_count_reg[26]/CLR
  -------------------------------------------------------------------    -------------------

                         (clock core_clk rise edge)
                                                      6.666     6.666 r  
                                                      0.000     6.666 r  clk (IN)
                         net (fo=16773, unset)        0.000     6.666    u_stager/clk
                         FDCE                                         r  u_stager/numeric_error_count_reg[26]/C
                         clock pessimism              0.000     6.666    
                         clock uncertainty           -0.035     6.631    
                         FDCE (Recov_FDCE_C_CLR)     -0.066     6.565    u_stager/numeric_error_count_reg[26]
  -------------------------------------------------------------------
                         required time                          6.565    
                         arrival time                          -1.450    
  -------------------------------------------------------------------
                         slack                                  5.115    





