Copyright 1986-2022 Xilinx, Inc. All Rights Reserved. Copyright 2022-2025 Advanced Micro Devices, Inc. All Rights Reserved.
--------------------------------------------------------------------------------------------------------------------------------------------------------
| Tool Version : Vivado v.2025.2 (win64) Build 6299465 Fri Nov 14 19:35:11 GMT 2025
| Date         : Sun Sep 13 17:38:00 2026
| Host         : zhangxuanhao running 64-bit major release  (build 9200)
| Command      : report_utilization -hierarchical -file C:/Users/zhangxuanhao/AppData/Local/Temp/a_frontend_vivado_853f7cee/ooc_results/utilization.rpt
| Design       : cats_r4_compute_frontend
| Device       : xczu15eg-ffvb1156-2-i
| Speed File   : -2
| Design State : Synthesized
--------------------------------------------------------------------------------------------------------------------------------------------------------

Utilization Design Information

Table of Contents
-----------------
1. Utilization by Hierarchy

1. Utilization by Hierarchy
---------------------------

+-----------------------------------------------------------+----------------------------------------------------+------------+------------+---------+------+-------+--------+--------+------+------------+
|                          Instance                         |                       Module                       | Total LUTs | Logic LUTs | LUTRAMs | SRLs |  FFs  | RAMB36 | RAMB18 | URAM | DSP Blocks |
+-----------------------------------------------------------+----------------------------------------------------+------------+------------+---------+------+-------+--------+--------+------+------------+
| cats_r4_compute_frontend                                  |                                              (top) |      28552 |      26272 |     936 | 1344 | 60265 |      0 |      0 |    0 |        192 |
|   (cats_r4_compute_frontend)                              |                                              (top) |         18 |         18 |       0 |    0 |    93 |      0 |      0 |    0 |          0 |
|   GEN_CLUSTER[0].u_engine                                 |                           cats_r4_qk_32lane_engine |      20510 |      18710 |     936 |  864 | 46329 |      0 |      0 |    0 |        128 |
|     (GEN_CLUSTER[0].u_engine)                             |                           cats_r4_qk_32lane_engine |        666 |         38 |     628 |    0 |  1131 |      0 |      0 |    0 |          0 |
|     u_fp32_service                                        |                     cats_r4_qk_32lane_fp32_service |      18672 |      17808 |       0 |  864 | 44070 |      0 |      0 |    0 |        128 |
|       (u_fp32_service)                                    |                     cats_r4_qk_32lane_fp32_service |       6032 |       6032 |       0 |    0 | 19270 |      0 |      0 |    0 |          0 |
|       GEN_FP_LANE[0].u_add                                |                             fp32_add_ip__xdcDup__1 |        241 |        229 |       0 |   12 |   460 |      0 |      0 |    0 |          2 |
|         u_fp_add                                          |                                   floating_point_1 |        241 |        229 |       0 |   12 |   460 |      0 |      0 |    0 |          2 |
|           U0                                              |            floating_point_1_floating_point_v7_1_21 |        241 |        229 |       0 |   12 |   460 |      0 |      0 |    0 |          2 |
|             i_synth                                       |        floating_point_1_floating_point_v7_1_21_viv |        241 |        229 |       0 |   12 |   460 |      0 |      0 |    0 |          2 |
|               need_combiner.use_2to1.skid_buffer_combiner |                    floating_point_1_axi_slave_2to1 |         75 |         75 |       0 |    0 |   135 |      0 |      0 |    0 |          0 |
|               ADDSUB_OP.ADDSUB                            |                           floating_point_1_flt_add |        164 |        152 |       0 |   12 |   313 |      0 |      0 |    0 |          2 |
|                 DSP.OP                                    |                       floating_point_1_flt_add_dsp |        164 |        152 |       0 |   12 |   313 |      0 |      0 |    0 |          2 |
|                   DSP48E1_BODY.ALIGN_ADD                  |             floating_point_1_align_add_dsp48e1_sgl |         13 |         12 |       0 |    1 |    73 |      0 |      0 |    0 |          1 |
|                   DSP48E1_BODY.EXP                        |                    floating_point_1_flt_add_exp_sp |         69 |         58 |       0 |   11 |    92 |      0 |      0 |    0 |          0 |
|                   DSP48E1_BODY.NORM_RND                   |        floating_point_1_norm_and_round_dsp48e1_sgl |         36 |         36 |       0 |    0 |    70 |      0 |      0 |    0 |          1 |
|       GEN_FP_LANE[0].u_mul                                |                             fp32_mul_ip__xdcDup__1 |        154 |        139 |       0 |   15 |   315 |      0 |      0 |    0 |          2 |
|         GEN_MUL0.u_fp_mul                                 |                                   floating_point_0 |        154 |        139 |       0 |   15 |   315 |      0 |      0 |    0 |          2 |
|           U0                                              |            floating_point_0_floating_point_v7_1_21 |        154 |        139 |       0 |   15 |   315 |      0 |      0 |    0 |          2 |
|             i_synth                                       |        floating_point_0_floating_point_v7_1_21_viv |        154 |        139 |       0 |   15 |   315 |      0 |      0 |    0 |          2 |
|               need_combiner.use_2to1.skid_buffer_combiner |                    floating_point_0_axi_slave_2to1 |         59 |         59 |       0 |    0 |   135 |      0 |      0 |    0 |          0 |
|               MULT.OP                                     |                          floating_point_0_flt_mult |         93 |         78 |       0 |   15 |   171 |      0 |      0 |    0 |          2 |
|                 i_non_prim.EXP                            |                      floating_point_0_flt_mult_exp |         55 |         48 |       0 |    7 |    48 |      0 |      0 |    0 |          0 |
|                 i_non_prim.R_AND_R                        |                    floating_point_0_flt_mult_round |         22 |         14 |       0 |    8 |    62 |      0 |      0 |    0 |          0 |
|                   LOGIC.R_AND_R                           |            floating_point_0_renorm_and_round_logic |         22 |         14 |       0 |    8 |    62 |      0 |      0 |    0 |          0 |
|       GEN_FP_LANE[10].u_add                               |                            fp32_add_ip__xdcDup__11 |        241 |        229 |       0 |   12 |   460 |      0 |      0 |    0 |          2 |
|         u_fp_add                                          |                            floating_point_1_HD5543 |        241 |        229 |       0 |   12 |   460 |      0 |      0 |    0 |          2 |
|           U0                                              |     floating_point_1_floating_point_v7_1_21_HD5544 |        241 |        229 |       0 |   12 |   460 |      0 |      0 |    0 |          2 |
|             i_synth                                       | floating_point_1_floating_point_v7_1_21_viv_HD5545 |        241 |        229 |       0 |   12 |   460 |      0 |      0 |    0 |          2 |
|               need_combiner.use_2to1.skid_buffer_combiner |             floating_point_1_axi_slave_2to1_HD5648 |         75 |         75 |       0 |    0 |   135 |      0 |      0 |    0 |          0 |
|               ADDSUB_OP.ADDSUB                            |                    floating_point_1_flt_add_HD5546 |        164 |        152 |       0 |   12 |   313 |      0 |      0 |    0 |          2 |
|                 DSP.OP                                    |                floating_point_1_flt_add_dsp_HD5547 |        164 |        152 |       0 |   12 |   313 |      0 |      0 |    0 |          2 |
|                   DSP48E1_BODY.ALIGN_ADD                  |      floating_point_1_align_add_dsp48e1_sgl_HD5552 |         13 |         12 |       0 |    1 |    73 |      0 |      0 |    0 |          1 |
|                   DSP48E1_BODY.EXP                        |             floating_point_1_flt_add_exp_sp_HD5571 |         69 |         58 |       0 |   11 |    92 |      0 |      0 |    0 |          0 |
|                   DSP48E1_BODY.NORM_RND                   | floating_point_1_norm_and_round_dsp48e1_sgl_HD5625 |         36 |         36 |       0 |    0 |    70 |      0 |      0 |    0 |          1 |
|       GEN_FP_LANE[10].u_mul                               |                            fp32_mul_ip__xdcDup__11 |        154 |        139 |       0 |   15 |   315 |      0 |      0 |    0 |          2 |
|         GEN_MUL0.u_fp_mul                                 |                            floating_point_0_HD2319 |        154 |        139 |       0 |   15 |   315 |      0 |      0 |    0 |          2 |
|           U0                                              |     floating_point_0_floating_point_v7_1_21_HD2320 |        154 |        139 |       0 |   15 |   315 |      0 |      0 |    0 |          2 |
|             i_synth                                       | floating_point_0_floating_point_v7_1_21_viv_HD2321 |        154 |        139 |       0 |   15 |   315 |      0 |      0 |    0 |          2 |
|               need_combiner.use_2to1.skid_buffer_combiner |             floating_point_0_axi_slave_2to1_HD2393 |         59 |         59 |       0 |    0 |   135 |      0 |      0 |    0 |          0 |
|               MULT.OP                                     |                   floating_point_0_flt_mult_HD2322 |         93 |         78 |       0 |   15 |   171 |      0 |      0 |    0 |          2 |
|                 i_non_prim.EXP                            |               floating_point_0_flt_mult_exp_HD2323 |         55 |         48 |       0 |    7 |    48 |      0 |      0 |    0 |          0 |
|                 i_non_prim.R_AND_R                        |             floating_point_0_flt_mult_round_HD2371 |         22 |         14 |       0 |    8 |    62 |      0 |      0 |    0 |          0 |
|                   LOGIC.R_AND_R                           |     floating_point_0_renorm_and_round_logic_HD2372 |         22 |         14 |       0 |    8 |    62 |      0 |      0 |    0 |          0 |
|       GEN_FP_LANE[11].u_add                               |                            fp32_add_ip__xdcDup__12 |        241 |        229 |       0 |   12 |   460 |      0 |      0 |    0 |          2 |
|         u_fp_add                                          |                            floating_point_1_HD3317 |        241 |        229 |       0 |   12 |   460 |      0 |      0 |    0 |          2 |
|           U0                                              |     floating_point_1_floating_point_v7_1_21_HD3318 |        241 |        229 |       0 |   12 |   460 |      0 |      0 |    0 |          2 |
|             i_synth                                       | floating_point_1_floating_point_v7_1_21_viv_HD3319 |        241 |        229 |       0 |   12 |   460 |      0 |      0 |    0 |          2 |
|               need_combiner.use_2to1.skid_buffer_combiner |             floating_point_1_axi_slave_2to1_HD3422 |         75 |         75 |       0 |    0 |   135 |      0 |      0 |    0 |          0 |
|               ADDSUB_OP.ADDSUB                            |                    floating_point_1_flt_add_HD3320 |        164 |        152 |       0 |   12 |   313 |      0 |      0 |    0 |          2 |
|                 DSP.OP                                    |                floating_point_1_flt_add_dsp_HD3321 |        164 |        152 |       0 |   12 |   313 |      0 |      0 |    0 |          2 |
|                   DSP48E1_BODY.ALIGN_ADD                  |      floating_point_1_align_add_dsp48e1_sgl_HD3326 |         13 |         12 |       0 |    1 |    73 |      0 |      0 |    0 |          1 |
|                   DSP48E1_BODY.EXP                        |             floating_point_1_flt_add_exp_sp_HD3345 |         69 |         58 |       0 |   11 |    92 |      0 |      0 |    0 |          0 |
|                   DSP48E1_BODY.NORM_RND                   | floating_point_1_norm_and_round_dsp48e1_sgl_HD3399 |         36 |         36 |       0 |    0 |    70 |      0 |      0 |    0 |          1 |
|       GEN_FP_LANE[11].u_mul                               |                            fp32_mul_ip__xdcDup__12 |        154 |        139 |       0 |   15 |   315 |      0 |      0 |    0 |          2 |
|         GEN_MUL0.u_fp_mul                                 |                             floating_point_0_HD744 |        154 |        139 |       0 |   15 |   315 |      0 |      0 |    0 |          2 |
|           U0                                              |      floating_point_0_floating_point_v7_1_21_HD745 |        154 |        139 |       0 |   15 |   315 |      0 |      0 |    0 |          2 |
|             i_synth                                       |  floating_point_0_floating_point_v7_1_21_viv_HD746 |        154 |        139 |       0 |   15 |   315 |      0 |      0 |    0 |          2 |
|               need_combiner.use_2to1.skid_buffer_combiner |              floating_point_0_axi_slave_2to1_HD818 |         59 |         59 |       0 |    0 |   135 |      0 |      0 |    0 |          0 |
|               MULT.OP                                     |                    floating_point_0_flt_mult_HD747 |         93 |         78 |       0 |   15 |   171 |      0 |      0 |    0 |          2 |
|                 i_non_prim.EXP                            |                floating_point_0_flt_mult_exp_HD748 |         55 |         48 |       0 |    7 |    48 |      0 |      0 |    0 |          0 |
|                 i_non_prim.R_AND_R                        |              floating_point_0_flt_mult_round_HD796 |         22 |         14 |       0 |    8 |    62 |      0 |      0 |    0 |          0 |
|                   LOGIC.R_AND_R                           |      floating_point_0_renorm_and_round_logic_HD797 |         22 |         14 |       0 |    8 |    62 |      0 |      0 |    0 |          0 |
|       GEN_FP_LANE[12].u_add                               |                            fp32_add_ip__xdcDup__13 |        241 |        229 |       0 |   12 |   460 |      0 |      0 |    0 |          2 |
|         u_fp_add                                          |                            floating_point_1_HD3423 |        241 |        229 |       0 |   12 |   460 |      0 |      0 |    0 |          2 |
|           U0                                              |     floating_point_1_floating_point_v7_1_21_HD3424 |        241 |        229 |       0 |   12 |   460 |      0 |      0 |    0 |          2 |
|             i_synth                                       | floating_point_1_floating_point_v7_1_21_viv_HD3425 |        241 |        229 |       0 |   12 |   460 |      0 |      0 |    0 |          2 |
|               need_combiner.use_2to1.skid_buffer_combiner |             floating_point_1_axi_slave_2to1_HD3528 |         75 |         75 |       0 |    0 |   135 |      0 |      0 |    0 |          0 |
|               ADDSUB_OP.ADDSUB                            |                    floating_point_1_flt_add_HD3426 |        164 |        152 |       0 |   12 |   313 |      0 |      0 |    0 |          2 |
|                 DSP.OP                                    |                floating_point_1_flt_add_dsp_HD3427 |        164 |        152 |       0 |   12 |   313 |      0 |      0 |    0 |          2 |
|                   DSP48E1_BODY.ALIGN_ADD                  |      floating_point_1_align_add_dsp48e1_sgl_HD3432 |         13 |         12 |       0 |    1 |    73 |      0 |      0 |    0 |          1 |
|                   DSP48E1_BODY.EXP                        |             floating_point_1_flt_add_exp_sp_HD3451 |         69 |         58 |       0 |   11 |    92 |      0 |      0 |    0 |          0 |
|                   DSP48E1_BODY.NORM_RND                   | floating_point_1_norm_and_round_dsp48e1_sgl_HD3505 |         36 |         36 |       0 |    0 |    70 |      0 |      0 |    0 |          1 |
|       GEN_FP_LANE[12].u_mul                               |                            fp32_mul_ip__xdcDup__13 |        154 |        139 |       0 |   15 |   315 |      0 |      0 |    0 |          2 |
|         GEN_MUL0.u_fp_mul                                 |                             floating_point_0_HD819 |        154 |        139 |       0 |   15 |   315 |      0 |      0 |    0 |          2 |
|           U0                                              |      floating_point_0_floating_point_v7_1_21_HD820 |        154 |        139 |       0 |   15 |   315 |      0 |      0 |    0 |          2 |
|             i_synth                                       |  floating_point_0_floating_point_v7_1_21_viv_HD821 |        154 |        139 |       0 |   15 |   315 |      0 |      0 |    0 |          2 |
|               need_combiner.use_2to1.skid_buffer_combiner |              floating_point_0_axi_slave_2to1_HD893 |         59 |         59 |       0 |    0 |   135 |      0 |      0 |    0 |          0 |
|               MULT.OP                                     |                    floating_point_0_flt_mult_HD822 |         93 |         78 |       0 |   15 |   171 |      0 |      0 |    0 |          2 |
|                 i_non_prim.EXP                            |                floating_point_0_flt_mult_exp_HD823 |         55 |         48 |       0 |    7 |    48 |      0 |      0 |    0 |          0 |
|                 i_non_prim.R_AND_R                        |              floating_point_0_flt_mult_round_HD871 |         22 |         14 |       0 |    8 |    62 |      0 |      0 |    0 |          0 |
|                   LOGIC.R_AND_R                           |      floating_point_0_renorm_and_round_logic_HD872 |         22 |         14 |       0 |    8 |    62 |      0 |      0 |    0 |          0 |
|       GEN_FP_LANE[13].u_add                               |                            fp32_add_ip__xdcDup__14 |        241 |        229 |       0 |   12 |   460 |      0 |      0 |    0 |          2 |
|         u_fp_add                                          |                            floating_point_1_HD3529 |        241 |        229 |       0 |   12 |   460 |      0 |      0 |    0 |          2 |
|           U0                                              |     floating_point_1_floating_point_v7_1_21_HD3530 |        241 |        229 |       0 |   12 |   460 |      0 |      0 |    0 |          2 |
|             i_synth                                       | floating_point_1_floating_point_v7_1_21_viv_HD3531 |        241 |        229 |       0 |   12 |   460 |      0 |      0 |    0 |          2 |
|               need_combiner.use_2to1.skid_buffer_combiner |             floating_point_1_axi_slave_2to1_HD3634 |         75 |         75 |       0 |    0 |   135 |      0 |      0 |    0 |          0 |
|               ADDSUB_OP.ADDSUB                            |                    floating_point_1_flt_add_HD3532 |        164 |        152 |       0 |   12 |   313 |      0 |      0 |    0 |          2 |
|                 DSP.OP                                    |                floating_point_1_flt_add_dsp_HD3533 |        164 |        152 |       0 |   12 |   313 |      0 |      0 |    0 |          2 |
|                   DSP48E1_BODY.ALIGN_ADD                  |      floating_point_1_align_add_dsp48e1_sgl_HD3538 |         13 |         12 |       0 |    1 |    73 |      0 |      0 |    0 |          1 |
|                   DSP48E1_BODY.EXP                        |             floating_point_1_flt_add_exp_sp_HD3557 |         69 |         58 |       0 |   11 |    92 |      0 |      0 |    0 |          0 |
|                   DSP48E1_BODY.NORM_RND                   | floating_point_1_norm_and_round_dsp48e1_sgl_HD3611 |         36 |         36 |       0 |    0 |    70 |      0 |      0 |    0 |          1 |
|       GEN_FP_LANE[13].u_mul                               |                            fp32_mul_ip__xdcDup__14 |        154 |        139 |       0 |   15 |   315 |      0 |      0 |    0 |          2 |
|         GEN_MUL0.u_fp_mul                                 |                             floating_point_0_HD894 |        154 |        139 |       0 |   15 |   315 |      0 |      0 |    0 |          2 |
|           U0                                              |      floating_point_0_floating_point_v7_1_21_HD895 |        154 |        139 |       0 |   15 |   315 |      0 |      0 |    0 |          2 |
|             i_synth                                       |  floating_point_0_floating_point_v7_1_21_viv_HD896 |        154 |        139 |       0 |   15 |   315 |      0 |      0 |    0 |          2 |
|               need_combiner.use_2to1.skid_buffer_combiner |              floating_point_0_axi_slave_2to1_HD968 |         59 |         59 |       0 |    0 |   135 |      0 |      0 |    0 |          0 |
|               MULT.OP                                     |                    floating_point_0_flt_mult_HD897 |         93 |         78 |       0 |   15 |   171 |      0 |      0 |    0 |          2 |
|                 i_non_prim.EXP                            |                floating_point_0_flt_mult_exp_HD898 |         55 |         48 |       0 |    7 |    48 |      0 |      0 |    0 |          0 |
|                 i_non_prim.R_AND_R                        |              floating_point_0_flt_mult_round_HD946 |         22 |         14 |       0 |    8 |    62 |      0 |      0 |    0 |          0 |
|                   LOGIC.R_AND_R                           |      floating_point_0_renorm_and_round_logic_HD947 |         22 |         14 |       0 |    8 |    62 |      0 |      0 |    0 |          0 |
|       GEN_FP_LANE[14].u_add                               |                            fp32_add_ip__xdcDup__15 |        241 |        229 |       0 |   12 |   460 |      0 |      0 |    0 |          2 |
|         u_fp_add                                          |                            floating_point_1_HD3635 |        241 |        229 |       0 |   12 |   460 |      0 |      0 |    0 |          2 |
|           U0                                              |     floating_point_1_floating_point_v7_1_21_HD3636 |        241 |        229 |       0 |   12 |   460 |      0 |      0 |    0 |          2 |
|             i_synth                                       | floating_point_1_floating_point_v7_1_21_viv_HD3637 |        241 |        229 |       0 |   12 |   460 |      0 |      0 |    0 |          2 |
|               need_combiner.use_2to1.skid_buffer_combiner |             floating_point_1_axi_slave_2to1_HD3740 |         75 |         75 |       0 |    0 |   135 |      0 |      0 |    0 |          0 |
|               ADDSUB_OP.ADDSUB                            |                    floating_point_1_flt_add_HD3638 |        164 |        152 |       0 |   12 |   313 |      0 |      0 |    0 |          2 |
|                 DSP.OP                                    |                floating_point_1_flt_add_dsp_HD3639 |        164 |        152 |       0 |   12 |   313 |      0 |      0 |    0 |          2 |
|                   DSP48E1_BODY.ALIGN_ADD                  |      floating_point_1_align_add_dsp48e1_sgl_HD3644 |         13 |         12 |       0 |    1 |    73 |      0 |      0 |    0 |          1 |
|                   DSP48E1_BODY.EXP                        |             floating_point_1_flt_add_exp_sp_HD3663 |         69 |         58 |       0 |   11 |    92 |      0 |      0 |    0 |          0 |
|                   DSP48E1_BODY.NORM_RND                   | floating_point_1_norm_and_round_dsp48e1_sgl_HD3717 |         36 |         36 |       0 |    0 |    70 |      0 |      0 |    0 |          1 |
|       GEN_FP_LANE[14].u_mul                               |                            fp32_mul_ip__xdcDup__15 |        154 |        139 |       0 |   15 |   315 |      0 |      0 |    0 |          2 |
|         GEN_MUL0.u_fp_mul                                 |                             floating_point_0_HD969 |        154 |        139 |       0 |   15 |   315 |      0 |      0 |    0 |          2 |
|           U0                                              |      floating_point_0_floating_point_v7_1_21_HD970 |        154 |        139 |       0 |   15 |   315 |      0 |      0 |    0 |          2 |
|             i_synth                                       |  floating_point_0_floating_point_v7_1_21_viv_HD971 |        154 |        139 |       0 |   15 |   315 |      0 |      0 |    0 |          2 |
|               need_combiner.use_2to1.skid_buffer_combiner |             floating_point_0_axi_slave_2to1_HD1043 |         59 |         59 |       0 |    0 |   135 |      0 |      0 |    0 |          0 |
|               MULT.OP                                     |                    floating_point_0_flt_mult_HD972 |         93 |         78 |       0 |   15 |   171 |      0 |      0 |    0 |          2 |
|                 i_non_prim.EXP                            |                floating_point_0_flt_mult_exp_HD973 |         55 |         48 |       0 |    7 |    48 |      0 |      0 |    0 |          0 |
|                 i_non_prim.R_AND_R                        |             floating_point_0_flt_mult_round_HD1021 |         22 |         14 |       0 |    8 |    62 |      0 |      0 |    0 |          0 |
|                   LOGIC.R_AND_R                           |     floating_point_0_renorm_and_round_logic_HD1022 |         22 |         14 |       0 |    8 |    62 |      0 |      0 |    0 |          0 |
|       GEN_FP_LANE[15].u_add                               |                            fp32_add_ip__xdcDup__16 |        241 |        229 |       0 |   12 |   460 |      0 |      0 |    0 |          2 |
|         u_fp_add                                          |                            floating_point_1_HD5437 |        241 |        229 |       0 |   12 |   460 |      0 |      0 |    0 |          2 |
|           U0                                              |     floating_point_1_floating_point_v7_1_21_HD5438 |        241 |        229 |       0 |   12 |   460 |      0 |      0 |    0 |          2 |
|             i_synth                                       | floating_point_1_floating_point_v7_1_21_viv_HD5439 |        241 |        229 |       0 |   12 |   460 |      0 |      0 |    0 |          2 |
|               need_combiner.use_2to1.skid_buffer_combiner |             floating_point_1_axi_slave_2to1_HD5542 |         75 |         75 |       0 |    0 |   135 |      0 |      0 |    0 |          0 |
|               ADDSUB_OP.ADDSUB                            |                    floating_point_1_flt_add_HD5440 |        164 |        152 |       0 |   12 |   313 |      0 |      0 |    0 |          2 |
|                 DSP.OP                                    |                floating_point_1_flt_add_dsp_HD5441 |        164 |        152 |       0 |   12 |   313 |      0 |      0 |    0 |          2 |
|                   DSP48E1_BODY.ALIGN_ADD                  |      floating_point_1_align_add_dsp48e1_sgl_HD5446 |         13 |         12 |       0 |    1 |    73 |      0 |      0 |    0 |          1 |
|                   DSP48E1_BODY.EXP                        |             floating_point_1_flt_add_exp_sp_HD5465 |         69 |         58 |       0 |   11 |    92 |      0 |      0 |    0 |          0 |
|                   DSP48E1_BODY.NORM_RND                   | floating_point_1_norm_and_round_dsp48e1_sgl_HD5519 |         36 |         36 |       0 |    0 |    70 |      0 |      0 |    0 |          1 |
|       GEN_FP_LANE[15].u_mul                               |                            fp32_mul_ip__xdcDup__16 |        154 |        139 |       0 |   15 |   315 |      0 |      0 |    0 |          2 |
|         GEN_MUL0.u_fp_mul                                 |                            floating_point_0_HD2244 |        154 |        139 |       0 |   15 |   315 |      0 |      0 |    0 |          2 |
|           U0                                              |     floating_point_0_floating_point_v7_1_21_HD2245 |        154 |        139 |       0 |   15 |   315 |      0 |      0 |    0 |          2 |
|             i_synth                                       | floating_point_0_floating_point_v7_1_21_viv_HD2246 |        154 |        139 |       0 |   15 |   315 |      0 |      0 |    0 |          2 |
|               need_combiner.use_2to1.skid_buffer_combiner |             floating_point_0_axi_slave_2to1_HD2318 |         59 |         59 |       0 |    0 |   135 |      0 |      0 |    0 |          0 |
|               MULT.OP                                     |                   floating_point_0_flt_mult_HD2247 |         93 |         78 |       0 |   15 |   171 |      0 |      0 |    0 |          2 |
|                 i_non_prim.EXP                            |               floating_point_0_flt_mult_exp_HD2248 |         55 |         48 |       0 |    7 |    48 |      0 |      0 |    0 |          0 |
|                 i_non_prim.R_AND_R                        |             floating_point_0_flt_mult_round_HD2296 |         22 |         14 |       0 |    8 |    62 |      0 |      0 |    0 |          0 |
|                   LOGIC.R_AND_R                           |     floating_point_0_renorm_and_round_logic_HD2297 |         22 |         14 |       0 |    8 |    62 |      0 |      0 |    0 |          0 |
|       GEN_FP_LANE[16].u_add                               |                            fp32_add_ip__xdcDup__17 |        241 |        229 |       0 |   12 |   460 |      0 |      0 |    0 |          2 |
|         u_fp_add                                          |                            floating_point_1_HD5331 |        241 |        229 |       0 |   12 |   460 |      0 |      0 |    0 |          2 |
|           U0                                              |     floating_point_1_floating_point_v7_1_21_HD5332 |        241 |        229 |       0 |   12 |   460 |      0 |      0 |    0 |          2 |
|             i_synth                                       | floating_point_1_floating_point_v7_1_21_viv_HD5333 |        241 |        229 |       0 |   12 |   460 |      0 |      0 |    0 |          2 |
|               need_combiner.use_2to1.skid_buffer_combiner |             floating_point_1_axi_slave_2to1_HD5436 |         75 |         75 |       0 |    0 |   135 |      0 |      0 |    0 |          0 |
|               ADDSUB_OP.ADDSUB                            |                    floating_point_1_flt_add_HD5334 |        164 |        152 |       0 |   12 |   313 |      0 |      0 |    0 |          2 |
|                 DSP.OP                                    |                floating_point_1_flt_add_dsp_HD5335 |        164 |        152 |       0 |   12 |   313 |      0 |      0 |    0 |          2 |
|                   DSP48E1_BODY.ALIGN_ADD                  |      floating_point_1_align_add_dsp48e1_sgl_HD5340 |         13 |         12 |       0 |    1 |    73 |      0 |      0 |    0 |          1 |
|                   DSP48E1_BODY.EXP                        |             floating_point_1_flt_add_exp_sp_HD5359 |         69 |         58 |       0 |   11 |    92 |      0 |      0 |    0 |          0 |
|                   DSP48E1_BODY.NORM_RND                   | floating_point_1_norm_and_round_dsp48e1_sgl_HD5413 |         36 |         36 |       0 |    0 |    70 |      0 |      0 |    0 |          1 |
|       GEN_FP_LANE[16].u_mul                               |                            fp32_mul_ip__xdcDup__17 |        154 |        139 |       0 |   15 |   315 |      0 |      0 |    0 |          2 |
|         GEN_MUL0.u_fp_mul                                 |                            floating_point_0_HD2169 |        154 |        139 |       0 |   15 |   315 |      0 |      0 |    0 |          2 |
|           U0                                              |     floating_point_0_floating_point_v7_1_21_HD2170 |        154 |        139 |       0 |   15 |   315 |      0 |      0 |    0 |          2 |
|             i_synth                                       | floating_point_0_floating_point_v7_1_21_viv_HD2171 |        154 |        139 |       0 |   15 |   315 |      0 |      0 |    0 |          2 |
|               need_combiner.use_2to1.skid_buffer_combiner |             floating_point_0_axi_slave_2to1_HD2243 |         59 |         59 |       0 |    0 |   135 |      0 |      0 |    0 |          0 |
|               MULT.OP                                     |                   floating_point_0_flt_mult_HD2172 |         93 |         78 |       0 |   15 |   171 |      0 |      0 |    0 |          2 |
|                 i_non_prim.EXP                            |               floating_point_0_flt_mult_exp_HD2173 |         55 |         48 |       0 |    7 |    48 |      0 |      0 |    0 |          0 |
|                 i_non_prim.R_AND_R                        |             floating_point_0_flt_mult_round_HD2221 |         22 |         14 |       0 |    8 |    62 |      0 |      0 |    0 |          0 |
|                   LOGIC.R_AND_R                           |     floating_point_0_renorm_and_round_logic_HD2222 |         22 |         14 |       0 |    8 |    62 |      0 |      0 |    0 |          0 |
|       GEN_FP_LANE[17].u_add                               |                            fp32_add_ip__xdcDup__18 |        241 |        229 |       0 |   12 |   460 |      0 |      0 |    0 |          2 |
|         u_fp_add                                          |                            floating_point_1_HD3741 |        241 |        229 |       0 |   12 |   460 |      0 |      0 |    0 |          2 |
|           U0                                              |     floating_point_1_floating_point_v7_1_21_HD3742 |        241 |        229 |       0 |   12 |   460 |      0 |      0 |    0 |          2 |
|             i_synth                                       | floating_point_1_floating_point_v7_1_21_viv_HD3743 |        241 |        229 |       0 |   12 |   460 |      0 |      0 |    0 |          2 |
|               need_combiner.use_2to1.skid_buffer_combiner |             floating_point_1_axi_slave_2to1_HD3846 |         75 |         75 |       0 |    0 |   135 |      0 |      0 |    0 |          0 |
|               ADDSUB_OP.ADDSUB                            |                    floating_point_1_flt_add_HD3744 |        164 |        152 |       0 |   12 |   313 |      0 |      0 |    0 |          2 |
|                 DSP.OP                                    |                floating_point_1_flt_add_dsp_HD3745 |        164 |        152 |       0 |   12 |   313 |      0 |      0 |    0 |          2 |
|                   DSP48E1_BODY.ALIGN_ADD                  |      floating_point_1_align_add_dsp48e1_sgl_HD3750 |         13 |         12 |       0 |    1 |    73 |      0 |      0 |    0 |          1 |
|                   DSP48E1_BODY.EXP                        |             floating_point_1_flt_add_exp_sp_HD3769 |         69 |         58 |       0 |   11 |    92 |      0 |      0 |    0 |          0 |
|                   DSP48E1_BODY.NORM_RND                   | floating_point_1_norm_and_round_dsp48e1_sgl_HD3823 |         36 |         36 |       0 |    0 |    70 |      0 |      0 |    0 |          1 |
|       GEN_FP_LANE[17].u_mul                               |                            fp32_mul_ip__xdcDup__18 |        154 |        139 |       0 |   15 |   315 |      0 |      0 |    0 |          2 |
|         GEN_MUL0.u_fp_mul                                 |                            floating_point_0_HD1044 |        154 |        139 |       0 |   15 |   315 |      0 |      0 |    0 |          2 |
|           U0                                              |     floating_point_0_floating_point_v7_1_21_HD1045 |        154 |        139 |       0 |   15 |   315 |      0 |      0 |    0 |          2 |
|             i_synth                                       | floating_point_0_floating_point_v7_1_21_viv_HD1046 |        154 |        139 |       0 |   15 |   315 |      0 |      0 |    0 |          2 |
|               need_combiner.use_2to1.skid_buffer_combiner |             floating_point_0_axi_slave_2to1_HD1118 |         59 |         59 |       0 |    0 |   135 |      0 |      0 |    0 |          0 |
|               MULT.OP                                     |                   floating_point_0_flt_mult_HD1047 |         93 |         78 |       0 |   15 |   171 |      0 |      0 |    0 |          2 |
|                 i_non_prim.EXP                            |               floating_point_0_flt_mult_exp_HD1048 |         55 |         48 |       0 |    7 |    48 |      0 |      0 |    0 |          0 |
|                 i_non_prim.R_AND_R                        |             floating_point_0_flt_mult_round_HD1096 |         22 |         14 |       0 |    8 |    62 |      0 |      0 |    0 |          0 |
|                   LOGIC.R_AND_R                           |     floating_point_0_renorm_and_round_logic_HD1097 |         22 |         14 |       0 |    8 |    62 |      0 |      0 |    0 |          0 |
|       GEN_FP_LANE[18].u_add                               |                            fp32_add_ip__xdcDup__19 |        241 |        229 |       0 |   12 |   460 |      0 |      0 |    0 |          2 |
|         u_fp_add                                          |                            floating_point_1_HD3847 |        241 |        229 |       0 |   12 |   460 |      0 |      0 |    0 |          2 |
|           U0                                              |     floating_point_1_floating_point_v7_1_21_HD3848 |        241 |        229 |       0 |   12 |   460 |      0 |      0 |    0 |          2 |
|             i_synth                                       | floating_point_1_floating_point_v7_1_21_viv_HD3849 |        241 |        229 |       0 |   12 |   460 |      0 |      0 |    0 |          2 |
|               need_combiner.use_2to1.skid_buffer_combiner |             floating_point_1_axi_slave_2to1_HD3952 |         75 |         75 |       0 |    0 |   135 |      0 |      0 |    0 |          0 |
|               ADDSUB_OP.ADDSUB                            |                    floating_point_1_flt_add_HD3850 |        164 |        152 |       0 |   12 |   313 |      0 |      0 |    0 |          2 |
|                 DSP.OP                                    |                floating_point_1_flt_add_dsp_HD3851 |        164 |        152 |       0 |   12 |   313 |      0 |      0 |    0 |          2 |
|                   DSP48E1_BODY.ALIGN_ADD                  |      floating_point_1_align_add_dsp48e1_sgl_HD3856 |         13 |         12 |       0 |    1 |    73 |      0 |      0 |    0 |          1 |
|                   DSP48E1_BODY.EXP                        |             floating_point_1_flt_add_exp_sp_HD3875 |         69 |         58 |       0 |   11 |    92 |      0 |      0 |    0 |          0 |
|                   DSP48E1_BODY.NORM_RND                   | floating_point_1_norm_and_round_dsp48e1_sgl_HD3929 |         36 |         36 |       0 |    0 |    70 |      0 |      0 |    0 |          1 |
|       GEN_FP_LANE[18].u_mul                               |                            fp32_mul_ip__xdcDup__19 |        154 |        139 |       0 |   15 |   315 |      0 |      0 |    0 |          2 |
|         GEN_MUL0.u_fp_mul                                 |                            floating_point_0_HD1119 |        154 |        139 |       0 |   15 |   315 |      0 |      0 |    0 |          2 |
|           U0                                              |     floating_point_0_floating_point_v7_1_21_HD1120 |        154 |        139 |       0 |   15 |   315 |      0 |      0 |    0 |          2 |
|             i_synth                                       | floating_point_0_floating_point_v7_1_21_viv_HD1121 |        154 |        139 |       0 |   15 |   315 |      0 |      0 |    0 |          2 |
|               need_combiner.use_2to1.skid_buffer_combiner |             floating_point_0_axi_slave_2to1_HD1193 |         59 |         59 |       0 |    0 |   135 |      0 |      0 |    0 |          0 |
|               MULT.OP                                     |                   floating_point_0_flt_mult_HD1122 |         93 |         78 |       0 |   15 |   171 |      0 |      0 |    0 |          2 |
|                 i_non_prim.EXP                            |               floating_point_0_flt_mult_exp_HD1123 |         55 |         48 |       0 |    7 |    48 |      0 |      0 |    0 |          0 |
|                 i_non_prim.R_AND_R                        |             floating_point_0_flt_mult_round_HD1171 |         22 |         14 |       0 |    8 |    62 |      0 |      0 |    0 |          0 |
|                   LOGIC.R_AND_R                           |     floating_point_0_renorm_and_round_logic_HD1172 |         22 |         14 |       0 |    8 |    62 |      0 |      0 |    0 |          0 |
|       GEN_FP_LANE[19].u_add                               |                            fp32_add_ip__xdcDup__20 |        241 |        229 |       0 |   12 |   460 |      0 |      0 |    0 |          2 |
|         u_fp_add                                          |                            floating_point_1_HD3953 |        241 |        229 |       0 |   12 |   460 |      0 |      0 |    0 |          2 |
|           U0                                              |     floating_point_1_floating_point_v7_1_21_HD3954 |        241 |        229 |       0 |   12 |   460 |      0 |      0 |    0 |          2 |
|             i_synth                                       | floating_point_1_floating_point_v7_1_21_viv_HD3955 |        241 |        229 |       0 |   12 |   460 |      0 |      0 |    0 |          2 |
|               need_combiner.use_2to1.skid_buffer_combiner |             floating_point_1_axi_slave_2to1_HD4058 |         75 |         75 |       0 |    0 |   135 |      0 |      0 |    0 |          0 |
|               ADDSUB_OP.ADDSUB                            |                    floating_point_1_flt_add_HD3956 |        164 |        152 |       0 |   12 |   313 |      0 |      0 |    0 |          2 |
|                 DSP.OP                                    |                floating_point_1_flt_add_dsp_HD3957 |        164 |        152 |       0 |   12 |   313 |      0 |      0 |    0 |          2 |
|                   DSP48E1_BODY.ALIGN_ADD                  |      floating_point_1_align_add_dsp48e1_sgl_HD3962 |         13 |         12 |       0 |    1 |    73 |      0 |      0 |    0 |          1 |
|                   DSP48E1_BODY.EXP                        |             floating_point_1_flt_add_exp_sp_HD3981 |         69 |         58 |       0 |   11 |    92 |      0 |      0 |    0 |          0 |
|                   DSP48E1_BODY.NORM_RND                   | floating_point_1_norm_and_round_dsp48e1_sgl_HD4035 |         36 |         36 |       0 |    0 |    70 |      0 |      0 |    0 |          1 |
|       GEN_FP_LANE[19].u_mul                               |                            fp32_mul_ip__xdcDup__20 |        154 |        139 |       0 |   15 |   315 |      0 |      0 |    0 |          2 |
|         GEN_MUL0.u_fp_mul                                 |                            floating_point_0_HD1194 |        154 |        139 |       0 |   15 |   315 |      0 |      0 |    0 |          2 |
|           U0                                              |     floating_point_0_floating_point_v7_1_21_HD1195 |        154 |        139 |       0 |   15 |   315 |      0 |      0 |    0 |          2 |
|             i_synth                                       | floating_point_0_floating_point_v7_1_21_viv_HD1196 |        154 |        139 |       0 |   15 |   315 |      0 |      0 |    0 |          2 |
|               need_combiner.use_2to1.skid_buffer_combiner |             floating_point_0_axi_slave_2to1_HD1268 |         59 |         59 |       0 |    0 |   135 |      0 |      0 |    0 |          0 |
|               MULT.OP                                     |                   floating_point_0_flt_mult_HD1197 |         93 |         78 |       0 |   15 |   171 |      0 |      0 |    0 |          2 |
|                 i_non_prim.EXP                            |               floating_point_0_flt_mult_exp_HD1198 |         55 |         48 |       0 |    7 |    48 |      0 |      0 |    0 |          0 |
|                 i_non_prim.R_AND_R                        |             floating_point_0_flt_mult_round_HD1246 |         22 |         14 |       0 |    8 |    62 |      0 |      0 |    0 |          0 |
|                   LOGIC.R_AND_R                           |     floating_point_0_renorm_and_round_logic_HD1247 |         22 |         14 |       0 |    8 |    62 |      0 |      0 |    0 |          0 |
|       GEN_FP_LANE[1].u_add                                |                             fp32_add_ip__xdcDup__2 |        241 |        229 |       0 |   12 |   460 |      0 |      0 |    0 |          2 |
|         u_fp_add                                          |                            floating_point_1_HD2575 |        241 |        229 |       0 |   12 |   460 |      0 |      0 |    0 |          2 |
|           U0                                              |     floating_point_1_floating_point_v7_1_21_HD2576 |        241 |        229 |       0 |   12 |   460 |      0 |      0 |    0 |          2 |
|             i_synth                                       | floating_point_1_floating_point_v7_1_21_viv_HD2577 |        241 |        229 |       0 |   12 |   460 |      0 |      0 |    0 |          2 |
|               need_combiner.use_2to1.skid_buffer_combiner |             floating_point_1_axi_slave_2to1_HD2680 |         75 |         75 |       0 |    0 |   135 |      0 |      0 |    0 |          0 |
|               ADDSUB_OP.ADDSUB                            |                    floating_point_1_flt_add_HD2578 |        164 |        152 |       0 |   12 |   313 |      0 |      0 |    0 |          2 |
|                 DSP.OP                                    |                floating_point_1_flt_add_dsp_HD2579 |        164 |        152 |       0 |   12 |   313 |      0 |      0 |    0 |          2 |
|                   DSP48E1_BODY.ALIGN_ADD                  |      floating_point_1_align_add_dsp48e1_sgl_HD2584 |         13 |         12 |       0 |    1 |    73 |      0 |      0 |    0 |          1 |
|                   DSP48E1_BODY.EXP                        |             floating_point_1_flt_add_exp_sp_HD2603 |         69 |         58 |       0 |   11 |    92 |      0 |      0 |    0 |          0 |
|                   DSP48E1_BODY.NORM_RND                   | floating_point_1_norm_and_round_dsp48e1_sgl_HD2657 |         36 |         36 |       0 |    0 |    70 |      0 |      0 |    0 |          1 |
|       GEN_FP_LANE[1].u_mul                                |                             fp32_mul_ip__xdcDup__2 |        154 |        139 |       0 |   15 |   315 |      0 |      0 |    0 |          2 |
|         GEN_MUL0.u_fp_mul                                 |                             floating_point_0_HD219 |        154 |        139 |       0 |   15 |   315 |      0 |      0 |    0 |          2 |
|           U0                                              |      floating_point_0_floating_point_v7_1_21_HD220 |        154 |        139 |       0 |   15 |   315 |      0 |      0 |    0 |          2 |
|             i_synth                                       |  floating_point_0_floating_point_v7_1_21_viv_HD221 |        154 |        139 |       0 |   15 |   315 |      0 |      0 |    0 |          2 |
|               need_combiner.use_2to1.skid_buffer_combiner |              floating_point_0_axi_slave_2to1_HD293 |         59 |         59 |       0 |    0 |   135 |      0 |      0 |    0 |          0 |
|               MULT.OP                                     |                    floating_point_0_flt_mult_HD222 |         93 |         78 |       0 |   15 |   171 |      0 |      0 |    0 |          2 |
|                 i_non_prim.EXP                            |                floating_point_0_flt_mult_exp_HD223 |         55 |         48 |       0 |    7 |    48 |      0 |      0 |    0 |          0 |
|                 i_non_prim.R_AND_R                        |              floating_point_0_flt_mult_round_HD271 |         22 |         14 |       0 |    8 |    62 |      0 |      0 |    0 |          0 |
|                   LOGIC.R_AND_R                           |      floating_point_0_renorm_and_round_logic_HD272 |         22 |         14 |       0 |    8 |    62 |      0 |      0 |    0 |          0 |
|       GEN_FP_LANE[20].u_add                               |                            fp32_add_ip__xdcDup__21 |        241 |        229 |       0 |   12 |   460 |      0 |      0 |    0 |          2 |
|         u_fp_add                                          |                            floating_point_1_HD4059 |        241 |        229 |       0 |   12 |   460 |      0 |      0 |    0 |          2 |
|           U0                                              |     floating_point_1_floating_point_v7_1_21_HD4060 |        241 |        229 |       0 |   12 |   460 |      0 |      0 |    0 |          2 |
|             i_synth                                       | floating_point_1_floating_point_v7_1_21_viv_HD4061 |        241 |        229 |       0 |   12 |   460 |      0 |      0 |    0 |          2 |
|               need_combiner.use_2to1.skid_buffer_combiner |             floating_point_1_axi_slave_2to1_HD4164 |         75 |         75 |       0 |    0 |   135 |      0 |      0 |    0 |          0 |
|               ADDSUB_OP.ADDSUB                            |                    floating_point_1_flt_add_HD4062 |        164 |        152 |       0 |   12 |   313 |      0 |      0 |    0 |          2 |
|                 DSP.OP                                    |                floating_point_1_flt_add_dsp_HD4063 |        164 |        152 |       0 |   12 |   313 |      0 |      0 |    0 |          2 |
|                   DSP48E1_BODY.ALIGN_ADD                  |      floating_point_1_align_add_dsp48e1_sgl_HD4068 |         13 |         12 |       0 |    1 |    73 |      0 |      0 |    0 |          1 |
|                   DSP48E1_BODY.EXP                        |             floating_point_1_flt_add_exp_sp_HD4087 |         69 |         58 |       0 |   11 |    92 |      0 |      0 |    0 |          0 |
|                   DSP48E1_BODY.NORM_RND                   | floating_point_1_norm_and_round_dsp48e1_sgl_HD4141 |         36 |         36 |       0 |    0 |    70 |      0 |      0 |    0 |          1 |
|       GEN_FP_LANE[20].u_mul                               |                            fp32_mul_ip__xdcDup__21 |        154 |        139 |       0 |   15 |   315 |      0 |      0 |    0 |          2 |
|         GEN_MUL0.u_fp_mul                                 |                            floating_point_0_HD1269 |        154 |        139 |       0 |   15 |   315 |      0 |      0 |    0 |          2 |
|           U0                                              |     floating_point_0_floating_point_v7_1_21_HD1270 |        154 |        139 |       0 |   15 |   315 |      0 |      0 |    0 |          2 |
|             i_synth                                       | floating_point_0_floating_point_v7_1_21_viv_HD1271 |        154 |        139 |       0 |   15 |   315 |      0 |      0 |    0 |          2 |
|               need_combiner.use_2to1.skid_buffer_combiner |             floating_point_0_axi_slave_2to1_HD1343 |         59 |         59 |       0 |    0 |   135 |      0 |      0 |    0 |          0 |
|               MULT.OP                                     |                   floating_point_0_flt_mult_HD1272 |         93 |         78 |       0 |   15 |   171 |      0 |      0 |    0 |          2 |
|                 i_non_prim.EXP                            |               floating_point_0_flt_mult_exp_HD1273 |         55 |         48 |       0 |    7 |    48 |      0 |      0 |    0 |          0 |
|                 i_non_prim.R_AND_R                        |             floating_point_0_flt_mult_round_HD1321 |         22 |         14 |       0 |    8 |    62 |      0 |      0 |    0 |          0 |
|                   LOGIC.R_AND_R                           |     floating_point_0_renorm_and_round_logic_HD1322 |         22 |         14 |       0 |    8 |    62 |      0 |      0 |    0 |          0 |
|       GEN_FP_LANE[21].u_add                               |                            fp32_add_ip__xdcDup__22 |        241 |        229 |       0 |   12 |   460 |      0 |      0 |    0 |          2 |
|         u_fp_add                                          |                            floating_point_1_HD5225 |        241 |        229 |       0 |   12 |   460 |      0 |      0 |    0 |          2 |
|           U0                                              |     floating_point_1_floating_point_v7_1_21_HD5226 |        241 |        229 |       0 |   12 |   460 |      0 |      0 |    0 |          2 |
|             i_synth                                       | floating_point_1_floating_point_v7_1_21_viv_HD5227 |        241 |        229 |       0 |   12 |   460 |      0 |      0 |    0 |          2 |
|               need_combiner.use_2to1.skid_buffer_combiner |             floating_point_1_axi_slave_2to1_HD5330 |         75 |         75 |       0 |    0 |   135 |      0 |      0 |    0 |          0 |
|               ADDSUB_OP.ADDSUB                            |                    floating_point_1_flt_add_HD5228 |        164 |        152 |       0 |   12 |   313 |      0 |      0 |    0 |          2 |
|                 DSP.OP                                    |                floating_point_1_flt_add_dsp_HD5229 |        164 |        152 |       0 |   12 |   313 |      0 |      0 |    0 |          2 |
|                   DSP48E1_BODY.ALIGN_ADD                  |      floating_point_1_align_add_dsp48e1_sgl_HD5234 |         13 |         12 |       0 |    1 |    73 |      0 |      0 |    0 |          1 |
|                   DSP48E1_BODY.EXP                        |             floating_point_1_flt_add_exp_sp_HD5253 |         69 |         58 |       0 |   11 |    92 |      0 |      0 |    0 |          0 |
|                   DSP48E1_BODY.NORM_RND                   | floating_point_1_norm_and_round_dsp48e1_sgl_HD5307 |         36 |         36 |       0 |    0 |    70 |      0 |      0 |    0 |          1 |
|       GEN_FP_LANE[21].u_mul                               |                            fp32_mul_ip__xdcDup__22 |        154 |        139 |       0 |   15 |   315 |      0 |      0 |    0 |          2 |
|         GEN_MUL0.u_fp_mul                                 |                            floating_point_0_HD2094 |        154 |        139 |       0 |   15 |   315 |      0 |      0 |    0 |          2 |
|           U0                                              |     floating_point_0_floating_point_v7_1_21_HD2095 |        154 |        139 |       0 |   15 |   315 |      0 |      0 |    0 |          2 |
|             i_synth                                       | floating_point_0_floating_point_v7_1_21_viv_HD2096 |        154 |        139 |       0 |   15 |   315 |      0 |      0 |    0 |          2 |
|               need_combiner.use_2to1.skid_buffer_combiner |             floating_point_0_axi_slave_2to1_HD2168 |         59 |         59 |       0 |    0 |   135 |      0 |      0 |    0 |          0 |
|               MULT.OP                                     |                   floating_point_0_flt_mult_HD2097 |         93 |         78 |       0 |   15 |   171 |      0 |      0 |    0 |          2 |
|                 i_non_prim.EXP                            |               floating_point_0_flt_mult_exp_HD2098 |         55 |         48 |       0 |    7 |    48 |      0 |      0 |    0 |          0 |
|                 i_non_prim.R_AND_R                        |             floating_point_0_flt_mult_round_HD2146 |         22 |         14 |       0 |    8 |    62 |      0 |      0 |    0 |          0 |
|                   LOGIC.R_AND_R                           |     floating_point_0_renorm_and_round_logic_HD2147 |         22 |         14 |       0 |    8 |    62 |      0 |      0 |    0 |          0 |
|       GEN_FP_LANE[22].u_add                               |                            fp32_add_ip__xdcDup__23 |        241 |        229 |       0 |   12 |   460 |      0 |      0 |    0 |          2 |
|         u_fp_add                                          |                            floating_point_1_HD4165 |        241 |        229 |       0 |   12 |   460 |      0 |      0 |    0 |          2 |
|           U0                                              |     floating_point_1_floating_point_v7_1_21_HD4166 |        241 |        229 |       0 |   12 |   460 |      0 |      0 |    0 |          2 |
|             i_synth                                       | floating_point_1_floating_point_v7_1_21_viv_HD4167 |        241 |        229 |       0 |   12 |   460 |      0 |      0 |    0 |          2 |
|               need_combiner.use_2to1.skid_buffer_combiner |             floating_point_1_axi_slave_2to1_HD4270 |         75 |         75 |       0 |    0 |   135 |      0 |      0 |    0 |          0 |
|               ADDSUB_OP.ADDSUB                            |                    floating_point_1_flt_add_HD4168 |        164 |        152 |       0 |   12 |   313 |      0 |      0 |    0 |          2 |
|                 DSP.OP                                    |                floating_point_1_flt_add_dsp_HD4169 |        164 |        152 |       0 |   12 |   313 |      0 |      0 |    0 |          2 |
|                   DSP48E1_BODY.ALIGN_ADD                  |      floating_point_1_align_add_dsp48e1_sgl_HD4174 |         13 |         12 |       0 |    1 |    73 |      0 |      0 |    0 |          1 |
|                   DSP48E1_BODY.EXP                        |             floating_point_1_flt_add_exp_sp_HD4193 |         69 |         58 |       0 |   11 |    92 |      0 |      0 |    0 |          0 |
|                   DSP48E1_BODY.NORM_RND                   | floating_point_1_norm_and_round_dsp48e1_sgl_HD4247 |         36 |         36 |       0 |    0 |    70 |      0 |      0 |    0 |          1 |
|       GEN_FP_LANE[22].u_mul                               |                            fp32_mul_ip__xdcDup__23 |        154 |        139 |       0 |   15 |   315 |      0 |      0 |    0 |          2 |
|         GEN_MUL0.u_fp_mul                                 |                            floating_point_0_HD1344 |        154 |        139 |       0 |   15 |   315 |      0 |      0 |    0 |          2 |
|           U0                                              |     floating_point_0_floating_point_v7_1_21_HD1345 |        154 |        139 |       0 |   15 |   315 |      0 |      0 |    0 |          2 |
|             i_synth                                       | floating_point_0_floating_point_v7_1_21_viv_HD1346 |        154 |        139 |       0 |   15 |   315 |      0 |      0 |    0 |          2 |
|               need_combiner.use_2to1.skid_buffer_combiner |             floating_point_0_axi_slave_2to1_HD1418 |         59 |         59 |       0 |    0 |   135 |      0 |      0 |    0 |          0 |
|               MULT.OP                                     |                   floating_point_0_flt_mult_HD1347 |         93 |         78 |       0 |   15 |   171 |      0 |      0 |    0 |          2 |
|                 i_non_prim.EXP                            |               floating_point_0_flt_mult_exp_HD1348 |         55 |         48 |       0 |    7 |    48 |      0 |      0 |    0 |          0 |
|                 i_non_prim.R_AND_R                        |             floating_point_0_flt_mult_round_HD1396 |         22 |         14 |       0 |    8 |    62 |      0 |      0 |    0 |          0 |
|                   LOGIC.R_AND_R                           |     floating_point_0_renorm_and_round_logic_HD1397 |         22 |         14 |       0 |    8 |    62 |      0 |      0 |    0 |          0 |
|       GEN_FP_LANE[23].u_add                               |                            fp32_add_ip__xdcDup__24 |        241 |        229 |       0 |   12 |   460 |      0 |      0 |    0 |          2 |
|         u_fp_add                                          |                            floating_point_1_HD5119 |        241 |        229 |       0 |   12 |   460 |      0 |      0 |    0 |          2 |
|           U0                                              |     floating_point_1_floating_point_v7_1_21_HD5120 |        241 |        229 |       0 |   12 |   460 |      0 |      0 |    0 |          2 |
|             i_synth                                       | floating_point_1_floating_point_v7_1_21_viv_HD5121 |        241 |        229 |       0 |   12 |   460 |      0 |      0 |    0 |          2 |
|               need_combiner.use_2to1.skid_buffer_combiner |             floating_point_1_axi_slave_2to1_HD5224 |         75 |         75 |       0 |    0 |   135 |      0 |      0 |    0 |          0 |
|               ADDSUB_OP.ADDSUB                            |                    floating_point_1_flt_add_HD5122 |        164 |        152 |       0 |   12 |   313 |      0 |      0 |    0 |          2 |
|                 DSP.OP                                    |                floating_point_1_flt_add_dsp_HD5123 |        164 |        152 |       0 |   12 |   313 |      0 |      0 |    0 |          2 |
|                   DSP48E1_BODY.ALIGN_ADD                  |      floating_point_1_align_add_dsp48e1_sgl_HD5128 |         13 |         12 |       0 |    1 |    73 |      0 |      0 |    0 |          1 |
|                   DSP48E1_BODY.EXP                        |             floating_point_1_flt_add_exp_sp_HD5147 |         69 |         58 |       0 |   11 |    92 |      0 |      0 |    0 |          0 |
|                   DSP48E1_BODY.NORM_RND                   | floating_point_1_norm_and_round_dsp48e1_sgl_HD5201 |         36 |         36 |       0 |    0 |    70 |      0 |      0 |    0 |          1 |
|       GEN_FP_LANE[23].u_mul                               |                            fp32_mul_ip__xdcDup__24 |        154 |        139 |       0 |   15 |   315 |      0 |      0 |    0 |          2 |
|         GEN_MUL0.u_fp_mul                                 |                            floating_point_0_HD2019 |        154 |        139 |       0 |   15 |   315 |      0 |      0 |    0 |          2 |
|           U0                                              |     floating_point_0_floating_point_v7_1_21_HD2020 |        154 |        139 |       0 |   15 |   315 |      0 |      0 |    0 |          2 |
|             i_synth                                       | floating_point_0_floating_point_v7_1_21_viv_HD2021 |        154 |        139 |       0 |   15 |   315 |      0 |      0 |    0 |          2 |
|               need_combiner.use_2to1.skid_buffer_combiner |             floating_point_0_axi_slave_2to1_HD2093 |         59 |         59 |       0 |    0 |   135 |      0 |      0 |    0 |          0 |
|               MULT.OP                                     |                   floating_point_0_flt_mult_HD2022 |         93 |         78 |       0 |   15 |   171 |      0 |      0 |    0 |          2 |
|                 i_non_prim.EXP                            |               floating_point_0_flt_mult_exp_HD2023 |         55 |         48 |       0 |    7 |    48 |      0 |      0 |    0 |          0 |
|                 i_non_prim.R_AND_R                        |             floating_point_0_flt_mult_round_HD2071 |         22 |         14 |       0 |    8 |    62 |      0 |      0 |    0 |          0 |
|                   LOGIC.R_AND_R                           |     floating_point_0_renorm_and_round_logic_HD2072 |         22 |         14 |       0 |    8 |    62 |      0 |      0 |    0 |          0 |
|       GEN_FP_LANE[24].u_add                               |                            fp32_add_ip__xdcDup__25 |        241 |        229 |       0 |   12 |   460 |      0 |      0 |    0 |          2 |
|         u_fp_add                                          |                            floating_point_1_HD4271 |        241 |        229 |       0 |   12 |   460 |      0 |      0 |    0 |          2 |
|           U0                                              |     floating_point_1_floating_point_v7_1_21_HD4272 |        241 |        229 |       0 |   12 |   460 |      0 |      0 |    0 |          2 |
|             i_synth                                       | floating_point_1_floating_point_v7_1_21_viv_HD4273 |        241 |        229 |       0 |   12 |   460 |      0 |      0 |    0 |          2 |
|               need_combiner.use_2to1.skid_buffer_combiner |             floating_point_1_axi_slave_2to1_HD4376 |         75 |         75 |       0 |    0 |   135 |      0 |      0 |    0 |          0 |
|               ADDSUB_OP.ADDSUB                            |                    floating_point_1_flt_add_HD4274 |        164 |        152 |       0 |   12 |   313 |      0 |      0 |    0 |          2 |
|                 DSP.OP                                    |                floating_point_1_flt_add_dsp_HD4275 |        164 |        152 |       0 |   12 |   313 |      0 |      0 |    0 |          2 |
|                   DSP48E1_BODY.ALIGN_ADD                  |      floating_point_1_align_add_dsp48e1_sgl_HD4280 |         13 |         12 |       0 |    1 |    73 |      0 |      0 |    0 |          1 |
|                   DSP48E1_BODY.EXP                        |             floating_point_1_flt_add_exp_sp_HD4299 |         69 |         58 |       0 |   11 |    92 |      0 |      0 |    0 |          0 |
|                   DSP48E1_BODY.NORM_RND                   | floating_point_1_norm_and_round_dsp48e1_sgl_HD4353 |         36 |         36 |       0 |    0 |    70 |      0 |      0 |    0 |          1 |
|       GEN_FP_LANE[24].u_mul                               |                            fp32_mul_ip__xdcDup__25 |        154 |        139 |       0 |   15 |   315 |      0 |      0 |    0 |          2 |
|         GEN_MUL0.u_fp_mul                                 |                            floating_point_0_HD1419 |        154 |        139 |       0 |   15 |   315 |      0 |      0 |    0 |          2 |
|           U0                                              |     floating_point_0_floating_point_v7_1_21_HD1420 |        154 |        139 |       0 |   15 |   315 |      0 |      0 |    0 |          2 |
|             i_synth                                       | floating_point_0_floating_point_v7_1_21_viv_HD1421 |        154 |        139 |       0 |   15 |   315 |      0 |      0 |    0 |          2 |
|               need_combiner.use_2to1.skid_buffer_combiner |             floating_point_0_axi_slave_2to1_HD1493 |         59 |         59 |       0 |    0 |   135 |      0 |      0 |    0 |          0 |
|               MULT.OP                                     |                   floating_point_0_flt_mult_HD1422 |         93 |         78 |       0 |   15 |   171 |      0 |      0 |    0 |          2 |
|                 i_non_prim.EXP                            |               floating_point_0_flt_mult_exp_HD1423 |         55 |         48 |       0 |    7 |    48 |      0 |      0 |    0 |          0 |
|                 i_non_prim.R_AND_R                        |             floating_point_0_flt_mult_round_HD1471 |         22 |         14 |       0 |    8 |    62 |      0 |      0 |    0 |          0 |
|                   LOGIC.R_AND_R                           |     floating_point_0_renorm_and_round_logic_HD1472 |         22 |         14 |       0 |    8 |    62 |      0 |      0 |    0 |          0 |
|       GEN_FP_LANE[25].u_add                               |                            fp32_add_ip__xdcDup__26 |        241 |        229 |       0 |   12 |   460 |      0 |      0 |    0 |          2 |
|         u_fp_add                                          |                            floating_point_1_HD4377 |        241 |        229 |       0 |   12 |   460 |      0 |      0 |    0 |          2 |
|           U0                                              |     floating_point_1_floating_point_v7_1_21_HD4378 |        241 |        229 |       0 |   12 |   460 |      0 |      0 |    0 |          2 |
|             i_synth                                       | floating_point_1_floating_point_v7_1_21_viv_HD4379 |        241 |        229 |       0 |   12 |   460 |      0 |      0 |    0 |          2 |
|               need_combiner.use_2to1.skid_buffer_combiner |             floating_point_1_axi_slave_2to1_HD4482 |         75 |         75 |       0 |    0 |   135 |      0 |      0 |    0 |          0 |
|               ADDSUB_OP.ADDSUB                            |                    floating_point_1_flt_add_HD4380 |        164 |        152 |       0 |   12 |   313 |      0 |      0 |    0 |          2 |
|                 DSP.OP                                    |                floating_point_1_flt_add_dsp_HD4381 |        164 |        152 |       0 |   12 |   313 |      0 |      0 |    0 |          2 |
|                   DSP48E1_BODY.ALIGN_ADD                  |      floating_point_1_align_add_dsp48e1_sgl_HD4386 |         13 |         12 |       0 |    1 |    73 |      0 |      0 |    0 |          1 |
|                   DSP48E1_BODY.EXP                        |             floating_point_1_flt_add_exp_sp_HD4405 |         69 |         58 |       0 |   11 |    92 |      0 |      0 |    0 |          0 |
|                   DSP48E1_BODY.NORM_RND                   | floating_point_1_norm_and_round_dsp48e1_sgl_HD4459 |         36 |         36 |       0 |    0 |    70 |      0 |      0 |    0 |          1 |
|       GEN_FP_LANE[25].u_mul                               |                            fp32_mul_ip__xdcDup__26 |        154 |        139 |       0 |   15 |   315 |      0 |      0 |    0 |          2 |
|         GEN_MUL0.u_fp_mul                                 |                            floating_point_0_HD1494 |        154 |        139 |       0 |   15 |   315 |      0 |      0 |    0 |          2 |
|           U0                                              |     floating_point_0_floating_point_v7_1_21_HD1495 |        154 |        139 |       0 |   15 |   315 |      0 |      0 |    0 |          2 |
|             i_synth                                       | floating_point_0_floating_point_v7_1_21_viv_HD1496 |        154 |        139 |       0 |   15 |   315 |      0 |      0 |    0 |          2 |
|               need_combiner.use_2to1.skid_buffer_combiner |             floating_point_0_axi_slave_2to1_HD1568 |         59 |         59 |       0 |    0 |   135 |      0 |      0 |    0 |          0 |
|               MULT.OP                                     |                   floating_point_0_flt_mult_HD1497 |         93 |         78 |       0 |   15 |   171 |      0 |      0 |    0 |          2 |
|                 i_non_prim.EXP                            |               floating_point_0_flt_mult_exp_HD1498 |         55 |         48 |       0 |    7 |    48 |      0 |      0 |    0 |          0 |
|                 i_non_prim.R_AND_R                        |             floating_point_0_flt_mult_round_HD1546 |         22 |         14 |       0 |    8 |    62 |      0 |      0 |    0 |          0 |
|                   LOGIC.R_AND_R                           |     floating_point_0_renorm_and_round_logic_HD1547 |         22 |         14 |       0 |    8 |    62 |      0 |      0 |    0 |          0 |
|       GEN_FP_LANE[26].u_add                               |                            fp32_add_ip__xdcDup__27 |        241 |        229 |       0 |   12 |   460 |      0 |      0 |    0 |          2 |
|         u_fp_add                                          |                            floating_point_1_HD4483 |        241 |        229 |       0 |   12 |   460 |      0 |      0 |    0 |          2 |
|           U0                                              |     floating_point_1_floating_point_v7_1_21_HD4484 |        241 |        229 |       0 |   12 |   460 |      0 |      0 |    0 |          2 |
|             i_synth                                       | floating_point_1_floating_point_v7_1_21_viv_HD4485 |        241 |        229 |       0 |   12 |   460 |      0 |      0 |    0 |          2 |
|               need_combiner.use_2to1.skid_buffer_combiner |             floating_point_1_axi_slave_2to1_HD4588 |         75 |         75 |       0 |    0 |   135 |      0 |      0 |    0 |          0 |
|               ADDSUB_OP.ADDSUB                            |                    floating_point_1_flt_add_HD4486 |        164 |        152 |       0 |   12 |   313 |      0 |      0 |    0 |          2 |
|                 DSP.OP                                    |                floating_point_1_flt_add_dsp_HD4487 |        164 |        152 |       0 |   12 |   313 |      0 |      0 |    0 |          2 |
|                   DSP48E1_BODY.ALIGN_ADD                  |      floating_point_1_align_add_dsp48e1_sgl_HD4492 |         13 |         12 |       0 |    1 |    73 |      0 |      0 |    0 |          1 |
|                   DSP48E1_BODY.EXP                        |             floating_point_1_flt_add_exp_sp_HD4511 |         69 |         58 |       0 |   11 |    92 |      0 |      0 |    0 |          0 |
|                   DSP48E1_BODY.NORM_RND                   | floating_point_1_norm_and_round_dsp48e1_sgl_HD4565 |         36 |         36 |       0 |    0 |    70 |      0 |      0 |    0 |          1 |
|       GEN_FP_LANE[26].u_mul                               |                            fp32_mul_ip__xdcDup__27 |        154 |        139 |       0 |   15 |   315 |      0 |      0 |    0 |          2 |
|         GEN_MUL0.u_fp_mul                                 |                            floating_point_0_HD1569 |        154 |        139 |       0 |   15 |   315 |      0 |      0 |    0 |          2 |
|           U0                                              |     floating_point_0_floating_point_v7_1_21_HD1570 |        154 |        139 |       0 |   15 |   315 |      0 |      0 |    0 |          2 |
|             i_synth                                       | floating_point_0_floating_point_v7_1_21_viv_HD1571 |        154 |        139 |       0 |   15 |   315 |      0 |      0 |    0 |          2 |
|               need_combiner.use_2to1.skid_buffer_combiner |             floating_point_0_axi_slave_2to1_HD1643 |         59 |         59 |       0 |    0 |   135 |      0 |      0 |    0 |          0 |
|               MULT.OP                                     |                   floating_point_0_flt_mult_HD1572 |         93 |         78 |       0 |   15 |   171 |      0 |      0 |    0 |          2 |
|                 i_non_prim.EXP                            |               floating_point_0_flt_mult_exp_HD1573 |         55 |         48 |       0 |    7 |    48 |      0 |      0 |    0 |          0 |
|                 i_non_prim.R_AND_R                        |             floating_point_0_flt_mult_round_HD1621 |         22 |         14 |       0 |    8 |    62 |      0 |      0 |    0 |          0 |
|                   LOGIC.R_AND_R                           |     floating_point_0_renorm_and_round_logic_HD1622 |         22 |         14 |       0 |    8 |    62 |      0 |      0 |    0 |          0 |
|       GEN_FP_LANE[27].u_add                               |                            fp32_add_ip__xdcDup__28 |        241 |        229 |       0 |   12 |   460 |      0 |      0 |    0 |          2 |
|         u_fp_add                                          |                            floating_point_1_HD4589 |        241 |        229 |       0 |   12 |   460 |      0 |      0 |    0 |          2 |
|           U0                                              |     floating_point_1_floating_point_v7_1_21_HD4590 |        241 |        229 |       0 |   12 |   460 |      0 |      0 |    0 |          2 |
|             i_synth                                       | floating_point_1_floating_point_v7_1_21_viv_HD4591 |        241 |        229 |       0 |   12 |   460 |      0 |      0 |    0 |          2 |
|               need_combiner.use_2to1.skid_buffer_combiner |             floating_point_1_axi_slave_2to1_HD4694 |         75 |         75 |       0 |    0 |   135 |      0 |      0 |    0 |          0 |
|               ADDSUB_OP.ADDSUB                            |                    floating_point_1_flt_add_HD4592 |        164 |        152 |       0 |   12 |   313 |      0 |      0 |    0 |          2 |
|                 DSP.OP                                    |                floating_point_1_flt_add_dsp_HD4593 |        164 |        152 |       0 |   12 |   313 |      0 |      0 |    0 |          2 |
|                   DSP48E1_BODY.ALIGN_ADD                  |      floating_point_1_align_add_dsp48e1_sgl_HD4598 |         13 |         12 |       0 |    1 |    73 |      0 |      0 |    0 |          1 |
|                   DSP48E1_BODY.EXP                        |             floating_point_1_flt_add_exp_sp_HD4617 |         69 |         58 |       0 |   11 |    92 |      0 |      0 |    0 |          0 |
|                   DSP48E1_BODY.NORM_RND                   | floating_point_1_norm_and_round_dsp48e1_sgl_HD4671 |         36 |         36 |       0 |    0 |    70 |      0 |      0 |    0 |          1 |
|       GEN_FP_LANE[27].u_mul                               |                            fp32_mul_ip__xdcDup__28 |        154 |        139 |       0 |   15 |   315 |      0 |      0 |    0 |          2 |
|         GEN_MUL0.u_fp_mul                                 |                            floating_point_0_HD1644 |        154 |        139 |       0 |   15 |   315 |      0 |      0 |    0 |          2 |
|           U0                                              |     floating_point_0_floating_point_v7_1_21_HD1645 |        154 |        139 |       0 |   15 |   315 |      0 |      0 |    0 |          2 |
|             i_synth                                       | floating_point_0_floating_point_v7_1_21_viv_HD1646 |        154 |        139 |       0 |   15 |   315 |      0 |      0 |    0 |          2 |
|               need_combiner.use_2to1.skid_buffer_combiner |             floating_point_0_axi_slave_2to1_HD1718 |         59 |         59 |       0 |    0 |   135 |      0 |      0 |    0 |          0 |
|               MULT.OP                                     |                   floating_point_0_flt_mult_HD1647 |         93 |         78 |       0 |   15 |   171 |      0 |      0 |    0 |          2 |
|                 i_non_prim.EXP                            |               floating_point_0_flt_mult_exp_HD1648 |         55 |         48 |       0 |    7 |    48 |      0 |      0 |    0 |          0 |
|                 i_non_prim.R_AND_R                        |             floating_point_0_flt_mult_round_HD1696 |         22 |         14 |       0 |    8 |    62 |      0 |      0 |    0 |          0 |
|                   LOGIC.R_AND_R                           |     floating_point_0_renorm_and_round_logic_HD1697 |         22 |         14 |       0 |    8 |    62 |      0 |      0 |    0 |          0 |
|       GEN_FP_LANE[28].u_add                               |                            fp32_add_ip__xdcDup__29 |        241 |        229 |       0 |   12 |   460 |      0 |      0 |    0 |          2 |
|         u_fp_add                                          |                            floating_point_1_HD4695 |        241 |        229 |       0 |   12 |   460 |      0 |      0 |    0 |          2 |
|           U0                                              |     floating_point_1_floating_point_v7_1_21_HD4696 |        241 |        229 |       0 |   12 |   460 |      0 |      0 |    0 |          2 |
|             i_synth                                       | floating_point_1_floating_point_v7_1_21_viv_HD4697 |        241 |        229 |       0 |   12 |   460 |      0 |      0 |    0 |          2 |
|               need_combiner.use_2to1.skid_buffer_combiner |             floating_point_1_axi_slave_2to1_HD4800 |         75 |         75 |       0 |    0 |   135 |      0 |      0 |    0 |          0 |
|               ADDSUB_OP.ADDSUB                            |                    floating_point_1_flt_add_HD4698 |        164 |        152 |       0 |   12 |   313 |      0 |      0 |    0 |          2 |
|                 DSP.OP                                    |                floating_point_1_flt_add_dsp_HD4699 |        164 |        152 |       0 |   12 |   313 |      0 |      0 |    0 |          2 |
|                   DSP48E1_BODY.ALIGN_ADD                  |      floating_point_1_align_add_dsp48e1_sgl_HD4704 |         13 |         12 |       0 |    1 |    73 |      0 |      0 |    0 |          1 |
|                   DSP48E1_BODY.EXP                        |             floating_point_1_flt_add_exp_sp_HD4723 |         69 |         58 |       0 |   11 |    92 |      0 |      0 |    0 |          0 |
|                   DSP48E1_BODY.NORM_RND                   | floating_point_1_norm_and_round_dsp48e1_sgl_HD4777 |         36 |         36 |       0 |    0 |    70 |      0 |      0 |    0 |          1 |
|       GEN_FP_LANE[28].u_mul                               |                            fp32_mul_ip__xdcDup__29 |        154 |        139 |       0 |   15 |   315 |      0 |      0 |    0 |          2 |
|         GEN_MUL0.u_fp_mul                                 |                            floating_point_0_HD1719 |        154 |        139 |       0 |   15 |   315 |      0 |      0 |    0 |          2 |
|           U0                                              |     floating_point_0_floating_point_v7_1_21_HD1720 |        154 |        139 |       0 |   15 |   315 |      0 |      0 |    0 |          2 |
|             i_synth                                       | floating_point_0_floating_point_v7_1_21_viv_HD1721 |        154 |        139 |       0 |   15 |   315 |      0 |      0 |    0 |          2 |
|               need_combiner.use_2to1.skid_buffer_combiner |             floating_point_0_axi_slave_2to1_HD1793 |         59 |         59 |       0 |    0 |   135 |      0 |      0 |    0 |          0 |
|               MULT.OP                                     |                   floating_point_0_flt_mult_HD1722 |         93 |         78 |       0 |   15 |   171 |      0 |      0 |    0 |          2 |
|                 i_non_prim.EXP                            |               floating_point_0_flt_mult_exp_HD1723 |         55 |         48 |       0 |    7 |    48 |      0 |      0 |    0 |          0 |
|                 i_non_prim.R_AND_R                        |             floating_point_0_flt_mult_round_HD1771 |         22 |         14 |       0 |    8 |    62 |      0 |      0 |    0 |          0 |
|                   LOGIC.R_AND_R                           |     floating_point_0_renorm_and_round_logic_HD1772 |         22 |         14 |       0 |    8 |    62 |      0 |      0 |    0 |          0 |
|       GEN_FP_LANE[29].u_add                               |                            fp32_add_ip__xdcDup__30 |        241 |        229 |       0 |   12 |   460 |      0 |      0 |    0 |          2 |
|         u_fp_add                                          |                            floating_point_1_HD5013 |        241 |        229 |       0 |   12 |   460 |      0 |      0 |    0 |          2 |
|           U0                                              |     floating_point_1_floating_point_v7_1_21_HD5014 |        241 |        229 |       0 |   12 |   460 |      0 |      0 |    0 |          2 |
|             i_synth                                       | floating_point_1_floating_point_v7_1_21_viv_HD5015 |        241 |        229 |       0 |   12 |   460 |      0 |      0 |    0 |          2 |
|               need_combiner.use_2to1.skid_buffer_combiner |             floating_point_1_axi_slave_2to1_HD5118 |         75 |         75 |       0 |    0 |   135 |      0 |      0 |    0 |          0 |
|               ADDSUB_OP.ADDSUB                            |                    floating_point_1_flt_add_HD5016 |        164 |        152 |       0 |   12 |   313 |      0 |      0 |    0 |          2 |
|                 DSP.OP                                    |                floating_point_1_flt_add_dsp_HD5017 |        164 |        152 |       0 |   12 |   313 |      0 |      0 |    0 |          2 |
|                   DSP48E1_BODY.ALIGN_ADD                  |      floating_point_1_align_add_dsp48e1_sgl_HD5022 |         13 |         12 |       0 |    1 |    73 |      0 |      0 |    0 |          1 |
|                   DSP48E1_BODY.EXP                        |             floating_point_1_flt_add_exp_sp_HD5041 |         69 |         58 |       0 |   11 |    92 |      0 |      0 |    0 |          0 |
|                   DSP48E1_BODY.NORM_RND                   | floating_point_1_norm_and_round_dsp48e1_sgl_HD5095 |         36 |         36 |       0 |    0 |    70 |      0 |      0 |    0 |          1 |
|       GEN_FP_LANE[29].u_mul                               |                            fp32_mul_ip__xdcDup__30 |        154 |        139 |       0 |   15 |   315 |      0 |      0 |    0 |          2 |
|         GEN_MUL0.u_fp_mul                                 |                            floating_point_0_HD1944 |        154 |        139 |       0 |   15 |   315 |      0 |      0 |    0 |          2 |
|           U0                                              |     floating_point_0_floating_point_v7_1_21_HD1945 |        154 |        139 |       0 |   15 |   315 |      0 |      0 |    0 |          2 |
|             i_synth                                       | floating_point_0_floating_point_v7_1_21_viv_HD1946 |        154 |        139 |       0 |   15 |   315 |      0 |      0 |    0 |          2 |
|               need_combiner.use_2to1.skid_buffer_combiner |             floating_point_0_axi_slave_2to1_HD2018 |         59 |         59 |       0 |    0 |   135 |      0 |      0 |    0 |          0 |
|               MULT.OP                                     |                   floating_point_0_flt_mult_HD1947 |         93 |         78 |       0 |   15 |   171 |      0 |      0 |    0 |          2 |
|                 i_non_prim.EXP                            |               floating_point_0_flt_mult_exp_HD1948 |         55 |         48 |       0 |    7 |    48 |      0 |      0 |    0 |          0 |
|                 i_non_prim.R_AND_R                        |             floating_point_0_flt_mult_round_HD1996 |         22 |         14 |       0 |    8 |    62 |      0 |      0 |    0 |          0 |
|                   LOGIC.R_AND_R                           |     floating_point_0_renorm_and_round_logic_HD1997 |         22 |         14 |       0 |    8 |    62 |      0 |      0 |    0 |          0 |
|       GEN_FP_LANE[2].u_add                                |                             fp32_add_ip__xdcDup__3 |        241 |        229 |       0 |   12 |   460 |      0 |      0 |    0 |          2 |
|         u_fp_add                                          |                            floating_point_1_HD5755 |        241 |        229 |       0 |   12 |   460 |      0 |      0 |    0 |          2 |
|           U0                                              |     floating_point_1_floating_point_v7_1_21_HD5756 |        241 |        229 |       0 |   12 |   460 |      0 |      0 |    0 |          2 |
|             i_synth                                       | floating_point_1_floating_point_v7_1_21_viv_HD5757 |        241 |        229 |       0 |   12 |   460 |      0 |      0 |    0 |          2 |
|               need_combiner.use_2to1.skid_buffer_combiner |             floating_point_1_axi_slave_2to1_HD5860 |         75 |         75 |       0 |    0 |   135 |      0 |      0 |    0 |          0 |
|               ADDSUB_OP.ADDSUB                            |                    floating_point_1_flt_add_HD5758 |        164 |        152 |       0 |   12 |   313 |      0 |      0 |    0 |          2 |
|                 DSP.OP                                    |                floating_point_1_flt_add_dsp_HD5759 |        164 |        152 |       0 |   12 |   313 |      0 |      0 |    0 |          2 |
|                   DSP48E1_BODY.ALIGN_ADD                  |      floating_point_1_align_add_dsp48e1_sgl_HD5764 |         13 |         12 |       0 |    1 |    73 |      0 |      0 |    0 |          1 |
|                   DSP48E1_BODY.EXP                        |             floating_point_1_flt_add_exp_sp_HD5783 |         69 |         58 |       0 |   11 |    92 |      0 |      0 |    0 |          0 |
|                   DSP48E1_BODY.NORM_RND                   | floating_point_1_norm_and_round_dsp48e1_sgl_HD5837 |         36 |         36 |       0 |    0 |    70 |      0 |      0 |    0 |          1 |
|       GEN_FP_LANE[2].u_mul                                |                             fp32_mul_ip__xdcDup__3 |        154 |        139 |       0 |   15 |   315 |      0 |      0 |    0 |          2 |
|         GEN_MUL0.u_fp_mul                                 |                            floating_point_0_HD2469 |        154 |        139 |       0 |   15 |   315 |      0 |      0 |    0 |          2 |
|           U0                                              |     floating_point_0_floating_point_v7_1_21_HD2470 |        154 |        139 |       0 |   15 |   315 |      0 |      0 |    0 |          2 |
|             i_synth                                       | floating_point_0_floating_point_v7_1_21_viv_HD2471 |        154 |        139 |       0 |   15 |   315 |      0 |      0 |    0 |          2 |
|               need_combiner.use_2to1.skid_buffer_combiner |             floating_point_0_axi_slave_2to1_HD2543 |         59 |         59 |       0 |    0 |   135 |      0 |      0 |    0 |          0 |
|               MULT.OP                                     |                   floating_point_0_flt_mult_HD2472 |         93 |         78 |       0 |   15 |   171 |      0 |      0 |    0 |          2 |
|                 i_non_prim.EXP                            |               floating_point_0_flt_mult_exp_HD2473 |         55 |         48 |       0 |    7 |    48 |      0 |      0 |    0 |          0 |
|                 i_non_prim.R_AND_R                        |             floating_point_0_flt_mult_round_HD2521 |         22 |         14 |       0 |    8 |    62 |      0 |      0 |    0 |          0 |
|                   LOGIC.R_AND_R                           |     floating_point_0_renorm_and_round_logic_HD2522 |         22 |         14 |       0 |    8 |    62 |      0 |      0 |    0 |          0 |
|       GEN_FP_LANE[30].u_add                               |                            fp32_add_ip__xdcDup__31 |        241 |        229 |       0 |   12 |   460 |      0 |      0 |    0 |          2 |
|         u_fp_add                                          |                            floating_point_1_HD4801 |        241 |        229 |       0 |   12 |   460 |      0 |      0 |    0 |          2 |
|           U0                                              |     floating_point_1_floating_point_v7_1_21_HD4802 |        241 |        229 |       0 |   12 |   460 |      0 |      0 |    0 |          2 |
|             i_synth                                       | floating_point_1_floating_point_v7_1_21_viv_HD4803 |        241 |        229 |       0 |   12 |   460 |      0 |      0 |    0 |          2 |
|               need_combiner.use_2to1.skid_buffer_combiner |             floating_point_1_axi_slave_2to1_HD4906 |         75 |         75 |       0 |    0 |   135 |      0 |      0 |    0 |          0 |
|               ADDSUB_OP.ADDSUB                            |                    floating_point_1_flt_add_HD4804 |        164 |        152 |       0 |   12 |   313 |      0 |      0 |    0 |          2 |
|                 DSP.OP                                    |                floating_point_1_flt_add_dsp_HD4805 |        164 |        152 |       0 |   12 |   313 |      0 |      0 |    0 |          2 |
|                   DSP48E1_BODY.ALIGN_ADD                  |      floating_point_1_align_add_dsp48e1_sgl_HD4810 |         13 |         12 |       0 |    1 |    73 |      0 |      0 |    0 |          1 |
|                   DSP48E1_BODY.EXP                        |             floating_point_1_flt_add_exp_sp_HD4829 |         69 |         58 |       0 |   11 |    92 |      0 |      0 |    0 |          0 |
|                   DSP48E1_BODY.NORM_RND                   | floating_point_1_norm_and_round_dsp48e1_sgl_HD4883 |         36 |         36 |       0 |    0 |    70 |      0 |      0 |    0 |          1 |
|       GEN_FP_LANE[30].u_mul                               |                            fp32_mul_ip__xdcDup__31 |        154 |        139 |       0 |   15 |   315 |      0 |      0 |    0 |          2 |
|         GEN_MUL0.u_fp_mul                                 |                            floating_point_0_HD1794 |        154 |        139 |       0 |   15 |   315 |      0 |      0 |    0 |          2 |
|           U0                                              |     floating_point_0_floating_point_v7_1_21_HD1795 |        154 |        139 |       0 |   15 |   315 |      0 |      0 |    0 |          2 |
|             i_synth                                       | floating_point_0_floating_point_v7_1_21_viv_HD1796 |        154 |        139 |       0 |   15 |   315 |      0 |      0 |    0 |          2 |
|               need_combiner.use_2to1.skid_buffer_combiner |             floating_point_0_axi_slave_2to1_HD1868 |         59 |         59 |       0 |    0 |   135 |      0 |      0 |    0 |          0 |
|               MULT.OP                                     |                   floating_point_0_flt_mult_HD1797 |         93 |         78 |       0 |   15 |   171 |      0 |      0 |    0 |          2 |
|                 i_non_prim.EXP                            |               floating_point_0_flt_mult_exp_HD1798 |         55 |         48 |       0 |    7 |    48 |      0 |      0 |    0 |          0 |
|                 i_non_prim.R_AND_R                        |             floating_point_0_flt_mult_round_HD1846 |         22 |         14 |       0 |    8 |    62 |      0 |      0 |    0 |          0 |
|                   LOGIC.R_AND_R                           |     floating_point_0_renorm_and_round_logic_HD1847 |         22 |         14 |       0 |    8 |    62 |      0 |      0 |    0 |          0 |
|       GEN_FP_LANE[31].u_add                               |                                        fp32_add_ip |        241 |        229 |       0 |   12 |   460 |      0 |      0 |    0 |          2 |
|         u_fp_add                                          |                            floating_point_1_HD4907 |        241 |        229 |       0 |   12 |   460 |      0 |      0 |    0 |          2 |
|           U0                                              |     floating_point_1_floating_point_v7_1_21_HD4908 |        241 |        229 |       0 |   12 |   460 |      0 |      0 |    0 |          2 |
|             i_synth                                       | floating_point_1_floating_point_v7_1_21_viv_HD4909 |        241 |        229 |       0 |   12 |   460 |      0 |      0 |    0 |          2 |
|               need_combiner.use_2to1.skid_buffer_combiner |             floating_point_1_axi_slave_2to1_HD5012 |         75 |         75 |       0 |    0 |   135 |      0 |      0 |    0 |          0 |
|               ADDSUB_OP.ADDSUB                            |                    floating_point_1_flt_add_HD4910 |        164 |        152 |       0 |   12 |   313 |      0 |      0 |    0 |          2 |
|                 DSP.OP                                    |                floating_point_1_flt_add_dsp_HD4911 |        164 |        152 |       0 |   12 |   313 |      0 |      0 |    0 |          2 |
|                   DSP48E1_BODY.ALIGN_ADD                  |      floating_point_1_align_add_dsp48e1_sgl_HD4916 |         13 |         12 |       0 |    1 |    73 |      0 |      0 |    0 |          1 |
|                   DSP48E1_BODY.EXP                        |             floating_point_1_flt_add_exp_sp_HD4935 |         69 |         58 |       0 |   11 |    92 |      0 |      0 |    0 |          0 |
|                   DSP48E1_BODY.NORM_RND                   | floating_point_1_norm_and_round_dsp48e1_sgl_HD4989 |         36 |         36 |       0 |    0 |    70 |      0 |      0 |    0 |          1 |
|       GEN_FP_LANE[31].u_mul                               |                                        fp32_mul_ip |        154 |        139 |       0 |   15 |   315 |      0 |      0 |    0 |          2 |
|         GEN_MUL0.u_fp_mul                                 |                            floating_point_0_HD1869 |        154 |        139 |       0 |   15 |   315 |      0 |      0 |    0 |          2 |
|           U0                                              |     floating_point_0_floating_point_v7_1_21_HD1870 |        154 |        139 |       0 |   15 |   315 |      0 |      0 |    0 |          2 |
|             i_synth                                       | floating_point_0_floating_point_v7_1_21_viv_HD1871 |        154 |        139 |       0 |   15 |   315 |      0 |      0 |    0 |          2 |
|               need_combiner.use_2to1.skid_buffer_combiner |             floating_point_0_axi_slave_2to1_HD1943 |         59 |         59 |       0 |    0 |   135 |      0 |      0 |    0 |          0 |
|               MULT.OP                                     |                   floating_point_0_flt_mult_HD1872 |         93 |         78 |       0 |   15 |   171 |      0 |      0 |    0 |          2 |
|                 i_non_prim.EXP                            |               floating_point_0_flt_mult_exp_HD1873 |         55 |         48 |       0 |    7 |    48 |      0 |      0 |    0 |          0 |
|                 i_non_prim.R_AND_R                        |             floating_point_0_flt_mult_round_HD1921 |         22 |         14 |       0 |    8 |    62 |      0 |      0 |    0 |          0 |
|                   LOGIC.R_AND_R                           |     floating_point_0_renorm_and_round_logic_HD1922 |         22 |         14 |       0 |    8 |    62 |      0 |      0 |    0 |          0 |
|       GEN_FP_LANE[3].u_add                                |                             fp32_add_ip__xdcDup__4 |        241 |        229 |       0 |   12 |   460 |      0 |      0 |    0 |          2 |
|         u_fp_add                                          |                            floating_point_1_HD2681 |        241 |        229 |       0 |   12 |   460 |      0 |      0 |    0 |          2 |
|           U0                                              |     floating_point_1_floating_point_v7_1_21_HD2682 |        241 |        229 |       0 |   12 |   460 |      0 |      0 |    0 |          2 |
|             i_synth                                       | floating_point_1_floating_point_v7_1_21_viv_HD2683 |        241 |        229 |       0 |   12 |   460 |      0 |      0 |    0 |          2 |
|               need_combiner.use_2to1.skid_buffer_combiner |             floating_point_1_axi_slave_2to1_HD2786 |         75 |         75 |       0 |    0 |   135 |      0 |      0 |    0 |          0 |
|               ADDSUB_OP.ADDSUB                            |                    floating_point_1_flt_add_HD2684 |        164 |        152 |       0 |   12 |   313 |      0 |      0 |    0 |          2 |
|                 DSP.OP                                    |                floating_point_1_flt_add_dsp_HD2685 |        164 |        152 |       0 |   12 |   313 |      0 |      0 |    0 |          2 |
|                   DSP48E1_BODY.ALIGN_ADD                  |      floating_point_1_align_add_dsp48e1_sgl_HD2690 |         13 |         12 |       0 |    1 |    73 |      0 |      0 |    0 |          1 |
|                   DSP48E1_BODY.EXP                        |             floating_point_1_flt_add_exp_sp_HD2709 |         69 |         58 |       0 |   11 |    92 |      0 |      0 |    0 |          0 |
|                   DSP48E1_BODY.NORM_RND                   | floating_point_1_norm_and_round_dsp48e1_sgl_HD2763 |         36 |         36 |       0 |    0 |    70 |      0 |      0 |    0 |          1 |
|       GEN_FP_LANE[3].u_mul                                |                             fp32_mul_ip__xdcDup__4 |        154 |        139 |       0 |   15 |   315 |      0 |      0 |    0 |          2 |
|         GEN_MUL0.u_fp_mul                                 |                             floating_point_0_HD294 |        154 |        139 |       0 |   15 |   315 |      0 |      0 |    0 |          2 |
|           U0                                              |      floating_point_0_floating_point_v7_1_21_HD295 |        154 |        139 |       0 |   15 |   315 |      0 |      0 |    0 |          2 |
|             i_synth                                       |  floating_point_0_floating_point_v7_1_21_viv_HD296 |        154 |        139 |       0 |   15 |   315 |      0 |      0 |    0 |          2 |
|               need_combiner.use_2to1.skid_buffer_combiner |              floating_point_0_axi_slave_2to1_HD368 |         59 |         59 |       0 |    0 |   135 |      0 |      0 |    0 |          0 |
|               MULT.OP                                     |                    floating_point_0_flt_mult_HD297 |         93 |         78 |       0 |   15 |   171 |      0 |      0 |    0 |          2 |
|                 i_non_prim.EXP                            |                floating_point_0_flt_mult_exp_HD298 |         55 |         48 |       0 |    7 |    48 |      0 |      0 |    0 |          0 |
|                 i_non_prim.R_AND_R                        |              floating_point_0_flt_mult_round_HD346 |         22 |         14 |       0 |    8 |    62 |      0 |      0 |    0 |          0 |
|                   LOGIC.R_AND_R                           |      floating_point_0_renorm_and_round_logic_HD347 |         22 |         14 |       0 |    8 |    62 |      0 |      0 |    0 |          0 |
|       GEN_FP_LANE[4].u_add                                |                             fp32_add_ip__xdcDup__5 |        241 |        229 |       0 |   12 |   460 |      0 |      0 |    0 |          2 |
|         u_fp_add                                          |                            floating_point_1_HD5649 |        241 |        229 |       0 |   12 |   460 |      0 |      0 |    0 |          2 |
|           U0                                              |     floating_point_1_floating_point_v7_1_21_HD5650 |        241 |        229 |       0 |   12 |   460 |      0 |      0 |    0 |          2 |
|             i_synth                                       | floating_point_1_floating_point_v7_1_21_viv_HD5651 |        241 |        229 |       0 |   12 |   460 |      0 |      0 |    0 |          2 |
|               need_combiner.use_2to1.skid_buffer_combiner |             floating_point_1_axi_slave_2to1_HD5754 |         75 |         75 |       0 |    0 |   135 |      0 |      0 |    0 |          0 |
|               ADDSUB_OP.ADDSUB                            |                    floating_point_1_flt_add_HD5652 |        164 |        152 |       0 |   12 |   313 |      0 |      0 |    0 |          2 |
|                 DSP.OP                                    |                floating_point_1_flt_add_dsp_HD5653 |        164 |        152 |       0 |   12 |   313 |      0 |      0 |    0 |          2 |
|                   DSP48E1_BODY.ALIGN_ADD                  |      floating_point_1_align_add_dsp48e1_sgl_HD5658 |         13 |         12 |       0 |    1 |    73 |      0 |      0 |    0 |          1 |
|                   DSP48E1_BODY.EXP                        |             floating_point_1_flt_add_exp_sp_HD5677 |         69 |         58 |       0 |   11 |    92 |      0 |      0 |    0 |          0 |
|                   DSP48E1_BODY.NORM_RND                   | floating_point_1_norm_and_round_dsp48e1_sgl_HD5731 |         36 |         36 |       0 |    0 |    70 |      0 |      0 |    0 |          1 |
|       GEN_FP_LANE[4].u_mul                                |                             fp32_mul_ip__xdcDup__5 |        154 |        139 |       0 |   15 |   315 |      0 |      0 |    0 |          2 |
|         GEN_MUL0.u_fp_mul                                 |                            floating_point_0_HD2394 |        154 |        139 |       0 |   15 |   315 |      0 |      0 |    0 |          2 |
|           U0                                              |     floating_point_0_floating_point_v7_1_21_HD2395 |        154 |        139 |       0 |   15 |   315 |      0 |      0 |    0 |          2 |
|             i_synth                                       | floating_point_0_floating_point_v7_1_21_viv_HD2396 |        154 |        139 |       0 |   15 |   315 |      0 |      0 |    0 |          2 |
|               need_combiner.use_2to1.skid_buffer_combiner |             floating_point_0_axi_slave_2to1_HD2468 |         59 |         59 |       0 |    0 |   135 |      0 |      0 |    0 |          0 |
|               MULT.OP                                     |                   floating_point_0_flt_mult_HD2397 |         93 |         78 |       0 |   15 |   171 |      0 |      0 |    0 |          2 |
|                 i_non_prim.EXP                            |               floating_point_0_flt_mult_exp_HD2398 |         55 |         48 |       0 |    7 |    48 |      0 |      0 |    0 |          0 |
|                 i_non_prim.R_AND_R                        |             floating_point_0_flt_mult_round_HD2446 |         22 |         14 |       0 |    8 |    62 |      0 |      0 |    0 |          0 |
|                   LOGIC.R_AND_R                           |     floating_point_0_renorm_and_round_logic_HD2447 |         22 |         14 |       0 |    8 |    62 |      0 |      0 |    0 |          0 |
|       GEN_FP_LANE[5].u_add                                |                             fp32_add_ip__xdcDup__6 |        241 |        229 |       0 |   12 |   460 |      0 |      0 |    0 |          2 |
|         u_fp_add                                          |                            floating_point_1_HD2787 |        241 |        229 |       0 |   12 |   460 |      0 |      0 |    0 |          2 |
|           U0                                              |     floating_point_1_floating_point_v7_1_21_HD2788 |        241 |        229 |       0 |   12 |   460 |      0 |      0 |    0 |          2 |
|             i_synth                                       | floating_point_1_floating_point_v7_1_21_viv_HD2789 |        241 |        229 |       0 |   12 |   460 |      0 |      0 |    0 |          2 |
|               need_combiner.use_2to1.skid_buffer_combiner |             floating_point_1_axi_slave_2to1_HD2892 |         75 |         75 |       0 |    0 |   135 |      0 |      0 |    0 |          0 |
|               ADDSUB_OP.ADDSUB                            |                    floating_point_1_flt_add_HD2790 |        164 |        152 |       0 |   12 |   313 |      0 |      0 |    0 |          2 |
|                 DSP.OP                                    |                floating_point_1_flt_add_dsp_HD2791 |        164 |        152 |       0 |   12 |   313 |      0 |      0 |    0 |          2 |
|                   DSP48E1_BODY.ALIGN_ADD                  |      floating_point_1_align_add_dsp48e1_sgl_HD2796 |         13 |         12 |       0 |    1 |    73 |      0 |      0 |    0 |          1 |
|                   DSP48E1_BODY.EXP                        |             floating_point_1_flt_add_exp_sp_HD2815 |         69 |         58 |       0 |   11 |    92 |      0 |      0 |    0 |          0 |
|                   DSP48E1_BODY.NORM_RND                   | floating_point_1_norm_and_round_dsp48e1_sgl_HD2869 |         36 |         36 |       0 |    0 |    70 |      0 |      0 |    0 |          1 |
|       GEN_FP_LANE[5].u_mul                                |                             fp32_mul_ip__xdcDup__6 |        154 |        139 |       0 |   15 |   315 |      0 |      0 |    0 |          2 |
|         GEN_MUL0.u_fp_mul                                 |                             floating_point_0_HD369 |        154 |        139 |       0 |   15 |   315 |      0 |      0 |    0 |          2 |
|           U0                                              |      floating_point_0_floating_point_v7_1_21_HD370 |        154 |        139 |       0 |   15 |   315 |      0 |      0 |    0 |          2 |
|             i_synth                                       |  floating_point_0_floating_point_v7_1_21_viv_HD371 |        154 |        139 |       0 |   15 |   315 |      0 |      0 |    0 |          2 |
|               need_combiner.use_2to1.skid_buffer_combiner |              floating_point_0_axi_slave_2to1_HD443 |         59 |         59 |       0 |    0 |   135 |      0 |      0 |    0 |          0 |
|               MULT.OP                                     |                    floating_point_0_flt_mult_HD372 |         93 |         78 |       0 |   15 |   171 |      0 |      0 |    0 |          2 |
|                 i_non_prim.EXP                            |                floating_point_0_flt_mult_exp_HD373 |         55 |         48 |       0 |    7 |    48 |      0 |      0 |    0 |          0 |
|                 i_non_prim.R_AND_R                        |              floating_point_0_flt_mult_round_HD421 |         22 |         14 |       0 |    8 |    62 |      0 |      0 |    0 |          0 |
|                   LOGIC.R_AND_R                           |      floating_point_0_renorm_and_round_logic_HD422 |         22 |         14 |       0 |    8 |    62 |      0 |      0 |    0 |          0 |
|       GEN_FP_LANE[6].u_add                                |                             fp32_add_ip__xdcDup__7 |        241 |        229 |       0 |   12 |   460 |      0 |      0 |    0 |          2 |
|         u_fp_add                                          |                            floating_point_1_HD2893 |        241 |        229 |       0 |   12 |   460 |      0 |      0 |    0 |          2 |
|           U0                                              |     floating_point_1_floating_point_v7_1_21_HD2894 |        241 |        229 |       0 |   12 |   460 |      0 |      0 |    0 |          2 |
|             i_synth                                       | floating_point_1_floating_point_v7_1_21_viv_HD2895 |        241 |        229 |       0 |   12 |   460 |      0 |      0 |    0 |          2 |
|               need_combiner.use_2to1.skid_buffer_combiner |             floating_point_1_axi_slave_2to1_HD2998 |         75 |         75 |       0 |    0 |   135 |      0 |      0 |    0 |          0 |
|               ADDSUB_OP.ADDSUB                            |                    floating_point_1_flt_add_HD2896 |        164 |        152 |       0 |   12 |   313 |      0 |      0 |    0 |          2 |
|                 DSP.OP                                    |                floating_point_1_flt_add_dsp_HD2897 |        164 |        152 |       0 |   12 |   313 |      0 |      0 |    0 |          2 |
|                   DSP48E1_BODY.ALIGN_ADD                  |      floating_point_1_align_add_dsp48e1_sgl_HD2902 |         13 |         12 |       0 |    1 |    73 |      0 |      0 |    0 |          1 |
|                   DSP48E1_BODY.EXP                        |             floating_point_1_flt_add_exp_sp_HD2921 |         69 |         58 |       0 |   11 |    92 |      0 |      0 |    0 |          0 |
|                   DSP48E1_BODY.NORM_RND                   | floating_point_1_norm_and_round_dsp48e1_sgl_HD2975 |         36 |         36 |       0 |    0 |    70 |      0 |      0 |    0 |          1 |
|       GEN_FP_LANE[6].u_mul                                |                             fp32_mul_ip__xdcDup__7 |        154 |        139 |       0 |   15 |   315 |      0 |      0 |    0 |          2 |
|         GEN_MUL0.u_fp_mul                                 |                             floating_point_0_HD444 |        154 |        139 |       0 |   15 |   315 |      0 |      0 |    0 |          2 |
|           U0                                              |      floating_point_0_floating_point_v7_1_21_HD445 |        154 |        139 |       0 |   15 |   315 |      0 |      0 |    0 |          2 |
|             i_synth                                       |  floating_point_0_floating_point_v7_1_21_viv_HD446 |        154 |        139 |       0 |   15 |   315 |      0 |      0 |    0 |          2 |
|               need_combiner.use_2to1.skid_buffer_combiner |              floating_point_0_axi_slave_2to1_HD518 |         59 |         59 |       0 |    0 |   135 |      0 |      0 |    0 |          0 |
|               MULT.OP                                     |                    floating_point_0_flt_mult_HD447 |         93 |         78 |       0 |   15 |   171 |      0 |      0 |    0 |          2 |
|                 i_non_prim.EXP                            |                floating_point_0_flt_mult_exp_HD448 |         55 |         48 |       0 |    7 |    48 |      0 |      0 |    0 |          0 |
|                 i_non_prim.R_AND_R                        |              floating_point_0_flt_mult_round_HD496 |         22 |         14 |       0 |    8 |    62 |      0 |      0 |    0 |          0 |
|                   LOGIC.R_AND_R                           |      floating_point_0_renorm_and_round_logic_HD497 |         22 |         14 |       0 |    8 |    62 |      0 |      0 |    0 |          0 |
|       GEN_FP_LANE[7].u_add                                |                             fp32_add_ip__xdcDup__8 |        241 |        229 |       0 |   12 |   460 |      0 |      0 |    0 |          2 |
|         u_fp_add                                          |                            floating_point_1_HD2999 |        241 |        229 |       0 |   12 |   460 |      0 |      0 |    0 |          2 |
|           U0                                              |     floating_point_1_floating_point_v7_1_21_HD3000 |        241 |        229 |       0 |   12 |   460 |      0 |      0 |    0 |          2 |
|             i_synth                                       | floating_point_1_floating_point_v7_1_21_viv_HD3001 |        241 |        229 |       0 |   12 |   460 |      0 |      0 |    0 |          2 |
|               need_combiner.use_2to1.skid_buffer_combiner |             floating_point_1_axi_slave_2to1_HD3104 |         75 |         75 |       0 |    0 |   135 |      0 |      0 |    0 |          0 |
|               ADDSUB_OP.ADDSUB                            |                    floating_point_1_flt_add_HD3002 |        164 |        152 |       0 |   12 |   313 |      0 |      0 |    0 |          2 |
|                 DSP.OP                                    |                floating_point_1_flt_add_dsp_HD3003 |        164 |        152 |       0 |   12 |   313 |      0 |      0 |    0 |          2 |
|                   DSP48E1_BODY.ALIGN_ADD                  |      floating_point_1_align_add_dsp48e1_sgl_HD3008 |         13 |         12 |       0 |    1 |    73 |      0 |      0 |    0 |          1 |
|                   DSP48E1_BODY.EXP                        |             floating_point_1_flt_add_exp_sp_HD3027 |         69 |         58 |       0 |   11 |    92 |      0 |      0 |    0 |          0 |
|                   DSP48E1_BODY.NORM_RND                   | floating_point_1_norm_and_round_dsp48e1_sgl_HD3081 |         36 |         36 |       0 |    0 |    70 |      0 |      0 |    0 |          1 |
|       GEN_FP_LANE[7].u_mul                                |                             fp32_mul_ip__xdcDup__8 |        154 |        139 |       0 |   15 |   315 |      0 |      0 |    0 |          2 |
|         GEN_MUL0.u_fp_mul                                 |                             floating_point_0_HD519 |        154 |        139 |       0 |   15 |   315 |      0 |      0 |    0 |          2 |
|           U0                                              |      floating_point_0_floating_point_v7_1_21_HD520 |        154 |        139 |       0 |   15 |   315 |      0 |      0 |    0 |          2 |
|             i_synth                                       |  floating_point_0_floating_point_v7_1_21_viv_HD521 |        154 |        139 |       0 |   15 |   315 |      0 |      0 |    0 |          2 |
|               need_combiner.use_2to1.skid_buffer_combiner |              floating_point_0_axi_slave_2to1_HD593 |         59 |         59 |       0 |    0 |   135 |      0 |      0 |    0 |          0 |
|               MULT.OP                                     |                    floating_point_0_flt_mult_HD522 |         93 |         78 |       0 |   15 |   171 |      0 |      0 |    0 |          2 |
|                 i_non_prim.EXP                            |                floating_point_0_flt_mult_exp_HD523 |         55 |         48 |       0 |    7 |    48 |      0 |      0 |    0 |          0 |
|                 i_non_prim.R_AND_R                        |              floating_point_0_flt_mult_round_HD571 |         22 |         14 |       0 |    8 |    62 |      0 |      0 |    0 |          0 |
|                   LOGIC.R_AND_R                           |      floating_point_0_renorm_and_round_logic_HD572 |         22 |         14 |       0 |    8 |    62 |      0 |      0 |    0 |          0 |
|       GEN_FP_LANE[8].u_add                                |                             fp32_add_ip__xdcDup__9 |        241 |        229 |       0 |   12 |   460 |      0 |      0 |    0 |          2 |
|         u_fp_add                                          |                            floating_point_1_HD3105 |        241 |        229 |       0 |   12 |   460 |      0 |      0 |    0 |          2 |
|           U0                                              |     floating_point_1_floating_point_v7_1_21_HD3106 |        241 |        229 |       0 |   12 |   460 |      0 |      0 |    0 |          2 |
|             i_synth                                       | floating_point_1_floating_point_v7_1_21_viv_HD3107 |        241 |        229 |       0 |   12 |   460 |      0 |      0 |    0 |          2 |
|               need_combiner.use_2to1.skid_buffer_combiner |             floating_point_1_axi_slave_2to1_HD3210 |         75 |         75 |       0 |    0 |   135 |      0 |      0 |    0 |          0 |
|               ADDSUB_OP.ADDSUB                            |                    floating_point_1_flt_add_HD3108 |        164 |        152 |       0 |   12 |   313 |      0 |      0 |    0 |          2 |
|                 DSP.OP                                    |                floating_point_1_flt_add_dsp_HD3109 |        164 |        152 |       0 |   12 |   313 |      0 |      0 |    0 |          2 |
|                   DSP48E1_BODY.ALIGN_ADD                  |      floating_point_1_align_add_dsp48e1_sgl_HD3114 |         13 |         12 |       0 |    1 |    73 |      0 |      0 |    0 |          1 |
|                   DSP48E1_BODY.EXP                        |             floating_point_1_flt_add_exp_sp_HD3133 |         69 |         58 |       0 |   11 |    92 |      0 |      0 |    0 |          0 |
|                   DSP48E1_BODY.NORM_RND                   | floating_point_1_norm_and_round_dsp48e1_sgl_HD3187 |         36 |         36 |       0 |    0 |    70 |      0 |      0 |    0 |          1 |
|       GEN_FP_LANE[8].u_mul                                |                             fp32_mul_ip__xdcDup__9 |        154 |        139 |       0 |   15 |   315 |      0 |      0 |    0 |          2 |
|         GEN_MUL0.u_fp_mul                                 |                             floating_point_0_HD594 |        154 |        139 |       0 |   15 |   315 |      0 |      0 |    0 |          2 |
|           U0                                              |      floating_point_0_floating_point_v7_1_21_HD595 |        154 |        139 |       0 |   15 |   315 |      0 |      0 |    0 |          2 |
|             i_synth                                       |  floating_point_0_floating_point_v7_1_21_viv_HD596 |        154 |        139 |       0 |   15 |   315 |      0 |      0 |    0 |          2 |
|               need_combiner.use_2to1.skid_buffer_combiner |              floating_point_0_axi_slave_2to1_HD668 |         59 |         59 |       0 |    0 |   135 |      0 |      0 |    0 |          0 |
|               MULT.OP                                     |                    floating_point_0_flt_mult_HD597 |         93 |         78 |       0 |   15 |   171 |      0 |      0 |    0 |          2 |
|                 i_non_prim.EXP                            |                floating_point_0_flt_mult_exp_HD598 |         55 |         48 |       0 |    7 |    48 |      0 |      0 |    0 |          0 |
|                 i_non_prim.R_AND_R                        |              floating_point_0_flt_mult_round_HD646 |         22 |         14 |       0 |    8 |    62 |      0 |      0 |    0 |          0 |
|                   LOGIC.R_AND_R                           |      floating_point_0_renorm_and_round_logic_HD647 |         22 |         14 |       0 |    8 |    62 |      0 |      0 |    0 |          0 |
|       GEN_FP_LANE[9].u_add                                |                            fp32_add_ip__xdcDup__10 |        241 |        229 |       0 |   12 |   460 |      0 |      0 |    0 |          2 |
|         u_fp_add                                          |                            floating_point_1_HD3211 |        241 |        229 |       0 |   12 |   460 |      0 |      0 |    0 |          2 |
|           U0                                              |     floating_point_1_floating_point_v7_1_21_HD3212 |        241 |        229 |       0 |   12 |   460 |      0 |      0 |    0 |          2 |
|             i_synth                                       | floating_point_1_floating_point_v7_1_21_viv_HD3213 |        241 |        229 |       0 |   12 |   460 |      0 |      0 |    0 |          2 |
|               need_combiner.use_2to1.skid_buffer_combiner |             floating_point_1_axi_slave_2to1_HD3316 |         75 |         75 |       0 |    0 |   135 |      0 |      0 |    0 |          0 |
|               ADDSUB_OP.ADDSUB                            |                    floating_point_1_flt_add_HD3214 |        164 |        152 |       0 |   12 |   313 |      0 |      0 |    0 |          2 |
|                 DSP.OP                                    |                floating_point_1_flt_add_dsp_HD3215 |        164 |        152 |       0 |   12 |   313 |      0 |      0 |    0 |          2 |
|                   DSP48E1_BODY.ALIGN_ADD                  |      floating_point_1_align_add_dsp48e1_sgl_HD3220 |         13 |         12 |       0 |    1 |    73 |      0 |      0 |    0 |          1 |
|                   DSP48E1_BODY.EXP                        |             floating_point_1_flt_add_exp_sp_HD3239 |         69 |         58 |       0 |   11 |    92 |      0 |      0 |    0 |          0 |
|                   DSP48E1_BODY.NORM_RND                   | floating_point_1_norm_and_round_dsp48e1_sgl_HD3293 |         36 |         36 |       0 |    0 |    70 |      0 |      0 |    0 |          1 |
|       GEN_FP_LANE[9].u_mul                                |                            fp32_mul_ip__xdcDup__10 |        154 |        139 |       0 |   15 |   315 |      0 |      0 |    0 |          2 |
|         GEN_MUL0.u_fp_mul                                 |                             floating_point_0_HD669 |        154 |        139 |       0 |   15 |   315 |      0 |      0 |    0 |          2 |
|           U0                                              |      floating_point_0_floating_point_v7_1_21_HD670 |        154 |        139 |       0 |   15 |   315 |      0 |      0 |    0 |          2 |
|             i_synth                                       |  floating_point_0_floating_point_v7_1_21_viv_HD671 |        154 |        139 |       0 |   15 |   315 |      0 |      0 |    0 |          2 |
|               need_combiner.use_2to1.skid_buffer_combiner |              floating_point_0_axi_slave_2to1_HD743 |         59 |         59 |       0 |    0 |   135 |      0 |      0 |    0 |          0 |
|               MULT.OP                                     |                    floating_point_0_flt_mult_HD672 |         93 |         78 |       0 |   15 |   171 |      0 |      0 |    0 |          2 |
|                 i_non_prim.EXP                            |                floating_point_0_flt_mult_exp_HD673 |         55 |         48 |       0 |    7 |    48 |      0 |      0 |    0 |          0 |
|                 i_non_prim.R_AND_R                        |              floating_point_0_flt_mult_round_HD721 |         22 |         14 |       0 |    8 |    62 |      0 |      0 |    0 |          0 |
|                   LOGIC.R_AND_R                           |      floating_point_0_renorm_and_round_logic_HD722 |         22 |         14 |       0 |    8 |    62 |      0 |      0 |    0 |          0 |
|     u_scheduler                                           |                        cats_r4_qk_32lane_scheduler |       1172 |        864 |     308 |    0 |  1128 |      0 |      0 |    0 |          0 |
|   GEN_CLUSTER[0].u_q_slab                                 |                           cats_r4_qk_q_slab_client |         54 |         54 |       0 |    0 |   235 |      0 |      0 |    0 |          0 |
|   GEN_CLUSTER[0].u_rows                                   |                         cats_r4_qk_a2_row_pipeline |       7970 |       7490 |       0 |  480 | 13608 |      0 |      0 |    0 |         64 |
|     u_rows                                                |                     cats_r4_qk_row_handoff_wrapper |       1397 |       1397 |       0 |    0 |  1324 |      0 |      0 |    0 |          0 |
|       u_owner                                             |                          cats_r4_qk_slot_lifecycle |        165 |        165 |       0 |    0 |   172 |      0 |      0 |    0 |          0 |
|       u_assembler                                         |                           cats_r4_qk_row_assembler |       1135 |       1135 |       0 |    0 |   889 |      0 |      0 |    0 |          0 |
|       u_handoff                                           |                              cats_r4_qk_ab_handoff |         45 |         45 |       0 |    0 |   218 |      0 |      0 |    0 |          0 |
|     u_formatter                                           |                         cats_r4_qk_score_formatter |       6567 |       6087 |       0 |  480 | 12280 |      0 |      0 |    0 |         64 |
|       (u_formatter)                                       |                         cats_r4_qk_score_formatter |       1511 |       1511 |       0 |    0 |  2200 |      0 |      0 |    0 |          0 |
|       GEN_SCALE_LANE[0].u_scale_mul                       |             fp32_mul_ip__parameterized0__xdcDup__1 |        154 |        139 |       0 |   15 |   315 |      0 |      0 |    0 |          2 |
|         GEN_MUL2.u_fp_mul                                 |                                   floating_point_2 |        154 |        139 |       0 |   15 |   315 |      0 |      0 |    0 |          2 |
|           U0                                              |            floating_point_2_floating_point_v7_1_21 |        154 |        139 |       0 |   15 |   315 |      0 |      0 |    0 |          2 |
|             i_synth                                       |        floating_point_2_floating_point_v7_1_21_viv |        154 |        139 |       0 |   15 |   315 |      0 |      0 |    0 |          2 |
|               need_combiner.use_2to1.skid_buffer_combiner |                    floating_point_2_axi_slave_2to1 |         59 |         59 |       0 |    0 |   135 |      0 |      0 |    0 |          0 |
|               MULT.OP                                     |                          floating_point_2_flt_mult |         93 |         78 |       0 |   15 |   171 |      0 |      0 |    0 |          2 |
|                 i_non_prim.EXP                            |                      floating_point_2_flt_mult_exp |         55 |         48 |       0 |    7 |    48 |      0 |      0 |    0 |          0 |
|                 i_non_prim.R_AND_R                        |                    floating_point_2_flt_mult_round |         22 |         14 |       0 |    8 |    62 |      0 |      0 |    0 |          0 |
|                   LOGIC.R_AND_R                           |            floating_point_2_renorm_and_round_logic |         22 |         14 |       0 |    8 |    62 |      0 |      0 |    0 |          0 |
|       GEN_SCALE_LANE[10].u_scale_mul                      |            fp32_mul_ip__parameterized0__xdcDup__11 |        154 |        139 |       0 |   15 |   315 |      0 |      0 |    0 |          2 |
|         GEN_MUL2.u_fp_mul                                 |                            floating_point_2_HD6567 |        154 |        139 |       0 |   15 |   315 |      0 |      0 |    0 |          2 |
|           U0                                              |     floating_point_2_floating_point_v7_1_21_HD6568 |        154 |        139 |       0 |   15 |   315 |      0 |      0 |    0 |          2 |
|             i_synth                                       | floating_point_2_floating_point_v7_1_21_viv_HD6569 |        154 |        139 |       0 |   15 |   315 |      0 |      0 |    0 |          2 |
|               need_combiner.use_2to1.skid_buffer_combiner |             floating_point_2_axi_slave_2to1_HD6641 |         59 |         59 |       0 |    0 |   135 |      0 |      0 |    0 |          0 |
|               MULT.OP                                     |                   floating_point_2_flt_mult_HD6570 |         93 |         78 |       0 |   15 |   171 |      0 |      0 |    0 |          2 |
|                 i_non_prim.EXP                            |               floating_point_2_flt_mult_exp_HD6571 |         55 |         48 |       0 |    7 |    48 |      0 |      0 |    0 |          0 |
|                 i_non_prim.R_AND_R                        |             floating_point_2_flt_mult_round_HD6619 |         22 |         14 |       0 |    8 |    62 |      0 |      0 |    0 |          0 |
|                   LOGIC.R_AND_R                           |     floating_point_2_renorm_and_round_logic_HD6620 |         22 |         14 |       0 |    8 |    62 |      0 |      0 |    0 |          0 |
|       GEN_SCALE_LANE[11].u_scale_mul                      |            fp32_mul_ip__parameterized0__xdcDup__12 |        154 |        139 |       0 |   15 |   315 |      0 |      0 |    0 |          2 |
|         GEN_MUL2.u_fp_mul                                 |                            floating_point_2_HD6642 |        154 |        139 |       0 |   15 |   315 |      0 |      0 |    0 |          2 |
|           U0                                              |     floating_point_2_floating_point_v7_1_21_HD6643 |        154 |        139 |       0 |   15 |   315 |      0 |      0 |    0 |          2 |
|             i_synth                                       | floating_point_2_floating_point_v7_1_21_viv_HD6644 |        154 |        139 |       0 |   15 |   315 |      0 |      0 |    0 |          2 |
|               need_combiner.use_2to1.skid_buffer_combiner |             floating_point_2_axi_slave_2to1_HD6716 |         59 |         59 |       0 |    0 |   135 |      0 |      0 |    0 |          0 |
|               MULT.OP                                     |                   floating_point_2_flt_mult_HD6645 |         93 |         78 |       0 |   15 |   171 |      0 |      0 |    0 |          2 |
|                 i_non_prim.EXP                            |               floating_point_2_flt_mult_exp_HD6646 |         55 |         48 |       0 |    7 |    48 |      0 |      0 |    0 |          0 |
|                 i_non_prim.R_AND_R                        |             floating_point_2_flt_mult_round_HD6694 |         22 |         14 |       0 |    8 |    62 |      0 |      0 |    0 |          0 |
|                   LOGIC.R_AND_R                           |     floating_point_2_renorm_and_round_logic_HD6695 |         22 |         14 |       0 |    8 |    62 |      0 |      0 |    0 |          0 |
|       GEN_SCALE_LANE[12].u_scale_mul                      |            fp32_mul_ip__parameterized0__xdcDup__13 |        154 |        139 |       0 |   15 |   315 |      0 |      0 |    0 |          2 |
|         GEN_MUL2.u_fp_mul                                 |                            floating_point_2_HD6717 |        154 |        139 |       0 |   15 |   315 |      0 |      0 |    0 |          2 |
|           U0                                              |     floating_point_2_floating_point_v7_1_21_HD6718 |        154 |        139 |       0 |   15 |   315 |      0 |      0 |    0 |          2 |
|             i_synth                                       | floating_point_2_floating_point_v7_1_21_viv_HD6719 |        154 |        139 |       0 |   15 |   315 |      0 |      0 |    0 |          2 |
|               need_combiner.use_2to1.skid_buffer_combiner |             floating_point_2_axi_slave_2to1_HD6791 |         59 |         59 |       0 |    0 |   135 |      0 |      0 |    0 |          0 |
|               MULT.OP                                     |                   floating_point_2_flt_mult_HD6720 |         93 |         78 |       0 |   15 |   171 |      0 |      0 |    0 |          2 |
|                 i_non_prim.EXP                            |               floating_point_2_flt_mult_exp_HD6721 |         55 |         48 |       0 |    7 |    48 |      0 |      0 |    0 |          0 |
|                 i_non_prim.R_AND_R                        |             floating_point_2_flt_mult_round_HD6769 |         22 |         14 |       0 |    8 |    62 |      0 |      0 |    0 |          0 |
|                   LOGIC.R_AND_R                           |     floating_point_2_renorm_and_round_logic_HD6770 |         22 |         14 |       0 |    8 |    62 |      0 |      0 |    0 |          0 |
|       GEN_SCALE_LANE[13].u_scale_mul                      |            fp32_mul_ip__parameterized0__xdcDup__14 |        154 |        139 |       0 |   15 |   315 |      0 |      0 |    0 |          2 |
|         GEN_MUL2.u_fp_mul                                 |                            floating_point_2_HD6792 |        154 |        139 |       0 |   15 |   315 |      0 |      0 |    0 |          2 |
|           U0                                              |     floating_point_2_floating_point_v7_1_21_HD6793 |        154 |        139 |       0 |   15 |   315 |      0 |      0 |    0 |          2 |
|             i_synth                                       | floating_point_2_floating_point_v7_1_21_viv_HD6794 |        154 |        139 |       0 |   15 |   315 |      0 |      0 |    0 |          2 |
|               need_combiner.use_2to1.skid_buffer_combiner |             floating_point_2_axi_slave_2to1_HD6866 |         59 |         59 |       0 |    0 |   135 |      0 |      0 |    0 |          0 |
|               MULT.OP                                     |                   floating_point_2_flt_mult_HD6795 |         93 |         78 |       0 |   15 |   171 |      0 |      0 |    0 |          2 |
|                 i_non_prim.EXP                            |               floating_point_2_flt_mult_exp_HD6796 |         55 |         48 |       0 |    7 |    48 |      0 |      0 |    0 |          0 |
|                 i_non_prim.R_AND_R                        |             floating_point_2_flt_mult_round_HD6844 |         22 |         14 |       0 |    8 |    62 |      0 |      0 |    0 |          0 |
|                   LOGIC.R_AND_R                           |     floating_point_2_renorm_and_round_logic_HD6845 |         22 |         14 |       0 |    8 |    62 |      0 |      0 |    0 |          0 |
|       GEN_SCALE_LANE[14].u_scale_mul                      |            fp32_mul_ip__parameterized0__xdcDup__15 |        154 |        139 |       0 |   15 |   315 |      0 |      0 |    0 |          2 |
|         GEN_MUL2.u_fp_mul                                 |                            floating_point_2_HD6867 |        154 |        139 |       0 |   15 |   315 |      0 |      0 |    0 |          2 |
|           U0                                              |     floating_point_2_floating_point_v7_1_21_HD6868 |        154 |        139 |       0 |   15 |   315 |      0 |      0 |    0 |          2 |
|             i_synth                                       | floating_point_2_floating_point_v7_1_21_viv_HD6869 |        154 |        139 |       0 |   15 |   315 |      0 |      0 |    0 |          2 |
|               need_combiner.use_2to1.skid_buffer_combiner |             floating_point_2_axi_slave_2to1_HD6941 |         59 |         59 |       0 |    0 |   135 |      0 |      0 |    0 |          0 |
|               MULT.OP                                     |                   floating_point_2_flt_mult_HD6870 |         93 |         78 |       0 |   15 |   171 |      0 |      0 |    0 |          2 |
|                 i_non_prim.EXP                            |               floating_point_2_flt_mult_exp_HD6871 |         55 |         48 |       0 |    7 |    48 |      0 |      0 |    0 |          0 |
|                 i_non_prim.R_AND_R                        |             floating_point_2_flt_mult_round_HD6919 |         22 |         14 |       0 |    8 |    62 |      0 |      0 |    0 |          0 |
|                   LOGIC.R_AND_R                           |     floating_point_2_renorm_and_round_logic_HD6920 |         22 |         14 |       0 |    8 |    62 |      0 |      0 |    0 |          0 |
|       GEN_SCALE_LANE[15].u_scale_mul                      |            fp32_mul_ip__parameterized0__xdcDup__16 |        154 |        139 |       0 |   15 |   315 |      0 |      0 |    0 |          2 |
|         GEN_MUL2.u_fp_mul                                 |                            floating_point_2_HD6942 |        154 |        139 |       0 |   15 |   315 |      0 |      0 |    0 |          2 |
|           U0                                              |     floating_point_2_floating_point_v7_1_21_HD6943 |        154 |        139 |       0 |   15 |   315 |      0 |      0 |    0 |          2 |
|             i_synth                                       | floating_point_2_floating_point_v7_1_21_viv_HD6944 |        154 |        139 |       0 |   15 |   315 |      0 |      0 |    0 |          2 |
|               need_combiner.use_2to1.skid_buffer_combiner |             floating_point_2_axi_slave_2to1_HD7016 |         59 |         59 |       0 |    0 |   135 |      0 |      0 |    0 |          0 |
|               MULT.OP                                     |                   floating_point_2_flt_mult_HD6945 |         93 |         78 |       0 |   15 |   171 |      0 |      0 |    0 |          2 |
|                 i_non_prim.EXP                            |               floating_point_2_flt_mult_exp_HD6946 |         55 |         48 |       0 |    7 |    48 |      0 |      0 |    0 |          0 |
|                 i_non_prim.R_AND_R                        |             floating_point_2_flt_mult_round_HD6994 |         22 |         14 |       0 |    8 |    62 |      0 |      0 |    0 |          0 |
|                   LOGIC.R_AND_R                           |     floating_point_2_renorm_and_round_logic_HD6995 |         22 |         14 |       0 |    8 |    62 |      0 |      0 |    0 |          0 |
|       GEN_SCALE_LANE[16].u_scale_mul                      |            fp32_mul_ip__parameterized0__xdcDup__17 |        154 |        139 |       0 |   15 |   315 |      0 |      0 |    0 |          2 |
|         GEN_MUL2.u_fp_mul                                 |                            floating_point_2_HD7017 |        154 |        139 |       0 |   15 |   315 |      0 |      0 |    0 |          2 |
|           U0                                              |     floating_point_2_floating_point_v7_1_21_HD7018 |        154 |        139 |       0 |   15 |   315 |      0 |      0 |    0 |          2 |
|             i_synth                                       | floating_point_2_floating_point_v7_1_21_viv_HD7019 |        154 |        139 |       0 |   15 |   315 |      0 |      0 |    0 |          2 |
|               need_combiner.use_2to1.skid_buffer_combiner |             floating_point_2_axi_slave_2to1_HD7091 |         59 |         59 |       0 |    0 |   135 |      0 |      0 |    0 |          0 |
|               MULT.OP                                     |                   floating_point_2_flt_mult_HD7020 |         93 |         78 |       0 |   15 |   171 |      0 |      0 |    0 |          2 |
|                 i_non_prim.EXP                            |               floating_point_2_flt_mult_exp_HD7021 |         55 |         48 |       0 |    7 |    48 |      0 |      0 |    0 |          0 |
|                 i_non_prim.R_AND_R                        |             floating_point_2_flt_mult_round_HD7069 |         22 |         14 |       0 |    8 |    62 |      0 |      0 |    0 |          0 |
|                   LOGIC.R_AND_R                           |     floating_point_2_renorm_and_round_logic_HD7070 |         22 |         14 |       0 |    8 |    62 |      0 |      0 |    0 |          0 |
|       GEN_SCALE_LANE[17].u_scale_mul                      |            fp32_mul_ip__parameterized0__xdcDup__18 |        154 |        139 |       0 |   15 |   315 |      0 |      0 |    0 |          2 |
|         GEN_MUL2.u_fp_mul                                 |                            floating_point_2_HD7092 |        154 |        139 |       0 |   15 |   315 |      0 |      0 |    0 |          2 |
|           U0                                              |     floating_point_2_floating_point_v7_1_21_HD7093 |        154 |        139 |       0 |   15 |   315 |      0 |      0 |    0 |          2 |
|             i_synth                                       | floating_point_2_floating_point_v7_1_21_viv_HD7094 |        154 |        139 |       0 |   15 |   315 |      0 |      0 |    0 |          2 |
|               need_combiner.use_2to1.skid_buffer_combiner |             floating_point_2_axi_slave_2to1_HD7166 |         59 |         59 |       0 |    0 |   135 |      0 |      0 |    0 |          0 |
|               MULT.OP                                     |                   floating_point_2_flt_mult_HD7095 |         93 |         78 |       0 |   15 |   171 |      0 |      0 |    0 |          2 |
|                 i_non_prim.EXP                            |               floating_point_2_flt_mult_exp_HD7096 |         55 |         48 |       0 |    7 |    48 |      0 |      0 |    0 |          0 |
|                 i_non_prim.R_AND_R                        |             floating_point_2_flt_mult_round_HD7144 |         22 |         14 |       0 |    8 |    62 |      0 |      0 |    0 |          0 |
|                   LOGIC.R_AND_R                           |     floating_point_2_renorm_and_round_logic_HD7145 |         22 |         14 |       0 |    8 |    62 |      0 |      0 |    0 |          0 |
|       GEN_SCALE_LANE[18].u_scale_mul                      |            fp32_mul_ip__parameterized0__xdcDup__19 |        154 |        139 |       0 |   15 |   315 |      0 |      0 |    0 |          2 |
|         GEN_MUL2.u_fp_mul                                 |                            floating_point_2_HD7167 |        154 |        139 |       0 |   15 |   315 |      0 |      0 |    0 |          2 |
|           U0                                              |     floating_point_2_floating_point_v7_1_21_HD7168 |        154 |        139 |       0 |   15 |   315 |      0 |      0 |    0 |          2 |
|             i_synth                                       | floating_point_2_floating_point_v7_1_21_viv_HD7169 |        154 |        139 |       0 |   15 |   315 |      0 |      0 |    0 |          2 |
|               need_combiner.use_2to1.skid_buffer_combiner |             floating_point_2_axi_slave_2to1_HD7241 |         59 |         59 |       0 |    0 |   135 |      0 |      0 |    0 |          0 |
|               MULT.OP                                     |                   floating_point_2_flt_mult_HD7170 |         93 |         78 |       0 |   15 |   171 |      0 |      0 |    0 |          2 |
|                 i_non_prim.EXP                            |               floating_point_2_flt_mult_exp_HD7171 |         55 |         48 |       0 |    7 |    48 |      0 |      0 |    0 |          0 |
|                 i_non_prim.R_AND_R                        |             floating_point_2_flt_mult_round_HD7219 |         22 |         14 |       0 |    8 |    62 |      0 |      0 |    0 |          0 |
|                   LOGIC.R_AND_R                           |     floating_point_2_renorm_and_round_logic_HD7220 |         22 |         14 |       0 |    8 |    62 |      0 |      0 |    0 |          0 |
|       GEN_SCALE_LANE[19].u_scale_mul                      |            fp32_mul_ip__parameterized0__xdcDup__20 |        154 |        139 |       0 |   15 |   315 |      0 |      0 |    0 |          2 |
|         GEN_MUL2.u_fp_mul                                 |                            floating_point_2_HD7242 |        154 |        139 |       0 |   15 |   315 |      0 |      0 |    0 |          2 |
|           U0                                              |     floating_point_2_floating_point_v7_1_21_HD7243 |        154 |        139 |       0 |   15 |   315 |      0 |      0 |    0 |          2 |
|             i_synth                                       | floating_point_2_floating_point_v7_1_21_viv_HD7244 |        154 |        139 |       0 |   15 |   315 |      0 |      0 |    0 |          2 |
|               need_combiner.use_2to1.skid_buffer_combiner |             floating_point_2_axi_slave_2to1_HD7316 |         59 |         59 |       0 |    0 |   135 |      0 |      0 |    0 |          0 |
|               MULT.OP                                     |                   floating_point_2_flt_mult_HD7245 |         93 |         78 |       0 |   15 |   171 |      0 |      0 |    0 |          2 |
|                 i_non_prim.EXP                            |               floating_point_2_flt_mult_exp_HD7246 |         55 |         48 |       0 |    7 |    48 |      0 |      0 |    0 |          0 |
|                 i_non_prim.R_AND_R                        |             floating_point_2_flt_mult_round_HD7294 |         22 |         14 |       0 |    8 |    62 |      0 |      0 |    0 |          0 |
|                   LOGIC.R_AND_R                           |     floating_point_2_renorm_and_round_logic_HD7295 |         22 |         14 |       0 |    8 |    62 |      0 |      0 |    0 |          0 |
|       GEN_SCALE_LANE[1].u_scale_mul                       |             fp32_mul_ip__parameterized0__xdcDup__2 |        154 |        139 |       0 |   15 |   315 |      0 |      0 |    0 |          2 |
|         GEN_MUL2.u_fp_mul                                 |                            floating_point_2_HD5892 |        154 |        139 |       0 |   15 |   315 |      0 |      0 |    0 |          2 |
|           U0                                              |     floating_point_2_floating_point_v7_1_21_HD5893 |        154 |        139 |       0 |   15 |   315 |      0 |      0 |    0 |          2 |
|             i_synth                                       | floating_point_2_floating_point_v7_1_21_viv_HD5894 |        154 |        139 |       0 |   15 |   315 |      0 |      0 |    0 |          2 |
|               need_combiner.use_2to1.skid_buffer_combiner |             floating_point_2_axi_slave_2to1_HD5966 |         59 |         59 |       0 |    0 |   135 |      0 |      0 |    0 |          0 |
|               MULT.OP                                     |                   floating_point_2_flt_mult_HD5895 |         93 |         78 |       0 |   15 |   171 |      0 |      0 |    0 |          2 |
|                 i_non_prim.EXP                            |               floating_point_2_flt_mult_exp_HD5896 |         55 |         48 |       0 |    7 |    48 |      0 |      0 |    0 |          0 |
|                 i_non_prim.R_AND_R                        |             floating_point_2_flt_mult_round_HD5944 |         22 |         14 |       0 |    8 |    62 |      0 |      0 |    0 |          0 |
|                   LOGIC.R_AND_R                           |     floating_point_2_renorm_and_round_logic_HD5945 |         22 |         14 |       0 |    8 |    62 |      0 |      0 |    0 |          0 |
|       GEN_SCALE_LANE[20].u_scale_mul                      |            fp32_mul_ip__parameterized0__xdcDup__21 |        154 |        139 |       0 |   15 |   315 |      0 |      0 |    0 |          2 |
|         GEN_MUL2.u_fp_mul                                 |                            floating_point_2_HD7317 |        154 |        139 |       0 |   15 |   315 |      0 |      0 |    0 |          2 |
|           U0                                              |     floating_point_2_floating_point_v7_1_21_HD7318 |        154 |        139 |       0 |   15 |   315 |      0 |      0 |    0 |          2 |
|             i_synth                                       | floating_point_2_floating_point_v7_1_21_viv_HD7319 |        154 |        139 |       0 |   15 |   315 |      0 |      0 |    0 |          2 |
|               need_combiner.use_2to1.skid_buffer_combiner |             floating_point_2_axi_slave_2to1_HD7391 |         59 |         59 |       0 |    0 |   135 |      0 |      0 |    0 |          0 |
|               MULT.OP                                     |                   floating_point_2_flt_mult_HD7320 |         93 |         78 |       0 |   15 |   171 |      0 |      0 |    0 |          2 |
|                 i_non_prim.EXP                            |               floating_point_2_flt_mult_exp_HD7321 |         55 |         48 |       0 |    7 |    48 |      0 |      0 |    0 |          0 |
|                 i_non_prim.R_AND_R                        |             floating_point_2_flt_mult_round_HD7369 |         22 |         14 |       0 |    8 |    62 |      0 |      0 |    0 |          0 |
|                   LOGIC.R_AND_R                           |     floating_point_2_renorm_and_round_logic_HD7370 |         22 |         14 |       0 |    8 |    62 |      0 |      0 |    0 |          0 |
|       GEN_SCALE_LANE[21].u_scale_mul                      |            fp32_mul_ip__parameterized0__xdcDup__22 |        154 |        139 |       0 |   15 |   315 |      0 |      0 |    0 |          2 |
|         GEN_MUL2.u_fp_mul                                 |                            floating_point_2_HD7392 |        154 |        139 |       0 |   15 |   315 |      0 |      0 |    0 |          2 |
|           U0                                              |     floating_point_2_floating_point_v7_1_21_HD7393 |        154 |        139 |       0 |   15 |   315 |      0 |      0 |    0 |          2 |
|             i_synth                                       | floating_point_2_floating_point_v7_1_21_viv_HD7394 |        154 |        139 |       0 |   15 |   315 |      0 |      0 |    0 |          2 |
|               need_combiner.use_2to1.skid_buffer_combiner |             floating_point_2_axi_slave_2to1_HD7466 |         59 |         59 |       0 |    0 |   135 |      0 |      0 |    0 |          0 |
|               MULT.OP                                     |                   floating_point_2_flt_mult_HD7395 |         93 |         78 |       0 |   15 |   171 |      0 |      0 |    0 |          2 |
|                 i_non_prim.EXP                            |               floating_point_2_flt_mult_exp_HD7396 |         55 |         48 |       0 |    7 |    48 |      0 |      0 |    0 |          0 |
|                 i_non_prim.R_AND_R                        |             floating_point_2_flt_mult_round_HD7444 |         22 |         14 |       0 |    8 |    62 |      0 |      0 |    0 |          0 |
|                   LOGIC.R_AND_R                           |     floating_point_2_renorm_and_round_logic_HD7445 |         22 |         14 |       0 |    8 |    62 |      0 |      0 |    0 |          0 |
|       GEN_SCALE_LANE[22].u_scale_mul                      |            fp32_mul_ip__parameterized0__xdcDup__23 |        154 |        139 |       0 |   15 |   315 |      0 |      0 |    0 |          2 |
|         GEN_MUL2.u_fp_mul                                 |                            floating_point_2_HD7467 |        154 |        139 |       0 |   15 |   315 |      0 |      0 |    0 |          2 |
|           U0                                              |     floating_point_2_floating_point_v7_1_21_HD7468 |        154 |        139 |       0 |   15 |   315 |      0 |      0 |    0 |          2 |
|             i_synth                                       | floating_point_2_floating_point_v7_1_21_viv_HD7469 |        154 |        139 |       0 |   15 |   315 |      0 |      0 |    0 |          2 |
|               need_combiner.use_2to1.skid_buffer_combiner |             floating_point_2_axi_slave_2to1_HD7541 |         59 |         59 |       0 |    0 |   135 |      0 |      0 |    0 |          0 |
|               MULT.OP                                     |                   floating_point_2_flt_mult_HD7470 |         93 |         78 |       0 |   15 |   171 |      0 |      0 |    0 |          2 |
|                 i_non_prim.EXP                            |               floating_point_2_flt_mult_exp_HD7471 |         55 |         48 |       0 |    7 |    48 |      0 |      0 |    0 |          0 |
|                 i_non_prim.R_AND_R                        |             floating_point_2_flt_mult_round_HD7519 |         22 |         14 |       0 |    8 |    62 |      0 |      0 |    0 |          0 |
|                   LOGIC.R_AND_R                           |     floating_point_2_renorm_and_round_logic_HD7520 |         22 |         14 |       0 |    8 |    62 |      0 |      0 |    0 |          0 |
|       GEN_SCALE_LANE[23].u_scale_mul                      |            fp32_mul_ip__parameterized0__xdcDup__24 |        154 |        139 |       0 |   15 |   315 |      0 |      0 |    0 |          2 |
|         GEN_MUL2.u_fp_mul                                 |                            floating_point_2_HD7542 |        154 |        139 |       0 |   15 |   315 |      0 |      0 |    0 |          2 |
|           U0                                              |     floating_point_2_floating_point_v7_1_21_HD7543 |        154 |        139 |       0 |   15 |   315 |      0 |      0 |    0 |          2 |
|             i_synth                                       | floating_point_2_floating_point_v7_1_21_viv_HD7544 |        154 |        139 |       0 |   15 |   315 |      0 |      0 |    0 |          2 |
|               need_combiner.use_2to1.skid_buffer_combiner |             floating_point_2_axi_slave_2to1_HD7616 |         59 |         59 |       0 |    0 |   135 |      0 |      0 |    0 |          0 |
|               MULT.OP                                     |                   floating_point_2_flt_mult_HD7545 |         93 |         78 |       0 |   15 |   171 |      0 |      0 |    0 |          2 |
|                 i_non_prim.EXP                            |               floating_point_2_flt_mult_exp_HD7546 |         55 |         48 |       0 |    7 |    48 |      0 |      0 |    0 |          0 |
|                 i_non_prim.R_AND_R                        |             floating_point_2_flt_mult_round_HD7594 |         22 |         14 |       0 |    8 |    62 |      0 |      0 |    0 |          0 |
|                   LOGIC.R_AND_R                           |     floating_point_2_renorm_and_round_logic_HD7595 |         22 |         14 |       0 |    8 |    62 |      0 |      0 |    0 |          0 |
|       GEN_SCALE_LANE[24].u_scale_mul                      |            fp32_mul_ip__parameterized0__xdcDup__25 |        154 |        139 |       0 |   15 |   315 |      0 |      0 |    0 |          2 |
|         GEN_MUL2.u_fp_mul                                 |                            floating_point_2_HD7617 |        154 |        139 |       0 |   15 |   315 |      0 |      0 |    0 |          2 |
|           U0                                              |     floating_point_2_floating_point_v7_1_21_HD7618 |        154 |        139 |       0 |   15 |   315 |      0 |      0 |    0 |          2 |
|             i_synth                                       | floating_point_2_floating_point_v7_1_21_viv_HD7619 |        154 |        139 |       0 |   15 |   315 |      0 |      0 |    0 |          2 |
|               need_combiner.use_2to1.skid_buffer_combiner |             floating_point_2_axi_slave_2to1_HD7691 |         59 |         59 |       0 |    0 |   135 |      0 |      0 |    0 |          0 |
|               MULT.OP                                     |                   floating_point_2_flt_mult_HD7620 |         93 |         78 |       0 |   15 |   171 |      0 |      0 |    0 |          2 |
|                 i_non_prim.EXP                            |               floating_point_2_flt_mult_exp_HD7621 |         55 |         48 |       0 |    7 |    48 |      0 |      0 |    0 |          0 |
|                 i_non_prim.R_AND_R                        |             floating_point_2_flt_mult_round_HD7669 |         22 |         14 |       0 |    8 |    62 |      0 |      0 |    0 |          0 |
|                   LOGIC.R_AND_R                           |     floating_point_2_renorm_and_round_logic_HD7670 |         22 |         14 |       0 |    8 |    62 |      0 |      0 |    0 |          0 |
|       GEN_SCALE_LANE[25].u_scale_mul                      |            fp32_mul_ip__parameterized0__xdcDup__26 |        154 |        139 |       0 |   15 |   315 |      0 |      0 |    0 |          2 |
|         GEN_MUL2.u_fp_mul                                 |                            floating_point_2_HD7692 |        154 |        139 |       0 |   15 |   315 |      0 |      0 |    0 |          2 |
|           U0                                              |     floating_point_2_floating_point_v7_1_21_HD7693 |        154 |        139 |       0 |   15 |   315 |      0 |      0 |    0 |          2 |
|             i_synth                                       | floating_point_2_floating_point_v7_1_21_viv_HD7694 |        154 |        139 |       0 |   15 |   315 |      0 |      0 |    0 |          2 |
|               need_combiner.use_2to1.skid_buffer_combiner |             floating_point_2_axi_slave_2to1_HD7766 |         59 |         59 |       0 |    0 |   135 |      0 |      0 |    0 |          0 |
|               MULT.OP                                     |                   floating_point_2_flt_mult_HD7695 |         93 |         78 |       0 |   15 |   171 |      0 |      0 |    0 |          2 |
|                 i_non_prim.EXP                            |               floating_point_2_flt_mult_exp_HD7696 |         55 |         48 |       0 |    7 |    48 |      0 |      0 |    0 |          0 |
|                 i_non_prim.R_AND_R                        |             floating_point_2_flt_mult_round_HD7744 |         22 |         14 |       0 |    8 |    62 |      0 |      0 |    0 |          0 |
|                   LOGIC.R_AND_R                           |     floating_point_2_renorm_and_round_logic_HD7745 |         22 |         14 |       0 |    8 |    62 |      0 |      0 |    0 |          0 |
|       GEN_SCALE_LANE[26].u_scale_mul                      |            fp32_mul_ip__parameterized0__xdcDup__27 |        154 |        139 |       0 |   15 |   315 |      0 |      0 |    0 |          2 |
|         GEN_MUL2.u_fp_mul                                 |                            floating_point_2_HD7767 |        154 |        139 |       0 |   15 |   315 |      0 |      0 |    0 |          2 |
|           U0                                              |     floating_point_2_floating_point_v7_1_21_HD7768 |        154 |        139 |       0 |   15 |   315 |      0 |      0 |    0 |          2 |
|             i_synth                                       | floating_point_2_floating_point_v7_1_21_viv_HD7769 |        154 |        139 |       0 |   15 |   315 |      0 |      0 |    0 |          2 |
|               need_combiner.use_2to1.skid_buffer_combiner |             floating_point_2_axi_slave_2to1_HD7841 |         59 |         59 |       0 |    0 |   135 |      0 |      0 |    0 |          0 |
|               MULT.OP                                     |                   floating_point_2_flt_mult_HD7770 |         93 |         78 |       0 |   15 |   171 |      0 |      0 |    0 |          2 |
|                 i_non_prim.EXP                            |               floating_point_2_flt_mult_exp_HD7771 |         55 |         48 |       0 |    7 |    48 |      0 |      0 |    0 |          0 |
|                 i_non_prim.R_AND_R                        |             floating_point_2_flt_mult_round_HD7819 |         22 |         14 |       0 |    8 |    62 |      0 |      0 |    0 |          0 |
|                   LOGIC.R_AND_R                           |     floating_point_2_renorm_and_round_logic_HD7820 |         22 |         14 |       0 |    8 |    62 |      0 |      0 |    0 |          0 |
|       GEN_SCALE_LANE[27].u_scale_mul                      |            fp32_mul_ip__parameterized0__xdcDup__28 |        154 |        139 |       0 |   15 |   315 |      0 |      0 |    0 |          2 |
|         GEN_MUL2.u_fp_mul                                 |                            floating_point_2_HD7842 |        154 |        139 |       0 |   15 |   315 |      0 |      0 |    0 |          2 |
|           U0                                              |     floating_point_2_floating_point_v7_1_21_HD7843 |        154 |        139 |       0 |   15 |   315 |      0 |      0 |    0 |          2 |
|             i_synth                                       | floating_point_2_floating_point_v7_1_21_viv_HD7844 |        154 |        139 |       0 |   15 |   315 |      0 |      0 |    0 |          2 |
|               need_combiner.use_2to1.skid_buffer_combiner |             floating_point_2_axi_slave_2to1_HD7916 |         59 |         59 |       0 |    0 |   135 |      0 |      0 |    0 |          0 |
|               MULT.OP                                     |                   floating_point_2_flt_mult_HD7845 |         93 |         78 |       0 |   15 |   171 |      0 |      0 |    0 |          2 |
|                 i_non_prim.EXP                            |               floating_point_2_flt_mult_exp_HD7846 |         55 |         48 |       0 |    7 |    48 |      0 |      0 |    0 |          0 |
|                 i_non_prim.R_AND_R                        |             floating_point_2_flt_mult_round_HD7894 |         22 |         14 |       0 |    8 |    62 |      0 |      0 |    0 |          0 |
|                   LOGIC.R_AND_R                           |     floating_point_2_renorm_and_round_logic_HD7895 |         22 |         14 |       0 |    8 |    62 |      0 |      0 |    0 |          0 |
|       GEN_SCALE_LANE[28].u_scale_mul                      |            fp32_mul_ip__parameterized0__xdcDup__29 |        154 |        139 |       0 |   15 |   315 |      0 |      0 |    0 |          2 |
|         GEN_MUL2.u_fp_mul                                 |                            floating_point_2_HD7917 |        154 |        139 |       0 |   15 |   315 |      0 |      0 |    0 |          2 |
|           U0                                              |     floating_point_2_floating_point_v7_1_21_HD7918 |        154 |        139 |       0 |   15 |   315 |      0 |      0 |    0 |          2 |
|             i_synth                                       | floating_point_2_floating_point_v7_1_21_viv_HD7919 |        154 |        139 |       0 |   15 |   315 |      0 |      0 |    0 |          2 |
|               need_combiner.use_2to1.skid_buffer_combiner |             floating_point_2_axi_slave_2to1_HD7991 |         59 |         59 |       0 |    0 |   135 |      0 |      0 |    0 |          0 |
|               MULT.OP                                     |                   floating_point_2_flt_mult_HD7920 |         93 |         78 |       0 |   15 |   171 |      0 |      0 |    0 |          2 |
|                 i_non_prim.EXP                            |               floating_point_2_flt_mult_exp_HD7921 |         55 |         48 |       0 |    7 |    48 |      0 |      0 |    0 |          0 |
|                 i_non_prim.R_AND_R                        |             floating_point_2_flt_mult_round_HD7969 |         22 |         14 |       0 |    8 |    62 |      0 |      0 |    0 |          0 |
|                   LOGIC.R_AND_R                           |     floating_point_2_renorm_and_round_logic_HD7970 |         22 |         14 |       0 |    8 |    62 |      0 |      0 |    0 |          0 |
|       GEN_SCALE_LANE[29].u_scale_mul                      |            fp32_mul_ip__parameterized0__xdcDup__30 |        154 |        139 |       0 |   15 |   315 |      0 |      0 |    0 |          2 |
|         GEN_MUL2.u_fp_mul                                 |                            floating_point_2_HD7992 |        154 |        139 |       0 |   15 |   315 |      0 |      0 |    0 |          2 |
|           U0                                              |     floating_point_2_floating_point_v7_1_21_HD7993 |        154 |        139 |       0 |   15 |   315 |      0 |      0 |    0 |          2 |
|             i_synth                                       | floating_point_2_floating_point_v7_1_21_viv_HD7994 |        154 |        139 |       0 |   15 |   315 |      0 |      0 |    0 |          2 |
|               need_combiner.use_2to1.skid_buffer_combiner |             floating_point_2_axi_slave_2to1_HD8066 |         59 |         59 |       0 |    0 |   135 |      0 |      0 |    0 |          0 |
|               MULT.OP                                     |                   floating_point_2_flt_mult_HD7995 |         93 |         78 |       0 |   15 |   171 |      0 |      0 |    0 |          2 |
|                 i_non_prim.EXP                            |               floating_point_2_flt_mult_exp_HD7996 |         55 |         48 |       0 |    7 |    48 |      0 |      0 |    0 |          0 |
|                 i_non_prim.R_AND_R                        |             floating_point_2_flt_mult_round_HD8044 |         22 |         14 |       0 |    8 |    62 |      0 |      0 |    0 |          0 |
|                   LOGIC.R_AND_R                           |     floating_point_2_renorm_and_round_logic_HD8045 |         22 |         14 |       0 |    8 |    62 |      0 |      0 |    0 |          0 |
|       GEN_SCALE_LANE[2].u_scale_mul                       |             fp32_mul_ip__parameterized0__xdcDup__3 |        154 |        139 |       0 |   15 |   315 |      0 |      0 |    0 |          2 |
|         GEN_MUL2.u_fp_mul                                 |                            floating_point_2_HD5967 |        154 |        139 |       0 |   15 |   315 |      0 |      0 |    0 |          2 |
|           U0                                              |     floating_point_2_floating_point_v7_1_21_HD5968 |        154 |        139 |       0 |   15 |   315 |      0 |      0 |    0 |          2 |
|             i_synth                                       | floating_point_2_floating_point_v7_1_21_viv_HD5969 |        154 |        139 |       0 |   15 |   315 |      0 |      0 |    0 |          2 |
|               need_combiner.use_2to1.skid_buffer_combiner |             floating_point_2_axi_slave_2to1_HD6041 |         59 |         59 |       0 |    0 |   135 |      0 |      0 |    0 |          0 |
|               MULT.OP                                     |                   floating_point_2_flt_mult_HD5970 |         93 |         78 |       0 |   15 |   171 |      0 |      0 |    0 |          2 |
|                 i_non_prim.EXP                            |               floating_point_2_flt_mult_exp_HD5971 |         55 |         48 |       0 |    7 |    48 |      0 |      0 |    0 |          0 |
|                 i_non_prim.R_AND_R                        |             floating_point_2_flt_mult_round_HD6019 |         22 |         14 |       0 |    8 |    62 |      0 |      0 |    0 |          0 |
|                   LOGIC.R_AND_R                           |     floating_point_2_renorm_and_round_logic_HD6020 |         22 |         14 |       0 |    8 |    62 |      0 |      0 |    0 |          0 |
|       GEN_SCALE_LANE[30].u_scale_mul                      |            fp32_mul_ip__parameterized0__xdcDup__31 |        154 |        139 |       0 |   15 |   315 |      0 |      0 |    0 |          2 |
|         GEN_MUL2.u_fp_mul                                 |                            floating_point_2_HD8067 |        154 |        139 |       0 |   15 |   315 |      0 |      0 |    0 |          2 |
|           U0                                              |     floating_point_2_floating_point_v7_1_21_HD8068 |        154 |        139 |       0 |   15 |   315 |      0 |      0 |    0 |          2 |
|             i_synth                                       | floating_point_2_floating_point_v7_1_21_viv_HD8069 |        154 |        139 |       0 |   15 |   315 |      0 |      0 |    0 |          2 |
|               need_combiner.use_2to1.skid_buffer_combiner |             floating_point_2_axi_slave_2to1_HD8141 |         59 |         59 |       0 |    0 |   135 |      0 |      0 |    0 |          0 |
|               MULT.OP                                     |                   floating_point_2_flt_mult_HD8070 |         93 |         78 |       0 |   15 |   171 |      0 |      0 |    0 |          2 |
|                 i_non_prim.EXP                            |               floating_point_2_flt_mult_exp_HD8071 |         55 |         48 |       0 |    7 |    48 |      0 |      0 |    0 |          0 |
|                 i_non_prim.R_AND_R                        |             floating_point_2_flt_mult_round_HD8119 |         22 |         14 |       0 |    8 |    62 |      0 |      0 |    0 |          0 |
|                   LOGIC.R_AND_R                           |     floating_point_2_renorm_and_round_logic_HD8120 |         22 |         14 |       0 |    8 |    62 |      0 |      0 |    0 |          0 |
|       GEN_SCALE_LANE[31].u_scale_mul                      |                        fp32_mul_ip__parameterized0 |        154 |        139 |       0 |   15 |   315 |      0 |      0 |    0 |          2 |
|         GEN_MUL2.u_fp_mul                                 |                            floating_point_2_HD8142 |        154 |        139 |       0 |   15 |   315 |      0 |      0 |    0 |          2 |
|           U0                                              |     floating_point_2_floating_point_v7_1_21_HD8143 |        154 |        139 |       0 |   15 |   315 |      0 |      0 |    0 |          2 |
|             i_synth                                       | floating_point_2_floating_point_v7_1_21_viv_HD8144 |        154 |        139 |       0 |   15 |   315 |      0 |      0 |    0 |          2 |
|               need_combiner.use_2to1.skid_buffer_combiner |             floating_point_2_axi_slave_2to1_HD8216 |         59 |         59 |       0 |    0 |   135 |      0 |      0 |    0 |          0 |
|               MULT.OP                                     |                   floating_point_2_flt_mult_HD8145 |         93 |         78 |       0 |   15 |   171 |      0 |      0 |    0 |          2 |
|                 i_non_prim.EXP                            |               floating_point_2_flt_mult_exp_HD8146 |         55 |         48 |       0 |    7 |    48 |      0 |      0 |    0 |          0 |
|                 i_non_prim.R_AND_R                        |             floating_point_2_flt_mult_round_HD8194 |         22 |         14 |       0 |    8 |    62 |      0 |      0 |    0 |          0 |
|                   LOGIC.R_AND_R                           |     floating_point_2_renorm_and_round_logic_HD8195 |         22 |         14 |       0 |    8 |    62 |      0 |      0 |    0 |          0 |
|       GEN_SCALE_LANE[3].u_scale_mul                       |             fp32_mul_ip__parameterized0__xdcDup__4 |        154 |        139 |       0 |   15 |   315 |      0 |      0 |    0 |          2 |
|         GEN_MUL2.u_fp_mul                                 |                            floating_point_2_HD6042 |        154 |        139 |       0 |   15 |   315 |      0 |      0 |    0 |          2 |
|           U0                                              |     floating_point_2_floating_point_v7_1_21_HD6043 |        154 |        139 |       0 |   15 |   315 |      0 |      0 |    0 |          2 |
|             i_synth                                       | floating_point_2_floating_point_v7_1_21_viv_HD6044 |        154 |        139 |       0 |   15 |   315 |      0 |      0 |    0 |          2 |
|               need_combiner.use_2to1.skid_buffer_combiner |             floating_point_2_axi_slave_2to1_HD6116 |         59 |         59 |       0 |    0 |   135 |      0 |      0 |    0 |          0 |
|               MULT.OP                                     |                   floating_point_2_flt_mult_HD6045 |         93 |         78 |       0 |   15 |   171 |      0 |      0 |    0 |          2 |
|                 i_non_prim.EXP                            |               floating_point_2_flt_mult_exp_HD6046 |         55 |         48 |       0 |    7 |    48 |      0 |      0 |    0 |          0 |
|                 i_non_prim.R_AND_R                        |             floating_point_2_flt_mult_round_HD6094 |         22 |         14 |       0 |    8 |    62 |      0 |      0 |    0 |          0 |
|                   LOGIC.R_AND_R                           |     floating_point_2_renorm_and_round_logic_HD6095 |         22 |         14 |       0 |    8 |    62 |      0 |      0 |    0 |          0 |
|       GEN_SCALE_LANE[4].u_scale_mul                       |             fp32_mul_ip__parameterized0__xdcDup__5 |        154 |        139 |       0 |   15 |   315 |      0 |      0 |    0 |          2 |
|         GEN_MUL2.u_fp_mul                                 |                            floating_point_2_HD6117 |        154 |        139 |       0 |   15 |   315 |      0 |      0 |    0 |          2 |
|           U0                                              |     floating_point_2_floating_point_v7_1_21_HD6118 |        154 |        139 |       0 |   15 |   315 |      0 |      0 |    0 |          2 |
|             i_synth                                       | floating_point_2_floating_point_v7_1_21_viv_HD6119 |        154 |        139 |       0 |   15 |   315 |      0 |      0 |    0 |          2 |
|               need_combiner.use_2to1.skid_buffer_combiner |             floating_point_2_axi_slave_2to1_HD6191 |         59 |         59 |       0 |    0 |   135 |      0 |      0 |    0 |          0 |
|               MULT.OP                                     |                   floating_point_2_flt_mult_HD6120 |         93 |         78 |       0 |   15 |   171 |      0 |      0 |    0 |          2 |
|                 i_non_prim.EXP                            |               floating_point_2_flt_mult_exp_HD6121 |         55 |         48 |       0 |    7 |    48 |      0 |      0 |    0 |          0 |
|                 i_non_prim.R_AND_R                        |             floating_point_2_flt_mult_round_HD6169 |         22 |         14 |       0 |    8 |    62 |      0 |      0 |    0 |          0 |
|                   LOGIC.R_AND_R                           |     floating_point_2_renorm_and_round_logic_HD6170 |         22 |         14 |       0 |    8 |    62 |      0 |      0 |    0 |          0 |
|       GEN_SCALE_LANE[5].u_scale_mul                       |             fp32_mul_ip__parameterized0__xdcDup__6 |        154 |        139 |       0 |   15 |   315 |      0 |      0 |    0 |          2 |
|         GEN_MUL2.u_fp_mul                                 |                            floating_point_2_HD6192 |        154 |        139 |       0 |   15 |   315 |      0 |      0 |    0 |          2 |
|           U0                                              |     floating_point_2_floating_point_v7_1_21_HD6193 |        154 |        139 |       0 |   15 |   315 |      0 |      0 |    0 |          2 |
|             i_synth                                       | floating_point_2_floating_point_v7_1_21_viv_HD6194 |        154 |        139 |       0 |   15 |   315 |      0 |      0 |    0 |          2 |
|               need_combiner.use_2to1.skid_buffer_combiner |             floating_point_2_axi_slave_2to1_HD6266 |         59 |         59 |       0 |    0 |   135 |      0 |      0 |    0 |          0 |
|               MULT.OP                                     |                   floating_point_2_flt_mult_HD6195 |         93 |         78 |       0 |   15 |   171 |      0 |      0 |    0 |          2 |
|                 i_non_prim.EXP                            |               floating_point_2_flt_mult_exp_HD6196 |         55 |         48 |       0 |    7 |    48 |      0 |      0 |    0 |          0 |
|                 i_non_prim.R_AND_R                        |             floating_point_2_flt_mult_round_HD6244 |         22 |         14 |       0 |    8 |    62 |      0 |      0 |    0 |          0 |
|                   LOGIC.R_AND_R                           |     floating_point_2_renorm_and_round_logic_HD6245 |         22 |         14 |       0 |    8 |    62 |      0 |      0 |    0 |          0 |
|       GEN_SCALE_LANE[6].u_scale_mul                       |             fp32_mul_ip__parameterized0__xdcDup__7 |        154 |        139 |       0 |   15 |   315 |      0 |      0 |    0 |          2 |
|         GEN_MUL2.u_fp_mul                                 |                            floating_point_2_HD6267 |        154 |        139 |       0 |   15 |   315 |      0 |      0 |    0 |          2 |
|           U0                                              |     floating_point_2_floating_point_v7_1_21_HD6268 |        154 |        139 |       0 |   15 |   315 |      0 |      0 |    0 |          2 |
|             i_synth                                       | floating_point_2_floating_point_v7_1_21_viv_HD6269 |        154 |        139 |       0 |   15 |   315 |      0 |      0 |    0 |          2 |
|               need_combiner.use_2to1.skid_buffer_combiner |             floating_point_2_axi_slave_2to1_HD6341 |         59 |         59 |       0 |    0 |   135 |      0 |      0 |    0 |          0 |
|               MULT.OP                                     |                   floating_point_2_flt_mult_HD6270 |         93 |         78 |       0 |   15 |   171 |      0 |      0 |    0 |          2 |
|                 i_non_prim.EXP                            |               floating_point_2_flt_mult_exp_HD6271 |         55 |         48 |       0 |    7 |    48 |      0 |      0 |    0 |          0 |
|                 i_non_prim.R_AND_R                        |             floating_point_2_flt_mult_round_HD6319 |         22 |         14 |       0 |    8 |    62 |      0 |      0 |    0 |          0 |
|                   LOGIC.R_AND_R                           |     floating_point_2_renorm_and_round_logic_HD6320 |         22 |         14 |       0 |    8 |    62 |      0 |      0 |    0 |          0 |
|       GEN_SCALE_LANE[7].u_scale_mul                       |             fp32_mul_ip__parameterized0__xdcDup__8 |        154 |        139 |       0 |   15 |   315 |      0 |      0 |    0 |          2 |
|         GEN_MUL2.u_fp_mul                                 |                            floating_point_2_HD6342 |        154 |        139 |       0 |   15 |   315 |      0 |      0 |    0 |          2 |
|           U0                                              |     floating_point_2_floating_point_v7_1_21_HD6343 |        154 |        139 |       0 |   15 |   315 |      0 |      0 |    0 |          2 |
|             i_synth                                       | floating_point_2_floating_point_v7_1_21_viv_HD6344 |        154 |        139 |       0 |   15 |   315 |      0 |      0 |    0 |          2 |
|               need_combiner.use_2to1.skid_buffer_combiner |             floating_point_2_axi_slave_2to1_HD6416 |         59 |         59 |       0 |    0 |   135 |      0 |      0 |    0 |          0 |
|               MULT.OP                                     |                   floating_point_2_flt_mult_HD6345 |         93 |         78 |       0 |   15 |   171 |      0 |      0 |    0 |          2 |
|                 i_non_prim.EXP                            |               floating_point_2_flt_mult_exp_HD6346 |         55 |         48 |       0 |    7 |    48 |      0 |      0 |    0 |          0 |
|                 i_non_prim.R_AND_R                        |             floating_point_2_flt_mult_round_HD6394 |         22 |         14 |       0 |    8 |    62 |      0 |      0 |    0 |          0 |
|                   LOGIC.R_AND_R                           |     floating_point_2_renorm_and_round_logic_HD6395 |         22 |         14 |       0 |    8 |    62 |      0 |      0 |    0 |          0 |
|       GEN_SCALE_LANE[8].u_scale_mul                       |             fp32_mul_ip__parameterized0__xdcDup__9 |        154 |        139 |       0 |   15 |   315 |      0 |      0 |    0 |          2 |
|         GEN_MUL2.u_fp_mul                                 |                            floating_point_2_HD6417 |        154 |        139 |       0 |   15 |   315 |      0 |      0 |    0 |          2 |
|           U0                                              |     floating_point_2_floating_point_v7_1_21_HD6418 |        154 |        139 |       0 |   15 |   315 |      0 |      0 |    0 |          2 |
|             i_synth                                       | floating_point_2_floating_point_v7_1_21_viv_HD6419 |        154 |        139 |       0 |   15 |   315 |      0 |      0 |    0 |          2 |
|               need_combiner.use_2to1.skid_buffer_combiner |             floating_point_2_axi_slave_2to1_HD6491 |         59 |         59 |       0 |    0 |   135 |      0 |      0 |    0 |          0 |
|               MULT.OP                                     |                   floating_point_2_flt_mult_HD6420 |         93 |         78 |       0 |   15 |   171 |      0 |      0 |    0 |          2 |
|                 i_non_prim.EXP                            |               floating_point_2_flt_mult_exp_HD6421 |         55 |         48 |       0 |    7 |    48 |      0 |      0 |    0 |          0 |
|                 i_non_prim.R_AND_R                        |             floating_point_2_flt_mult_round_HD6469 |         22 |         14 |       0 |    8 |    62 |      0 |      0 |    0 |          0 |
|                   LOGIC.R_AND_R                           |     floating_point_2_renorm_and_round_logic_HD6470 |         22 |         14 |       0 |    8 |    62 |      0 |      0 |    0 |          0 |
|       GEN_SCALE_LANE[9].u_scale_mul                       |            fp32_mul_ip__parameterized0__xdcDup__10 |        154 |        139 |       0 |   15 |   315 |      0 |      0 |    0 |          2 |
|         GEN_MUL2.u_fp_mul                                 |                            floating_point_2_HD6492 |        154 |        139 |       0 |   15 |   315 |      0 |      0 |    0 |          2 |
|           U0                                              |     floating_point_2_floating_point_v7_1_21_HD6493 |        154 |        139 |       0 |   15 |   315 |      0 |      0 |    0 |          2 |
|             i_synth                                       | floating_point_2_floating_point_v7_1_21_viv_HD6494 |        154 |        139 |       0 |   15 |   315 |      0 |      0 |    0 |          2 |
|               need_combiner.use_2to1.skid_buffer_combiner |             floating_point_2_axi_slave_2to1_HD6566 |         59 |         59 |       0 |    0 |   135 |      0 |      0 |    0 |          0 |
|               MULT.OP                                     |                   floating_point_2_flt_mult_HD6495 |         93 |         78 |       0 |   15 |   171 |      0 |      0 |    0 |          2 |
|                 i_non_prim.EXP                            |               floating_point_2_flt_mult_exp_HD6496 |         55 |         48 |       0 |    7 |    48 |      0 |      0 |    0 |          0 |
|                 i_non_prim.R_AND_R                        |             floating_point_2_flt_mult_round_HD6544 |         22 |         14 |       0 |    8 |    62 |      0 |      0 |    0 |          0 |
|                   LOGIC.R_AND_R                           |     floating_point_2_renorm_and_round_logic_HD6545 |         22 |         14 |       0 |    8 |    62 |      0 |      0 |    0 |          0 |
+-----------------------------------------------------------+----------------------------------------------------+------------+------------+---------+------+-------+--------+--------+------+------------+


