
****** Vivado v2025.2 (64-bit)
  **** SW Build 6299465 on Fri Nov 14 19:35:11 GMT 2025
  **** IP Build 6300035 on Fri Nov 14 10:48:45 MST 2025
  **** SharedData Build 6298862 on Thu Nov 13 04:50:51 MST 2025
  **** Start of session at: Sun Sep 13 17:34:09 2026
    ** Copyright 1986-2022 Xilinx, Inc. All Rights Reserved.
    ** Copyright 2022-2025 Advanced Micro Devices, Inc. All Rights Reserved.

source {C:\Users\zhangxuanhao\AppData\Local\Temp\a_frontend_vivado_853f7cee\ooc_run\run.tcl}
# create_project a_frontend_realip_ooc {C:/Users/zhangxuanhao/AppData/Local/Temp/a_frontend_vivado_853f7cee/ooc_project} -part xczu15eg-ffvb1156-2-i
create_project: Time (s): cpu = 00:00:07 ; elapsed = 00:00:12 . Memory (MB): peak = 530.547 ; gain = 217.406
# read_ip {C:/Users/zhangxuanhao/AppData/Local/Temp/a_frontend_vivado_754158a5/ip_project/a_frontend_fp32_ip_gen.srcs/sources_1/ip/floating_point_0/floating_point_0.xci}
INFO: [IP_Flow 19-234] Refreshing IP repositories
INFO: [IP_Flow 19-1704] No user IP repositories specified
INFO: [IP_Flow 19-2313] Loaded Vivado IP repository 'E:/vivado_25_2/2025.2/Vivado/data/ip'.
WARNING: [Vivado 12-13650] The IP file 'C:/Users/zhangxuanhao/AppData/Local/Temp/a_frontend_vivado_754158a5/ip_project/a_frontend_fp32_ip_gen.srcs/sources_1/ip/floating_point_0/floating_point_0.xci' has been moved from its original location, as a result the outputs for this IP will now be generated in 'c:/Users/zhangxuanhao/AppData/Local/Temp/a_frontend_vivado_754158a5/ip_project/a_frontend_fp32_ip_gen.gen/sources_1/ip/floating_point_0'. Alternatively a copy of the IP can be imported into the project using one of the 'import_ip' or 'import_files' commands.
# read_ip {C:/Users/zhangxuanhao/AppData/Local/Temp/a_frontend_vivado_754158a5/ip_project/a_frontend_fp32_ip_gen.srcs/sources_1/ip/floating_point_1/floating_point_1.xci}
WARNING: [Vivado 12-13650] The IP file 'C:/Users/zhangxuanhao/AppData/Local/Temp/a_frontend_vivado_754158a5/ip_project/a_frontend_fp32_ip_gen.srcs/sources_1/ip/floating_point_1/floating_point_1.xci' has been moved from its original location, as a result the outputs for this IP will now be generated in 'c:/Users/zhangxuanhao/AppData/Local/Temp/a_frontend_vivado_754158a5/ip_project/a_frontend_fp32_ip_gen.gen/sources_1/ip/floating_point_1'. Alternatively a copy of the IP can be imported into the project using one of the 'import_ip' or 'import_files' commands.
# read_ip {C:/Users/zhangxuanhao/AppData/Local/Temp/a_frontend_vivado_754158a5/ip_project/a_frontend_fp32_ip_gen.srcs/sources_1/ip/floating_point_2/floating_point_2.xci}
WARNING: [Vivado 12-13650] The IP file 'C:/Users/zhangxuanhao/AppData/Local/Temp/a_frontend_vivado_754158a5/ip_project/a_frontend_fp32_ip_gen.srcs/sources_1/ip/floating_point_2/floating_point_2.xci' has been moved from its original location, as a result the outputs for this IP will now be generated in 'c:/Users/zhangxuanhao/AppData/Local/Temp/a_frontend_vivado_754158a5/ip_project/a_frontend_fp32_ip_gen.gen/sources_1/ip/floating_point_2'. Alternatively a copy of the IP can be imported into the project using one of the 'import_ip' or 'import_files' commands.
# generate_target all [get_ips floating_point_0 floating_point_1 floating_point_2]
# add_files -norecurse {{C:/Users/zhangxuanhao/AppData/Local/Temp/a_frontend_vivado_853f7cee/src/rtl/core/bc/qk/bf16_to_fp32.v} {C:/Users/zhangxuanhao/AppData/Local/Temp/a_frontend_vivado_853f7cee/src/rtl/core/bc/qk/fp32_to_bf16.v} {C:/Users/zhangxuanhao/AppData/Local/Temp/a_frontend_vivado_853f7cee/src/rtl/core/bc/qk/fp32_mul_ip.v} {C:/Users/zhangxuanhao/AppData/Local/Temp/a_frontend_vivado_853f7cee/src/rtl/core/bc/qk/fp32_add_ip.v} {C:/Users/zhangxuanhao/AppData/Local/Temp/a_frontend_vivado_853f7cee/src/rtl/core/bc/qk/cats_r4_qk_score_formatter.sv} {C:/Users/zhangxuanhao/AppData/Local/Temp/a_frontend_vivado_853f7cee/src/rtl/core/bc/qk/cats_r4_qk_row_assembler.sv} {C:/Users/zhangxuanhao/AppData/Local/Temp/a_frontend_vivado_853f7cee/src/rtl/core/bc/qk/cats_r4_qk_ab_handoff.sv} {C:/Users/zhangxuanhao/AppData/Local/Temp/a_frontend_vivado_853f7cee/src/rtl/core/bc/qk/cats_r4_qk_slot_lifecycle.sv} {C:/Users/zhangxuanhao/AppData/Local/Temp/a_frontend_vivado_853f7cee/src/rtl/core/bc/qk/cats_r4_qk_row_abort_arbiter.sv} {C:/Users/zhangxuanhao/AppData/Local/Temp/a_frontend_vivado_853f7cee/src/rtl/core/bc/qk/cats_r4_qk_row_handoff_wrapper.sv} {C:/Users/zhangxuanhao/AppData/Local/Temp/a_frontend_vivado_853f7cee/src/rtl/core/bc/qk/cats_r4_qk_a2_row_pipeline.sv} {C:/Users/zhangxuanhao/AppData/Local/Temp/a_frontend_vivado_853f7cee/src/rtl/core/bc/qk/cats_r4_qk_q_slab_client.sv} {C:/Users/zhangxuanhao/AppData/Local/Temp/a_frontend_vivado_853f7cee/src/rtl/core/bc/qk/cats_r4_qk_32lane_scheduler.sv} {C:/Users/zhangxuanhao/AppData/Local/Temp/a_frontend_vivado_853f7cee/src/rtl/core/bc/qk/cats_r4_qk_32lane_fp32_service.sv} {C:/Users/zhangxuanhao/AppData/Local/Temp/a_frontend_vivado_853f7cee/src/rtl/core/bc/qk/cats_r4_qk_32lane_engine.sv} {C:/Users/zhangxuanhao/AppData/Local/Temp/a_frontend_vivado_853f7cee/src/rtl/core/cluster/cats_r4_compute_frontend.sv}}
# read_xdc {C:/Users/zhangxuanhao/AppData/Local/Temp/a_frontend_vivado_853f7cee/ooc_results/cats_r4_compute_frontend_ooc.xdc}
# set_property top cats_r4_compute_frontend [current_fileset]
# update_compile_order -fileset sources_1
# synth_design -mode out_of_context -flatten_hierarchy none -top cats_r4_compute_frontend -part xczu15eg-ffvb1156-2-i
Command: synth_design -mode out_of_context -flatten_hierarchy none -top cats_r4_compute_frontend -part xczu15eg-ffvb1156-2-i
Starting synth_design
Attempting to get a license for feature 'Synthesis' and/or device 'xczu15eg'
INFO: [Common 17-349] Got license for feature 'Synthesis' and/or device 'xczu15eg'
INFO: [Device 21-403] Loading part xczu15eg-ffvb1156-2-i
INFO: [Synth 8-7079] Multithreading enabled for synth_design using a maximum of 2 processes.
INFO: [Synth 8-7078] Launching helper process for spawning children vivado processes
INFO: [Synth 8-7075] Helper process launched with PID 23648
---------------------------------------------------------------------------------
Starting RTL Elaboration : Time (s): cpu = 00:00:04 ; elapsed = 00:00:04 . Memory (MB): peak = 1909.406 ; gain = 221.703
---------------------------------------------------------------------------------
INFO: [Synth 8-6157] synthesizing module 'cats_r4_compute_frontend' [C:/Users/zhangxuanhao/AppData/Local/Temp/a_frontend_vivado_853f7cee/src/rtl/core/cluster/cats_r4_compute_frontend.sv:19]
INFO: [Synth 8-6157] synthesizing module 'cats_r4_qk_q_slab_client' [C:/Users/zhangxuanhao/AppData/Local/Temp/a_frontend_vivado_853f7cee/src/rtl/core/bc/qk/cats_r4_qk_q_slab_client.sv:3]
INFO: [Synth 8-6155] done synthesizing module 'cats_r4_qk_q_slab_client' (0#1) [C:/Users/zhangxuanhao/AppData/Local/Temp/a_frontend_vivado_853f7cee/src/rtl/core/bc/qk/cats_r4_qk_q_slab_client.sv:3]
INFO: [Synth 8-6157] synthesizing module 'cats_r4_qk_32lane_engine' [C:/Users/zhangxuanhao/AppData/Local/Temp/a_frontend_vivado_853f7cee/src/rtl/core/bc/qk/cats_r4_qk_32lane_engine.sv:7]
	Parameter SEQ_LEN bound to: 32'sb00000000000000000000000010000000 
	Parameter HEAD_DIM bound to: 32'sb00000000000000000000000010000000 
	Parameter CONTEXTS bound to: 32'sb00000000000000000000000000010000 
	Parameter LANES bound to: 32'sb00000000000000000000000000100000 
INFO: [Synth 8-6157] synthesizing module 'cats_r4_qk_32lane_scheduler' [C:/Users/zhangxuanhao/AppData/Local/Temp/a_frontend_vivado_853f7cee/src/rtl/core/bc/qk/cats_r4_qk_32lane_scheduler.sv:8]
	Parameter SEQ_LEN bound to: 32'sb00000000000000000000000010000000 
	Parameter HEAD_DIM bound to: 32'sb00000000000000000000000010000000 
	Parameter CONTEXTS bound to: 32'sb00000000000000000000000000010000 
	Parameter LANES bound to: 32'sb00000000000000000000000000100000 
INFO: [Synth 8-6155] done synthesizing module 'cats_r4_qk_32lane_scheduler' (0#1) [C:/Users/zhangxuanhao/AppData/Local/Temp/a_frontend_vivado_853f7cee/src/rtl/core/bc/qk/cats_r4_qk_32lane_scheduler.sv:8]
INFO: [Synth 8-6157] synthesizing module 'cats_r4_qk_32lane_fp32_service' [C:/Users/zhangxuanhao/AppData/Local/Temp/a_frontend_vivado_853f7cee/src/rtl/core/bc/qk/cats_r4_qk_32lane_fp32_service.sv:8]
	Parameter CONTEXTS bound to: 32'sb00000000000000000000000000010000 
	Parameter LANES bound to: 32'sb00000000000000000000000000100000 
	Parameter HEAD_DIM bound to: 32'sb00000000000000000000000010000000 
INFO: [Synth 8-6157] synthesizing module 'bf16_to_fp32' [C:/Users/zhangxuanhao/AppData/Local/Temp/a_frontend_vivado_853f7cee/src/rtl/core/bc/qk/bf16_to_fp32.v:3]
INFO: [Synth 8-6155] done synthesizing module 'bf16_to_fp32' (0#1) [C:/Users/zhangxuanhao/AppData/Local/Temp/a_frontend_vivado_853f7cee/src/rtl/core/bc/qk/bf16_to_fp32.v:3]
INFO: [Synth 8-6157] synthesizing module 'fp32_mul_ip' [C:/Users/zhangxuanhao/AppData/Local/Temp/a_frontend_vivado_853f7cee/src/rtl/core/bc/qk/fp32_mul_ip.v:3]
	Parameter IP_ID bound to: 0 - type: integer 
INFO: [Synth 8-6157] synthesizing module 'floating_point_0' [C:/Users/zhangxuanhao/AppData/Local/Temp/a_frontend_vivado_853f7cee/ooc_run/.Xil/Vivado-41336-zhangxuanhao/realtime/floating_point_0_stub.v:6]
INFO: [Synth 8-6155] done synthesizing module 'floating_point_0' (0#1) [C:/Users/zhangxuanhao/AppData/Local/Temp/a_frontend_vivado_853f7cee/ooc_run/.Xil/Vivado-41336-zhangxuanhao/realtime/floating_point_0_stub.v:6]
INFO: [Synth 8-6155] done synthesizing module 'fp32_mul_ip' (0#1) [C:/Users/zhangxuanhao/AppData/Local/Temp/a_frontend_vivado_853f7cee/src/rtl/core/bc/qk/fp32_mul_ip.v:3]
INFO: [Synth 8-6157] synthesizing module 'fp32_add_ip' [C:/Users/zhangxuanhao/AppData/Local/Temp/a_frontend_vivado_853f7cee/src/rtl/core/bc/qk/fp32_add_ip.v:3]
INFO: [Synth 8-6157] synthesizing module 'floating_point_1' [C:/Users/zhangxuanhao/AppData/Local/Temp/a_frontend_vivado_853f7cee/ooc_run/.Xil/Vivado-41336-zhangxuanhao/realtime/floating_point_1_stub.v:6]
INFO: [Synth 8-6155] done synthesizing module 'floating_point_1' (0#1) [C:/Users/zhangxuanhao/AppData/Local/Temp/a_frontend_vivado_853f7cee/ooc_run/.Xil/Vivado-41336-zhangxuanhao/realtime/floating_point_1_stub.v:6]
INFO: [Synth 8-6155] done synthesizing module 'fp32_add_ip' (0#1) [C:/Users/zhangxuanhao/AppData/Local/Temp/a_frontend_vivado_853f7cee/src/rtl/core/bc/qk/fp32_add_ip.v:3]
INFO: [Synth 8-6155] done synthesizing module 'cats_r4_qk_32lane_fp32_service' (0#1) [C:/Users/zhangxuanhao/AppData/Local/Temp/a_frontend_vivado_853f7cee/src/rtl/core/bc/qk/cats_r4_qk_32lane_fp32_service.sv:8]
INFO: [Synth 8-6155] done synthesizing module 'cats_r4_qk_32lane_engine' (0#1) [C:/Users/zhangxuanhao/AppData/Local/Temp/a_frontend_vivado_853f7cee/src/rtl/core/bc/qk/cats_r4_qk_32lane_engine.sv:7]
INFO: [Synth 8-6157] synthesizing module 'cats_r4_qk_a2_row_pipeline' [C:/Users/zhangxuanhao/AppData/Local/Temp/a_frontend_vivado_853f7cee/src/rtl/core/bc/qk/cats_r4_qk_a2_row_pipeline.sv:4]
	Parameter SEQ_LEN bound to: 32'sb00000000000000000000000010000000 
	Parameter LANES bound to: 32'sb00000000000000000000000000100000 
	Parameter SLOTS bound to: 32'sb00000000000000000000000000000011 
	Parameter SCALE_FP32 bound to: 1035273459 - type: integer 
INFO: [Synth 8-6157] synthesizing module 'cats_r4_qk_score_formatter' [C:/Users/zhangxuanhao/AppData/Local/Temp/a_frontend_vivado_853f7cee/src/rtl/core/bc/qk/cats_r4_qk_score_formatter.sv:10]
	Parameter LANES bound to: 32'sb00000000000000000000000000100000 
	Parameter SCALE_FP32 bound to: 1035273459 - type: integer 
INFO: [Synth 8-6157] synthesizing module 'fp32_to_bf16' [C:/Users/zhangxuanhao/AppData/Local/Temp/a_frontend_vivado_853f7cee/src/rtl/core/bc/qk/fp32_to_bf16.v:3]
INFO: [Synth 8-6155] done synthesizing module 'fp32_to_bf16' (0#1) [C:/Users/zhangxuanhao/AppData/Local/Temp/a_frontend_vivado_853f7cee/src/rtl/core/bc/qk/fp32_to_bf16.v:3]
INFO: [Synth 8-6157] synthesizing module 'fp32_mul_ip__parameterized0' [C:/Users/zhangxuanhao/AppData/Local/Temp/a_frontend_vivado_853f7cee/src/rtl/core/bc/qk/fp32_mul_ip.v:3]
	Parameter IP_ID bound to: 2 - type: integer 
INFO: [Synth 8-6157] synthesizing module 'floating_point_2' [C:/Users/zhangxuanhao/AppData/Local/Temp/a_frontend_vivado_853f7cee/ooc_run/.Xil/Vivado-41336-zhangxuanhao/realtime/floating_point_2_stub.v:6]
INFO: [Synth 8-6155] done synthesizing module 'floating_point_2' (0#1) [C:/Users/zhangxuanhao/AppData/Local/Temp/a_frontend_vivado_853f7cee/ooc_run/.Xil/Vivado-41336-zhangxuanhao/realtime/floating_point_2_stub.v:6]
INFO: [Synth 8-6155] done synthesizing module 'fp32_mul_ip__parameterized0' (0#1) [C:/Users/zhangxuanhao/AppData/Local/Temp/a_frontend_vivado_853f7cee/src/rtl/core/bc/qk/fp32_mul_ip.v:3]
INFO: [Synth 8-6155] done synthesizing module 'cats_r4_qk_score_formatter' (0#1) [C:/Users/zhangxuanhao/AppData/Local/Temp/a_frontend_vivado_853f7cee/src/rtl/core/bc/qk/cats_r4_qk_score_formatter.sv:10]
INFO: [Synth 8-6157] synthesizing module 'cats_r4_qk_row_handoff_wrapper' [C:/Users/zhangxuanhao/AppData/Local/Temp/a_frontend_vivado_853f7cee/src/rtl/core/bc/qk/cats_r4_qk_row_handoff_wrapper.sv:3]
	Parameter SEQ_LEN bound to: 32'sb00000000000000000000000010000000 
	Parameter LANES bound to: 32'sb00000000000000000000000000100000 
	Parameter SLOTS bound to: 32'sb00000000000000000000000000000011 
INFO: [Synth 8-6157] synthesizing module 'cats_r4_qk_row_assembler' [C:/Users/zhangxuanhao/AppData/Local/Temp/a_frontend_vivado_853f7cee/src/rtl/core/bc/qk/cats_r4_qk_row_assembler.sv:3]
	Parameter SEQ_LEN bound to: 32'sb00000000000000000000000010000000 
	Parameter LANES bound to: 32'sb00000000000000000000000000100000 
	Parameter SLOTS bound to: 32'sb00000000000000000000000000000011 
INFO: [Synth 8-6155] done synthesizing module 'cats_r4_qk_row_assembler' (0#1) [C:/Users/zhangxuanhao/AppData/Local/Temp/a_frontend_vivado_853f7cee/src/rtl/core/bc/qk/cats_r4_qk_row_assembler.sv:3]
INFO: [Synth 8-6157] synthesizing module 'cats_r4_qk_ab_handoff' [C:/Users/zhangxuanhao/AppData/Local/Temp/a_frontend_vivado_853f7cee/src/rtl/core/bc/qk/cats_r4_qk_ab_handoff.sv:5]
INFO: [Synth 8-6155] done synthesizing module 'cats_r4_qk_ab_handoff' (0#1) [C:/Users/zhangxuanhao/AppData/Local/Temp/a_frontend_vivado_853f7cee/src/rtl/core/bc/qk/cats_r4_qk_ab_handoff.sv:5]
INFO: [Synth 8-6157] synthesizing module 'cats_r4_qk_slot_lifecycle' [C:/Users/zhangxuanhao/AppData/Local/Temp/a_frontend_vivado_853f7cee/src/rtl/core/bc/qk/cats_r4_qk_slot_lifecycle.sv:5]
INFO: [Synth 8-6155] done synthesizing module 'cats_r4_qk_slot_lifecycle' (0#1) [C:/Users/zhangxuanhao/AppData/Local/Temp/a_frontend_vivado_853f7cee/src/rtl/core/bc/qk/cats_r4_qk_slot_lifecycle.sv:5]
INFO: [Synth 8-6157] synthesizing module 'cats_r4_qk_row_abort_arbiter' [C:/Users/zhangxuanhao/AppData/Local/Temp/a_frontend_vivado_853f7cee/src/rtl/core/bc/qk/cats_r4_qk_row_abort_arbiter.sv:2]
INFO: [Synth 8-6155] done synthesizing module 'cats_r4_qk_row_abort_arbiter' (0#1) [C:/Users/zhangxuanhao/AppData/Local/Temp/a_frontend_vivado_853f7cee/src/rtl/core/bc/qk/cats_r4_qk_row_abort_arbiter.sv:2]
INFO: [Synth 8-6155] done synthesizing module 'cats_r4_qk_row_handoff_wrapper' (0#1) [C:/Users/zhangxuanhao/AppData/Local/Temp/a_frontend_vivado_853f7cee/src/rtl/core/bc/qk/cats_r4_qk_row_handoff_wrapper.sv:3]
INFO: [Synth 8-6155] done synthesizing module 'cats_r4_qk_a2_row_pipeline' (0#1) [C:/Users/zhangxuanhao/AppData/Local/Temp/a_frontend_vivado_853f7cee/src/rtl/core/bc/qk/cats_r4_qk_a2_row_pipeline.sv:4]
INFO: [Synth 8-6155] done synthesizing module 'cats_r4_compute_frontend' (0#1) [C:/Users/zhangxuanhao/AppData/Local/Temp/a_frontend_vivado_853f7cee/src/rtl/core/cluster/cats_r4_compute_frontend.sv:19]
WARNING: [Synth 8-6014] Unused sequential element p_scheduler.active_lanes_reg was removed.  [C:/Users/zhangxuanhao/AppData/Local/Temp/a_frontend_vivado_853f7cee/src/rtl/core/bc/qk/cats_r4_qk_32lane_scheduler.sv:363]
WARNING: [Synth 8-6014] Unused sequential element p_scheduler.mac_rsp_matches_reg was removed.  [C:/Users/zhangxuanhao/AppData/Local/Temp/a_frontend_vivado_853f7cee/src/rtl/core/bc/qk/cats_r4_qk_32lane_scheduler.sv:371]
WARNING: [Synth 8-11357] Potential Runtime issue for 3D-RAM or RAM from Record/Structs for RAM  accum_mem_reg with 16384 registers
---------------------------------------------------------------------------------
Finished RTL Elaboration : Time (s): cpu = 00:00:07 ; elapsed = 00:00:08 . Memory (MB): peak = 2173.586 ; gain = 485.883
---------------------------------------------------------------------------------
---------------------------------------------------------------------------------
Start Handling Custom Attributes
---------------------------------------------------------------------------------
---------------------------------------------------------------------------------
Finished Handling Custom Attributes : Time (s): cpu = 00:00:08 ; elapsed = 00:00:09 . Memory (MB): peak = 2173.586 ; gain = 485.883
---------------------------------------------------------------------------------
---------------------------------------------------------------------------------
Finished RTL Optimization Phase 1 : Time (s): cpu = 00:00:08 ; elapsed = 00:00:09 . Memory (MB): peak = 2173.586 ; gain = 485.883
---------------------------------------------------------------------------------
Netlist sorting complete. Time (s): cpu = 00:00:00 ; elapsed = 00:00:00.365 . Memory (MB): peak = 2173.586 ; gain = 0.000
INFO: [Project 1-570] Preparing netlist for logic optimization

Processing XDC Constraints
Initializing timing engine
Parsing XDC File [c:/Users/zhangxuanhao/AppData/Local/Temp/a_frontend_vivado_754158a5/ip_project/a_frontend_fp32_ip_gen.gen/sources_1/ip/floating_point_0/floating_point_0/floating_point_0_in_context.xdc] for cell 'GEN_CLUSTER[0].u_engine/u_fp32_service/GEN_FP_LANE[0].u_mul/GEN_MUL0.u_fp_mul'
Finished Parsing XDC File [c:/Users/zhangxuanhao/AppData/Local/Temp/a_frontend_vivado_754158a5/ip_project/a_frontend_fp32_ip_gen.gen/sources_1/ip/floating_point_0/floating_point_0/floating_point_0_in_context.xdc] for cell 'GEN_CLUSTER[0].u_engine/u_fp32_service/GEN_FP_LANE[0].u_mul/GEN_MUL0.u_fp_mul'
Parsing XDC File [c:/Users/zhangxuanhao/AppData/Local/Temp/a_frontend_vivado_754158a5/ip_project/a_frontend_fp32_ip_gen.gen/sources_1/ip/floating_point_0/floating_point_0/floating_point_0_in_context.xdc] for cell 'GEN_CLUSTER[0].u_engine/u_fp32_service/GEN_FP_LANE[1].u_mul/GEN_MUL0.u_fp_mul'
Finished Parsing XDC File [c:/Users/zhangxuanhao/AppData/Local/Temp/a_frontend_vivado_754158a5/ip_project/a_frontend_fp32_ip_gen.gen/sources_1/ip/floating_point_0/floating_point_0/floating_point_0_in_context.xdc] for cell 'GEN_CLUSTER[0].u_engine/u_fp32_service/GEN_FP_LANE[1].u_mul/GEN_MUL0.u_fp_mul'
Parsing XDC File [c:/Users/zhangxuanhao/AppData/Local/Temp/a_frontend_vivado_754158a5/ip_project/a_frontend_fp32_ip_gen.gen/sources_1/ip/floating_point_0/floating_point_0/floating_point_0_in_context.xdc] for cell 'GEN_CLUSTER[0].u_engine/u_fp32_service/GEN_FP_LANE[2].u_mul/GEN_MUL0.u_fp_mul'
Finished Parsing XDC File [c:/Users/zhangxuanhao/AppData/Local/Temp/a_frontend_vivado_754158a5/ip_project/a_frontend_fp32_ip_gen.gen/sources_1/ip/floating_point_0/floating_point_0/floating_point_0_in_context.xdc] for cell 'GEN_CLUSTER[0].u_engine/u_fp32_service/GEN_FP_LANE[2].u_mul/GEN_MUL0.u_fp_mul'
Parsing XDC File [c:/Users/zhangxuanhao/AppData/Local/Temp/a_frontend_vivado_754158a5/ip_project/a_frontend_fp32_ip_gen.gen/sources_1/ip/floating_point_0/floating_point_0/floating_point_0_in_context.xdc] for cell 'GEN_CLUSTER[0].u_engine/u_fp32_service/GEN_FP_LANE[3].u_mul/GEN_MUL0.u_fp_mul'
Finished Parsing XDC File [c:/Users/zhangxuanhao/AppData/Local/Temp/a_frontend_vivado_754158a5/ip_project/a_frontend_fp32_ip_gen.gen/sources_1/ip/floating_point_0/floating_point_0/floating_point_0_in_context.xdc] for cell 'GEN_CLUSTER[0].u_engine/u_fp32_service/GEN_FP_LANE[3].u_mul/GEN_MUL0.u_fp_mul'
Parsing XDC File [c:/Users/zhangxuanhao/AppData/Local/Temp/a_frontend_vivado_754158a5/ip_project/a_frontend_fp32_ip_gen.gen/sources_1/ip/floating_point_0/floating_point_0/floating_point_0_in_context.xdc] for cell 'GEN_CLUSTER[0].u_engine/u_fp32_service/GEN_FP_LANE[4].u_mul/GEN_MUL0.u_fp_mul'
Finished Parsing XDC File [c:/Users/zhangxuanhao/AppData/Local/Temp/a_frontend_vivado_754158a5/ip_project/a_frontend_fp32_ip_gen.gen/sources_1/ip/floating_point_0/floating_point_0/floating_point_0_in_context.xdc] for cell 'GEN_CLUSTER[0].u_engine/u_fp32_service/GEN_FP_LANE[4].u_mul/GEN_MUL0.u_fp_mul'
Parsing XDC File [c:/Users/zhangxuanhao/AppData/Local/Temp/a_frontend_vivado_754158a5/ip_project/a_frontend_fp32_ip_gen.gen/sources_1/ip/floating_point_0/floating_point_0/floating_point_0_in_context.xdc] for cell 'GEN_CLUSTER[0].u_engine/u_fp32_service/GEN_FP_LANE[5].u_mul/GEN_MUL0.u_fp_mul'
Finished Parsing XDC File [c:/Users/zhangxuanhao/AppData/Local/Temp/a_frontend_vivado_754158a5/ip_project/a_frontend_fp32_ip_gen.gen/sources_1/ip/floating_point_0/floating_point_0/floating_point_0_in_context.xdc] for cell 'GEN_CLUSTER[0].u_engine/u_fp32_service/GEN_FP_LANE[5].u_mul/GEN_MUL0.u_fp_mul'
Parsing XDC File [c:/Users/zhangxuanhao/AppData/Local/Temp/a_frontend_vivado_754158a5/ip_project/a_frontend_fp32_ip_gen.gen/sources_1/ip/floating_point_0/floating_point_0/floating_point_0_in_context.xdc] for cell 'GEN_CLUSTER[0].u_engine/u_fp32_service/GEN_FP_LANE[6].u_mul/GEN_MUL0.u_fp_mul'
Finished Parsing XDC File [c:/Users/zhangxuanhao/AppData/Local/Temp/a_frontend_vivado_754158a5/ip_project/a_frontend_fp32_ip_gen.gen/sources_1/ip/floating_point_0/floating_point_0/floating_point_0_in_context.xdc] for cell 'GEN_CLUSTER[0].u_engine/u_fp32_service/GEN_FP_LANE[6].u_mul/GEN_MUL0.u_fp_mul'
Parsing XDC File [c:/Users/zhangxuanhao/AppData/Local/Temp/a_frontend_vivado_754158a5/ip_project/a_frontend_fp32_ip_gen.gen/sources_1/ip/floating_point_0/floating_point_0/floating_point_0_in_context.xdc] for cell 'GEN_CLUSTER[0].u_engine/u_fp32_service/GEN_FP_LANE[7].u_mul/GEN_MUL0.u_fp_mul'
Finished Parsing XDC File [c:/Users/zhangxuanhao/AppData/Local/Temp/a_frontend_vivado_754158a5/ip_project/a_frontend_fp32_ip_gen.gen/sources_1/ip/floating_point_0/floating_point_0/floating_point_0_in_context.xdc] for cell 'GEN_CLUSTER[0].u_engine/u_fp32_service/GEN_FP_LANE[7].u_mul/GEN_MUL0.u_fp_mul'
Parsing XDC File [c:/Users/zhangxuanhao/AppData/Local/Temp/a_frontend_vivado_754158a5/ip_project/a_frontend_fp32_ip_gen.gen/sources_1/ip/floating_point_0/floating_point_0/floating_point_0_in_context.xdc] for cell 'GEN_CLUSTER[0].u_engine/u_fp32_service/GEN_FP_LANE[8].u_mul/GEN_MUL0.u_fp_mul'
Finished Parsing XDC File [c:/Users/zhangxuanhao/AppData/Local/Temp/a_frontend_vivado_754158a5/ip_project/a_frontend_fp32_ip_gen.gen/sources_1/ip/floating_point_0/floating_point_0/floating_point_0_in_context.xdc] for cell 'GEN_CLUSTER[0].u_engine/u_fp32_service/GEN_FP_LANE[8].u_mul/GEN_MUL0.u_fp_mul'
Parsing XDC File [c:/Users/zhangxuanhao/AppData/Local/Temp/a_frontend_vivado_754158a5/ip_project/a_frontend_fp32_ip_gen.gen/sources_1/ip/floating_point_0/floating_point_0/floating_point_0_in_context.xdc] for cell 'GEN_CLUSTER[0].u_engine/u_fp32_service/GEN_FP_LANE[9].u_mul/GEN_MUL0.u_fp_mul'
Finished Parsing XDC File [c:/Users/zhangxuanhao/AppData/Local/Temp/a_frontend_vivado_754158a5/ip_project/a_frontend_fp32_ip_gen.gen/sources_1/ip/floating_point_0/floating_point_0/floating_point_0_in_context.xdc] for cell 'GEN_CLUSTER[0].u_engine/u_fp32_service/GEN_FP_LANE[9].u_mul/GEN_MUL0.u_fp_mul'
Parsing XDC File [c:/Users/zhangxuanhao/AppData/Local/Temp/a_frontend_vivado_754158a5/ip_project/a_frontend_fp32_ip_gen.gen/sources_1/ip/floating_point_0/floating_point_0/floating_point_0_in_context.xdc] for cell 'GEN_CLUSTER[0].u_engine/u_fp32_service/GEN_FP_LANE[10].u_mul/GEN_MUL0.u_fp_mul'
Finished Parsing XDC File [c:/Users/zhangxuanhao/AppData/Local/Temp/a_frontend_vivado_754158a5/ip_project/a_frontend_fp32_ip_gen.gen/sources_1/ip/floating_point_0/floating_point_0/floating_point_0_in_context.xdc] for cell 'GEN_CLUSTER[0].u_engine/u_fp32_service/GEN_FP_LANE[10].u_mul/GEN_MUL0.u_fp_mul'
Parsing XDC File [c:/Users/zhangxuanhao/AppData/Local/Temp/a_frontend_vivado_754158a5/ip_project/a_frontend_fp32_ip_gen.gen/sources_1/ip/floating_point_0/floating_point_0/floating_point_0_in_context.xdc] for cell 'GEN_CLUSTER[0].u_engine/u_fp32_service/GEN_FP_LANE[11].u_mul/GEN_MUL0.u_fp_mul'
Finished Parsing XDC File [c:/Users/zhangxuanhao/AppData/Local/Temp/a_frontend_vivado_754158a5/ip_project/a_frontend_fp32_ip_gen.gen/sources_1/ip/floating_point_0/floating_point_0/floating_point_0_in_context.xdc] for cell 'GEN_CLUSTER[0].u_engine/u_fp32_service/GEN_FP_LANE[11].u_mul/GEN_MUL0.u_fp_mul'
Parsing XDC File [c:/Users/zhangxuanhao/AppData/Local/Temp/a_frontend_vivado_754158a5/ip_project/a_frontend_fp32_ip_gen.gen/sources_1/ip/floating_point_0/floating_point_0/floating_point_0_in_context.xdc] for cell 'GEN_CLUSTER[0].u_engine/u_fp32_service/GEN_FP_LANE[12].u_mul/GEN_MUL0.u_fp_mul'
Finished Parsing XDC File [c:/Users/zhangxuanhao/AppData/Local/Temp/a_frontend_vivado_754158a5/ip_project/a_frontend_fp32_ip_gen.gen/sources_1/ip/floating_point_0/floating_point_0/floating_point_0_in_context.xdc] for cell 'GEN_CLUSTER[0].u_engine/u_fp32_service/GEN_FP_LANE[12].u_mul/GEN_MUL0.u_fp_mul'
Parsing XDC File [c:/Users/zhangxuanhao/AppData/Local/Temp/a_frontend_vivado_754158a5/ip_project/a_frontend_fp32_ip_gen.gen/sources_1/ip/floating_point_0/floating_point_0/floating_point_0_in_context.xdc] for cell 'GEN_CLUSTER[0].u_engine/u_fp32_service/GEN_FP_LANE[13].u_mul/GEN_MUL0.u_fp_mul'
Finished Parsing XDC File [c:/Users/zhangxuanhao/AppData/Local/Temp/a_frontend_vivado_754158a5/ip_project/a_frontend_fp32_ip_gen.gen/sources_1/ip/floating_point_0/floating_point_0/floating_point_0_in_context.xdc] for cell 'GEN_CLUSTER[0].u_engine/u_fp32_service/GEN_FP_LANE[13].u_mul/GEN_MUL0.u_fp_mul'
Parsing XDC File [c:/Users/zhangxuanhao/AppData/Local/Temp/a_frontend_vivado_754158a5/ip_project/a_frontend_fp32_ip_gen.gen/sources_1/ip/floating_point_0/floating_point_0/floating_point_0_in_context.xdc] for cell 'GEN_CLUSTER[0].u_engine/u_fp32_service/GEN_FP_LANE[14].u_mul/GEN_MUL0.u_fp_mul'
Finished Parsing XDC File [c:/Users/zhangxuanhao/AppData/Local/Temp/a_frontend_vivado_754158a5/ip_project/a_frontend_fp32_ip_gen.gen/sources_1/ip/floating_point_0/floating_point_0/floating_point_0_in_context.xdc] for cell 'GEN_CLUSTER[0].u_engine/u_fp32_service/GEN_FP_LANE[14].u_mul/GEN_MUL0.u_fp_mul'
Parsing XDC File [c:/Users/zhangxuanhao/AppData/Local/Temp/a_frontend_vivado_754158a5/ip_project/a_frontend_fp32_ip_gen.gen/sources_1/ip/floating_point_0/floating_point_0/floating_point_0_in_context.xdc] for cell 'GEN_CLUSTER[0].u_engine/u_fp32_service/GEN_FP_LANE[15].u_mul/GEN_MUL0.u_fp_mul'
Finished Parsing XDC File [c:/Users/zhangxuanhao/AppData/Local/Temp/a_frontend_vivado_754158a5/ip_project/a_frontend_fp32_ip_gen.gen/sources_1/ip/floating_point_0/floating_point_0/floating_point_0_in_context.xdc] for cell 'GEN_CLUSTER[0].u_engine/u_fp32_service/GEN_FP_LANE[15].u_mul/GEN_MUL0.u_fp_mul'
Parsing XDC File [c:/Users/zhangxuanhao/AppData/Local/Temp/a_frontend_vivado_754158a5/ip_project/a_frontend_fp32_ip_gen.gen/sources_1/ip/floating_point_0/floating_point_0/floating_point_0_in_context.xdc] for cell 'GEN_CLUSTER[0].u_engine/u_fp32_service/GEN_FP_LANE[16].u_mul/GEN_MUL0.u_fp_mul'
Finished Parsing XDC File [c:/Users/zhangxuanhao/AppData/Local/Temp/a_frontend_vivado_754158a5/ip_project/a_frontend_fp32_ip_gen.gen/sources_1/ip/floating_point_0/floating_point_0/floating_point_0_in_context.xdc] for cell 'GEN_CLUSTER[0].u_engine/u_fp32_service/GEN_FP_LANE[16].u_mul/GEN_MUL0.u_fp_mul'
Parsing XDC File [c:/Users/zhangxuanhao/AppData/Local/Temp/a_frontend_vivado_754158a5/ip_project/a_frontend_fp32_ip_gen.gen/sources_1/ip/floating_point_0/floating_point_0/floating_point_0_in_context.xdc] for cell 'GEN_CLUSTER[0].u_engine/u_fp32_service/GEN_FP_LANE[17].u_mul/GEN_MUL0.u_fp_mul'
Finished Parsing XDC File [c:/Users/zhangxuanhao/AppData/Local/Temp/a_frontend_vivado_754158a5/ip_project/a_frontend_fp32_ip_gen.gen/sources_1/ip/floating_point_0/floating_point_0/floating_point_0_in_context.xdc] for cell 'GEN_CLUSTER[0].u_engine/u_fp32_service/GEN_FP_LANE[17].u_mul/GEN_MUL0.u_fp_mul'
Parsing XDC File [c:/Users/zhangxuanhao/AppData/Local/Temp/a_frontend_vivado_754158a5/ip_project/a_frontend_fp32_ip_gen.gen/sources_1/ip/floating_point_0/floating_point_0/floating_point_0_in_context.xdc] for cell 'GEN_CLUSTER[0].u_engine/u_fp32_service/GEN_FP_LANE[18].u_mul/GEN_MUL0.u_fp_mul'
Finished Parsing XDC File [c:/Users/zhangxuanhao/AppData/Local/Temp/a_frontend_vivado_754158a5/ip_project/a_frontend_fp32_ip_gen.gen/sources_1/ip/floating_point_0/floating_point_0/floating_point_0_in_context.xdc] for cell 'GEN_CLUSTER[0].u_engine/u_fp32_service/GEN_FP_LANE[18].u_mul/GEN_MUL0.u_fp_mul'
Parsing XDC File [c:/Users/zhangxuanhao/AppData/Local/Temp/a_frontend_vivado_754158a5/ip_project/a_frontend_fp32_ip_gen.gen/sources_1/ip/floating_point_0/floating_point_0/floating_point_0_in_context.xdc] for cell 'GEN_CLUSTER[0].u_engine/u_fp32_service/GEN_FP_LANE[19].u_mul/GEN_MUL0.u_fp_mul'
Finished Parsing XDC File [c:/Users/zhangxuanhao/AppData/Local/Temp/a_frontend_vivado_754158a5/ip_project/a_frontend_fp32_ip_gen.gen/sources_1/ip/floating_point_0/floating_point_0/floating_point_0_in_context.xdc] for cell 'GEN_CLUSTER[0].u_engine/u_fp32_service/GEN_FP_LANE[19].u_mul/GEN_MUL0.u_fp_mul'
Parsing XDC File [c:/Users/zhangxuanhao/AppData/Local/Temp/a_frontend_vivado_754158a5/ip_project/a_frontend_fp32_ip_gen.gen/sources_1/ip/floating_point_0/floating_point_0/floating_point_0_in_context.xdc] for cell 'GEN_CLUSTER[0].u_engine/u_fp32_service/GEN_FP_LANE[20].u_mul/GEN_MUL0.u_fp_mul'
Finished Parsing XDC File [c:/Users/zhangxuanhao/AppData/Local/Temp/a_frontend_vivado_754158a5/ip_project/a_frontend_fp32_ip_gen.gen/sources_1/ip/floating_point_0/floating_point_0/floating_point_0_in_context.xdc] for cell 'GEN_CLUSTER[0].u_engine/u_fp32_service/GEN_FP_LANE[20].u_mul/GEN_MUL0.u_fp_mul'
Parsing XDC File [c:/Users/zhangxuanhao/AppData/Local/Temp/a_frontend_vivado_754158a5/ip_project/a_frontend_fp32_ip_gen.gen/sources_1/ip/floating_point_0/floating_point_0/floating_point_0_in_context.xdc] for cell 'GEN_CLUSTER[0].u_engine/u_fp32_service/GEN_FP_LANE[21].u_mul/GEN_MUL0.u_fp_mul'
Finished Parsing XDC File [c:/Users/zhangxuanhao/AppData/Local/Temp/a_frontend_vivado_754158a5/ip_project/a_frontend_fp32_ip_gen.gen/sources_1/ip/floating_point_0/floating_point_0/floating_point_0_in_context.xdc] for cell 'GEN_CLUSTER[0].u_engine/u_fp32_service/GEN_FP_LANE[21].u_mul/GEN_MUL0.u_fp_mul'
Parsing XDC File [c:/Users/zhangxuanhao/AppData/Local/Temp/a_frontend_vivado_754158a5/ip_project/a_frontend_fp32_ip_gen.gen/sources_1/ip/floating_point_0/floating_point_0/floating_point_0_in_context.xdc] for cell 'GEN_CLUSTER[0].u_engine/u_fp32_service/GEN_FP_LANE[22].u_mul/GEN_MUL0.u_fp_mul'
Finished Parsing XDC File [c:/Users/zhangxuanhao/AppData/Local/Temp/a_frontend_vivado_754158a5/ip_project/a_frontend_fp32_ip_gen.gen/sources_1/ip/floating_point_0/floating_point_0/floating_point_0_in_context.xdc] for cell 'GEN_CLUSTER[0].u_engine/u_fp32_service/GEN_FP_LANE[22].u_mul/GEN_MUL0.u_fp_mul'
Parsing XDC File [c:/Users/zhangxuanhao/AppData/Local/Temp/a_frontend_vivado_754158a5/ip_project/a_frontend_fp32_ip_gen.gen/sources_1/ip/floating_point_0/floating_point_0/floating_point_0_in_context.xdc] for cell 'GEN_CLUSTER[0].u_engine/u_fp32_service/GEN_FP_LANE[23].u_mul/GEN_MUL0.u_fp_mul'
Finished Parsing XDC File [c:/Users/zhangxuanhao/AppData/Local/Temp/a_frontend_vivado_754158a5/ip_project/a_frontend_fp32_ip_gen.gen/sources_1/ip/floating_point_0/floating_point_0/floating_point_0_in_context.xdc] for cell 'GEN_CLUSTER[0].u_engine/u_fp32_service/GEN_FP_LANE[23].u_mul/GEN_MUL0.u_fp_mul'
Parsing XDC File [c:/Users/zhangxuanhao/AppData/Local/Temp/a_frontend_vivado_754158a5/ip_project/a_frontend_fp32_ip_gen.gen/sources_1/ip/floating_point_0/floating_point_0/floating_point_0_in_context.xdc] for cell 'GEN_CLUSTER[0].u_engine/u_fp32_service/GEN_FP_LANE[24].u_mul/GEN_MUL0.u_fp_mul'
Finished Parsing XDC File [c:/Users/zhangxuanhao/AppData/Local/Temp/a_frontend_vivado_754158a5/ip_project/a_frontend_fp32_ip_gen.gen/sources_1/ip/floating_point_0/floating_point_0/floating_point_0_in_context.xdc] for cell 'GEN_CLUSTER[0].u_engine/u_fp32_service/GEN_FP_LANE[24].u_mul/GEN_MUL0.u_fp_mul'
Parsing XDC File [c:/Users/zhangxuanhao/AppData/Local/Temp/a_frontend_vivado_754158a5/ip_project/a_frontend_fp32_ip_gen.gen/sources_1/ip/floating_point_0/floating_point_0/floating_point_0_in_context.xdc] for cell 'GEN_CLUSTER[0].u_engine/u_fp32_service/GEN_FP_LANE[25].u_mul/GEN_MUL0.u_fp_mul'
Finished Parsing XDC File [c:/Users/zhangxuanhao/AppData/Local/Temp/a_frontend_vivado_754158a5/ip_project/a_frontend_fp32_ip_gen.gen/sources_1/ip/floating_point_0/floating_point_0/floating_point_0_in_context.xdc] for cell 'GEN_CLUSTER[0].u_engine/u_fp32_service/GEN_FP_LANE[25].u_mul/GEN_MUL0.u_fp_mul'
Parsing XDC File [c:/Users/zhangxuanhao/AppData/Local/Temp/a_frontend_vivado_754158a5/ip_project/a_frontend_fp32_ip_gen.gen/sources_1/ip/floating_point_0/floating_point_0/floating_point_0_in_context.xdc] for cell 'GEN_CLUSTER[0].u_engine/u_fp32_service/GEN_FP_LANE[26].u_mul/GEN_MUL0.u_fp_mul'
Finished Parsing XDC File [c:/Users/zhangxuanhao/AppData/Local/Temp/a_frontend_vivado_754158a5/ip_project/a_frontend_fp32_ip_gen.gen/sources_1/ip/floating_point_0/floating_point_0/floating_point_0_in_context.xdc] for cell 'GEN_CLUSTER[0].u_engine/u_fp32_service/GEN_FP_LANE[26].u_mul/GEN_MUL0.u_fp_mul'
Parsing XDC File [c:/Users/zhangxuanhao/AppData/Local/Temp/a_frontend_vivado_754158a5/ip_project/a_frontend_fp32_ip_gen.gen/sources_1/ip/floating_point_0/floating_point_0/floating_point_0_in_context.xdc] for cell 'GEN_CLUSTER[0].u_engine/u_fp32_service/GEN_FP_LANE[27].u_mul/GEN_MUL0.u_fp_mul'
Finished Parsing XDC File [c:/Users/zhangxuanhao/AppData/Local/Temp/a_frontend_vivado_754158a5/ip_project/a_frontend_fp32_ip_gen.gen/sources_1/ip/floating_point_0/floating_point_0/floating_point_0_in_context.xdc] for cell 'GEN_CLUSTER[0].u_engine/u_fp32_service/GEN_FP_LANE[27].u_mul/GEN_MUL0.u_fp_mul'
Parsing XDC File [c:/Users/zhangxuanhao/AppData/Local/Temp/a_frontend_vivado_754158a5/ip_project/a_frontend_fp32_ip_gen.gen/sources_1/ip/floating_point_0/floating_point_0/floating_point_0_in_context.xdc] for cell 'GEN_CLUSTER[0].u_engine/u_fp32_service/GEN_FP_LANE[28].u_mul/GEN_MUL0.u_fp_mul'
Finished Parsing XDC File [c:/Users/zhangxuanhao/AppData/Local/Temp/a_frontend_vivado_754158a5/ip_project/a_frontend_fp32_ip_gen.gen/sources_1/ip/floating_point_0/floating_point_0/floating_point_0_in_context.xdc] for cell 'GEN_CLUSTER[0].u_engine/u_fp32_service/GEN_FP_LANE[28].u_mul/GEN_MUL0.u_fp_mul'
Parsing XDC File [c:/Users/zhangxuanhao/AppData/Local/Temp/a_frontend_vivado_754158a5/ip_project/a_frontend_fp32_ip_gen.gen/sources_1/ip/floating_point_0/floating_point_0/floating_point_0_in_context.xdc] for cell 'GEN_CLUSTER[0].u_engine/u_fp32_service/GEN_FP_LANE[29].u_mul/GEN_MUL0.u_fp_mul'
Finished Parsing XDC File [c:/Users/zhangxuanhao/AppData/Local/Temp/a_frontend_vivado_754158a5/ip_project/a_frontend_fp32_ip_gen.gen/sources_1/ip/floating_point_0/floating_point_0/floating_point_0_in_context.xdc] for cell 'GEN_CLUSTER[0].u_engine/u_fp32_service/GEN_FP_LANE[29].u_mul/GEN_MUL0.u_fp_mul'
Parsing XDC File [c:/Users/zhangxuanhao/AppData/Local/Temp/a_frontend_vivado_754158a5/ip_project/a_frontend_fp32_ip_gen.gen/sources_1/ip/floating_point_0/floating_point_0/floating_point_0_in_context.xdc] for cell 'GEN_CLUSTER[0].u_engine/u_fp32_service/GEN_FP_LANE[30].u_mul/GEN_MUL0.u_fp_mul'
Finished Parsing XDC File [c:/Users/zhangxuanhao/AppData/Local/Temp/a_frontend_vivado_754158a5/ip_project/a_frontend_fp32_ip_gen.gen/sources_1/ip/floating_point_0/floating_point_0/floating_point_0_in_context.xdc] for cell 'GEN_CLUSTER[0].u_engine/u_fp32_service/GEN_FP_LANE[30].u_mul/GEN_MUL0.u_fp_mul'
Parsing XDC File [c:/Users/zhangxuanhao/AppData/Local/Temp/a_frontend_vivado_754158a5/ip_project/a_frontend_fp32_ip_gen.gen/sources_1/ip/floating_point_0/floating_point_0/floating_point_0_in_context.xdc] for cell 'GEN_CLUSTER[0].u_engine/u_fp32_service/GEN_FP_LANE[31].u_mul/GEN_MUL0.u_fp_mul'
Finished Parsing XDC File [c:/Users/zhangxuanhao/AppData/Local/Temp/a_frontend_vivado_754158a5/ip_project/a_frontend_fp32_ip_gen.gen/sources_1/ip/floating_point_0/floating_point_0/floating_point_0_in_context.xdc] for cell 'GEN_CLUSTER[0].u_engine/u_fp32_service/GEN_FP_LANE[31].u_mul/GEN_MUL0.u_fp_mul'
Parsing XDC File [c:/Users/zhangxuanhao/AppData/Local/Temp/a_frontend_vivado_754158a5/ip_project/a_frontend_fp32_ip_gen.gen/sources_1/ip/floating_point_2/floating_point_2/floating_point_0_in_context.xdc] for cell 'GEN_CLUSTER[0].u_rows/u_formatter/GEN_SCALE_LANE[0].u_scale_mul/GEN_MUL2.u_fp_mul'
Finished Parsing XDC File [c:/Users/zhangxuanhao/AppData/Local/Temp/a_frontend_vivado_754158a5/ip_project/a_frontend_fp32_ip_gen.gen/sources_1/ip/floating_point_2/floating_point_2/floating_point_0_in_context.xdc] for cell 'GEN_CLUSTER[0].u_rows/u_formatter/GEN_SCALE_LANE[0].u_scale_mul/GEN_MUL2.u_fp_mul'
Parsing XDC File [c:/Users/zhangxuanhao/AppData/Local/Temp/a_frontend_vivado_754158a5/ip_project/a_frontend_fp32_ip_gen.gen/sources_1/ip/floating_point_2/floating_point_2/floating_point_0_in_context.xdc] for cell 'GEN_CLUSTER[0].u_rows/u_formatter/GEN_SCALE_LANE[1].u_scale_mul/GEN_MUL2.u_fp_mul'
Finished Parsing XDC File [c:/Users/zhangxuanhao/AppData/Local/Temp/a_frontend_vivado_754158a5/ip_project/a_frontend_fp32_ip_gen.gen/sources_1/ip/floating_point_2/floating_point_2/floating_point_0_in_context.xdc] for cell 'GEN_CLUSTER[0].u_rows/u_formatter/GEN_SCALE_LANE[1].u_scale_mul/GEN_MUL2.u_fp_mul'
Parsing XDC File [c:/Users/zhangxuanhao/AppData/Local/Temp/a_frontend_vivado_754158a5/ip_project/a_frontend_fp32_ip_gen.gen/sources_1/ip/floating_point_2/floating_point_2/floating_point_0_in_context.xdc] for cell 'GEN_CLUSTER[0].u_rows/u_formatter/GEN_SCALE_LANE[2].u_scale_mul/GEN_MUL2.u_fp_mul'
Finished Parsing XDC File [c:/Users/zhangxuanhao/AppData/Local/Temp/a_frontend_vivado_754158a5/ip_project/a_frontend_fp32_ip_gen.gen/sources_1/ip/floating_point_2/floating_point_2/floating_point_0_in_context.xdc] for cell 'GEN_CLUSTER[0].u_rows/u_formatter/GEN_SCALE_LANE[2].u_scale_mul/GEN_MUL2.u_fp_mul'
Parsing XDC File [c:/Users/zhangxuanhao/AppData/Local/Temp/a_frontend_vivado_754158a5/ip_project/a_frontend_fp32_ip_gen.gen/sources_1/ip/floating_point_2/floating_point_2/floating_point_0_in_context.xdc] for cell 'GEN_CLUSTER[0].u_rows/u_formatter/GEN_SCALE_LANE[3].u_scale_mul/GEN_MUL2.u_fp_mul'
Finished Parsing XDC File [c:/Users/zhangxuanhao/AppData/Local/Temp/a_frontend_vivado_754158a5/ip_project/a_frontend_fp32_ip_gen.gen/sources_1/ip/floating_point_2/floating_point_2/floating_point_0_in_context.xdc] for cell 'GEN_CLUSTER[0].u_rows/u_formatter/GEN_SCALE_LANE[3].u_scale_mul/GEN_MUL2.u_fp_mul'
Parsing XDC File [c:/Users/zhangxuanhao/AppData/Local/Temp/a_frontend_vivado_754158a5/ip_project/a_frontend_fp32_ip_gen.gen/sources_1/ip/floating_point_2/floating_point_2/floating_point_0_in_context.xdc] for cell 'GEN_CLUSTER[0].u_rows/u_formatter/GEN_SCALE_LANE[4].u_scale_mul/GEN_MUL2.u_fp_mul'
Finished Parsing XDC File [c:/Users/zhangxuanhao/AppData/Local/Temp/a_frontend_vivado_754158a5/ip_project/a_frontend_fp32_ip_gen.gen/sources_1/ip/floating_point_2/floating_point_2/floating_point_0_in_context.xdc] for cell 'GEN_CLUSTER[0].u_rows/u_formatter/GEN_SCALE_LANE[4].u_scale_mul/GEN_MUL2.u_fp_mul'
Parsing XDC File [c:/Users/zhangxuanhao/AppData/Local/Temp/a_frontend_vivado_754158a5/ip_project/a_frontend_fp32_ip_gen.gen/sources_1/ip/floating_point_2/floating_point_2/floating_point_0_in_context.xdc] for cell 'GEN_CLUSTER[0].u_rows/u_formatter/GEN_SCALE_LANE[5].u_scale_mul/GEN_MUL2.u_fp_mul'
Finished Parsing XDC File [c:/Users/zhangxuanhao/AppData/Local/Temp/a_frontend_vivado_754158a5/ip_project/a_frontend_fp32_ip_gen.gen/sources_1/ip/floating_point_2/floating_point_2/floating_point_0_in_context.xdc] for cell 'GEN_CLUSTER[0].u_rows/u_formatter/GEN_SCALE_LANE[5].u_scale_mul/GEN_MUL2.u_fp_mul'
Parsing XDC File [c:/Users/zhangxuanhao/AppData/Local/Temp/a_frontend_vivado_754158a5/ip_project/a_frontend_fp32_ip_gen.gen/sources_1/ip/floating_point_2/floating_point_2/floating_point_0_in_context.xdc] for cell 'GEN_CLUSTER[0].u_rows/u_formatter/GEN_SCALE_LANE[6].u_scale_mul/GEN_MUL2.u_fp_mul'
Finished Parsing XDC File [c:/Users/zhangxuanhao/AppData/Local/Temp/a_frontend_vivado_754158a5/ip_project/a_frontend_fp32_ip_gen.gen/sources_1/ip/floating_point_2/floating_point_2/floating_point_0_in_context.xdc] for cell 'GEN_CLUSTER[0].u_rows/u_formatter/GEN_SCALE_LANE[6].u_scale_mul/GEN_MUL2.u_fp_mul'
Parsing XDC File [c:/Users/zhangxuanhao/AppData/Local/Temp/a_frontend_vivado_754158a5/ip_project/a_frontend_fp32_ip_gen.gen/sources_1/ip/floating_point_2/floating_point_2/floating_point_0_in_context.xdc] for cell 'GEN_CLUSTER[0].u_rows/u_formatter/GEN_SCALE_LANE[7].u_scale_mul/GEN_MUL2.u_fp_mul'
Finished Parsing XDC File [c:/Users/zhangxuanhao/AppData/Local/Temp/a_frontend_vivado_754158a5/ip_project/a_frontend_fp32_ip_gen.gen/sources_1/ip/floating_point_2/floating_point_2/floating_point_0_in_context.xdc] for cell 'GEN_CLUSTER[0].u_rows/u_formatter/GEN_SCALE_LANE[7].u_scale_mul/GEN_MUL2.u_fp_mul'
Parsing XDC File [c:/Users/zhangxuanhao/AppData/Local/Temp/a_frontend_vivado_754158a5/ip_project/a_frontend_fp32_ip_gen.gen/sources_1/ip/floating_point_2/floating_point_2/floating_point_0_in_context.xdc] for cell 'GEN_CLUSTER[0].u_rows/u_formatter/GEN_SCALE_LANE[8].u_scale_mul/GEN_MUL2.u_fp_mul'
Finished Parsing XDC File [c:/Users/zhangxuanhao/AppData/Local/Temp/a_frontend_vivado_754158a5/ip_project/a_frontend_fp32_ip_gen.gen/sources_1/ip/floating_point_2/floating_point_2/floating_point_0_in_context.xdc] for cell 'GEN_CLUSTER[0].u_rows/u_formatter/GEN_SCALE_LANE[8].u_scale_mul/GEN_MUL2.u_fp_mul'
Parsing XDC File [c:/Users/zhangxuanhao/AppData/Local/Temp/a_frontend_vivado_754158a5/ip_project/a_frontend_fp32_ip_gen.gen/sources_1/ip/floating_point_2/floating_point_2/floating_point_0_in_context.xdc] for cell 'GEN_CLUSTER[0].u_rows/u_formatter/GEN_SCALE_LANE[9].u_scale_mul/GEN_MUL2.u_fp_mul'
Finished Parsing XDC File [c:/Users/zhangxuanhao/AppData/Local/Temp/a_frontend_vivado_754158a5/ip_project/a_frontend_fp32_ip_gen.gen/sources_1/ip/floating_point_2/floating_point_2/floating_point_0_in_context.xdc] for cell 'GEN_CLUSTER[0].u_rows/u_formatter/GEN_SCALE_LANE[9].u_scale_mul/GEN_MUL2.u_fp_mul'
Parsing XDC File [c:/Users/zhangxuanhao/AppData/Local/Temp/a_frontend_vivado_754158a5/ip_project/a_frontend_fp32_ip_gen.gen/sources_1/ip/floating_point_2/floating_point_2/floating_point_0_in_context.xdc] for cell 'GEN_CLUSTER[0].u_rows/u_formatter/GEN_SCALE_LANE[10].u_scale_mul/GEN_MUL2.u_fp_mul'
Finished Parsing XDC File [c:/Users/zhangxuanhao/AppData/Local/Temp/a_frontend_vivado_754158a5/ip_project/a_frontend_fp32_ip_gen.gen/sources_1/ip/floating_point_2/floating_point_2/floating_point_0_in_context.xdc] for cell 'GEN_CLUSTER[0].u_rows/u_formatter/GEN_SCALE_LANE[10].u_scale_mul/GEN_MUL2.u_fp_mul'
Parsing XDC File [c:/Users/zhangxuanhao/AppData/Local/Temp/a_frontend_vivado_754158a5/ip_project/a_frontend_fp32_ip_gen.gen/sources_1/ip/floating_point_2/floating_point_2/floating_point_0_in_context.xdc] for cell 'GEN_CLUSTER[0].u_rows/u_formatter/GEN_SCALE_LANE[11].u_scale_mul/GEN_MUL2.u_fp_mul'
Finished Parsing XDC File [c:/Users/zhangxuanhao/AppData/Local/Temp/a_frontend_vivado_754158a5/ip_project/a_frontend_fp32_ip_gen.gen/sources_1/ip/floating_point_2/floating_point_2/floating_point_0_in_context.xdc] for cell 'GEN_CLUSTER[0].u_rows/u_formatter/GEN_SCALE_LANE[11].u_scale_mul/GEN_MUL2.u_fp_mul'
Parsing XDC File [c:/Users/zhangxuanhao/AppData/Local/Temp/a_frontend_vivado_754158a5/ip_project/a_frontend_fp32_ip_gen.gen/sources_1/ip/floating_point_2/floating_point_2/floating_point_0_in_context.xdc] for cell 'GEN_CLUSTER[0].u_rows/u_formatter/GEN_SCALE_LANE[12].u_scale_mul/GEN_MUL2.u_fp_mul'
Finished Parsing XDC File [c:/Users/zhangxuanhao/AppData/Local/Temp/a_frontend_vivado_754158a5/ip_project/a_frontend_fp32_ip_gen.gen/sources_1/ip/floating_point_2/floating_point_2/floating_point_0_in_context.xdc] for cell 'GEN_CLUSTER[0].u_rows/u_formatter/GEN_SCALE_LANE[12].u_scale_mul/GEN_MUL2.u_fp_mul'
Parsing XDC File [c:/Users/zhangxuanhao/AppData/Local/Temp/a_frontend_vivado_754158a5/ip_project/a_frontend_fp32_ip_gen.gen/sources_1/ip/floating_point_2/floating_point_2/floating_point_0_in_context.xdc] for cell 'GEN_CLUSTER[0].u_rows/u_formatter/GEN_SCALE_LANE[13].u_scale_mul/GEN_MUL2.u_fp_mul'
Finished Parsing XDC File [c:/Users/zhangxuanhao/AppData/Local/Temp/a_frontend_vivado_754158a5/ip_project/a_frontend_fp32_ip_gen.gen/sources_1/ip/floating_point_2/floating_point_2/floating_point_0_in_context.xdc] for cell 'GEN_CLUSTER[0].u_rows/u_formatter/GEN_SCALE_LANE[13].u_scale_mul/GEN_MUL2.u_fp_mul'
Parsing XDC File [c:/Users/zhangxuanhao/AppData/Local/Temp/a_frontend_vivado_754158a5/ip_project/a_frontend_fp32_ip_gen.gen/sources_1/ip/floating_point_2/floating_point_2/floating_point_0_in_context.xdc] for cell 'GEN_CLUSTER[0].u_rows/u_formatter/GEN_SCALE_LANE[14].u_scale_mul/GEN_MUL2.u_fp_mul'
Finished Parsing XDC File [c:/Users/zhangxuanhao/AppData/Local/Temp/a_frontend_vivado_754158a5/ip_project/a_frontend_fp32_ip_gen.gen/sources_1/ip/floating_point_2/floating_point_2/floating_point_0_in_context.xdc] for cell 'GEN_CLUSTER[0].u_rows/u_formatter/GEN_SCALE_LANE[14].u_scale_mul/GEN_MUL2.u_fp_mul'
Parsing XDC File [c:/Users/zhangxuanhao/AppData/Local/Temp/a_frontend_vivado_754158a5/ip_project/a_frontend_fp32_ip_gen.gen/sources_1/ip/floating_point_2/floating_point_2/floating_point_0_in_context.xdc] for cell 'GEN_CLUSTER[0].u_rows/u_formatter/GEN_SCALE_LANE[15].u_scale_mul/GEN_MUL2.u_fp_mul'
Finished Parsing XDC File [c:/Users/zhangxuanhao/AppData/Local/Temp/a_frontend_vivado_754158a5/ip_project/a_frontend_fp32_ip_gen.gen/sources_1/ip/floating_point_2/floating_point_2/floating_point_0_in_context.xdc] for cell 'GEN_CLUSTER[0].u_rows/u_formatter/GEN_SCALE_LANE[15].u_scale_mul/GEN_MUL2.u_fp_mul'
Parsing XDC File [c:/Users/zhangxuanhao/AppData/Local/Temp/a_frontend_vivado_754158a5/ip_project/a_frontend_fp32_ip_gen.gen/sources_1/ip/floating_point_2/floating_point_2/floating_point_0_in_context.xdc] for cell 'GEN_CLUSTER[0].u_rows/u_formatter/GEN_SCALE_LANE[16].u_scale_mul/GEN_MUL2.u_fp_mul'
Finished Parsing XDC File [c:/Users/zhangxuanhao/AppData/Local/Temp/a_frontend_vivado_754158a5/ip_project/a_frontend_fp32_ip_gen.gen/sources_1/ip/floating_point_2/floating_point_2/floating_point_0_in_context.xdc] for cell 'GEN_CLUSTER[0].u_rows/u_formatter/GEN_SCALE_LANE[16].u_scale_mul/GEN_MUL2.u_fp_mul'
Parsing XDC File [c:/Users/zhangxuanhao/AppData/Local/Temp/a_frontend_vivado_754158a5/ip_project/a_frontend_fp32_ip_gen.gen/sources_1/ip/floating_point_2/floating_point_2/floating_point_0_in_context.xdc] for cell 'GEN_CLUSTER[0].u_rows/u_formatter/GEN_SCALE_LANE[17].u_scale_mul/GEN_MUL2.u_fp_mul'
Finished Parsing XDC File [c:/Users/zhangxuanhao/AppData/Local/Temp/a_frontend_vivado_754158a5/ip_project/a_frontend_fp32_ip_gen.gen/sources_1/ip/floating_point_2/floating_point_2/floating_point_0_in_context.xdc] for cell 'GEN_CLUSTER[0].u_rows/u_formatter/GEN_SCALE_LANE[17].u_scale_mul/GEN_MUL2.u_fp_mul'
Parsing XDC File [c:/Users/zhangxuanhao/AppData/Local/Temp/a_frontend_vivado_754158a5/ip_project/a_frontend_fp32_ip_gen.gen/sources_1/ip/floating_point_2/floating_point_2/floating_point_0_in_context.xdc] for cell 'GEN_CLUSTER[0].u_rows/u_formatter/GEN_SCALE_LANE[18].u_scale_mul/GEN_MUL2.u_fp_mul'
Finished Parsing XDC File [c:/Users/zhangxuanhao/AppData/Local/Temp/a_frontend_vivado_754158a5/ip_project/a_frontend_fp32_ip_gen.gen/sources_1/ip/floating_point_2/floating_point_2/floating_point_0_in_context.xdc] for cell 'GEN_CLUSTER[0].u_rows/u_formatter/GEN_SCALE_LANE[18].u_scale_mul/GEN_MUL2.u_fp_mul'
Parsing XDC File [c:/Users/zhangxuanhao/AppData/Local/Temp/a_frontend_vivado_754158a5/ip_project/a_frontend_fp32_ip_gen.gen/sources_1/ip/floating_point_2/floating_point_2/floating_point_0_in_context.xdc] for cell 'GEN_CLUSTER[0].u_rows/u_formatter/GEN_SCALE_LANE[19].u_scale_mul/GEN_MUL2.u_fp_mul'
Finished Parsing XDC File [c:/Users/zhangxuanhao/AppData/Local/Temp/a_frontend_vivado_754158a5/ip_project/a_frontend_fp32_ip_gen.gen/sources_1/ip/floating_point_2/floating_point_2/floating_point_0_in_context.xdc] for cell 'GEN_CLUSTER[0].u_rows/u_formatter/GEN_SCALE_LANE[19].u_scale_mul/GEN_MUL2.u_fp_mul'
Parsing XDC File [c:/Users/zhangxuanhao/AppData/Local/Temp/a_frontend_vivado_754158a5/ip_project/a_frontend_fp32_ip_gen.gen/sources_1/ip/floating_point_2/floating_point_2/floating_point_0_in_context.xdc] for cell 'GEN_CLUSTER[0].u_rows/u_formatter/GEN_SCALE_LANE[20].u_scale_mul/GEN_MUL2.u_fp_mul'
Finished Parsing XDC File [c:/Users/zhangxuanhao/AppData/Local/Temp/a_frontend_vivado_754158a5/ip_project/a_frontend_fp32_ip_gen.gen/sources_1/ip/floating_point_2/floating_point_2/floating_point_0_in_context.xdc] for cell 'GEN_CLUSTER[0].u_rows/u_formatter/GEN_SCALE_LANE[20].u_scale_mul/GEN_MUL2.u_fp_mul'
Parsing XDC File [c:/Users/zhangxuanhao/AppData/Local/Temp/a_frontend_vivado_754158a5/ip_project/a_frontend_fp32_ip_gen.gen/sources_1/ip/floating_point_2/floating_point_2/floating_point_0_in_context.xdc] for cell 'GEN_CLUSTER[0].u_rows/u_formatter/GEN_SCALE_LANE[21].u_scale_mul/GEN_MUL2.u_fp_mul'
Finished Parsing XDC File [c:/Users/zhangxuanhao/AppData/Local/Temp/a_frontend_vivado_754158a5/ip_project/a_frontend_fp32_ip_gen.gen/sources_1/ip/floating_point_2/floating_point_2/floating_point_0_in_context.xdc] for cell 'GEN_CLUSTER[0].u_rows/u_formatter/GEN_SCALE_LANE[21].u_scale_mul/GEN_MUL2.u_fp_mul'
Parsing XDC File [c:/Users/zhangxuanhao/AppData/Local/Temp/a_frontend_vivado_754158a5/ip_project/a_frontend_fp32_ip_gen.gen/sources_1/ip/floating_point_2/floating_point_2/floating_point_0_in_context.xdc] for cell 'GEN_CLUSTER[0].u_rows/u_formatter/GEN_SCALE_LANE[22].u_scale_mul/GEN_MUL2.u_fp_mul'
Finished Parsing XDC File [c:/Users/zhangxuanhao/AppData/Local/Temp/a_frontend_vivado_754158a5/ip_project/a_frontend_fp32_ip_gen.gen/sources_1/ip/floating_point_2/floating_point_2/floating_point_0_in_context.xdc] for cell 'GEN_CLUSTER[0].u_rows/u_formatter/GEN_SCALE_LANE[22].u_scale_mul/GEN_MUL2.u_fp_mul'
Parsing XDC File [c:/Users/zhangxuanhao/AppData/Local/Temp/a_frontend_vivado_754158a5/ip_project/a_frontend_fp32_ip_gen.gen/sources_1/ip/floating_point_2/floating_point_2/floating_point_0_in_context.xdc] for cell 'GEN_CLUSTER[0].u_rows/u_formatter/GEN_SCALE_LANE[23].u_scale_mul/GEN_MUL2.u_fp_mul'
Finished Parsing XDC File [c:/Users/zhangxuanhao/AppData/Local/Temp/a_frontend_vivado_754158a5/ip_project/a_frontend_fp32_ip_gen.gen/sources_1/ip/floating_point_2/floating_point_2/floating_point_0_in_context.xdc] for cell 'GEN_CLUSTER[0].u_rows/u_formatter/GEN_SCALE_LANE[23].u_scale_mul/GEN_MUL2.u_fp_mul'
Parsing XDC File [c:/Users/zhangxuanhao/AppData/Local/Temp/a_frontend_vivado_754158a5/ip_project/a_frontend_fp32_ip_gen.gen/sources_1/ip/floating_point_2/floating_point_2/floating_point_0_in_context.xdc] for cell 'GEN_CLUSTER[0].u_rows/u_formatter/GEN_SCALE_LANE[24].u_scale_mul/GEN_MUL2.u_fp_mul'
Finished Parsing XDC File [c:/Users/zhangxuanhao/AppData/Local/Temp/a_frontend_vivado_754158a5/ip_project/a_frontend_fp32_ip_gen.gen/sources_1/ip/floating_point_2/floating_point_2/floating_point_0_in_context.xdc] for cell 'GEN_CLUSTER[0].u_rows/u_formatter/GEN_SCALE_LANE[24].u_scale_mul/GEN_MUL2.u_fp_mul'
Parsing XDC File [c:/Users/zhangxuanhao/AppData/Local/Temp/a_frontend_vivado_754158a5/ip_project/a_frontend_fp32_ip_gen.gen/sources_1/ip/floating_point_2/floating_point_2/floating_point_0_in_context.xdc] for cell 'GEN_CLUSTER[0].u_rows/u_formatter/GEN_SCALE_LANE[25].u_scale_mul/GEN_MUL2.u_fp_mul'
Finished Parsing XDC File [c:/Users/zhangxuanhao/AppData/Local/Temp/a_frontend_vivado_754158a5/ip_project/a_frontend_fp32_ip_gen.gen/sources_1/ip/floating_point_2/floating_point_2/floating_point_0_in_context.xdc] for cell 'GEN_CLUSTER[0].u_rows/u_formatter/GEN_SCALE_LANE[25].u_scale_mul/GEN_MUL2.u_fp_mul'
Parsing XDC File [c:/Users/zhangxuanhao/AppData/Local/Temp/a_frontend_vivado_754158a5/ip_project/a_frontend_fp32_ip_gen.gen/sources_1/ip/floating_point_2/floating_point_2/floating_point_0_in_context.xdc] for cell 'GEN_CLUSTER[0].u_rows/u_formatter/GEN_SCALE_LANE[26].u_scale_mul/GEN_MUL2.u_fp_mul'
Finished Parsing XDC File [c:/Users/zhangxuanhao/AppData/Local/Temp/a_frontend_vivado_754158a5/ip_project/a_frontend_fp32_ip_gen.gen/sources_1/ip/floating_point_2/floating_point_2/floating_point_0_in_context.xdc] for cell 'GEN_CLUSTER[0].u_rows/u_formatter/GEN_SCALE_LANE[26].u_scale_mul/GEN_MUL2.u_fp_mul'
Parsing XDC File [c:/Users/zhangxuanhao/AppData/Local/Temp/a_frontend_vivado_754158a5/ip_project/a_frontend_fp32_ip_gen.gen/sources_1/ip/floating_point_2/floating_point_2/floating_point_0_in_context.xdc] for cell 'GEN_CLUSTER[0].u_rows/u_formatter/GEN_SCALE_LANE[27].u_scale_mul/GEN_MUL2.u_fp_mul'
Finished Parsing XDC File [c:/Users/zhangxuanhao/AppData/Local/Temp/a_frontend_vivado_754158a5/ip_project/a_frontend_fp32_ip_gen.gen/sources_1/ip/floating_point_2/floating_point_2/floating_point_0_in_context.xdc] for cell 'GEN_CLUSTER[0].u_rows/u_formatter/GEN_SCALE_LANE[27].u_scale_mul/GEN_MUL2.u_fp_mul'
Parsing XDC File [c:/Users/zhangxuanhao/AppData/Local/Temp/a_frontend_vivado_754158a5/ip_project/a_frontend_fp32_ip_gen.gen/sources_1/ip/floating_point_2/floating_point_2/floating_point_0_in_context.xdc] for cell 'GEN_CLUSTER[0].u_rows/u_formatter/GEN_SCALE_LANE[28].u_scale_mul/GEN_MUL2.u_fp_mul'
Finished Parsing XDC File [c:/Users/zhangxuanhao/AppData/Local/Temp/a_frontend_vivado_754158a5/ip_project/a_frontend_fp32_ip_gen.gen/sources_1/ip/floating_point_2/floating_point_2/floating_point_0_in_context.xdc] for cell 'GEN_CLUSTER[0].u_rows/u_formatter/GEN_SCALE_LANE[28].u_scale_mul/GEN_MUL2.u_fp_mul'
Parsing XDC File [c:/Users/zhangxuanhao/AppData/Local/Temp/a_frontend_vivado_754158a5/ip_project/a_frontend_fp32_ip_gen.gen/sources_1/ip/floating_point_2/floating_point_2/floating_point_0_in_context.xdc] for cell 'GEN_CLUSTER[0].u_rows/u_formatter/GEN_SCALE_LANE[29].u_scale_mul/GEN_MUL2.u_fp_mul'
Finished Parsing XDC File [c:/Users/zhangxuanhao/AppData/Local/Temp/a_frontend_vivado_754158a5/ip_project/a_frontend_fp32_ip_gen.gen/sources_1/ip/floating_point_2/floating_point_2/floating_point_0_in_context.xdc] for cell 'GEN_CLUSTER[0].u_rows/u_formatter/GEN_SCALE_LANE[29].u_scale_mul/GEN_MUL2.u_fp_mul'
Parsing XDC File [c:/Users/zhangxuanhao/AppData/Local/Temp/a_frontend_vivado_754158a5/ip_project/a_frontend_fp32_ip_gen.gen/sources_1/ip/floating_point_2/floating_point_2/floating_point_0_in_context.xdc] for cell 'GEN_CLUSTER[0].u_rows/u_formatter/GEN_SCALE_LANE[30].u_scale_mul/GEN_MUL2.u_fp_mul'
Finished Parsing XDC File [c:/Users/zhangxuanhao/AppData/Local/Temp/a_frontend_vivado_754158a5/ip_project/a_frontend_fp32_ip_gen.gen/sources_1/ip/floating_point_2/floating_point_2/floating_point_0_in_context.xdc] for cell 'GEN_CLUSTER[0].u_rows/u_formatter/GEN_SCALE_LANE[30].u_scale_mul/GEN_MUL2.u_fp_mul'
Parsing XDC File [c:/Users/zhangxuanhao/AppData/Local/Temp/a_frontend_vivado_754158a5/ip_project/a_frontend_fp32_ip_gen.gen/sources_1/ip/floating_point_2/floating_point_2/floating_point_0_in_context.xdc] for cell 'GEN_CLUSTER[0].u_rows/u_formatter/GEN_SCALE_LANE[31].u_scale_mul/GEN_MUL2.u_fp_mul'
Finished Parsing XDC File [c:/Users/zhangxuanhao/AppData/Local/Temp/a_frontend_vivado_754158a5/ip_project/a_frontend_fp32_ip_gen.gen/sources_1/ip/floating_point_2/floating_point_2/floating_point_0_in_context.xdc] for cell 'GEN_CLUSTER[0].u_rows/u_formatter/GEN_SCALE_LANE[31].u_scale_mul/GEN_MUL2.u_fp_mul'
Parsing XDC File [c:/Users/zhangxuanhao/AppData/Local/Temp/a_frontend_vivado_754158a5/ip_project/a_frontend_fp32_ip_gen.gen/sources_1/ip/floating_point_1/floating_point_1/floating_point_1_in_context.xdc] for cell 'GEN_CLUSTER[0].u_engine/u_fp32_service/GEN_FP_LANE[0].u_add/u_fp_add'
Finished Parsing XDC File [c:/Users/zhangxuanhao/AppData/Local/Temp/a_frontend_vivado_754158a5/ip_project/a_frontend_fp32_ip_gen.gen/sources_1/ip/floating_point_1/floating_point_1/floating_point_1_in_context.xdc] for cell 'GEN_CLUSTER[0].u_engine/u_fp32_service/GEN_FP_LANE[0].u_add/u_fp_add'
Parsing XDC File [c:/Users/zhangxuanhao/AppData/Local/Temp/a_frontend_vivado_754158a5/ip_project/a_frontend_fp32_ip_gen.gen/sources_1/ip/floating_point_1/floating_point_1/floating_point_1_in_context.xdc] for cell 'GEN_CLUSTER[0].u_engine/u_fp32_service/GEN_FP_LANE[1].u_add/u_fp_add'
Finished Parsing XDC File [c:/Users/zhangxuanhao/AppData/Local/Temp/a_frontend_vivado_754158a5/ip_project/a_frontend_fp32_ip_gen.gen/sources_1/ip/floating_point_1/floating_point_1/floating_point_1_in_context.xdc] for cell 'GEN_CLUSTER[0].u_engine/u_fp32_service/GEN_FP_LANE[1].u_add/u_fp_add'
Parsing XDC File [c:/Users/zhangxuanhao/AppData/Local/Temp/a_frontend_vivado_754158a5/ip_project/a_frontend_fp32_ip_gen.gen/sources_1/ip/floating_point_1/floating_point_1/floating_point_1_in_context.xdc] for cell 'GEN_CLUSTER[0].u_engine/u_fp32_service/GEN_FP_LANE[2].u_add/u_fp_add'
Finished Parsing XDC File [c:/Users/zhangxuanhao/AppData/Local/Temp/a_frontend_vivado_754158a5/ip_project/a_frontend_fp32_ip_gen.gen/sources_1/ip/floating_point_1/floating_point_1/floating_point_1_in_context.xdc] for cell 'GEN_CLUSTER[0].u_engine/u_fp32_service/GEN_FP_LANE[2].u_add/u_fp_add'
Parsing XDC File [c:/Users/zhangxuanhao/AppData/Local/Temp/a_frontend_vivado_754158a5/ip_project/a_frontend_fp32_ip_gen.gen/sources_1/ip/floating_point_1/floating_point_1/floating_point_1_in_context.xdc] for cell 'GEN_CLUSTER[0].u_engine/u_fp32_service/GEN_FP_LANE[3].u_add/u_fp_add'
Finished Parsing XDC File [c:/Users/zhangxuanhao/AppData/Local/Temp/a_frontend_vivado_754158a5/ip_project/a_frontend_fp32_ip_gen.gen/sources_1/ip/floating_point_1/floating_point_1/floating_point_1_in_context.xdc] for cell 'GEN_CLUSTER[0].u_engine/u_fp32_service/GEN_FP_LANE[3].u_add/u_fp_add'
Parsing XDC File [c:/Users/zhangxuanhao/AppData/Local/Temp/a_frontend_vivado_754158a5/ip_project/a_frontend_fp32_ip_gen.gen/sources_1/ip/floating_point_1/floating_point_1/floating_point_1_in_context.xdc] for cell 'GEN_CLUSTER[0].u_engine/u_fp32_service/GEN_FP_LANE[4].u_add/u_fp_add'
Finished Parsing XDC File [c:/Users/zhangxuanhao/AppData/Local/Temp/a_frontend_vivado_754158a5/ip_project/a_frontend_fp32_ip_gen.gen/sources_1/ip/floating_point_1/floating_point_1/floating_point_1_in_context.xdc] for cell 'GEN_CLUSTER[0].u_engine/u_fp32_service/GEN_FP_LANE[4].u_add/u_fp_add'
Parsing XDC File [c:/Users/zhangxuanhao/AppData/Local/Temp/a_frontend_vivado_754158a5/ip_project/a_frontend_fp32_ip_gen.gen/sources_1/ip/floating_point_1/floating_point_1/floating_point_1_in_context.xdc] for cell 'GEN_CLUSTER[0].u_engine/u_fp32_service/GEN_FP_LANE[5].u_add/u_fp_add'
Finished Parsing XDC File [c:/Users/zhangxuanhao/AppData/Local/Temp/a_frontend_vivado_754158a5/ip_project/a_frontend_fp32_ip_gen.gen/sources_1/ip/floating_point_1/floating_point_1/floating_point_1_in_context.xdc] for cell 'GEN_CLUSTER[0].u_engine/u_fp32_service/GEN_FP_LANE[5].u_add/u_fp_add'
Parsing XDC File [c:/Users/zhangxuanhao/AppData/Local/Temp/a_frontend_vivado_754158a5/ip_project/a_frontend_fp32_ip_gen.gen/sources_1/ip/floating_point_1/floating_point_1/floating_point_1_in_context.xdc] for cell 'GEN_CLUSTER[0].u_engine/u_fp32_service/GEN_FP_LANE[6].u_add/u_fp_add'
Finished Parsing XDC File [c:/Users/zhangxuanhao/AppData/Local/Temp/a_frontend_vivado_754158a5/ip_project/a_frontend_fp32_ip_gen.gen/sources_1/ip/floating_point_1/floating_point_1/floating_point_1_in_context.xdc] for cell 'GEN_CLUSTER[0].u_engine/u_fp32_service/GEN_FP_LANE[6].u_add/u_fp_add'
Parsing XDC File [c:/Users/zhangxuanhao/AppData/Local/Temp/a_frontend_vivado_754158a5/ip_project/a_frontend_fp32_ip_gen.gen/sources_1/ip/floating_point_1/floating_point_1/floating_point_1_in_context.xdc] for cell 'GEN_CLUSTER[0].u_engine/u_fp32_service/GEN_FP_LANE[7].u_add/u_fp_add'
Finished Parsing XDC File [c:/Users/zhangxuanhao/AppData/Local/Temp/a_frontend_vivado_754158a5/ip_project/a_frontend_fp32_ip_gen.gen/sources_1/ip/floating_point_1/floating_point_1/floating_point_1_in_context.xdc] for cell 'GEN_CLUSTER[0].u_engine/u_fp32_service/GEN_FP_LANE[7].u_add/u_fp_add'
Parsing XDC File [c:/Users/zhangxuanhao/AppData/Local/Temp/a_frontend_vivado_754158a5/ip_project/a_frontend_fp32_ip_gen.gen/sources_1/ip/floating_point_1/floating_point_1/floating_point_1_in_context.xdc] for cell 'GEN_CLUSTER[0].u_engine/u_fp32_service/GEN_FP_LANE[8].u_add/u_fp_add'
Finished Parsing XDC File [c:/Users/zhangxuanhao/AppData/Local/Temp/a_frontend_vivado_754158a5/ip_project/a_frontend_fp32_ip_gen.gen/sources_1/ip/floating_point_1/floating_point_1/floating_point_1_in_context.xdc] for cell 'GEN_CLUSTER[0].u_engine/u_fp32_service/GEN_FP_LANE[8].u_add/u_fp_add'
Parsing XDC File [c:/Users/zhangxuanhao/AppData/Local/Temp/a_frontend_vivado_754158a5/ip_project/a_frontend_fp32_ip_gen.gen/sources_1/ip/floating_point_1/floating_point_1/floating_point_1_in_context.xdc] for cell 'GEN_CLUSTER[0].u_engine/u_fp32_service/GEN_FP_LANE[9].u_add/u_fp_add'
Finished Parsing XDC File [c:/Users/zhangxuanhao/AppData/Local/Temp/a_frontend_vivado_754158a5/ip_project/a_frontend_fp32_ip_gen.gen/sources_1/ip/floating_point_1/floating_point_1/floating_point_1_in_context.xdc] for cell 'GEN_CLUSTER[0].u_engine/u_fp32_service/GEN_FP_LANE[9].u_add/u_fp_add'
Parsing XDC File [c:/Users/zhangxuanhao/AppData/Local/Temp/a_frontend_vivado_754158a5/ip_project/a_frontend_fp32_ip_gen.gen/sources_1/ip/floating_point_1/floating_point_1/floating_point_1_in_context.xdc] for cell 'GEN_CLUSTER[0].u_engine/u_fp32_service/GEN_FP_LANE[10].u_add/u_fp_add'
Finished Parsing XDC File [c:/Users/zhangxuanhao/AppData/Local/Temp/a_frontend_vivado_754158a5/ip_project/a_frontend_fp32_ip_gen.gen/sources_1/ip/floating_point_1/floating_point_1/floating_point_1_in_context.xdc] for cell 'GEN_CLUSTER[0].u_engine/u_fp32_service/GEN_FP_LANE[10].u_add/u_fp_add'
Parsing XDC File [c:/Users/zhangxuanhao/AppData/Local/Temp/a_frontend_vivado_754158a5/ip_project/a_frontend_fp32_ip_gen.gen/sources_1/ip/floating_point_1/floating_point_1/floating_point_1_in_context.xdc] for cell 'GEN_CLUSTER[0].u_engine/u_fp32_service/GEN_FP_LANE[11].u_add/u_fp_add'
Finished Parsing XDC File [c:/Users/zhangxuanhao/AppData/Local/Temp/a_frontend_vivado_754158a5/ip_project/a_frontend_fp32_ip_gen.gen/sources_1/ip/floating_point_1/floating_point_1/floating_point_1_in_context.xdc] for cell 'GEN_CLUSTER[0].u_engine/u_fp32_service/GEN_FP_LANE[11].u_add/u_fp_add'
Parsing XDC File [c:/Users/zhangxuanhao/AppData/Local/Temp/a_frontend_vivado_754158a5/ip_project/a_frontend_fp32_ip_gen.gen/sources_1/ip/floating_point_1/floating_point_1/floating_point_1_in_context.xdc] for cell 'GEN_CLUSTER[0].u_engine/u_fp32_service/GEN_FP_LANE[12].u_add/u_fp_add'
Finished Parsing XDC File [c:/Users/zhangxuanhao/AppData/Local/Temp/a_frontend_vivado_754158a5/ip_project/a_frontend_fp32_ip_gen.gen/sources_1/ip/floating_point_1/floating_point_1/floating_point_1_in_context.xdc] for cell 'GEN_CLUSTER[0].u_engine/u_fp32_service/GEN_FP_LANE[12].u_add/u_fp_add'
Parsing XDC File [c:/Users/zhangxuanhao/AppData/Local/Temp/a_frontend_vivado_754158a5/ip_project/a_frontend_fp32_ip_gen.gen/sources_1/ip/floating_point_1/floating_point_1/floating_point_1_in_context.xdc] for cell 'GEN_CLUSTER[0].u_engine/u_fp32_service/GEN_FP_LANE[13].u_add/u_fp_add'
Finished Parsing XDC File [c:/Users/zhangxuanhao/AppData/Local/Temp/a_frontend_vivado_754158a5/ip_project/a_frontend_fp32_ip_gen.gen/sources_1/ip/floating_point_1/floating_point_1/floating_point_1_in_context.xdc] for cell 'GEN_CLUSTER[0].u_engine/u_fp32_service/GEN_FP_LANE[13].u_add/u_fp_add'
Parsing XDC File [c:/Users/zhangxuanhao/AppData/Local/Temp/a_frontend_vivado_754158a5/ip_project/a_frontend_fp32_ip_gen.gen/sources_1/ip/floating_point_1/floating_point_1/floating_point_1_in_context.xdc] for cell 'GEN_CLUSTER[0].u_engine/u_fp32_service/GEN_FP_LANE[14].u_add/u_fp_add'
Finished Parsing XDC File [c:/Users/zhangxuanhao/AppData/Local/Temp/a_frontend_vivado_754158a5/ip_project/a_frontend_fp32_ip_gen.gen/sources_1/ip/floating_point_1/floating_point_1/floating_point_1_in_context.xdc] for cell 'GEN_CLUSTER[0].u_engine/u_fp32_service/GEN_FP_LANE[14].u_add/u_fp_add'
Parsing XDC File [c:/Users/zhangxuanhao/AppData/Local/Temp/a_frontend_vivado_754158a5/ip_project/a_frontend_fp32_ip_gen.gen/sources_1/ip/floating_point_1/floating_point_1/floating_point_1_in_context.xdc] for cell 'GEN_CLUSTER[0].u_engine/u_fp32_service/GEN_FP_LANE[15].u_add/u_fp_add'
Finished Parsing XDC File [c:/Users/zhangxuanhao/AppData/Local/Temp/a_frontend_vivado_754158a5/ip_project/a_frontend_fp32_ip_gen.gen/sources_1/ip/floating_point_1/floating_point_1/floating_point_1_in_context.xdc] for cell 'GEN_CLUSTER[0].u_engine/u_fp32_service/GEN_FP_LANE[15].u_add/u_fp_add'
Parsing XDC File [c:/Users/zhangxuanhao/AppData/Local/Temp/a_frontend_vivado_754158a5/ip_project/a_frontend_fp32_ip_gen.gen/sources_1/ip/floating_point_1/floating_point_1/floating_point_1_in_context.xdc] for cell 'GEN_CLUSTER[0].u_engine/u_fp32_service/GEN_FP_LANE[16].u_add/u_fp_add'
Finished Parsing XDC File [c:/Users/zhangxuanhao/AppData/Local/Temp/a_frontend_vivado_754158a5/ip_project/a_frontend_fp32_ip_gen.gen/sources_1/ip/floating_point_1/floating_point_1/floating_point_1_in_context.xdc] for cell 'GEN_CLUSTER[0].u_engine/u_fp32_service/GEN_FP_LANE[16].u_add/u_fp_add'
Parsing XDC File [c:/Users/zhangxuanhao/AppData/Local/Temp/a_frontend_vivado_754158a5/ip_project/a_frontend_fp32_ip_gen.gen/sources_1/ip/floating_point_1/floating_point_1/floating_point_1_in_context.xdc] for cell 'GEN_CLUSTER[0].u_engine/u_fp32_service/GEN_FP_LANE[17].u_add/u_fp_add'
Finished Parsing XDC File [c:/Users/zhangxuanhao/AppData/Local/Temp/a_frontend_vivado_754158a5/ip_project/a_frontend_fp32_ip_gen.gen/sources_1/ip/floating_point_1/floating_point_1/floating_point_1_in_context.xdc] for cell 'GEN_CLUSTER[0].u_engine/u_fp32_service/GEN_FP_LANE[17].u_add/u_fp_add'
Parsing XDC File [c:/Users/zhangxuanhao/AppData/Local/Temp/a_frontend_vivado_754158a5/ip_project/a_frontend_fp32_ip_gen.gen/sources_1/ip/floating_point_1/floating_point_1/floating_point_1_in_context.xdc] for cell 'GEN_CLUSTER[0].u_engine/u_fp32_service/GEN_FP_LANE[18].u_add/u_fp_add'
Finished Parsing XDC File [c:/Users/zhangxuanhao/AppData/Local/Temp/a_frontend_vivado_754158a5/ip_project/a_frontend_fp32_ip_gen.gen/sources_1/ip/floating_point_1/floating_point_1/floating_point_1_in_context.xdc] for cell 'GEN_CLUSTER[0].u_engine/u_fp32_service/GEN_FP_LANE[18].u_add/u_fp_add'
Parsing XDC File [c:/Users/zhangxuanhao/AppData/Local/Temp/a_frontend_vivado_754158a5/ip_project/a_frontend_fp32_ip_gen.gen/sources_1/ip/floating_point_1/floating_point_1/floating_point_1_in_context.xdc] for cell 'GEN_CLUSTER[0].u_engine/u_fp32_service/GEN_FP_LANE[19].u_add/u_fp_add'
Finished Parsing XDC File [c:/Users/zhangxuanhao/AppData/Local/Temp/a_frontend_vivado_754158a5/ip_project/a_frontend_fp32_ip_gen.gen/sources_1/ip/floating_point_1/floating_point_1/floating_point_1_in_context.xdc] for cell 'GEN_CLUSTER[0].u_engine/u_fp32_service/GEN_FP_LANE[19].u_add/u_fp_add'
Parsing XDC File [c:/Users/zhangxuanhao/AppData/Local/Temp/a_frontend_vivado_754158a5/ip_project/a_frontend_fp32_ip_gen.gen/sources_1/ip/floating_point_1/floating_point_1/floating_point_1_in_context.xdc] for cell 'GEN_CLUSTER[0].u_engine/u_fp32_service/GEN_FP_LANE[20].u_add/u_fp_add'
Finished Parsing XDC File [c:/Users/zhangxuanhao/AppData/Local/Temp/a_frontend_vivado_754158a5/ip_project/a_frontend_fp32_ip_gen.gen/sources_1/ip/floating_point_1/floating_point_1/floating_point_1_in_context.xdc] for cell 'GEN_CLUSTER[0].u_engine/u_fp32_service/GEN_FP_LANE[20].u_add/u_fp_add'
Parsing XDC File [c:/Users/zhangxuanhao/AppData/Local/Temp/a_frontend_vivado_754158a5/ip_project/a_frontend_fp32_ip_gen.gen/sources_1/ip/floating_point_1/floating_point_1/floating_point_1_in_context.xdc] for cell 'GEN_CLUSTER[0].u_engine/u_fp32_service/GEN_FP_LANE[21].u_add/u_fp_add'
Finished Parsing XDC File [c:/Users/zhangxuanhao/AppData/Local/Temp/a_frontend_vivado_754158a5/ip_project/a_frontend_fp32_ip_gen.gen/sources_1/ip/floating_point_1/floating_point_1/floating_point_1_in_context.xdc] for cell 'GEN_CLUSTER[0].u_engine/u_fp32_service/GEN_FP_LANE[21].u_add/u_fp_add'
Parsing XDC File [c:/Users/zhangxuanhao/AppData/Local/Temp/a_frontend_vivado_754158a5/ip_project/a_frontend_fp32_ip_gen.gen/sources_1/ip/floating_point_1/floating_point_1/floating_point_1_in_context.xdc] for cell 'GEN_CLUSTER[0].u_engine/u_fp32_service/GEN_FP_LANE[22].u_add/u_fp_add'
Finished Parsing XDC File [c:/Users/zhangxuanhao/AppData/Local/Temp/a_frontend_vivado_754158a5/ip_project/a_frontend_fp32_ip_gen.gen/sources_1/ip/floating_point_1/floating_point_1/floating_point_1_in_context.xdc] for cell 'GEN_CLUSTER[0].u_engine/u_fp32_service/GEN_FP_LANE[22].u_add/u_fp_add'
Parsing XDC File [c:/Users/zhangxuanhao/AppData/Local/Temp/a_frontend_vivado_754158a5/ip_project/a_frontend_fp32_ip_gen.gen/sources_1/ip/floating_point_1/floating_point_1/floating_point_1_in_context.xdc] for cell 'GEN_CLUSTER[0].u_engine/u_fp32_service/GEN_FP_LANE[23].u_add/u_fp_add'
Finished Parsing XDC File [c:/Users/zhangxuanhao/AppData/Local/Temp/a_frontend_vivado_754158a5/ip_project/a_frontend_fp32_ip_gen.gen/sources_1/ip/floating_point_1/floating_point_1/floating_point_1_in_context.xdc] for cell 'GEN_CLUSTER[0].u_engine/u_fp32_service/GEN_FP_LANE[23].u_add/u_fp_add'
Parsing XDC File [c:/Users/zhangxuanhao/AppData/Local/Temp/a_frontend_vivado_754158a5/ip_project/a_frontend_fp32_ip_gen.gen/sources_1/ip/floating_point_1/floating_point_1/floating_point_1_in_context.xdc] for cell 'GEN_CLUSTER[0].u_engine/u_fp32_service/GEN_FP_LANE[24].u_add/u_fp_add'
Finished Parsing XDC File [c:/Users/zhangxuanhao/AppData/Local/Temp/a_frontend_vivado_754158a5/ip_project/a_frontend_fp32_ip_gen.gen/sources_1/ip/floating_point_1/floating_point_1/floating_point_1_in_context.xdc] for cell 'GEN_CLUSTER[0].u_engine/u_fp32_service/GEN_FP_LANE[24].u_add/u_fp_add'
Parsing XDC File [c:/Users/zhangxuanhao/AppData/Local/Temp/a_frontend_vivado_754158a5/ip_project/a_frontend_fp32_ip_gen.gen/sources_1/ip/floating_point_1/floating_point_1/floating_point_1_in_context.xdc] for cell 'GEN_CLUSTER[0].u_engine/u_fp32_service/GEN_FP_LANE[25].u_add/u_fp_add'
Finished Parsing XDC File [c:/Users/zhangxuanhao/AppData/Local/Temp/a_frontend_vivado_754158a5/ip_project/a_frontend_fp32_ip_gen.gen/sources_1/ip/floating_point_1/floating_point_1/floating_point_1_in_context.xdc] for cell 'GEN_CLUSTER[0].u_engine/u_fp32_service/GEN_FP_LANE[25].u_add/u_fp_add'
Parsing XDC File [c:/Users/zhangxuanhao/AppData/Local/Temp/a_frontend_vivado_754158a5/ip_project/a_frontend_fp32_ip_gen.gen/sources_1/ip/floating_point_1/floating_point_1/floating_point_1_in_context.xdc] for cell 'GEN_CLUSTER[0].u_engine/u_fp32_service/GEN_FP_LANE[26].u_add/u_fp_add'
Finished Parsing XDC File [c:/Users/zhangxuanhao/AppData/Local/Temp/a_frontend_vivado_754158a5/ip_project/a_frontend_fp32_ip_gen.gen/sources_1/ip/floating_point_1/floating_point_1/floating_point_1_in_context.xdc] for cell 'GEN_CLUSTER[0].u_engine/u_fp32_service/GEN_FP_LANE[26].u_add/u_fp_add'
Parsing XDC File [c:/Users/zhangxuanhao/AppData/Local/Temp/a_frontend_vivado_754158a5/ip_project/a_frontend_fp32_ip_gen.gen/sources_1/ip/floating_point_1/floating_point_1/floating_point_1_in_context.xdc] for cell 'GEN_CLUSTER[0].u_engine/u_fp32_service/GEN_FP_LANE[27].u_add/u_fp_add'
Finished Parsing XDC File [c:/Users/zhangxuanhao/AppData/Local/Temp/a_frontend_vivado_754158a5/ip_project/a_frontend_fp32_ip_gen.gen/sources_1/ip/floating_point_1/floating_point_1/floating_point_1_in_context.xdc] for cell 'GEN_CLUSTER[0].u_engine/u_fp32_service/GEN_FP_LANE[27].u_add/u_fp_add'
Parsing XDC File [c:/Users/zhangxuanhao/AppData/Local/Temp/a_frontend_vivado_754158a5/ip_project/a_frontend_fp32_ip_gen.gen/sources_1/ip/floating_point_1/floating_point_1/floating_point_1_in_context.xdc] for cell 'GEN_CLUSTER[0].u_engine/u_fp32_service/GEN_FP_LANE[28].u_add/u_fp_add'
Finished Parsing XDC File [c:/Users/zhangxuanhao/AppData/Local/Temp/a_frontend_vivado_754158a5/ip_project/a_frontend_fp32_ip_gen.gen/sources_1/ip/floating_point_1/floating_point_1/floating_point_1_in_context.xdc] for cell 'GEN_CLUSTER[0].u_engine/u_fp32_service/GEN_FP_LANE[28].u_add/u_fp_add'
Parsing XDC File [c:/Users/zhangxuanhao/AppData/Local/Temp/a_frontend_vivado_754158a5/ip_project/a_frontend_fp32_ip_gen.gen/sources_1/ip/floating_point_1/floating_point_1/floating_point_1_in_context.xdc] for cell 'GEN_CLUSTER[0].u_engine/u_fp32_service/GEN_FP_LANE[29].u_add/u_fp_add'
Finished Parsing XDC File [c:/Users/zhangxuanhao/AppData/Local/Temp/a_frontend_vivado_754158a5/ip_project/a_frontend_fp32_ip_gen.gen/sources_1/ip/floating_point_1/floating_point_1/floating_point_1_in_context.xdc] for cell 'GEN_CLUSTER[0].u_engine/u_fp32_service/GEN_FP_LANE[29].u_add/u_fp_add'
Parsing XDC File [c:/Users/zhangxuanhao/AppData/Local/Temp/a_frontend_vivado_754158a5/ip_project/a_frontend_fp32_ip_gen.gen/sources_1/ip/floating_point_1/floating_point_1/floating_point_1_in_context.xdc] for cell 'GEN_CLUSTER[0].u_engine/u_fp32_service/GEN_FP_LANE[30].u_add/u_fp_add'
Finished Parsing XDC File [c:/Users/zhangxuanhao/AppData/Local/Temp/a_frontend_vivado_754158a5/ip_project/a_frontend_fp32_ip_gen.gen/sources_1/ip/floating_point_1/floating_point_1/floating_point_1_in_context.xdc] for cell 'GEN_CLUSTER[0].u_engine/u_fp32_service/GEN_FP_LANE[30].u_add/u_fp_add'
Parsing XDC File [c:/Users/zhangxuanhao/AppData/Local/Temp/a_frontend_vivado_754158a5/ip_project/a_frontend_fp32_ip_gen.gen/sources_1/ip/floating_point_1/floating_point_1/floating_point_1_in_context.xdc] for cell 'GEN_CLUSTER[0].u_engine/u_fp32_service/GEN_FP_LANE[31].u_add/u_fp_add'
Finished Parsing XDC File [c:/Users/zhangxuanhao/AppData/Local/Temp/a_frontend_vivado_754158a5/ip_project/a_frontend_fp32_ip_gen.gen/sources_1/ip/floating_point_1/floating_point_1/floating_point_1_in_context.xdc] for cell 'GEN_CLUSTER[0].u_engine/u_fp32_service/GEN_FP_LANE[31].u_add/u_fp_add'
Parsing XDC File [C:/Users/zhangxuanhao/AppData/Local/Temp/a_frontend_vivado_853f7cee/ooc_results/cats_r4_compute_frontend_ooc.xdc]
Finished Parsing XDC File [C:/Users/zhangxuanhao/AppData/Local/Temp/a_frontend_vivado_853f7cee/ooc_results/cats_r4_compute_frontend_ooc.xdc]
Completed Processing XDC Constraints

Netlist sorting complete. Time (s): cpu = 00:00:00 ; elapsed = 00:00:00.017 . Memory (MB): peak = 2279.562 ; gain = 0.000
INFO: [Project 1-111] Unisim Transformation Summary:
No Unisim elements were transformed.

Constraint Validation Runtime : Time (s): cpu = 00:00:01 ; elapsed = 00:00:00.336 . Memory (MB): peak = 2279.562 ; gain = 0.000
---------------------------------------------------------------------------------
Finished Constraint Validation : Time (s): cpu = 00:00:23 ; elapsed = 00:00:25 . Memory (MB): peak = 2279.562 ; gain = 591.859
---------------------------------------------------------------------------------
---------------------------------------------------------------------------------
Start Loading Part and Timing Information
---------------------------------------------------------------------------------
Loading part: xczu15eg-ffvb1156-2-i
INFO: [Synth 8-6742] Reading net delay rules and data
---------------------------------------------------------------------------------
Finished Loading Part and Timing Information : Time (s): cpu = 00:00:23 ; elapsed = 00:00:25 . Memory (MB): peak = 2279.562 ; gain = 591.859
---------------------------------------------------------------------------------
---------------------------------------------------------------------------------
Start Applying 'set_property' XDC Constraints
---------------------------------------------------------------------------------
---------------------------------------------------------------------------------
Finished applying 'set_property' XDC Constraints : Time (s): cpu = 00:00:25 ; elapsed = 00:00:27 . Memory (MB): peak = 2279.562 ; gain = 591.859
---------------------------------------------------------------------------------
INFO: [Synth 8-802] inferred FSM for state register 'state_reg' in module 'cats_r4_qk_q_slab_client'
INFO: [Synth 8-802] inferred FSM for state register 'state_reg' in module 'cats_r4_qk_32lane_scheduler'
INFO: [Synth 8-802] inferred FSM for state register 'state_reg' in module 'cats_r4_qk_32lane_fp32_service'
INFO: [Synth 8-802] inferred FSM for state register 'state_reg' in module 'cats_r4_qk_score_formatter'
INFO: [Synth 8-802] inferred FSM for state register 'state_reg' in module 'cats_r4_qk_ab_handoff'
---------------------------------------------------------------------------------------------------
                   State |                     New Encoding |                Previous Encoding 
---------------------------------------------------------------------------------------------------
                 ST_IDLE |                           000001 |                              000
                 ST_NEED |                           100000 |                              001
           ST_WAIT_READY |                           010000 |                              010
                ST_START |                           001000 |                              011
            ST_WAIT_DONE |                           000100 |                              100
               ST_RETIRE |                           000010 |                              101
---------------------------------------------------------------------------------------------------
INFO: [Synth 8-3354] encoded FSM with state register 'state_reg' using encoding 'one-hot' in module 'cats_r4_qk_q_slab_client'
---------------------------------------------------------------------------------------------------
                   State |                     New Encoding |                Previous Encoding 
---------------------------------------------------------------------------------------------------
                 ST_IDLE |                               00 |                               00
                  ST_RUN |                               10 |                               01
                 ST_DONE |                               01 |                               10
---------------------------------------------------------------------------------------------------
INFO: [Synth 8-3354] encoded FSM with state register 'state_reg' using encoding 'sequential' in module 'cats_r4_qk_32lane_scheduler'
INFO: [Synth 8-6904] The RAM "cats_r4_qk_32lane_scheduler:/q_buffer_reg" of size (depth=16 x width=16) is automatically implemented using LUTRAM. BRAM implementation would be inefficient 
INFO: [Synth 8-6904] The RAM "cats_r4_qk_32lane_scheduler:/k_buffer_reg" of size (depth=16 x width=512) is automatically implemented using LUTRAM. BRAM implementation would be inefficient 
---------------------------------------------------------------------------------------------------
                   State |                     New Encoding |                Previous Encoding 
---------------------------------------------------------------------------------------------------
                 iSTATE4 |                           100000 |                              000
*
                 iSTATE2 |                           000001 |                              001
                 iSTATE3 |                           000010 |                              010
                 iSTATE1 |                           000100 |                              011
                 iSTATE0 |                           001000 |                              100
                  iSTATE |                           010000 |                              101
---------------------------------------------------------------------------------------------------
INFO: [Synth 8-3354] encoded FSM with state register 'state_reg' using encoding 'one-hot' in module 'cats_r4_qk_32lane_fp32_service'
INFO: [Synth 8-6904] The RAM "cats_r4_qk_32lane_engine:/score_epoch_mem_reg" of size (depth=16 x width=16) is automatically implemented using LUTRAM. BRAM implementation would be inefficient 
INFO: [Synth 8-6904] The RAM "cats_r4_qk_32lane_engine:/score_group_mem_reg" of size (depth=16 x width=3) is automatically implemented using LUTRAM. BRAM implementation would be inefficient 
INFO: [Synth 8-6904] The RAM "cats_r4_qk_32lane_engine:/score_head_mem_reg" of size (depth=16 x width=5) is automatically implemented using LUTRAM. BRAM implementation would be inefficient 
INFO: [Synth 8-6904] The RAM "cats_r4_qk_32lane_engine:/score_row_mem_reg" of size (depth=16 x width=7) is automatically implemented using LUTRAM. BRAM implementation would be inefficient 
INFO: [Synth 8-6904] The RAM "cats_r4_qk_32lane_engine:/score_key_block_mem_reg" of size (depth=16 x width=2) is automatically implemented using LUTRAM. BRAM implementation would be inefficient 
INFO: [Synth 8-6904] The RAM "cats_r4_qk_32lane_engine:/score_context_mem_reg" of size (depth=16 x width=4) is automatically implemented using LUTRAM. BRAM implementation would be inefficient 
INFO: [Synth 8-6904] The RAM "cats_r4_qk_32lane_engine:/score_lane_valid_mem_reg" of size (depth=16 x width=32) is automatically implemented using LUTRAM. BRAM implementation would be inefficient 
INFO: [Synth 8-6904] The RAM "cats_r4_qk_32lane_engine:/score_fp32_mem_reg" of size (depth=16 x width=1024) is automatically implemented using LUTRAM. BRAM implementation would be inefficient 
---------------------------------------------------------------------------------------------------
                   State |                     New Encoding |                Previous Encoding 
---------------------------------------------------------------------------------------------------
                 iSTATE2 |                               11 |                               00
*
                 iSTATE0 |                               01 |                               01
                  iSTATE |                               10 |                               10
                 iSTATE1 |                               00 |                               11
---------------------------------------------------------------------------------------------------
INFO: [Synth 8-3354] encoded FSM with state register 'state_reg' using encoding 'sequential' in module 'cats_r4_qk_score_formatter'
---------------------------------------------------------------------------------------------------
                   State |                     New Encoding |                Previous Encoding 
---------------------------------------------------------------------------------------------------
                 ST_IDLE |                           000001 |                              000
                  ST_ROW |                           100000 |                              001
                  ST_REQ |                           001000 |                              010
                 ST_WAIT |                           010000 |                              011
                ST_ABORT |                           000010 |                              101
                ST_SCORE |                           000100 |                              100
---------------------------------------------------------------------------------------------------
INFO: [Synth 8-3354] encoded FSM with state register 'state_reg' using encoding 'one-hot' in module 'cats_r4_qk_ab_handoff'
---------------------------------------------------------------------------------
Finished RTL Optimization Phase 2 : Time (s): cpu = 00:00:29 ; elapsed = 00:00:32 . Memory (MB): peak = 2279.562 ; gain = 591.859
---------------------------------------------------------------------------------
INFO: [Synth 8-223] decloning instance 'GEN_CLUSTER[0].u_engine/u_fp32_service/GEN_FP_LANE[0].u_q_to_fp32' (bf16_to_fp32) to 'GEN_CLUSTER[0].u_engine/u_fp32_service/GEN_FP_LANE[1].u_q_to_fp32'
INFO: [Synth 8-223] decloning instance 'GEN_CLUSTER[0].u_engine/u_fp32_service/GEN_FP_LANE[0].u_q_to_fp32' (bf16_to_fp32) to 'GEN_CLUSTER[0].u_engine/u_fp32_service/GEN_FP_LANE[2].u_q_to_fp32'
INFO: [Synth 8-223] decloning instance 'GEN_CLUSTER[0].u_engine/u_fp32_service/GEN_FP_LANE[0].u_q_to_fp32' (bf16_to_fp32) to 'GEN_CLUSTER[0].u_engine/u_fp32_service/GEN_FP_LANE[3].u_q_to_fp32'
INFO: [Synth 8-223] decloning instance 'GEN_CLUSTER[0].u_engine/u_fp32_service/GEN_FP_LANE[0].u_q_to_fp32' (bf16_to_fp32) to 'GEN_CLUSTER[0].u_engine/u_fp32_service/GEN_FP_LANE[4].u_q_to_fp32'
INFO: [Synth 8-223] decloning instance 'GEN_CLUSTER[0].u_engine/u_fp32_service/GEN_FP_LANE[0].u_q_to_fp32' (bf16_to_fp32) to 'GEN_CLUSTER[0].u_engine/u_fp32_service/GEN_FP_LANE[5].u_q_to_fp32'
INFO: [Synth 8-223] decloning instance 'GEN_CLUSTER[0].u_engine/u_fp32_service/GEN_FP_LANE[0].u_q_to_fp32' (bf16_to_fp32) to 'GEN_CLUSTER[0].u_engine/u_fp32_service/GEN_FP_LANE[6].u_q_to_fp32'
INFO: [Synth 8-223] decloning instance 'GEN_CLUSTER[0].u_engine/u_fp32_service/GEN_FP_LANE[0].u_q_to_fp32' (bf16_to_fp32) to 'GEN_CLUSTER[0].u_engine/u_fp32_service/GEN_FP_LANE[7].u_q_to_fp32'
INFO: [Synth 8-223] decloning instance 'GEN_CLUSTER[0].u_engine/u_fp32_service/GEN_FP_LANE[0].u_q_to_fp32' (bf16_to_fp32) to 'GEN_CLUSTER[0].u_engine/u_fp32_service/GEN_FP_LANE[8].u_q_to_fp32'
INFO: [Synth 8-223] decloning instance 'GEN_CLUSTER[0].u_engine/u_fp32_service/GEN_FP_LANE[0].u_q_to_fp32' (bf16_to_fp32) to 'GEN_CLUSTER[0].u_engine/u_fp32_service/GEN_FP_LANE[9].u_q_to_fp32'
INFO: [Synth 8-223] decloning instance 'GEN_CLUSTER[0].u_engine/u_fp32_service/GEN_FP_LANE[0].u_q_to_fp32' (bf16_to_fp32) to 'GEN_CLUSTER[0].u_engine/u_fp32_service/GEN_FP_LANE[10].u_q_to_fp32'
INFO: [Synth 8-223] decloning instance 'GEN_CLUSTER[0].u_engine/u_fp32_service/GEN_FP_LANE[0].u_q_to_fp32' (bf16_to_fp32) to 'GEN_CLUSTER[0].u_engine/u_fp32_service/GEN_FP_LANE[11].u_q_to_fp32'
INFO: [Synth 8-223] decloning instance 'GEN_CLUSTER[0].u_engine/u_fp32_service/GEN_FP_LANE[0].u_q_to_fp32' (bf16_to_fp32) to 'GEN_CLUSTER[0].u_engine/u_fp32_service/GEN_FP_LANE[12].u_q_to_fp32'
INFO: [Synth 8-223] decloning instance 'GEN_CLUSTER[0].u_engine/u_fp32_service/GEN_FP_LANE[0].u_q_to_fp32' (bf16_to_fp32) to 'GEN_CLUSTER[0].u_engine/u_fp32_service/GEN_FP_LANE[13].u_q_to_fp32'
INFO: [Synth 8-223] decloning instance 'GEN_CLUSTER[0].u_engine/u_fp32_service/GEN_FP_LANE[0].u_q_to_fp32' (bf16_to_fp32) to 'GEN_CLUSTER[0].u_engine/u_fp32_service/GEN_FP_LANE[14].u_q_to_fp32'
INFO: [Synth 8-223] decloning instance 'GEN_CLUSTER[0].u_engine/u_fp32_service/GEN_FP_LANE[0].u_q_to_fp32' (bf16_to_fp32) to 'GEN_CLUSTER[0].u_engine/u_fp32_service/GEN_FP_LANE[15].u_q_to_fp32'
INFO: [Synth 8-223] decloning instance 'GEN_CLUSTER[0].u_engine/u_fp32_service/GEN_FP_LANE[0].u_q_to_fp32' (bf16_to_fp32) to 'GEN_CLUSTER[0].u_engine/u_fp32_service/GEN_FP_LANE[16].u_q_to_fp32'
INFO: [Synth 8-223] decloning instance 'GEN_CLUSTER[0].u_engine/u_fp32_service/GEN_FP_LANE[0].u_q_to_fp32' (bf16_to_fp32) to 'GEN_CLUSTER[0].u_engine/u_fp32_service/GEN_FP_LANE[17].u_q_to_fp32'
INFO: [Synth 8-223] decloning instance 'GEN_CLUSTER[0].u_engine/u_fp32_service/GEN_FP_LANE[0].u_q_to_fp32' (bf16_to_fp32) to 'GEN_CLUSTER[0].u_engine/u_fp32_service/GEN_FP_LANE[18].u_q_to_fp32'
INFO: [Synth 8-223] decloning instance 'GEN_CLUSTER[0].u_engine/u_fp32_service/GEN_FP_LANE[0].u_q_to_fp32' (bf16_to_fp32) to 'GEN_CLUSTER[0].u_engine/u_fp32_service/GEN_FP_LANE[19].u_q_to_fp32'
INFO: [Synth 8-223] decloning instance 'GEN_CLUSTER[0].u_engine/u_fp32_service/GEN_FP_LANE[0].u_q_to_fp32' (bf16_to_fp32) to 'GEN_CLUSTER[0].u_engine/u_fp32_service/GEN_FP_LANE[20].u_q_to_fp32'
INFO: [Synth 8-223] decloning instance 'GEN_CLUSTER[0].u_engine/u_fp32_service/GEN_FP_LANE[0].u_q_to_fp32' (bf16_to_fp32) to 'GEN_CLUSTER[0].u_engine/u_fp32_service/GEN_FP_LANE[21].u_q_to_fp32'
INFO: [Synth 8-223] decloning instance 'GEN_CLUSTER[0].u_engine/u_fp32_service/GEN_FP_LANE[0].u_q_to_fp32' (bf16_to_fp32) to 'GEN_CLUSTER[0].u_engine/u_fp32_service/GEN_FP_LANE[22].u_q_to_fp32'
INFO: [Synth 8-223] decloning instance 'GEN_CLUSTER[0].u_engine/u_fp32_service/GEN_FP_LANE[0].u_q_to_fp32' (bf16_to_fp32) to 'GEN_CLUSTER[0].u_engine/u_fp32_service/GEN_FP_LANE[23].u_q_to_fp32'
INFO: [Synth 8-223] decloning instance 'GEN_CLUSTER[0].u_engine/u_fp32_service/GEN_FP_LANE[0].u_q_to_fp32' (bf16_to_fp32) to 'GEN_CLUSTER[0].u_engine/u_fp32_service/GEN_FP_LANE[24].u_q_to_fp32'
INFO: [Synth 8-223] decloning instance 'GEN_CLUSTER[0].u_engine/u_fp32_service/GEN_FP_LANE[0].u_q_to_fp32' (bf16_to_fp32) to 'GEN_CLUSTER[0].u_engine/u_fp32_service/GEN_FP_LANE[25].u_q_to_fp32'
INFO: [Synth 8-223] decloning instance 'GEN_CLUSTER[0].u_engine/u_fp32_service/GEN_FP_LANE[0].u_q_to_fp32' (bf16_to_fp32) to 'GEN_CLUSTER[0].u_engine/u_fp32_service/GEN_FP_LANE[26].u_q_to_fp32'
INFO: [Synth 8-223] decloning instance 'GEN_CLUSTER[0].u_engine/u_fp32_service/GEN_FP_LANE[0].u_q_to_fp32' (bf16_to_fp32) to 'GEN_CLUSTER[0].u_engine/u_fp32_service/GEN_FP_LANE[27].u_q_to_fp32'
INFO: [Synth 8-223] decloning instance 'GEN_CLUSTER[0].u_engine/u_fp32_service/GEN_FP_LANE[0].u_q_to_fp32' (bf16_to_fp32) to 'GEN_CLUSTER[0].u_engine/u_fp32_service/GEN_FP_LANE[28].u_q_to_fp32'
INFO: [Synth 8-223] decloning instance 'GEN_CLUSTER[0].u_engine/u_fp32_service/GEN_FP_LANE[0].u_q_to_fp32' (bf16_to_fp32) to 'GEN_CLUSTER[0].u_engine/u_fp32_service/GEN_FP_LANE[29].u_q_to_fp32'
INFO: [Synth 8-223] decloning instance 'GEN_CLUSTER[0].u_engine/u_fp32_service/GEN_FP_LANE[0].u_q_to_fp32' (bf16_to_fp32) to 'GEN_CLUSTER[0].u_engine/u_fp32_service/GEN_FP_LANE[30].u_q_to_fp32'
INFO: [Synth 8-223] decloning instance 'GEN_CLUSTER[0].u_engine/u_fp32_service/GEN_FP_LANE[0].u_q_to_fp32' (bf16_to_fp32) to 'GEN_CLUSTER[0].u_engine/u_fp32_service/GEN_FP_LANE[31].u_q_to_fp32'
---------------------------------------------------------------------------------
Start RTL Component Statistics 
---------------------------------------------------------------------------------
Detailed RTL Component Info : 
+---Adders : 
	   2 Input   64 Bit       Adders := 7     
	   4 Input   64 Bit       Adders := 1     
	   3 Input   64 Bit       Adders := 2     
	   2 Input   16 Bit       Adders := 32    
	   3 Input   10 Bit       Adders := 16    
	   2 Input    7 Bit       Adders := 3     
	   3 Input    7 Bit       Adders := 2     
	  32 Input    6 Bit       Adders := 5     
	   2 Input    6 Bit       Adders := 1     
	  16 Input    5 Bit       Adders := 1     
	   2 Input    5 Bit       Adders := 1     
	   2 Input    4 Bit       Adders := 4     
	   2 Input    2 Bit       Adders := 2     
+---Registers : 
	             1024 Bit    Registers := 2     
	              512 Bit    Registers := 2     
	               64 Bit    Registers := 12    
	               32 Bit    Registers := 585   
	               16 Bit    Registers := 66    
	                7 Bit    Registers := 20    
	                6 Bit    Registers := 1     
	                5 Bit    Registers := 18    
	                4 Bit    Registers := 7     
	                3 Bit    Registers := 20    
	                2 Bit    Registers := 31    
	                1 Bit    Registers := 64    
+---RAMs : 
	              16K Bit	(16 X 1024 bit)          RAMs := 1     
	               8K Bit	(16 X 512 bit)          RAMs := 1     
	              512 Bit	(16 X 32 bit)          RAMs := 1     
	              256 Bit	(16 X 16 bit)          RAMs := 2     
	              112 Bit	(16 X 7 bit)          RAMs := 1     
	               80 Bit	(16 X 5 bit)          RAMs := 1     
	               64 Bit	(16 X 4 bit)          RAMs := 1     
	               48 Bit	(16 X 3 bit)          RAMs := 1     
	               32 Bit	(16 X 2 bit)          RAMs := 1     
+---Muxes : 
	   2 Input 1024 Bit        Muxes := 2     
	   2 Input  512 Bit        Muxes := 1     
	   2 Input   64 Bit        Muxes := 10    
	   3 Input   64 Bit        Muxes := 3     
	   2 Input   32 Bit        Muxes := 119   
	   3 Input   32 Bit        Muxes := 2     
	   2 Input   16 Bit        Muxes := 201   
	   3 Input   16 Bit        Muxes := 24    
	   4 Input   16 Bit        Muxes := 3     
	   3 Input    7 Bit        Muxes := 3     
	   2 Input    7 Bit        Muxes := 6     
	   6 Input    7 Bit        Muxes := 1     
	   4 Input    7 Bit        Muxes := 3     
	   5 Input    6 Bit        Muxes := 1     
	   2 Input    6 Bit        Muxes := 11    
	   6 Input    6 Bit        Muxes := 2     
	   3 Input    5 Bit        Muxes := 2     
	   2 Input    5 Bit        Muxes := 3     
	   4 Input    5 Bit        Muxes := 3     
	   6 Input    5 Bit        Muxes := 1     
	   2 Input    4 Bit        Muxes := 1     
	   6 Input    4 Bit        Muxes := 1     
	   3 Input    3 Bit        Muxes := 2     
	   2 Input    3 Bit        Muxes := 4     
	   4 Input    3 Bit        Muxes := 3     
	   3 Input    2 Bit        Muxes := 10    
	   2 Input    2 Bit        Muxes := 36    
	   5 Input    2 Bit        Muxes := 1     
	   4 Input    2 Bit        Muxes := 3     
	   6 Input    2 Bit        Muxes := 1     
	   2 Input    1 Bit        Muxes := 1158  
	   4 Input    1 Bit        Muxes := 5     
	   3 Input    1 Bit        Muxes := 14    
	   6 Input    1 Bit        Muxes := 10    
---------------------------------------------------------------------------------
Finished RTL Component Statistics 
---------------------------------------------------------------------------------
---------------------------------------------------------------------------------
Start Part Resource Summary
---------------------------------------------------------------------------------
Part Resources:
DSPs: 3528 (col length:168)
BRAMs: 1488 (col length: RAMB18 168 RAMB36 84)
---------------------------------------------------------------------------------
Finished Part Resource Summary
---------------------------------------------------------------------------------
---------------------------------------------------------------------------------
Start Cross Boundary and Area Optimization
---------------------------------------------------------------------------------
INFO: [Synth 8-6904] The RAM "\GEN_CLUSTER[0].u_engine /i_0/u_scheduler/q_buffer_reg" of size (depth=16 x width=16) is automatically implemented using LUTRAM. BRAM implementation would be inefficient 
INFO: [Synth 8-6904] The RAM "\GEN_CLUSTER[0].u_engine /i_0/u_scheduler/k_buffer_reg" of size (depth=16 x width=512) is automatically implemented using LUTRAM. BRAM implementation would be inefficient 
INFO: [Synth 8-6904] The RAM "\GEN_CLUSTER[0].u_engine/score_epoch_mem_reg " of size (depth=16 x width=16) is automatically implemented using LUTRAM. BRAM implementation would be inefficient 
INFO: [Synth 8-6904] The RAM "\GEN_CLUSTER[0].u_engine/score_group_mem_reg " of size (depth=16 x width=3) is automatically implemented using LUTRAM. BRAM implementation would be inefficient 
INFO: [Synth 8-6904] The RAM "\GEN_CLUSTER[0].u_engine/score_head_mem_reg " of size (depth=16 x width=5) is automatically implemented using LUTRAM. BRAM implementation would be inefficient 
INFO: [Synth 8-6904] The RAM "\GEN_CLUSTER[0].u_engine/score_row_mem_reg " of size (depth=16 x width=7) is automatically implemented using LUTRAM. BRAM implementation would be inefficient 
INFO: [Synth 8-6904] The RAM "\GEN_CLUSTER[0].u_engine/score_key_block_mem_reg " of size (depth=16 x width=2) is automatically implemented using LUTRAM. BRAM implementation would be inefficient 
INFO: [Synth 8-6904] The RAM "\GEN_CLUSTER[0].u_engine/score_context_mem_reg " of size (depth=16 x width=4) is automatically implemented using LUTRAM. BRAM implementation would be inefficient 
INFO: [Synth 8-6904] The RAM "\GEN_CLUSTER[0].u_engine/score_lane_valid_mem_reg " of size (depth=16 x width=32) is automatically implemented using LUTRAM. BRAM implementation would be inefficient 
INFO: [Synth 8-6904] The RAM "\GEN_CLUSTER[0].u_engine/score_fp32_mem_reg " of size (depth=16 x width=1024) is automatically implemented using LUTRAM. BRAM implementation would be inefficient 
INFO: [Synth 8-6904] The RAM "\GEN_CLUSTER[0].u_engine /i_0/u_scheduler/q_buffer_reg" of size (depth=16 x width=16) is automatically implemented using LUTRAM. BRAM implementation would be inefficient 
INFO: [Synth 8-6904] The RAM "\GEN_CLUSTER[0].u_engine /i_0/u_scheduler/k_buffer_reg" of size (depth=16 x width=512) is automatically implemented using LUTRAM. BRAM implementation would be inefficient 
INFO: [Synth 8-6904] The RAM "\GEN_CLUSTER[0].u_engine/score_epoch_mem_reg " of size (depth=16 x width=16) is automatically implemented using LUTRAM. BRAM implementation would be inefficient 
INFO: [Synth 8-6904] The RAM "\GEN_CLUSTER[0].u_engine/score_group_mem_reg " of size (depth=16 x width=3) is automatically implemented using LUTRAM. BRAM implementation would be inefficient 
INFO: [Synth 8-6904] The RAM "\GEN_CLUSTER[0].u_engine/score_head_mem_reg " of size (depth=16 x width=5) is automatically implemented using LUTRAM. BRAM implementation would be inefficient 
INFO: [Synth 8-6904] The RAM "\GEN_CLUSTER[0].u_engine/score_row_mem_reg " of size (depth=16 x width=7) is automatically implemented using LUTRAM. BRAM implementation would be inefficient 
INFO: [Synth 8-6904] The RAM "\GEN_CLUSTER[0].u_engine/score_key_block_mem_reg " of size (depth=16 x width=2) is automatically implemented using LUTRAM. BRAM implementation would be inefficient 
INFO: [Synth 8-6904] The RAM "\GEN_CLUSTER[0].u_engine/score_context_mem_reg " of size (depth=16 x width=4) is automatically implemented using LUTRAM. BRAM implementation would be inefficient 
INFO: [Synth 8-6904] The RAM "\GEN_CLUSTER[0].u_engine/score_lane_valid_mem_reg " of size (depth=16 x width=32) is automatically implemented using LUTRAM. BRAM implementation would be inefficient 
INFO: [Synth 8-6904] The RAM "\GEN_CLUSTER[0].u_engine/score_fp32_mem_reg " of size (depth=16 x width=1024) is automatically implemented using LUTRAM. BRAM implementation would be inefficient 
---------------------------------------------------------------------------------
Finished Cross Boundary and Area Optimization : Time (s): cpu = 00:01:31 ; elapsed = 00:01:37 . Memory (MB): peak = 2498.648 ; gain = 810.945
---------------------------------------------------------------------------------
---------------------------------------------------------------------------------
Start ROM, RAM, DSP, Shift Register and Retiming Reporting
---------------------------------------------------------------------------------

Distributed RAM: Preliminary Mapping Report (see note below)
+------------------------------------------+--------------------------+-----------+----------------------+----------------+
|Module Name                               | RTL Object               | Inference | Size (Depth x Width) | Primitives     | 
+------------------------------------------+--------------------------+-----------+----------------------+----------------+
|\GEN_CLUSTER[0].u_engine /i_0/u_scheduler | q_buffer_reg             | Implied   | 16 x 16              | RAM32M16 x 2   | 
|\GEN_CLUSTER[0].u_engine /i_0/u_scheduler | k_buffer_reg             | Implied   | 16 x 512             | RAM32M16 x 37  | 
|\GEN_CLUSTER[0].u_engine                  | score_epoch_mem_reg      | Implied   | 16 x 16              | RAM32M16 x 2   | 
|\GEN_CLUSTER[0].u_engine                  | score_group_mem_reg      | Implied   | 16 x 3               | RAM32M16 x 1   | 
|\GEN_CLUSTER[0].u_engine                  | score_head_mem_reg       | Implied   | 16 x 5               | RAM32M16 x 1   | 
|\GEN_CLUSTER[0].u_engine                  | score_row_mem_reg        | Implied   | 16 x 7               | RAM32M16 x 1   | 
|\GEN_CLUSTER[0].u_engine                  | score_key_block_mem_reg  | Implied   | 16 x 2               | RAM16X1D x 2   | 
|\GEN_CLUSTER[0].u_engine                  | score_context_mem_reg    | Implied   | 16 x 4               | RAM32M16 x 1   | 
|\GEN_CLUSTER[0].u_engine                  | score_lane_valid_mem_reg | Implied   | 16 x 32              | RAM32M16 x 3   | 
|\GEN_CLUSTER[0].u_engine                  | score_fp32_mem_reg       | Implied   | 16 x 1024            | RAM32M16 x 74  | 
+------------------------------------------+--------------------------+-----------+----------------------+----------------+

Note: The table above is a preliminary report that shows the Distributed RAMs at the current stage of the synthesis flow. Some Distributed RAMs may be reimplemented as non Distributed RAM primitives later in the synthesis flow. Multiple instantiated RAMs are reported only once.
---------------------------------------------------------------------------------
Finished ROM, RAM, DSP, Shift Register and Retiming Reporting
---------------------------------------------------------------------------------
---------------------------------------------------------------------------------
Start Applying XDC Timing Constraints
---------------------------------------------------------------------------------
---------------------------------------------------------------------------------
Finished Applying XDC Timing Constraints : Time (s): cpu = 00:01:42 ; elapsed = 00:01:49 . Memory (MB): peak = 2934.914 ; gain = 1247.211
---------------------------------------------------------------------------------
---------------------------------------------------------------------------------
Start Timing Optimization
---------------------------------------------------------------------------------
---------------------------------------------------------------------------------
Finished Timing Optimization : Time (s): cpu = 00:01:49 ; elapsed = 00:01:57 . Memory (MB): peak = 3140.434 ; gain = 1452.730
---------------------------------------------------------------------------------
---------------------------------------------------------------------------------
Start ROM, RAM, DSP, Shift Register and Retiming Reporting
---------------------------------------------------------------------------------

Distributed RAM: Final Mapping Report
+------------------------------------------+--------------------------+-----------+----------------------+----------------+
|Module Name                               | RTL Object               | Inference | Size (Depth x Width) | Primitives     | 
+------------------------------------------+--------------------------+-----------+----------------------+----------------+
|\GEN_CLUSTER[0].u_engine /i_0/u_scheduler | q_buffer_reg             | Implied   | 16 x 16              | RAM32M16 x 2   | 
|\GEN_CLUSTER[0].u_engine /i_0/u_scheduler | k_buffer_reg             | Implied   | 16 x 512             | RAM32M16 x 37  | 
|\GEN_CLUSTER[0].u_engine                  | score_epoch_mem_reg      | Implied   | 16 x 16              | RAM32M16 x 2   | 
|\GEN_CLUSTER[0].u_engine                  | score_group_mem_reg      | Implied   | 16 x 3               | RAM32M16 x 1   | 
|\GEN_CLUSTER[0].u_engine                  | score_head_mem_reg       | Implied   | 16 x 5               | RAM32M16 x 1   | 
|\GEN_CLUSTER[0].u_engine                  | score_row_mem_reg        | Implied   | 16 x 7               | RAM32M16 x 1   | 
|\GEN_CLUSTER[0].u_engine                  | score_key_block_mem_reg  | Implied   | 16 x 2               | RAM16X1D x 2   | 
|\GEN_CLUSTER[0].u_engine                  | score_context_mem_reg    | Implied   | 16 x 4               | RAM32M16 x 1   | 
|\GEN_CLUSTER[0].u_engine                  | score_lane_valid_mem_reg | Implied   | 16 x 32              | RAM32M16 x 3   | 
|\GEN_CLUSTER[0].u_engine                  | score_fp32_mem_reg       | Implied   | 16 x 1024            | RAM32M16 x 74  | 
+------------------------------------------+--------------------------+-----------+----------------------+----------------+

---------------------------------------------------------------------------------
Finished ROM, RAM, DSP, Shift Register and Retiming Reporting
---------------------------------------------------------------------------------
---------------------------------------------------------------------------------
Start Technology Mapping
---------------------------------------------------------------------------------
---------------------------------------------------------------------------------
Finished Technology Mapping : Time (s): cpu = 00:01:57 ; elapsed = 00:02:05 . Memory (MB): peak = 3161.160 ; gain = 1473.457
---------------------------------------------------------------------------------
---------------------------------------------------------------------------------
Start IO Insertion
---------------------------------------------------------------------------------
---------------------------------------------------------------------------------
Start Final Netlist Cleanup
---------------------------------------------------------------------------------
---------------------------------------------------------------------------------
Finished Final Netlist Cleanup
---------------------------------------------------------------------------------
---------------------------------------------------------------------------------
Finished IO Insertion : Time (s): cpu = 00:02:01 ; elapsed = 00:02:09 . Memory (MB): peak = 3248.762 ; gain = 1561.059
---------------------------------------------------------------------------------
---------------------------------------------------------------------------------
Start Renaming Generated Instances
---------------------------------------------------------------------------------
---------------------------------------------------------------------------------
Finished Renaming Generated Instances : Time (s): cpu = 00:02:01 ; elapsed = 00:02:09 . Memory (MB): peak = 3248.762 ; gain = 1561.059
---------------------------------------------------------------------------------
---------------------------------------------------------------------------------
Start Handling Custom Attributes
---------------------------------------------------------------------------------
---------------------------------------------------------------------------------
Finished Handling Custom Attributes : Time (s): cpu = 00:02:03 ; elapsed = 00:02:11 . Memory (MB): peak = 3248.762 ; gain = 1561.059
---------------------------------------------------------------------------------
---------------------------------------------------------------------------------
Start Writing Synthesis Report
---------------------------------------------------------------------------------

Report BlackBoxes: 
+------+-----------------+----------+
|      |BlackBox name    |Instances |
+------+-----------------+----------+
|1     |floating_point_0 |        32|
|2     |floating_point_1 |        32|
|3     |floating_point_2 |        32|
+------+-----------------+----------+

Report Cell Usage: 
+------+-----------------+------+
|      |Cell             |Count |
+------+-----------------+------+
|1     |floating_point   |     1|
|2     |floating_point_0 |    31|
|33    |floating_point   |     1|
|34    |floating_point_1 |    31|
|65    |floating_point   |     1|
|66    |floating_point_2 |    31|
|97    |CARRY8           |   226|
|98    |LUT1             |    35|
|99    |LUT2             |   951|
|100   |LUT3             |   774|
|101   |LUT4             |  1026|
|102   |LUT5             |  2204|
|103   |LUT6             |  6159|
|104   |MUXF7            |  1024|
|105   |RAM16X1D         |     2|
|106   |RAM32M16         |   116|
|107   |RAM32X1D         |     2|
|108   |FDRE             | 25359|
|109   |FDSE             |    26|
+------+-----------------+------+
---------------------------------------------------------------------------------
Finished Writing Synthesis Report : Time (s): cpu = 00:02:03 ; elapsed = 00:02:11 . Memory (MB): peak = 3248.762 ; gain = 1561.059
---------------------------------------------------------------------------------
Synthesis finished with 0 errors, 0 critical warnings and 0 warnings.
Synthesis Optimization Runtime : Time (s): cpu = 00:01:45 ; elapsed = 00:02:00 . Memory (MB): peak = 3248.762 ; gain = 1455.082
Synthesis Optimization Complete : Time (s): cpu = 00:02:03 ; elapsed = 00:02:11 . Memory (MB): peak = 3248.762 ; gain = 1561.059
INFO: [Project 1-571] Translating synthesized netlist
INFO: [Project 1-454] Reading design checkpoint 'c:/Users/zhangxuanhao/AppData/Local/Temp/a_frontend_vivado_754158a5/ip_project/a_frontend_fp32_ip_gen.gen/sources_1/ip/floating_point_0/floating_point_0.dcp' for cell 'GEN_CLUSTER[0].u_engine/u_fp32_service/GEN_FP_LANE[0].u_mul/GEN_MUL0.u_fp_mul'
INFO: [Project 1-454] Reading design checkpoint 'c:/Users/zhangxuanhao/AppData/Local/Temp/a_frontend_vivado_754158a5/ip_project/a_frontend_fp32_ip_gen.gen/sources_1/ip/floating_point_1/floating_point_1.dcp' for cell 'GEN_CLUSTER[0].u_engine/u_fp32_service/GEN_FP_LANE[0].u_add/u_fp_add'
INFO: [Project 1-454] Reading design checkpoint 'c:/Users/zhangxuanhao/AppData/Local/Temp/a_frontend_vivado_754158a5/ip_project/a_frontend_fp32_ip_gen.gen/sources_1/ip/floating_point_2/floating_point_2.dcp' for cell 'GEN_CLUSTER[0].u_rows/u_formatter/GEN_SCALE_LANE[0].u_scale_mul/GEN_MUL2.u_fp_mul'
Netlist sorting complete. Time (s): cpu = 00:00:02 ; elapsed = 00:00:02 . Memory (MB): peak = 3248.762 ; gain = 0.000
INFO: [Netlist 29-17] Analyzing 2458 Unisim elements for replacement
INFO: [Netlist 29-28] Unisim Transformation completed in 2 CPU seconds
INFO: [Project 1-479] Netlist was created with Vivado 2025.2
INFO: [Project 1-570] Preparing netlist for logic optimization
Parsing XDC File [C:/Users/zhangxuanhao/AppData/Local/Temp/a_frontend_vivado_853f7cee/ooc_results/cats_r4_compute_frontend_ooc.xdc]
create_clock: Time (s): cpu = 00:00:06 ; elapsed = 00:00:06 . Memory (MB): peak = 3248.762 ; gain = 0.000
INFO: [Vivado 12-4761] HD.CLK_SRC property is set on port clk. The net connecting to the port drives either clock PIN or hierarchical black box. Use the create_clock constraint to create a clock on this port prior to setting HD.CLK_SRC.  [C:/Users/zhangxuanhao/AppData/Local/Temp/a_frontend_vivado_853f7cee/ooc_results/cats_r4_compute_frontend_ooc.xdc:2]
Finished Parsing XDC File [C:/Users/zhangxuanhao/AppData/Local/Temp/a_frontend_vivado_853f7cee/ooc_results/cats_r4_compute_frontend_ooc.xdc]
INFO: [Opt 31-138] Pushed 0 inverter(s) to 0 load pin(s).
Netlist sorting complete. Time (s): cpu = 00:00:00 ; elapsed = 00:00:00.070 . Memory (MB): peak = 3248.762 ; gain = 0.000
INFO: [Project 1-111] Unisim Transformation Summary:
  A total of 312 instances were transformed.
  DSP48E1 => DSP48E2 (DSP_ALU, DSP_A_B_DATA, DSP_C_DATA, DSP_MULTIPLIER, DSP_M_DATA, DSP_OUTPUT, DSP_PREADD, DSP_PREADD_DATA): 64 instances
  DSP48E2 => DSP48E2 (DSP_ALU, DSP_A_B_DATA, DSP_C_DATA, DSP_MULTIPLIER, DSP_M_DATA, DSP_OUTPUT, DSP_PREADD, DSP_PREADD_DATA): 128 instances
  RAM16X1D => RAM32X1D (RAMD32(x2)): 2 instances
  RAM32M16 => RAM32M16 (RAMD32(x14), RAMS32(x2)): 116 instances
  RAM32X1D => RAM32X1D (RAMD32(x2)): 2 instances

Synth Design complete | Checksum: 2bbb4418
INFO: [Common 17-83] Releasing license: Synthesis
131 Infos, 3 Warnings, 0 Critical Warnings and 0 Errors encountered.
synth_design completed successfully
synth_design: Time (s): cpu = 00:02:37 ; elapsed = 00:02:50 . Memory (MB): peak = 3248.762 ; gain = 2661.648
# write_checkpoint -force {C:/Users/zhangxuanhao/AppData/Local/Temp/a_frontend_vivado_853f7cee/ooc_results/cats_r4_compute_frontend_ooc.dcp}
INFO: [Timing 38-35] Done setting XDC timing constraints.
INFO: [Timing 38-480] Writing timing data to binary archive.
Write ShapeDB Complete: Time (s): cpu = 00:00:01 ; elapsed = 00:00:00.195 . Memory (MB): peak = 3248.762 ; gain = 0.000
INFO: [Common 17-1381] The checkpoint 'C:/Users/zhangxuanhao/AppData/Local/Temp/a_frontend_vivado_853f7cee/ooc_results/cats_r4_compute_frontend_ooc.dcp' has been generated.
write_checkpoint: Time (s): cpu = 00:00:49 ; elapsed = 00:00:41 . Memory (MB): peak = 3255.902 ; gain = 7.141
# report_utilization -hierarchical -file {C:/Users/zhangxuanhao/AppData/Local/Temp/a_frontend_vivado_853f7cee/ooc_results/utilization.rpt}
# report_timing_summary -delay_type min_max -max_paths 20 -report_unconstrained -file {C:/Users/zhangxuanhao/AppData/Local/Temp/a_frontend_vivado_853f7cee/ooc_results/timing_summary.rpt}
INFO: [Timing 38-91] UpdateTimingParams: Speed grade: -2, Temperature grade: I, Delay Type: min_max.
INFO: [Timing 38-191] Multithreading enabled for timing update using a maximum of 2 CPUs
report_timing_summary: Time (s): cpu = 00:01:09 ; elapsed = 00:00:52 . Memory (MB): peak = 4210.660 ; gain = 954.758
# report_cdc -details -file {C:/Users/zhangxuanhao/AppData/Local/Temp/a_frontend_vivado_853f7cee/ooc_results/cdc.rpt}
INFO: [Timing 38-91] UpdateTimingParams: Speed grade: -2, Temperature grade: I, Delay Type: min_max.
INFO: [Timing 38-191] Multithreading enabled for timing update using a maximum of 2 CPUs
INFO: [Timing 38-314] The report_cdc command only analyzes and reports clock domain crossing paths where clocks have been defined on both source and destination sides. Ports with no input delay constraint are skipped. Please run check_timing to verify there are no missing clock definitions in your design, nor any unconstrained input port.
# report_clock_interaction -delay_type min_max -file {C:/Users/zhangxuanhao/AppData/Local/Temp/a_frontend_vivado_853f7cee/ooc_results/clock_interaction.rpt}
INFO: [Timing 38-91] UpdateTimingParams: Speed grade: -2, Temperature grade: I, Delay Type: min_max.
INFO: [Timing 38-191] Multithreading enabled for timing update using a maximum of 2 CPUs
report_clock_interaction: Time (s): cpu = 00:00:12 ; elapsed = 00:00:06 . Memory (MB): peak = 4210.660 ; gain = 0.000
# set check_timing_text [check_timing -verbose -return_string]
# set check_timing_file [open {C:/Users/zhangxuanhao/AppData/Local/Temp/a_frontend_vivado_853f7cee/ooc_results/check_timing.rpt} w]
# puts $check_timing_file $check_timing_text
# close $check_timing_file
# report_methodology -file {C:/Users/zhangxuanhao/AppData/Local/Temp/a_frontend_vivado_853f7cee/ooc_results/methodology.rpt}
Command: report_methodology -file C:/Users/zhangxuanhao/AppData/Local/Temp/a_frontend_vivado_853f7cee/ooc_results/methodology.rpt
INFO: [Timing 38-35] Done setting XDC timing constraints.
INFO: [DRC 23-133] Running Methodology with 2 threads
WARNING: [DRC 23-814] Not all possible (connectivity based) DRCs may have been run because this design is seen as Out of Context.
INFO: [Vivado_Tcl 2-1520] The results of Report Methodology are in file C:/Users/zhangxuanhao/AppData/Local/Temp/a_frontend_vivado_853f7cee/ooc_results/methodology.rpt.
report_methodology completed successfully
report_methodology: Time (s): cpu = 00:00:43 ; elapsed = 00:00:26 . Memory (MB): peak = 4210.660 ; gain = 0.000
INFO: [Timing 38-35] Done setting XDC timing constraints.
get_timing_paths: Time (s): cpu = 00:00:12 ; elapsed = 00:00:08 . Memory (MB): peak = 4210.660 ; gain = 0.000
# set timing_paths [get_timing_paths -delay_type max -max_paths 1]
# if {[llength $timing_paths] == 0} {
#     error "frontend OOC returned no timing path"
# }
# set worst_slack [get_property SLACK [lindex $timing_paths 0]]
# puts "CATS_R4_A_FRONTEND_REALIP_OOC_WNS=$worst_slack"
CATS_R4_A_FRONTEND_REALIP_OOC_WNS=1.932
# if {$worst_slack < 0.0} {
#     error "CATS_R4_A_FRONTEND_REALIP_OOC_NEGATIVE_WNS"
# }
# puts "CATS_R4_A_FRONTEND_REALIP_OOC_PASS"
CATS_R4_A_FRONTEND_REALIP_OOC_PASS
# close_project
INFO: [Common 17-206] Exiting Vivado at Sun Sep 13 17:39:43 2026...
