Copyright 1986-2022 Xilinx, Inc. All Rights Reserved. Copyright 2022-2025 Advanced Micro Devices, Inc. All Rights Reserved.
---------------------------------------------------------------------------------------------------------------------------------------------
| Tool Version : Vivado v.2025.2 (win64) Build 6299465 Fri Nov 14 19:35:11 GMT 2025
| Date         : Fri Sep 11 23:27:28 2026
| Host         : zhangxuanhao running 64-bit major release  (build 9200)
| Command      : report_utilization -hierarchical -file C:/Users/zhangxuanhao/AppData/Local/Temp/b3v_75085bf1/ooc_results/utilization.rpt
| Design       : cats_r4_b3_pv_32lane
| Device       : xczu15eg-ffvb1156-2-i
| Speed File   : -2
| Design State : Synthesized
---------------------------------------------------------------------------------------------------------------------------------------------

Utilization Design Information

Table of Contents
-----------------
1. Utilization by Hierarchy

1. Utilization by Hierarchy
---------------------------

+---------------------------------------------------------+----------------------------------------------------+------------+------------+---------+------+-------+--------+--------+------+------------+
|                         Instance                        |                       Module                       | Total LUTs | Logic LUTs | LUTRAMs | SRLs |  FFs  | RAMB36 | RAMB18 | URAM | DSP Blocks |
+---------------------------------------------------------+----------------------------------------------------+------------+------------+---------+------+-------+--------+--------+------+------------+
| cats_r4_b3_pv_32lane                                    |                                              (top) |      22810 |      20228 |    1238 | 1344 | 39714 |      0 |      0 |    0 |        192 |
|   (cats_r4_b3_pv_32lane)                                |                                              (top) |          1 |          1 |       0 |    0 |     0 |      0 |      0 |    0 |          0 |
|   u_controller                                          |                           cats_r4_b3_pv_controller |       3154 |       2530 |     624 |    0 |  2672 |      0 |      0 |    0 |          0 |
|   u_mac                                                 |                           cats_r4_b3_pv_mac_32lane |      14240 |      12766 |     610 |  864 | 26239 |      0 |      0 |    0 |        128 |
|     (u_mac)                                             |                           cats_r4_b3_pv_mac_32lane |       1600 |        990 |     610 |    0 |  1439 |      0 |      0 |    0 |          0 |
|     GEN_PV_LANE[0].u_add                                |                             fp32_add_ip__xdcDup__1 |        241 |        229 |       0 |   12 |   460 |      0 |      0 |    0 |          2 |
|       u_fp_add                                          |                                   floating_point_1 |        241 |        229 |       0 |   12 |   460 |      0 |      0 |    0 |          2 |
|         U0                                              |            floating_point_1_floating_point_v7_1_21 |        241 |        229 |       0 |   12 |   460 |      0 |      0 |    0 |          2 |
|           i_synth                                       |        floating_point_1_floating_point_v7_1_21_viv |        241 |        229 |       0 |   12 |   460 |      0 |      0 |    0 |          2 |
|             need_combiner.use_2to1.skid_buffer_combiner |                    floating_point_1_axi_slave_2to1 |         75 |         75 |       0 |    0 |   135 |      0 |      0 |    0 |          0 |
|             ADDSUB_OP.ADDSUB                            |                           floating_point_1_flt_add |        164 |        152 |       0 |   12 |   313 |      0 |      0 |    0 |          2 |
|               DSP.OP                                    |                       floating_point_1_flt_add_dsp |        164 |        152 |       0 |   12 |   313 |      0 |      0 |    0 |          2 |
|                 DSP48E1_BODY.ALIGN_ADD                  |             floating_point_1_align_add_dsp48e1_sgl |         13 |         12 |       0 |    1 |    73 |      0 |      0 |    0 |          1 |
|                 DSP48E1_BODY.EXP                        |                    floating_point_1_flt_add_exp_sp |         69 |         58 |       0 |   11 |    92 |      0 |      0 |    0 |          0 |
|                 DSP48E1_BODY.NORM_RND                   |        floating_point_1_norm_and_round_dsp48e1_sgl |         36 |         36 |       0 |    0 |    70 |      0 |      0 |    0 |          1 |
|     GEN_PV_LANE[0].u_mul                                |                             fp32_mul_ip__xdcDup__1 |        154 |        139 |       0 |   15 |   315 |      0 |      0 |    0 |          2 |
|       GEN_MUL0.u_fp_mul                                 |                                   floating_point_0 |        154 |        139 |       0 |   15 |   315 |      0 |      0 |    0 |          2 |
|         U0                                              |            floating_point_0_floating_point_v7_1_21 |        154 |        139 |       0 |   15 |   315 |      0 |      0 |    0 |          2 |
|           i_synth                                       |        floating_point_0_floating_point_v7_1_21_viv |        154 |        139 |       0 |   15 |   315 |      0 |      0 |    0 |          2 |
|             need_combiner.use_2to1.skid_buffer_combiner |                    floating_point_0_axi_slave_2to1 |         59 |         59 |       0 |    0 |   135 |      0 |      0 |    0 |          0 |
|             MULT.OP                                     |                          floating_point_0_flt_mult |         93 |         78 |       0 |   15 |   171 |      0 |      0 |    0 |          2 |
|               i_non_prim.EXP                            |                      floating_point_0_flt_mult_exp |         55 |         48 |       0 |    7 |    48 |      0 |      0 |    0 |          0 |
|               i_non_prim.R_AND_R                        |                    floating_point_0_flt_mult_round |         22 |         14 |       0 |    8 |    62 |      0 |      0 |    0 |          0 |
|                 LOGIC.R_AND_R                           |            floating_point_0_renorm_and_round_logic |         22 |         14 |       0 |    8 |    62 |      0 |      0 |    0 |          0 |
|     GEN_PV_LANE[10].u_add                               |                            fp32_add_ip__xdcDup__11 |        241 |        229 |       0 |   12 |   460 |      0 |      0 |    0 |          2 |
|       u_fp_add                                          |                            floating_point_1_HD3466 |        241 |        229 |       0 |   12 |   460 |      0 |      0 |    0 |          2 |
|         U0                                              |     floating_point_1_floating_point_v7_1_21_HD3467 |        241 |        229 |       0 |   12 |   460 |      0 |      0 |    0 |          2 |
|           i_synth                                       | floating_point_1_floating_point_v7_1_21_viv_HD3468 |        241 |        229 |       0 |   12 |   460 |      0 |      0 |    0 |          2 |
|             need_combiner.use_2to1.skid_buffer_combiner |             floating_point_1_axi_slave_2to1_HD3571 |         75 |         75 |       0 |    0 |   135 |      0 |      0 |    0 |          0 |
|             ADDSUB_OP.ADDSUB                            |                    floating_point_1_flt_add_HD3469 |        164 |        152 |       0 |   12 |   313 |      0 |      0 |    0 |          2 |
|               DSP.OP                                    |                floating_point_1_flt_add_dsp_HD3470 |        164 |        152 |       0 |   12 |   313 |      0 |      0 |    0 |          2 |
|                 DSP48E1_BODY.ALIGN_ADD                  |      floating_point_1_align_add_dsp48e1_sgl_HD3475 |         13 |         12 |       0 |    1 |    73 |      0 |      0 |    0 |          1 |
|                 DSP48E1_BODY.EXP                        |             floating_point_1_flt_add_exp_sp_HD3494 |         69 |         58 |       0 |   11 |    92 |      0 |      0 |    0 |          0 |
|                 DSP48E1_BODY.NORM_RND                   | floating_point_1_norm_and_round_dsp48e1_sgl_HD3548 |         36 |         36 |       0 |    0 |    70 |      0 |      0 |    0 |          1 |
|     GEN_PV_LANE[10].u_mul                               |                            fp32_mul_ip__xdcDup__11 |        154 |        139 |       0 |   15 |   315 |      0 |      0 |    0 |          2 |
|       GEN_MUL0.u_fp_mul                                 |                             floating_point_0_HD831 |        154 |        139 |       0 |   15 |   315 |      0 |      0 |    0 |          2 |
|         U0                                              |      floating_point_0_floating_point_v7_1_21_HD832 |        154 |        139 |       0 |   15 |   315 |      0 |      0 |    0 |          2 |
|           i_synth                                       |  floating_point_0_floating_point_v7_1_21_viv_HD833 |        154 |        139 |       0 |   15 |   315 |      0 |      0 |    0 |          2 |
|             need_combiner.use_2to1.skid_buffer_combiner |              floating_point_0_axi_slave_2to1_HD905 |         59 |         59 |       0 |    0 |   135 |      0 |      0 |    0 |          0 |
|             MULT.OP                                     |                    floating_point_0_flt_mult_HD834 |         93 |         78 |       0 |   15 |   171 |      0 |      0 |    0 |          2 |
|               i_non_prim.EXP                            |                floating_point_0_flt_mult_exp_HD835 |         55 |         48 |       0 |    7 |    48 |      0 |      0 |    0 |          0 |
|               i_non_prim.R_AND_R                        |              floating_point_0_flt_mult_round_HD883 |         22 |         14 |       0 |    8 |    62 |      0 |      0 |    0 |          0 |
|                 LOGIC.R_AND_R                           |      floating_point_0_renorm_and_round_logic_HD884 |         22 |         14 |       0 |    8 |    62 |      0 |      0 |    0 |          0 |
|     GEN_PV_LANE[11].u_add                               |                            fp32_add_ip__xdcDup__12 |        241 |        229 |       0 |   12 |   460 |      0 |      0 |    0 |          2 |
|       u_fp_add                                          |                            floating_point_1_HD3572 |        241 |        229 |       0 |   12 |   460 |      0 |      0 |    0 |          2 |
|         U0                                              |     floating_point_1_floating_point_v7_1_21_HD3573 |        241 |        229 |       0 |   12 |   460 |      0 |      0 |    0 |          2 |
|           i_synth                                       | floating_point_1_floating_point_v7_1_21_viv_HD3574 |        241 |        229 |       0 |   12 |   460 |      0 |      0 |    0 |          2 |
|             need_combiner.use_2to1.skid_buffer_combiner |             floating_point_1_axi_slave_2to1_HD3677 |         75 |         75 |       0 |    0 |   135 |      0 |      0 |    0 |          0 |
|             ADDSUB_OP.ADDSUB                            |                    floating_point_1_flt_add_HD3575 |        164 |        152 |       0 |   12 |   313 |      0 |      0 |    0 |          2 |
|               DSP.OP                                    |                floating_point_1_flt_add_dsp_HD3576 |        164 |        152 |       0 |   12 |   313 |      0 |      0 |    0 |          2 |
|                 DSP48E1_BODY.ALIGN_ADD                  |      floating_point_1_align_add_dsp48e1_sgl_HD3581 |         13 |         12 |       0 |    1 |    73 |      0 |      0 |    0 |          1 |
|                 DSP48E1_BODY.EXP                        |             floating_point_1_flt_add_exp_sp_HD3600 |         69 |         58 |       0 |   11 |    92 |      0 |      0 |    0 |          0 |
|                 DSP48E1_BODY.NORM_RND                   | floating_point_1_norm_and_round_dsp48e1_sgl_HD3654 |         36 |         36 |       0 |    0 |    70 |      0 |      0 |    0 |          1 |
|     GEN_PV_LANE[11].u_mul                               |                            fp32_mul_ip__xdcDup__12 |        154 |        139 |       0 |   15 |   315 |      0 |      0 |    0 |          2 |
|       GEN_MUL0.u_fp_mul                                 |                             floating_point_0_HD906 |        154 |        139 |       0 |   15 |   315 |      0 |      0 |    0 |          2 |
|         U0                                              |      floating_point_0_floating_point_v7_1_21_HD907 |        154 |        139 |       0 |   15 |   315 |      0 |      0 |    0 |          2 |
|           i_synth                                       |  floating_point_0_floating_point_v7_1_21_viv_HD908 |        154 |        139 |       0 |   15 |   315 |      0 |      0 |    0 |          2 |
|             need_combiner.use_2to1.skid_buffer_combiner |              floating_point_0_axi_slave_2to1_HD980 |         59 |         59 |       0 |    0 |   135 |      0 |      0 |    0 |          0 |
|             MULT.OP                                     |                    floating_point_0_flt_mult_HD909 |         93 |         78 |       0 |   15 |   171 |      0 |      0 |    0 |          2 |
|               i_non_prim.EXP                            |                floating_point_0_flt_mult_exp_HD910 |         55 |         48 |       0 |    7 |    48 |      0 |      0 |    0 |          0 |
|               i_non_prim.R_AND_R                        |              floating_point_0_flt_mult_round_HD958 |         22 |         14 |       0 |    8 |    62 |      0 |      0 |    0 |          0 |
|                 LOGIC.R_AND_R                           |      floating_point_0_renorm_and_round_logic_HD959 |         22 |         14 |       0 |    8 |    62 |      0 |      0 |    0 |          0 |
|     GEN_PV_LANE[12].u_add                               |                            fp32_add_ip__xdcDup__13 |        241 |        229 |       0 |   12 |   460 |      0 |      0 |    0 |          2 |
|       u_fp_add                                          |                            floating_point_1_HD3678 |        241 |        229 |       0 |   12 |   460 |      0 |      0 |    0 |          2 |
|         U0                                              |     floating_point_1_floating_point_v7_1_21_HD3679 |        241 |        229 |       0 |   12 |   460 |      0 |      0 |    0 |          2 |
|           i_synth                                       | floating_point_1_floating_point_v7_1_21_viv_HD3680 |        241 |        229 |       0 |   12 |   460 |      0 |      0 |    0 |          2 |
|             need_combiner.use_2to1.skid_buffer_combiner |             floating_point_1_axi_slave_2to1_HD3783 |         75 |         75 |       0 |    0 |   135 |      0 |      0 |    0 |          0 |
|             ADDSUB_OP.ADDSUB                            |                    floating_point_1_flt_add_HD3681 |        164 |        152 |       0 |   12 |   313 |      0 |      0 |    0 |          2 |
|               DSP.OP                                    |                floating_point_1_flt_add_dsp_HD3682 |        164 |        152 |       0 |   12 |   313 |      0 |      0 |    0 |          2 |
|                 DSP48E1_BODY.ALIGN_ADD                  |      floating_point_1_align_add_dsp48e1_sgl_HD3687 |         13 |         12 |       0 |    1 |    73 |      0 |      0 |    0 |          1 |
|                 DSP48E1_BODY.EXP                        |             floating_point_1_flt_add_exp_sp_HD3706 |         69 |         58 |       0 |   11 |    92 |      0 |      0 |    0 |          0 |
|                 DSP48E1_BODY.NORM_RND                   | floating_point_1_norm_and_round_dsp48e1_sgl_HD3760 |         36 |         36 |       0 |    0 |    70 |      0 |      0 |    0 |          1 |
|     GEN_PV_LANE[12].u_mul                               |                            fp32_mul_ip__xdcDup__13 |        154 |        139 |       0 |   15 |   315 |      0 |      0 |    0 |          2 |
|       GEN_MUL0.u_fp_mul                                 |                             floating_point_0_HD981 |        154 |        139 |       0 |   15 |   315 |      0 |      0 |    0 |          2 |
|         U0                                              |      floating_point_0_floating_point_v7_1_21_HD982 |        154 |        139 |       0 |   15 |   315 |      0 |      0 |    0 |          2 |
|           i_synth                                       |  floating_point_0_floating_point_v7_1_21_viv_HD983 |        154 |        139 |       0 |   15 |   315 |      0 |      0 |    0 |          2 |
|             need_combiner.use_2to1.skid_buffer_combiner |             floating_point_0_axi_slave_2to1_HD1055 |         59 |         59 |       0 |    0 |   135 |      0 |      0 |    0 |          0 |
|             MULT.OP                                     |                    floating_point_0_flt_mult_HD984 |         93 |         78 |       0 |   15 |   171 |      0 |      0 |    0 |          2 |
|               i_non_prim.EXP                            |                floating_point_0_flt_mult_exp_HD985 |         55 |         48 |       0 |    7 |    48 |      0 |      0 |    0 |          0 |
|               i_non_prim.R_AND_R                        |             floating_point_0_flt_mult_round_HD1033 |         22 |         14 |       0 |    8 |    62 |      0 |      0 |    0 |          0 |
|                 LOGIC.R_AND_R                           |     floating_point_0_renorm_and_round_logic_HD1034 |         22 |         14 |       0 |    8 |    62 |      0 |      0 |    0 |          0 |
|     GEN_PV_LANE[13].u_add                               |                            fp32_add_ip__xdcDup__14 |        241 |        229 |       0 |   12 |   460 |      0 |      0 |    0 |          2 |
|       u_fp_add                                          |                            floating_point_1_HD3784 |        241 |        229 |       0 |   12 |   460 |      0 |      0 |    0 |          2 |
|         U0                                              |     floating_point_1_floating_point_v7_1_21_HD3785 |        241 |        229 |       0 |   12 |   460 |      0 |      0 |    0 |          2 |
|           i_synth                                       | floating_point_1_floating_point_v7_1_21_viv_HD3786 |        241 |        229 |       0 |   12 |   460 |      0 |      0 |    0 |          2 |
|             need_combiner.use_2to1.skid_buffer_combiner |             floating_point_1_axi_slave_2to1_HD3889 |         75 |         75 |       0 |    0 |   135 |      0 |      0 |    0 |          0 |
|             ADDSUB_OP.ADDSUB                            |                    floating_point_1_flt_add_HD3787 |        164 |        152 |       0 |   12 |   313 |      0 |      0 |    0 |          2 |
|               DSP.OP                                    |                floating_point_1_flt_add_dsp_HD3788 |        164 |        152 |       0 |   12 |   313 |      0 |      0 |    0 |          2 |
|                 DSP48E1_BODY.ALIGN_ADD                  |      floating_point_1_align_add_dsp48e1_sgl_HD3793 |         13 |         12 |       0 |    1 |    73 |      0 |      0 |    0 |          1 |
|                 DSP48E1_BODY.EXP                        |             floating_point_1_flt_add_exp_sp_HD3812 |         69 |         58 |       0 |   11 |    92 |      0 |      0 |    0 |          0 |
|                 DSP48E1_BODY.NORM_RND                   | floating_point_1_norm_and_round_dsp48e1_sgl_HD3866 |         36 |         36 |       0 |    0 |    70 |      0 |      0 |    0 |          1 |
|     GEN_PV_LANE[13].u_mul                               |                            fp32_mul_ip__xdcDup__14 |        154 |        139 |       0 |   15 |   315 |      0 |      0 |    0 |          2 |
|       GEN_MUL0.u_fp_mul                                 |                            floating_point_0_HD1056 |        154 |        139 |       0 |   15 |   315 |      0 |      0 |    0 |          2 |
|         U0                                              |     floating_point_0_floating_point_v7_1_21_HD1057 |        154 |        139 |       0 |   15 |   315 |      0 |      0 |    0 |          2 |
|           i_synth                                       | floating_point_0_floating_point_v7_1_21_viv_HD1058 |        154 |        139 |       0 |   15 |   315 |      0 |      0 |    0 |          2 |
|             need_combiner.use_2to1.skid_buffer_combiner |             floating_point_0_axi_slave_2to1_HD1130 |         59 |         59 |       0 |    0 |   135 |      0 |      0 |    0 |          0 |
|             MULT.OP                                     |                   floating_point_0_flt_mult_HD1059 |         93 |         78 |       0 |   15 |   171 |      0 |      0 |    0 |          2 |
|               i_non_prim.EXP                            |               floating_point_0_flt_mult_exp_HD1060 |         55 |         48 |       0 |    7 |    48 |      0 |      0 |    0 |          0 |
|               i_non_prim.R_AND_R                        |             floating_point_0_flt_mult_round_HD1108 |         22 |         14 |       0 |    8 |    62 |      0 |      0 |    0 |          0 |
|                 LOGIC.R_AND_R                           |     floating_point_0_renorm_and_round_logic_HD1109 |         22 |         14 |       0 |    8 |    62 |      0 |      0 |    0 |          0 |
|     GEN_PV_LANE[14].u_add                               |                            fp32_add_ip__xdcDup__15 |        241 |        229 |       0 |   12 |   460 |      0 |      0 |    0 |          2 |
|       u_fp_add                                          |                            floating_point_1_HD3890 |        241 |        229 |       0 |   12 |   460 |      0 |      0 |    0 |          2 |
|         U0                                              |     floating_point_1_floating_point_v7_1_21_HD3891 |        241 |        229 |       0 |   12 |   460 |      0 |      0 |    0 |          2 |
|           i_synth                                       | floating_point_1_floating_point_v7_1_21_viv_HD3892 |        241 |        229 |       0 |   12 |   460 |      0 |      0 |    0 |          2 |
|             need_combiner.use_2to1.skid_buffer_combiner |             floating_point_1_axi_slave_2to1_HD3995 |         75 |         75 |       0 |    0 |   135 |      0 |      0 |    0 |          0 |
|             ADDSUB_OP.ADDSUB                            |                    floating_point_1_flt_add_HD3893 |        164 |        152 |       0 |   12 |   313 |      0 |      0 |    0 |          2 |
|               DSP.OP                                    |                floating_point_1_flt_add_dsp_HD3894 |        164 |        152 |       0 |   12 |   313 |      0 |      0 |    0 |          2 |
|                 DSP48E1_BODY.ALIGN_ADD                  |      floating_point_1_align_add_dsp48e1_sgl_HD3899 |         13 |         12 |       0 |    1 |    73 |      0 |      0 |    0 |          1 |
|                 DSP48E1_BODY.EXP                        |             floating_point_1_flt_add_exp_sp_HD3918 |         69 |         58 |       0 |   11 |    92 |      0 |      0 |    0 |          0 |
|                 DSP48E1_BODY.NORM_RND                   | floating_point_1_norm_and_round_dsp48e1_sgl_HD3972 |         36 |         36 |       0 |    0 |    70 |      0 |      0 |    0 |          1 |
|     GEN_PV_LANE[14].u_mul                               |                            fp32_mul_ip__xdcDup__15 |        154 |        139 |       0 |   15 |   315 |      0 |      0 |    0 |          2 |
|       GEN_MUL0.u_fp_mul                                 |                            floating_point_0_HD1131 |        154 |        139 |       0 |   15 |   315 |      0 |      0 |    0 |          2 |
|         U0                                              |     floating_point_0_floating_point_v7_1_21_HD1132 |        154 |        139 |       0 |   15 |   315 |      0 |      0 |    0 |          2 |
|           i_synth                                       | floating_point_0_floating_point_v7_1_21_viv_HD1133 |        154 |        139 |       0 |   15 |   315 |      0 |      0 |    0 |          2 |
|             need_combiner.use_2to1.skid_buffer_combiner |             floating_point_0_axi_slave_2to1_HD1205 |         59 |         59 |       0 |    0 |   135 |      0 |      0 |    0 |          0 |
|             MULT.OP                                     |                   floating_point_0_flt_mult_HD1134 |         93 |         78 |       0 |   15 |   171 |      0 |      0 |    0 |          2 |
|               i_non_prim.EXP                            |               floating_point_0_flt_mult_exp_HD1135 |         55 |         48 |       0 |    7 |    48 |      0 |      0 |    0 |          0 |
|               i_non_prim.R_AND_R                        |             floating_point_0_flt_mult_round_HD1183 |         22 |         14 |       0 |    8 |    62 |      0 |      0 |    0 |          0 |
|                 LOGIC.R_AND_R                           |     floating_point_0_renorm_and_round_logic_HD1184 |         22 |         14 |       0 |    8 |    62 |      0 |      0 |    0 |          0 |
|     GEN_PV_LANE[15].u_add                               |                            fp32_add_ip__xdcDup__16 |        241 |        229 |       0 |   12 |   460 |      0 |      0 |    0 |          2 |
|       u_fp_add                                          |                            floating_point_1_HD3996 |        241 |        229 |       0 |   12 |   460 |      0 |      0 |    0 |          2 |
|         U0                                              |     floating_point_1_floating_point_v7_1_21_HD3997 |        241 |        229 |       0 |   12 |   460 |      0 |      0 |    0 |          2 |
|           i_synth                                       | floating_point_1_floating_point_v7_1_21_viv_HD3998 |        241 |        229 |       0 |   12 |   460 |      0 |      0 |    0 |          2 |
|             need_combiner.use_2to1.skid_buffer_combiner |             floating_point_1_axi_slave_2to1_HD4101 |         75 |         75 |       0 |    0 |   135 |      0 |      0 |    0 |          0 |
|             ADDSUB_OP.ADDSUB                            |                    floating_point_1_flt_add_HD3999 |        164 |        152 |       0 |   12 |   313 |      0 |      0 |    0 |          2 |
|               DSP.OP                                    |                floating_point_1_flt_add_dsp_HD4000 |        164 |        152 |       0 |   12 |   313 |      0 |      0 |    0 |          2 |
|                 DSP48E1_BODY.ALIGN_ADD                  |      floating_point_1_align_add_dsp48e1_sgl_HD4005 |         13 |         12 |       0 |    1 |    73 |      0 |      0 |    0 |          1 |
|                 DSP48E1_BODY.EXP                        |             floating_point_1_flt_add_exp_sp_HD4024 |         69 |         58 |       0 |   11 |    92 |      0 |      0 |    0 |          0 |
|                 DSP48E1_BODY.NORM_RND                   | floating_point_1_norm_and_round_dsp48e1_sgl_HD4078 |         36 |         36 |       0 |    0 |    70 |      0 |      0 |    0 |          1 |
|     GEN_PV_LANE[15].u_mul                               |                            fp32_mul_ip__xdcDup__16 |        154 |        139 |       0 |   15 |   315 |      0 |      0 |    0 |          2 |
|       GEN_MUL0.u_fp_mul                                 |                            floating_point_0_HD1206 |        154 |        139 |       0 |   15 |   315 |      0 |      0 |    0 |          2 |
|         U0                                              |     floating_point_0_floating_point_v7_1_21_HD1207 |        154 |        139 |       0 |   15 |   315 |      0 |      0 |    0 |          2 |
|           i_synth                                       | floating_point_0_floating_point_v7_1_21_viv_HD1208 |        154 |        139 |       0 |   15 |   315 |      0 |      0 |    0 |          2 |
|             need_combiner.use_2to1.skid_buffer_combiner |             floating_point_0_axi_slave_2to1_HD1280 |         59 |         59 |       0 |    0 |   135 |      0 |      0 |    0 |          0 |
|             MULT.OP                                     |                   floating_point_0_flt_mult_HD1209 |         93 |         78 |       0 |   15 |   171 |      0 |      0 |    0 |          2 |
|               i_non_prim.EXP                            |               floating_point_0_flt_mult_exp_HD1210 |         55 |         48 |       0 |    7 |    48 |      0 |      0 |    0 |          0 |
|               i_non_prim.R_AND_R                        |             floating_point_0_flt_mult_round_HD1258 |         22 |         14 |       0 |    8 |    62 |      0 |      0 |    0 |          0 |
|                 LOGIC.R_AND_R                           |     floating_point_0_renorm_and_round_logic_HD1259 |         22 |         14 |       0 |    8 |    62 |      0 |      0 |    0 |          0 |
|     GEN_PV_LANE[16].u_add                               |                            fp32_add_ip__xdcDup__17 |        241 |        229 |       0 |   12 |   460 |      0 |      0 |    0 |          2 |
|       u_fp_add                                          |                            floating_point_1_HD4102 |        241 |        229 |       0 |   12 |   460 |      0 |      0 |    0 |          2 |
|         U0                                              |     floating_point_1_floating_point_v7_1_21_HD4103 |        241 |        229 |       0 |   12 |   460 |      0 |      0 |    0 |          2 |
|           i_synth                                       | floating_point_1_floating_point_v7_1_21_viv_HD4104 |        241 |        229 |       0 |   12 |   460 |      0 |      0 |    0 |          2 |
|             need_combiner.use_2to1.skid_buffer_combiner |             floating_point_1_axi_slave_2to1_HD4207 |         75 |         75 |       0 |    0 |   135 |      0 |      0 |    0 |          0 |
|             ADDSUB_OP.ADDSUB                            |                    floating_point_1_flt_add_HD4105 |        164 |        152 |       0 |   12 |   313 |      0 |      0 |    0 |          2 |
|               DSP.OP                                    |                floating_point_1_flt_add_dsp_HD4106 |        164 |        152 |       0 |   12 |   313 |      0 |      0 |    0 |          2 |
|                 DSP48E1_BODY.ALIGN_ADD                  |      floating_point_1_align_add_dsp48e1_sgl_HD4111 |         13 |         12 |       0 |    1 |    73 |      0 |      0 |    0 |          1 |
|                 DSP48E1_BODY.EXP                        |             floating_point_1_flt_add_exp_sp_HD4130 |         69 |         58 |       0 |   11 |    92 |      0 |      0 |    0 |          0 |
|                 DSP48E1_BODY.NORM_RND                   | floating_point_1_norm_and_round_dsp48e1_sgl_HD4184 |         36 |         36 |       0 |    0 |    70 |      0 |      0 |    0 |          1 |
|     GEN_PV_LANE[16].u_mul                               |                            fp32_mul_ip__xdcDup__17 |        154 |        139 |       0 |   15 |   315 |      0 |      0 |    0 |          2 |
|       GEN_MUL0.u_fp_mul                                 |                            floating_point_0_HD1281 |        154 |        139 |       0 |   15 |   315 |      0 |      0 |    0 |          2 |
|         U0                                              |     floating_point_0_floating_point_v7_1_21_HD1282 |        154 |        139 |       0 |   15 |   315 |      0 |      0 |    0 |          2 |
|           i_synth                                       | floating_point_0_floating_point_v7_1_21_viv_HD1283 |        154 |        139 |       0 |   15 |   315 |      0 |      0 |    0 |          2 |
|             need_combiner.use_2to1.skid_buffer_combiner |             floating_point_0_axi_slave_2to1_HD1355 |         59 |         59 |       0 |    0 |   135 |      0 |      0 |    0 |          0 |
|             MULT.OP                                     |                   floating_point_0_flt_mult_HD1284 |         93 |         78 |       0 |   15 |   171 |      0 |      0 |    0 |          2 |
|               i_non_prim.EXP                            |               floating_point_0_flt_mult_exp_HD1285 |         55 |         48 |       0 |    7 |    48 |      0 |      0 |    0 |          0 |
|               i_non_prim.R_AND_R                        |             floating_point_0_flt_mult_round_HD1333 |         22 |         14 |       0 |    8 |    62 |      0 |      0 |    0 |          0 |
|                 LOGIC.R_AND_R                           |     floating_point_0_renorm_and_round_logic_HD1334 |         22 |         14 |       0 |    8 |    62 |      0 |      0 |    0 |          0 |
|     GEN_PV_LANE[17].u_add                               |                            fp32_add_ip__xdcDup__18 |        241 |        229 |       0 |   12 |   460 |      0 |      0 |    0 |          2 |
|       u_fp_add                                          |                            floating_point_1_HD4208 |        241 |        229 |       0 |   12 |   460 |      0 |      0 |    0 |          2 |
|         U0                                              |     floating_point_1_floating_point_v7_1_21_HD4209 |        241 |        229 |       0 |   12 |   460 |      0 |      0 |    0 |          2 |
|           i_synth                                       | floating_point_1_floating_point_v7_1_21_viv_HD4210 |        241 |        229 |       0 |   12 |   460 |      0 |      0 |    0 |          2 |
|             need_combiner.use_2to1.skid_buffer_combiner |             floating_point_1_axi_slave_2to1_HD4313 |         75 |         75 |       0 |    0 |   135 |      0 |      0 |    0 |          0 |
|             ADDSUB_OP.ADDSUB                            |                    floating_point_1_flt_add_HD4211 |        164 |        152 |       0 |   12 |   313 |      0 |      0 |    0 |          2 |
|               DSP.OP                                    |                floating_point_1_flt_add_dsp_HD4212 |        164 |        152 |       0 |   12 |   313 |      0 |      0 |    0 |          2 |
|                 DSP48E1_BODY.ALIGN_ADD                  |      floating_point_1_align_add_dsp48e1_sgl_HD4217 |         13 |         12 |       0 |    1 |    73 |      0 |      0 |    0 |          1 |
|                 DSP48E1_BODY.EXP                        |             floating_point_1_flt_add_exp_sp_HD4236 |         69 |         58 |       0 |   11 |    92 |      0 |      0 |    0 |          0 |
|                 DSP48E1_BODY.NORM_RND                   | floating_point_1_norm_and_round_dsp48e1_sgl_HD4290 |         36 |         36 |       0 |    0 |    70 |      0 |      0 |    0 |          1 |
|     GEN_PV_LANE[17].u_mul                               |                            fp32_mul_ip__xdcDup__18 |        154 |        139 |       0 |   15 |   315 |      0 |      0 |    0 |          2 |
|       GEN_MUL0.u_fp_mul                                 |                            floating_point_0_HD1356 |        154 |        139 |       0 |   15 |   315 |      0 |      0 |    0 |          2 |
|         U0                                              |     floating_point_0_floating_point_v7_1_21_HD1357 |        154 |        139 |       0 |   15 |   315 |      0 |      0 |    0 |          2 |
|           i_synth                                       | floating_point_0_floating_point_v7_1_21_viv_HD1358 |        154 |        139 |       0 |   15 |   315 |      0 |      0 |    0 |          2 |
|             need_combiner.use_2to1.skid_buffer_combiner |             floating_point_0_axi_slave_2to1_HD1430 |         59 |         59 |       0 |    0 |   135 |      0 |      0 |    0 |          0 |
|             MULT.OP                                     |                   floating_point_0_flt_mult_HD1359 |         93 |         78 |       0 |   15 |   171 |      0 |      0 |    0 |          2 |
|               i_non_prim.EXP                            |               floating_point_0_flt_mult_exp_HD1360 |         55 |         48 |       0 |    7 |    48 |      0 |      0 |    0 |          0 |
|               i_non_prim.R_AND_R                        |             floating_point_0_flt_mult_round_HD1408 |         22 |         14 |       0 |    8 |    62 |      0 |      0 |    0 |          0 |
|                 LOGIC.R_AND_R                           |     floating_point_0_renorm_and_round_logic_HD1409 |         22 |         14 |       0 |    8 |    62 |      0 |      0 |    0 |          0 |
|     GEN_PV_LANE[18].u_add                               |                            fp32_add_ip__xdcDup__19 |        241 |        229 |       0 |   12 |   460 |      0 |      0 |    0 |          2 |
|       u_fp_add                                          |                            floating_point_1_HD4314 |        241 |        229 |       0 |   12 |   460 |      0 |      0 |    0 |          2 |
|         U0                                              |     floating_point_1_floating_point_v7_1_21_HD4315 |        241 |        229 |       0 |   12 |   460 |      0 |      0 |    0 |          2 |
|           i_synth                                       | floating_point_1_floating_point_v7_1_21_viv_HD4316 |        241 |        229 |       0 |   12 |   460 |      0 |      0 |    0 |          2 |
|             need_combiner.use_2to1.skid_buffer_combiner |             floating_point_1_axi_slave_2to1_HD4419 |         75 |         75 |       0 |    0 |   135 |      0 |      0 |    0 |          0 |
|             ADDSUB_OP.ADDSUB                            |                    floating_point_1_flt_add_HD4317 |        164 |        152 |       0 |   12 |   313 |      0 |      0 |    0 |          2 |
|               DSP.OP                                    |                floating_point_1_flt_add_dsp_HD4318 |        164 |        152 |       0 |   12 |   313 |      0 |      0 |    0 |          2 |
|                 DSP48E1_BODY.ALIGN_ADD                  |      floating_point_1_align_add_dsp48e1_sgl_HD4323 |         13 |         12 |       0 |    1 |    73 |      0 |      0 |    0 |          1 |
|                 DSP48E1_BODY.EXP                        |             floating_point_1_flt_add_exp_sp_HD4342 |         69 |         58 |       0 |   11 |    92 |      0 |      0 |    0 |          0 |
|                 DSP48E1_BODY.NORM_RND                   | floating_point_1_norm_and_round_dsp48e1_sgl_HD4396 |         36 |         36 |       0 |    0 |    70 |      0 |      0 |    0 |          1 |
|     GEN_PV_LANE[18].u_mul                               |                            fp32_mul_ip__xdcDup__19 |        154 |        139 |       0 |   15 |   315 |      0 |      0 |    0 |          2 |
|       GEN_MUL0.u_fp_mul                                 |                            floating_point_0_HD1431 |        154 |        139 |       0 |   15 |   315 |      0 |      0 |    0 |          2 |
|         U0                                              |     floating_point_0_floating_point_v7_1_21_HD1432 |        154 |        139 |       0 |   15 |   315 |      0 |      0 |    0 |          2 |
|           i_synth                                       | floating_point_0_floating_point_v7_1_21_viv_HD1433 |        154 |        139 |       0 |   15 |   315 |      0 |      0 |    0 |          2 |
|             need_combiner.use_2to1.skid_buffer_combiner |             floating_point_0_axi_slave_2to1_HD1505 |         59 |         59 |       0 |    0 |   135 |      0 |      0 |    0 |          0 |
|             MULT.OP                                     |                   floating_point_0_flt_mult_HD1434 |         93 |         78 |       0 |   15 |   171 |      0 |      0 |    0 |          2 |
|               i_non_prim.EXP                            |               floating_point_0_flt_mult_exp_HD1435 |         55 |         48 |       0 |    7 |    48 |      0 |      0 |    0 |          0 |
|               i_non_prim.R_AND_R                        |             floating_point_0_flt_mult_round_HD1483 |         22 |         14 |       0 |    8 |    62 |      0 |      0 |    0 |          0 |
|                 LOGIC.R_AND_R                           |     floating_point_0_renorm_and_round_logic_HD1484 |         22 |         14 |       0 |    8 |    62 |      0 |      0 |    0 |          0 |
|     GEN_PV_LANE[19].u_add                               |                            fp32_add_ip__xdcDup__20 |        241 |        229 |       0 |   12 |   460 |      0 |      0 |    0 |          2 |
|       u_fp_add                                          |                            floating_point_1_HD4420 |        241 |        229 |       0 |   12 |   460 |      0 |      0 |    0 |          2 |
|         U0                                              |     floating_point_1_floating_point_v7_1_21_HD4421 |        241 |        229 |       0 |   12 |   460 |      0 |      0 |    0 |          2 |
|           i_synth                                       | floating_point_1_floating_point_v7_1_21_viv_HD4422 |        241 |        229 |       0 |   12 |   460 |      0 |      0 |    0 |          2 |
|             need_combiner.use_2to1.skid_buffer_combiner |             floating_point_1_axi_slave_2to1_HD4525 |         75 |         75 |       0 |    0 |   135 |      0 |      0 |    0 |          0 |
|             ADDSUB_OP.ADDSUB                            |                    floating_point_1_flt_add_HD4423 |        164 |        152 |       0 |   12 |   313 |      0 |      0 |    0 |          2 |
|               DSP.OP                                    |                floating_point_1_flt_add_dsp_HD4424 |        164 |        152 |       0 |   12 |   313 |      0 |      0 |    0 |          2 |
|                 DSP48E1_BODY.ALIGN_ADD                  |      floating_point_1_align_add_dsp48e1_sgl_HD4429 |         13 |         12 |       0 |    1 |    73 |      0 |      0 |    0 |          1 |
|                 DSP48E1_BODY.EXP                        |             floating_point_1_flt_add_exp_sp_HD4448 |         69 |         58 |       0 |   11 |    92 |      0 |      0 |    0 |          0 |
|                 DSP48E1_BODY.NORM_RND                   | floating_point_1_norm_and_round_dsp48e1_sgl_HD4502 |         36 |         36 |       0 |    0 |    70 |      0 |      0 |    0 |          1 |
|     GEN_PV_LANE[19].u_mul                               |                            fp32_mul_ip__xdcDup__20 |        154 |        139 |       0 |   15 |   315 |      0 |      0 |    0 |          2 |
|       GEN_MUL0.u_fp_mul                                 |                            floating_point_0_HD1506 |        154 |        139 |       0 |   15 |   315 |      0 |      0 |    0 |          2 |
|         U0                                              |     floating_point_0_floating_point_v7_1_21_HD1507 |        154 |        139 |       0 |   15 |   315 |      0 |      0 |    0 |          2 |
|           i_synth                                       | floating_point_0_floating_point_v7_1_21_viv_HD1508 |        154 |        139 |       0 |   15 |   315 |      0 |      0 |    0 |          2 |
|             need_combiner.use_2to1.skid_buffer_combiner |             floating_point_0_axi_slave_2to1_HD1580 |         59 |         59 |       0 |    0 |   135 |      0 |      0 |    0 |          0 |
|             MULT.OP                                     |                   floating_point_0_flt_mult_HD1509 |         93 |         78 |       0 |   15 |   171 |      0 |      0 |    0 |          2 |
|               i_non_prim.EXP                            |               floating_point_0_flt_mult_exp_HD1510 |         55 |         48 |       0 |    7 |    48 |      0 |      0 |    0 |          0 |
|               i_non_prim.R_AND_R                        |             floating_point_0_flt_mult_round_HD1558 |         22 |         14 |       0 |    8 |    62 |      0 |      0 |    0 |          0 |
|                 LOGIC.R_AND_R                           |     floating_point_0_renorm_and_round_logic_HD1559 |         22 |         14 |       0 |    8 |    62 |      0 |      0 |    0 |          0 |
|     GEN_PV_LANE[1].u_add                                |                             fp32_add_ip__xdcDup__2 |        241 |        229 |       0 |   12 |   460 |      0 |      0 |    0 |          2 |
|       u_fp_add                                          |                            floating_point_1_HD2512 |        241 |        229 |       0 |   12 |   460 |      0 |      0 |    0 |          2 |
|         U0                                              |     floating_point_1_floating_point_v7_1_21_HD2513 |        241 |        229 |       0 |   12 |   460 |      0 |      0 |    0 |          2 |
|           i_synth                                       | floating_point_1_floating_point_v7_1_21_viv_HD2514 |        241 |        229 |       0 |   12 |   460 |      0 |      0 |    0 |          2 |
|             need_combiner.use_2to1.skid_buffer_combiner |             floating_point_1_axi_slave_2to1_HD2617 |         75 |         75 |       0 |    0 |   135 |      0 |      0 |    0 |          0 |
|             ADDSUB_OP.ADDSUB                            |                    floating_point_1_flt_add_HD2515 |        164 |        152 |       0 |   12 |   313 |      0 |      0 |    0 |          2 |
|               DSP.OP                                    |                floating_point_1_flt_add_dsp_HD2516 |        164 |        152 |       0 |   12 |   313 |      0 |      0 |    0 |          2 |
|                 DSP48E1_BODY.ALIGN_ADD                  |      floating_point_1_align_add_dsp48e1_sgl_HD2521 |         13 |         12 |       0 |    1 |    73 |      0 |      0 |    0 |          1 |
|                 DSP48E1_BODY.EXP                        |             floating_point_1_flt_add_exp_sp_HD2540 |         69 |         58 |       0 |   11 |    92 |      0 |      0 |    0 |          0 |
|                 DSP48E1_BODY.NORM_RND                   | floating_point_1_norm_and_round_dsp48e1_sgl_HD2594 |         36 |         36 |       0 |    0 |    70 |      0 |      0 |    0 |          1 |
|     GEN_PV_LANE[1].u_mul                                |                             fp32_mul_ip__xdcDup__2 |        154 |        139 |       0 |   15 |   315 |      0 |      0 |    0 |          2 |
|       GEN_MUL0.u_fp_mul                                 |                             floating_point_0_HD156 |        154 |        139 |       0 |   15 |   315 |      0 |      0 |    0 |          2 |
|         U0                                              |      floating_point_0_floating_point_v7_1_21_HD157 |        154 |        139 |       0 |   15 |   315 |      0 |      0 |    0 |          2 |
|           i_synth                                       |  floating_point_0_floating_point_v7_1_21_viv_HD158 |        154 |        139 |       0 |   15 |   315 |      0 |      0 |    0 |          2 |
|             need_combiner.use_2to1.skid_buffer_combiner |              floating_point_0_axi_slave_2to1_HD230 |         59 |         59 |       0 |    0 |   135 |      0 |      0 |    0 |          0 |
|             MULT.OP                                     |                    floating_point_0_flt_mult_HD159 |         93 |         78 |       0 |   15 |   171 |      0 |      0 |    0 |          2 |
|               i_non_prim.EXP                            |                floating_point_0_flt_mult_exp_HD160 |         55 |         48 |       0 |    7 |    48 |      0 |      0 |    0 |          0 |
|               i_non_prim.R_AND_R                        |              floating_point_0_flt_mult_round_HD208 |         22 |         14 |       0 |    8 |    62 |      0 |      0 |    0 |          0 |
|                 LOGIC.R_AND_R                           |      floating_point_0_renorm_and_round_logic_HD209 |         22 |         14 |       0 |    8 |    62 |      0 |      0 |    0 |          0 |
|     GEN_PV_LANE[20].u_add                               |                            fp32_add_ip__xdcDup__21 |        241 |        229 |       0 |   12 |   460 |      0 |      0 |    0 |          2 |
|       u_fp_add                                          |                            floating_point_1_HD4526 |        241 |        229 |       0 |   12 |   460 |      0 |      0 |    0 |          2 |
|         U0                                              |     floating_point_1_floating_point_v7_1_21_HD4527 |        241 |        229 |       0 |   12 |   460 |      0 |      0 |    0 |          2 |
|           i_synth                                       | floating_point_1_floating_point_v7_1_21_viv_HD4528 |        241 |        229 |       0 |   12 |   460 |      0 |      0 |    0 |          2 |
|             need_combiner.use_2to1.skid_buffer_combiner |             floating_point_1_axi_slave_2to1_HD4631 |         75 |         75 |       0 |    0 |   135 |      0 |      0 |    0 |          0 |
|             ADDSUB_OP.ADDSUB                            |                    floating_point_1_flt_add_HD4529 |        164 |        152 |       0 |   12 |   313 |      0 |      0 |    0 |          2 |
|               DSP.OP                                    |                floating_point_1_flt_add_dsp_HD4530 |        164 |        152 |       0 |   12 |   313 |      0 |      0 |    0 |          2 |
|                 DSP48E1_BODY.ALIGN_ADD                  |      floating_point_1_align_add_dsp48e1_sgl_HD4535 |         13 |         12 |       0 |    1 |    73 |      0 |      0 |    0 |          1 |
|                 DSP48E1_BODY.EXP                        |             floating_point_1_flt_add_exp_sp_HD4554 |         69 |         58 |       0 |   11 |    92 |      0 |      0 |    0 |          0 |
|                 DSP48E1_BODY.NORM_RND                   | floating_point_1_norm_and_round_dsp48e1_sgl_HD4608 |         36 |         36 |       0 |    0 |    70 |      0 |      0 |    0 |          1 |
|     GEN_PV_LANE[20].u_mul                               |                            fp32_mul_ip__xdcDup__21 |        154 |        139 |       0 |   15 |   315 |      0 |      0 |    0 |          2 |
|       GEN_MUL0.u_fp_mul                                 |                            floating_point_0_HD1581 |        154 |        139 |       0 |   15 |   315 |      0 |      0 |    0 |          2 |
|         U0                                              |     floating_point_0_floating_point_v7_1_21_HD1582 |        154 |        139 |       0 |   15 |   315 |      0 |      0 |    0 |          2 |
|           i_synth                                       | floating_point_0_floating_point_v7_1_21_viv_HD1583 |        154 |        139 |       0 |   15 |   315 |      0 |      0 |    0 |          2 |
|             need_combiner.use_2to1.skid_buffer_combiner |             floating_point_0_axi_slave_2to1_HD1655 |         59 |         59 |       0 |    0 |   135 |      0 |      0 |    0 |          0 |
|             MULT.OP                                     |                   floating_point_0_flt_mult_HD1584 |         93 |         78 |       0 |   15 |   171 |      0 |      0 |    0 |          2 |
|               i_non_prim.EXP                            |               floating_point_0_flt_mult_exp_HD1585 |         55 |         48 |       0 |    7 |    48 |      0 |      0 |    0 |          0 |
|               i_non_prim.R_AND_R                        |             floating_point_0_flt_mult_round_HD1633 |         22 |         14 |       0 |    8 |    62 |      0 |      0 |    0 |          0 |
|                 LOGIC.R_AND_R                           |     floating_point_0_renorm_and_round_logic_HD1634 |         22 |         14 |       0 |    8 |    62 |      0 |      0 |    0 |          0 |
|     GEN_PV_LANE[21].u_add                               |                            fp32_add_ip__xdcDup__22 |        241 |        229 |       0 |   12 |   460 |      0 |      0 |    0 |          2 |
|       u_fp_add                                          |                            floating_point_1_HD4632 |        241 |        229 |       0 |   12 |   460 |      0 |      0 |    0 |          2 |
|         U0                                              |     floating_point_1_floating_point_v7_1_21_HD4633 |        241 |        229 |       0 |   12 |   460 |      0 |      0 |    0 |          2 |
|           i_synth                                       | floating_point_1_floating_point_v7_1_21_viv_HD4634 |        241 |        229 |       0 |   12 |   460 |      0 |      0 |    0 |          2 |
|             need_combiner.use_2to1.skid_buffer_combiner |             floating_point_1_axi_slave_2to1_HD4737 |         75 |         75 |       0 |    0 |   135 |      0 |      0 |    0 |          0 |
|             ADDSUB_OP.ADDSUB                            |                    floating_point_1_flt_add_HD4635 |        164 |        152 |       0 |   12 |   313 |      0 |      0 |    0 |          2 |
|               DSP.OP                                    |                floating_point_1_flt_add_dsp_HD4636 |        164 |        152 |       0 |   12 |   313 |      0 |      0 |    0 |          2 |
|                 DSP48E1_BODY.ALIGN_ADD                  |      floating_point_1_align_add_dsp48e1_sgl_HD4641 |         13 |         12 |       0 |    1 |    73 |      0 |      0 |    0 |          1 |
|                 DSP48E1_BODY.EXP                        |             floating_point_1_flt_add_exp_sp_HD4660 |         69 |         58 |       0 |   11 |    92 |      0 |      0 |    0 |          0 |
|                 DSP48E1_BODY.NORM_RND                   | floating_point_1_norm_and_round_dsp48e1_sgl_HD4714 |         36 |         36 |       0 |    0 |    70 |      0 |      0 |    0 |          1 |
|     GEN_PV_LANE[21].u_mul                               |                            fp32_mul_ip__xdcDup__22 |        154 |        139 |       0 |   15 |   315 |      0 |      0 |    0 |          2 |
|       GEN_MUL0.u_fp_mul                                 |                            floating_point_0_HD1656 |        154 |        139 |       0 |   15 |   315 |      0 |      0 |    0 |          2 |
|         U0                                              |     floating_point_0_floating_point_v7_1_21_HD1657 |        154 |        139 |       0 |   15 |   315 |      0 |      0 |    0 |          2 |
|           i_synth                                       | floating_point_0_floating_point_v7_1_21_viv_HD1658 |        154 |        139 |       0 |   15 |   315 |      0 |      0 |    0 |          2 |
|             need_combiner.use_2to1.skid_buffer_combiner |             floating_point_0_axi_slave_2to1_HD1730 |         59 |         59 |       0 |    0 |   135 |      0 |      0 |    0 |          0 |
|             MULT.OP                                     |                   floating_point_0_flt_mult_HD1659 |         93 |         78 |       0 |   15 |   171 |      0 |      0 |    0 |          2 |
|               i_non_prim.EXP                            |               floating_point_0_flt_mult_exp_HD1660 |         55 |         48 |       0 |    7 |    48 |      0 |      0 |    0 |          0 |
|               i_non_prim.R_AND_R                        |             floating_point_0_flt_mult_round_HD1708 |         22 |         14 |       0 |    8 |    62 |      0 |      0 |    0 |          0 |
|                 LOGIC.R_AND_R                           |     floating_point_0_renorm_and_round_logic_HD1709 |         22 |         14 |       0 |    8 |    62 |      0 |      0 |    0 |          0 |
|     GEN_PV_LANE[22].u_add                               |                            fp32_add_ip__xdcDup__23 |        241 |        229 |       0 |   12 |   460 |      0 |      0 |    0 |          2 |
|       u_fp_add                                          |                            floating_point_1_HD4738 |        241 |        229 |       0 |   12 |   460 |      0 |      0 |    0 |          2 |
|         U0                                              |     floating_point_1_floating_point_v7_1_21_HD4739 |        241 |        229 |       0 |   12 |   460 |      0 |      0 |    0 |          2 |
|           i_synth                                       | floating_point_1_floating_point_v7_1_21_viv_HD4740 |        241 |        229 |       0 |   12 |   460 |      0 |      0 |    0 |          2 |
|             need_combiner.use_2to1.skid_buffer_combiner |             floating_point_1_axi_slave_2to1_HD4843 |         75 |         75 |       0 |    0 |   135 |      0 |      0 |    0 |          0 |
|             ADDSUB_OP.ADDSUB                            |                    floating_point_1_flt_add_HD4741 |        164 |        152 |       0 |   12 |   313 |      0 |      0 |    0 |          2 |
|               DSP.OP                                    |                floating_point_1_flt_add_dsp_HD4742 |        164 |        152 |       0 |   12 |   313 |      0 |      0 |    0 |          2 |
|                 DSP48E1_BODY.ALIGN_ADD                  |      floating_point_1_align_add_dsp48e1_sgl_HD4747 |         13 |         12 |       0 |    1 |    73 |      0 |      0 |    0 |          1 |
|                 DSP48E1_BODY.EXP                        |             floating_point_1_flt_add_exp_sp_HD4766 |         69 |         58 |       0 |   11 |    92 |      0 |      0 |    0 |          0 |
|                 DSP48E1_BODY.NORM_RND                   | floating_point_1_norm_and_round_dsp48e1_sgl_HD4820 |         36 |         36 |       0 |    0 |    70 |      0 |      0 |    0 |          1 |
|     GEN_PV_LANE[22].u_mul                               |                            fp32_mul_ip__xdcDup__23 |        154 |        139 |       0 |   15 |   315 |      0 |      0 |    0 |          2 |
|       GEN_MUL0.u_fp_mul                                 |                            floating_point_0_HD1731 |        154 |        139 |       0 |   15 |   315 |      0 |      0 |    0 |          2 |
|         U0                                              |     floating_point_0_floating_point_v7_1_21_HD1732 |        154 |        139 |       0 |   15 |   315 |      0 |      0 |    0 |          2 |
|           i_synth                                       | floating_point_0_floating_point_v7_1_21_viv_HD1733 |        154 |        139 |       0 |   15 |   315 |      0 |      0 |    0 |          2 |
|             need_combiner.use_2to1.skid_buffer_combiner |             floating_point_0_axi_slave_2to1_HD1805 |         59 |         59 |       0 |    0 |   135 |      0 |      0 |    0 |          0 |
|             MULT.OP                                     |                   floating_point_0_flt_mult_HD1734 |         93 |         78 |       0 |   15 |   171 |      0 |      0 |    0 |          2 |
|               i_non_prim.EXP                            |               floating_point_0_flt_mult_exp_HD1735 |         55 |         48 |       0 |    7 |    48 |      0 |      0 |    0 |          0 |
|               i_non_prim.R_AND_R                        |             floating_point_0_flt_mult_round_HD1783 |         22 |         14 |       0 |    8 |    62 |      0 |      0 |    0 |          0 |
|                 LOGIC.R_AND_R                           |     floating_point_0_renorm_and_round_logic_HD1784 |         22 |         14 |       0 |    8 |    62 |      0 |      0 |    0 |          0 |
|     GEN_PV_LANE[23].u_add                               |                            fp32_add_ip__xdcDup__24 |        241 |        229 |       0 |   12 |   460 |      0 |      0 |    0 |          2 |
|       u_fp_add                                          |                            floating_point_1_HD4844 |        241 |        229 |       0 |   12 |   460 |      0 |      0 |    0 |          2 |
|         U0                                              |     floating_point_1_floating_point_v7_1_21_HD4845 |        241 |        229 |       0 |   12 |   460 |      0 |      0 |    0 |          2 |
|           i_synth                                       | floating_point_1_floating_point_v7_1_21_viv_HD4846 |        241 |        229 |       0 |   12 |   460 |      0 |      0 |    0 |          2 |
|             need_combiner.use_2to1.skid_buffer_combiner |             floating_point_1_axi_slave_2to1_HD4949 |         75 |         75 |       0 |    0 |   135 |      0 |      0 |    0 |          0 |
|             ADDSUB_OP.ADDSUB                            |                    floating_point_1_flt_add_HD4847 |        164 |        152 |       0 |   12 |   313 |      0 |      0 |    0 |          2 |
|               DSP.OP                                    |                floating_point_1_flt_add_dsp_HD4848 |        164 |        152 |       0 |   12 |   313 |      0 |      0 |    0 |          2 |
|                 DSP48E1_BODY.ALIGN_ADD                  |      floating_point_1_align_add_dsp48e1_sgl_HD4853 |         13 |         12 |       0 |    1 |    73 |      0 |      0 |    0 |          1 |
|                 DSP48E1_BODY.EXP                        |             floating_point_1_flt_add_exp_sp_HD4872 |         69 |         58 |       0 |   11 |    92 |      0 |      0 |    0 |          0 |
|                 DSP48E1_BODY.NORM_RND                   | floating_point_1_norm_and_round_dsp48e1_sgl_HD4926 |         36 |         36 |       0 |    0 |    70 |      0 |      0 |    0 |          1 |
|     GEN_PV_LANE[23].u_mul                               |                            fp32_mul_ip__xdcDup__24 |        154 |        139 |       0 |   15 |   315 |      0 |      0 |    0 |          2 |
|       GEN_MUL0.u_fp_mul                                 |                            floating_point_0_HD1806 |        154 |        139 |       0 |   15 |   315 |      0 |      0 |    0 |          2 |
|         U0                                              |     floating_point_0_floating_point_v7_1_21_HD1807 |        154 |        139 |       0 |   15 |   315 |      0 |      0 |    0 |          2 |
|           i_synth                                       | floating_point_0_floating_point_v7_1_21_viv_HD1808 |        154 |        139 |       0 |   15 |   315 |      0 |      0 |    0 |          2 |
|             need_combiner.use_2to1.skid_buffer_combiner |             floating_point_0_axi_slave_2to1_HD1880 |         59 |         59 |       0 |    0 |   135 |      0 |      0 |    0 |          0 |
|             MULT.OP                                     |                   floating_point_0_flt_mult_HD1809 |         93 |         78 |       0 |   15 |   171 |      0 |      0 |    0 |          2 |
|               i_non_prim.EXP                            |               floating_point_0_flt_mult_exp_HD1810 |         55 |         48 |       0 |    7 |    48 |      0 |      0 |    0 |          0 |
|               i_non_prim.R_AND_R                        |             floating_point_0_flt_mult_round_HD1858 |         22 |         14 |       0 |    8 |    62 |      0 |      0 |    0 |          0 |
|                 LOGIC.R_AND_R                           |     floating_point_0_renorm_and_round_logic_HD1859 |         22 |         14 |       0 |    8 |    62 |      0 |      0 |    0 |          0 |
|     GEN_PV_LANE[24].u_add                               |                            fp32_add_ip__xdcDup__25 |        241 |        229 |       0 |   12 |   460 |      0 |      0 |    0 |          2 |
|       u_fp_add                                          |                            floating_point_1_HD4950 |        241 |        229 |       0 |   12 |   460 |      0 |      0 |    0 |          2 |
|         U0                                              |     floating_point_1_floating_point_v7_1_21_HD4951 |        241 |        229 |       0 |   12 |   460 |      0 |      0 |    0 |          2 |
|           i_synth                                       | floating_point_1_floating_point_v7_1_21_viv_HD4952 |        241 |        229 |       0 |   12 |   460 |      0 |      0 |    0 |          2 |
|             need_combiner.use_2to1.skid_buffer_combiner |             floating_point_1_axi_slave_2to1_HD5055 |         75 |         75 |       0 |    0 |   135 |      0 |      0 |    0 |          0 |
|             ADDSUB_OP.ADDSUB                            |                    floating_point_1_flt_add_HD4953 |        164 |        152 |       0 |   12 |   313 |      0 |      0 |    0 |          2 |
|               DSP.OP                                    |                floating_point_1_flt_add_dsp_HD4954 |        164 |        152 |       0 |   12 |   313 |      0 |      0 |    0 |          2 |
|                 DSP48E1_BODY.ALIGN_ADD                  |      floating_point_1_align_add_dsp48e1_sgl_HD4959 |         13 |         12 |       0 |    1 |    73 |      0 |      0 |    0 |          1 |
|                 DSP48E1_BODY.EXP                        |             floating_point_1_flt_add_exp_sp_HD4978 |         69 |         58 |       0 |   11 |    92 |      0 |      0 |    0 |          0 |
|                 DSP48E1_BODY.NORM_RND                   | floating_point_1_norm_and_round_dsp48e1_sgl_HD5032 |         36 |         36 |       0 |    0 |    70 |      0 |      0 |    0 |          1 |
|     GEN_PV_LANE[24].u_mul                               |                            fp32_mul_ip__xdcDup__25 |        154 |        139 |       0 |   15 |   315 |      0 |      0 |    0 |          2 |
|       GEN_MUL0.u_fp_mul                                 |                            floating_point_0_HD1881 |        154 |        139 |       0 |   15 |   315 |      0 |      0 |    0 |          2 |
|         U0                                              |     floating_point_0_floating_point_v7_1_21_HD1882 |        154 |        139 |       0 |   15 |   315 |      0 |      0 |    0 |          2 |
|           i_synth                                       | floating_point_0_floating_point_v7_1_21_viv_HD1883 |        154 |        139 |       0 |   15 |   315 |      0 |      0 |    0 |          2 |
|             need_combiner.use_2to1.skid_buffer_combiner |             floating_point_0_axi_slave_2to1_HD1955 |         59 |         59 |       0 |    0 |   135 |      0 |      0 |    0 |          0 |
|             MULT.OP                                     |                   floating_point_0_flt_mult_HD1884 |         93 |         78 |       0 |   15 |   171 |      0 |      0 |    0 |          2 |
|               i_non_prim.EXP                            |               floating_point_0_flt_mult_exp_HD1885 |         55 |         48 |       0 |    7 |    48 |      0 |      0 |    0 |          0 |
|               i_non_prim.R_AND_R                        |             floating_point_0_flt_mult_round_HD1933 |         22 |         14 |       0 |    8 |    62 |      0 |      0 |    0 |          0 |
|                 LOGIC.R_AND_R                           |     floating_point_0_renorm_and_round_logic_HD1934 |         22 |         14 |       0 |    8 |    62 |      0 |      0 |    0 |          0 |
|     GEN_PV_LANE[25].u_add                               |                            fp32_add_ip__xdcDup__26 |        241 |        229 |       0 |   12 |   460 |      0 |      0 |    0 |          2 |
|       u_fp_add                                          |                            floating_point_1_HD5056 |        241 |        229 |       0 |   12 |   460 |      0 |      0 |    0 |          2 |
|         U0                                              |     floating_point_1_floating_point_v7_1_21_HD5057 |        241 |        229 |       0 |   12 |   460 |      0 |      0 |    0 |          2 |
|           i_synth                                       | floating_point_1_floating_point_v7_1_21_viv_HD5058 |        241 |        229 |       0 |   12 |   460 |      0 |      0 |    0 |          2 |
|             need_combiner.use_2to1.skid_buffer_combiner |             floating_point_1_axi_slave_2to1_HD5161 |         75 |         75 |       0 |    0 |   135 |      0 |      0 |    0 |          0 |
|             ADDSUB_OP.ADDSUB                            |                    floating_point_1_flt_add_HD5059 |        164 |        152 |       0 |   12 |   313 |      0 |      0 |    0 |          2 |
|               DSP.OP                                    |                floating_point_1_flt_add_dsp_HD5060 |        164 |        152 |       0 |   12 |   313 |      0 |      0 |    0 |          2 |
|                 DSP48E1_BODY.ALIGN_ADD                  |      floating_point_1_align_add_dsp48e1_sgl_HD5065 |         13 |         12 |       0 |    1 |    73 |      0 |      0 |    0 |          1 |
|                 DSP48E1_BODY.EXP                        |             floating_point_1_flt_add_exp_sp_HD5084 |         69 |         58 |       0 |   11 |    92 |      0 |      0 |    0 |          0 |
|                 DSP48E1_BODY.NORM_RND                   | floating_point_1_norm_and_round_dsp48e1_sgl_HD5138 |         36 |         36 |       0 |    0 |    70 |      0 |      0 |    0 |          1 |
|     GEN_PV_LANE[25].u_mul                               |                            fp32_mul_ip__xdcDup__26 |        154 |        139 |       0 |   15 |   315 |      0 |      0 |    0 |          2 |
|       GEN_MUL0.u_fp_mul                                 |                            floating_point_0_HD1956 |        154 |        139 |       0 |   15 |   315 |      0 |      0 |    0 |          2 |
|         U0                                              |     floating_point_0_floating_point_v7_1_21_HD1957 |        154 |        139 |       0 |   15 |   315 |      0 |      0 |    0 |          2 |
|           i_synth                                       | floating_point_0_floating_point_v7_1_21_viv_HD1958 |        154 |        139 |       0 |   15 |   315 |      0 |      0 |    0 |          2 |
|             need_combiner.use_2to1.skid_buffer_combiner |             floating_point_0_axi_slave_2to1_HD2030 |         59 |         59 |       0 |    0 |   135 |      0 |      0 |    0 |          0 |
|             MULT.OP                                     |                   floating_point_0_flt_mult_HD1959 |         93 |         78 |       0 |   15 |   171 |      0 |      0 |    0 |          2 |
|               i_non_prim.EXP                            |               floating_point_0_flt_mult_exp_HD1960 |         55 |         48 |       0 |    7 |    48 |      0 |      0 |    0 |          0 |
|               i_non_prim.R_AND_R                        |             floating_point_0_flt_mult_round_HD2008 |         22 |         14 |       0 |    8 |    62 |      0 |      0 |    0 |          0 |
|                 LOGIC.R_AND_R                           |     floating_point_0_renorm_and_round_logic_HD2009 |         22 |         14 |       0 |    8 |    62 |      0 |      0 |    0 |          0 |
|     GEN_PV_LANE[26].u_add                               |                            fp32_add_ip__xdcDup__27 |        241 |        229 |       0 |   12 |   460 |      0 |      0 |    0 |          2 |
|       u_fp_add                                          |                            floating_point_1_HD5162 |        241 |        229 |       0 |   12 |   460 |      0 |      0 |    0 |          2 |
|         U0                                              |     floating_point_1_floating_point_v7_1_21_HD5163 |        241 |        229 |       0 |   12 |   460 |      0 |      0 |    0 |          2 |
|           i_synth                                       | floating_point_1_floating_point_v7_1_21_viv_HD5164 |        241 |        229 |       0 |   12 |   460 |      0 |      0 |    0 |          2 |
|             need_combiner.use_2to1.skid_buffer_combiner |             floating_point_1_axi_slave_2to1_HD5267 |         75 |         75 |       0 |    0 |   135 |      0 |      0 |    0 |          0 |
|             ADDSUB_OP.ADDSUB                            |                    floating_point_1_flt_add_HD5165 |        164 |        152 |       0 |   12 |   313 |      0 |      0 |    0 |          2 |
|               DSP.OP                                    |                floating_point_1_flt_add_dsp_HD5166 |        164 |        152 |       0 |   12 |   313 |      0 |      0 |    0 |          2 |
|                 DSP48E1_BODY.ALIGN_ADD                  |      floating_point_1_align_add_dsp48e1_sgl_HD5171 |         13 |         12 |       0 |    1 |    73 |      0 |      0 |    0 |          1 |
|                 DSP48E1_BODY.EXP                        |             floating_point_1_flt_add_exp_sp_HD5190 |         69 |         58 |       0 |   11 |    92 |      0 |      0 |    0 |          0 |
|                 DSP48E1_BODY.NORM_RND                   | floating_point_1_norm_and_round_dsp48e1_sgl_HD5244 |         36 |         36 |       0 |    0 |    70 |      0 |      0 |    0 |          1 |
|     GEN_PV_LANE[26].u_mul                               |                            fp32_mul_ip__xdcDup__27 |        154 |        139 |       0 |   15 |   315 |      0 |      0 |    0 |          2 |
|       GEN_MUL0.u_fp_mul                                 |                            floating_point_0_HD2031 |        154 |        139 |       0 |   15 |   315 |      0 |      0 |    0 |          2 |
|         U0                                              |     floating_point_0_floating_point_v7_1_21_HD2032 |        154 |        139 |       0 |   15 |   315 |      0 |      0 |    0 |          2 |
|           i_synth                                       | floating_point_0_floating_point_v7_1_21_viv_HD2033 |        154 |        139 |       0 |   15 |   315 |      0 |      0 |    0 |          2 |
|             need_combiner.use_2to1.skid_buffer_combiner |             floating_point_0_axi_slave_2to1_HD2105 |         59 |         59 |       0 |    0 |   135 |      0 |      0 |    0 |          0 |
|             MULT.OP                                     |                   floating_point_0_flt_mult_HD2034 |         93 |         78 |       0 |   15 |   171 |      0 |      0 |    0 |          2 |
|               i_non_prim.EXP                            |               floating_point_0_flt_mult_exp_HD2035 |         55 |         48 |       0 |    7 |    48 |      0 |      0 |    0 |          0 |
|               i_non_prim.R_AND_R                        |             floating_point_0_flt_mult_round_HD2083 |         22 |         14 |       0 |    8 |    62 |      0 |      0 |    0 |          0 |
|                 LOGIC.R_AND_R                           |     floating_point_0_renorm_and_round_logic_HD2084 |         22 |         14 |       0 |    8 |    62 |      0 |      0 |    0 |          0 |
|     GEN_PV_LANE[27].u_add                               |                            fp32_add_ip__xdcDup__28 |        241 |        229 |       0 |   12 |   460 |      0 |      0 |    0 |          2 |
|       u_fp_add                                          |                            floating_point_1_HD5268 |        241 |        229 |       0 |   12 |   460 |      0 |      0 |    0 |          2 |
|         U0                                              |     floating_point_1_floating_point_v7_1_21_HD5269 |        241 |        229 |       0 |   12 |   460 |      0 |      0 |    0 |          2 |
|           i_synth                                       | floating_point_1_floating_point_v7_1_21_viv_HD5270 |        241 |        229 |       0 |   12 |   460 |      0 |      0 |    0 |          2 |
|             need_combiner.use_2to1.skid_buffer_combiner |             floating_point_1_axi_slave_2to1_HD5373 |         75 |         75 |       0 |    0 |   135 |      0 |      0 |    0 |          0 |
|             ADDSUB_OP.ADDSUB                            |                    floating_point_1_flt_add_HD5271 |        164 |        152 |       0 |   12 |   313 |      0 |      0 |    0 |          2 |
|               DSP.OP                                    |                floating_point_1_flt_add_dsp_HD5272 |        164 |        152 |       0 |   12 |   313 |      0 |      0 |    0 |          2 |
|                 DSP48E1_BODY.ALIGN_ADD                  |      floating_point_1_align_add_dsp48e1_sgl_HD5277 |         13 |         12 |       0 |    1 |    73 |      0 |      0 |    0 |          1 |
|                 DSP48E1_BODY.EXP                        |             floating_point_1_flt_add_exp_sp_HD5296 |         69 |         58 |       0 |   11 |    92 |      0 |      0 |    0 |          0 |
|                 DSP48E1_BODY.NORM_RND                   | floating_point_1_norm_and_round_dsp48e1_sgl_HD5350 |         36 |         36 |       0 |    0 |    70 |      0 |      0 |    0 |          1 |
|     GEN_PV_LANE[27].u_mul                               |                            fp32_mul_ip__xdcDup__28 |        154 |        139 |       0 |   15 |   315 |      0 |      0 |    0 |          2 |
|       GEN_MUL0.u_fp_mul                                 |                            floating_point_0_HD2106 |        154 |        139 |       0 |   15 |   315 |      0 |      0 |    0 |          2 |
|         U0                                              |     floating_point_0_floating_point_v7_1_21_HD2107 |        154 |        139 |       0 |   15 |   315 |      0 |      0 |    0 |          2 |
|           i_synth                                       | floating_point_0_floating_point_v7_1_21_viv_HD2108 |        154 |        139 |       0 |   15 |   315 |      0 |      0 |    0 |          2 |
|             need_combiner.use_2to1.skid_buffer_combiner |             floating_point_0_axi_slave_2to1_HD2180 |         59 |         59 |       0 |    0 |   135 |      0 |      0 |    0 |          0 |
|             MULT.OP                                     |                   floating_point_0_flt_mult_HD2109 |         93 |         78 |       0 |   15 |   171 |      0 |      0 |    0 |          2 |
|               i_non_prim.EXP                            |               floating_point_0_flt_mult_exp_HD2110 |         55 |         48 |       0 |    7 |    48 |      0 |      0 |    0 |          0 |
|               i_non_prim.R_AND_R                        |             floating_point_0_flt_mult_round_HD2158 |         22 |         14 |       0 |    8 |    62 |      0 |      0 |    0 |          0 |
|                 LOGIC.R_AND_R                           |     floating_point_0_renorm_and_round_logic_HD2159 |         22 |         14 |       0 |    8 |    62 |      0 |      0 |    0 |          0 |
|     GEN_PV_LANE[28].u_add                               |                            fp32_add_ip__xdcDup__29 |        241 |        229 |       0 |   12 |   460 |      0 |      0 |    0 |          2 |
|       u_fp_add                                          |                            floating_point_1_HD5374 |        241 |        229 |       0 |   12 |   460 |      0 |      0 |    0 |          2 |
|         U0                                              |     floating_point_1_floating_point_v7_1_21_HD5375 |        241 |        229 |       0 |   12 |   460 |      0 |      0 |    0 |          2 |
|           i_synth                                       | floating_point_1_floating_point_v7_1_21_viv_HD5376 |        241 |        229 |       0 |   12 |   460 |      0 |      0 |    0 |          2 |
|             need_combiner.use_2to1.skid_buffer_combiner |             floating_point_1_axi_slave_2to1_HD5479 |         75 |         75 |       0 |    0 |   135 |      0 |      0 |    0 |          0 |
|             ADDSUB_OP.ADDSUB                            |                    floating_point_1_flt_add_HD5377 |        164 |        152 |       0 |   12 |   313 |      0 |      0 |    0 |          2 |
|               DSP.OP                                    |                floating_point_1_flt_add_dsp_HD5378 |        164 |        152 |       0 |   12 |   313 |      0 |      0 |    0 |          2 |
|                 DSP48E1_BODY.ALIGN_ADD                  |      floating_point_1_align_add_dsp48e1_sgl_HD5383 |         13 |         12 |       0 |    1 |    73 |      0 |      0 |    0 |          1 |
|                 DSP48E1_BODY.EXP                        |             floating_point_1_flt_add_exp_sp_HD5402 |         69 |         58 |       0 |   11 |    92 |      0 |      0 |    0 |          0 |
|                 DSP48E1_BODY.NORM_RND                   | floating_point_1_norm_and_round_dsp48e1_sgl_HD5456 |         36 |         36 |       0 |    0 |    70 |      0 |      0 |    0 |          1 |
|     GEN_PV_LANE[28].u_mul                               |                            fp32_mul_ip__xdcDup__29 |        154 |        139 |       0 |   15 |   315 |      0 |      0 |    0 |          2 |
|       GEN_MUL0.u_fp_mul                                 |                            floating_point_0_HD2181 |        154 |        139 |       0 |   15 |   315 |      0 |      0 |    0 |          2 |
|         U0                                              |     floating_point_0_floating_point_v7_1_21_HD2182 |        154 |        139 |       0 |   15 |   315 |      0 |      0 |    0 |          2 |
|           i_synth                                       | floating_point_0_floating_point_v7_1_21_viv_HD2183 |        154 |        139 |       0 |   15 |   315 |      0 |      0 |    0 |          2 |
|             need_combiner.use_2to1.skid_buffer_combiner |             floating_point_0_axi_slave_2to1_HD2255 |         59 |         59 |       0 |    0 |   135 |      0 |      0 |    0 |          0 |
|             MULT.OP                                     |                   floating_point_0_flt_mult_HD2184 |         93 |         78 |       0 |   15 |   171 |      0 |      0 |    0 |          2 |
|               i_non_prim.EXP                            |               floating_point_0_flt_mult_exp_HD2185 |         55 |         48 |       0 |    7 |    48 |      0 |      0 |    0 |          0 |
|               i_non_prim.R_AND_R                        |             floating_point_0_flt_mult_round_HD2233 |         22 |         14 |       0 |    8 |    62 |      0 |      0 |    0 |          0 |
|                 LOGIC.R_AND_R                           |     floating_point_0_renorm_and_round_logic_HD2234 |         22 |         14 |       0 |    8 |    62 |      0 |      0 |    0 |          0 |
|     GEN_PV_LANE[29].u_add                               |                            fp32_add_ip__xdcDup__30 |        241 |        229 |       0 |   12 |   460 |      0 |      0 |    0 |          2 |
|       u_fp_add                                          |                            floating_point_1_HD5480 |        241 |        229 |       0 |   12 |   460 |      0 |      0 |    0 |          2 |
|         U0                                              |     floating_point_1_floating_point_v7_1_21_HD5481 |        241 |        229 |       0 |   12 |   460 |      0 |      0 |    0 |          2 |
|           i_synth                                       | floating_point_1_floating_point_v7_1_21_viv_HD5482 |        241 |        229 |       0 |   12 |   460 |      0 |      0 |    0 |          2 |
|             need_combiner.use_2to1.skid_buffer_combiner |             floating_point_1_axi_slave_2to1_HD5585 |         75 |         75 |       0 |    0 |   135 |      0 |      0 |    0 |          0 |
|             ADDSUB_OP.ADDSUB                            |                    floating_point_1_flt_add_HD5483 |        164 |        152 |       0 |   12 |   313 |      0 |      0 |    0 |          2 |
|               DSP.OP                                    |                floating_point_1_flt_add_dsp_HD5484 |        164 |        152 |       0 |   12 |   313 |      0 |      0 |    0 |          2 |
|                 DSP48E1_BODY.ALIGN_ADD                  |      floating_point_1_align_add_dsp48e1_sgl_HD5489 |         13 |         12 |       0 |    1 |    73 |      0 |      0 |    0 |          1 |
|                 DSP48E1_BODY.EXP                        |             floating_point_1_flt_add_exp_sp_HD5508 |         69 |         58 |       0 |   11 |    92 |      0 |      0 |    0 |          0 |
|                 DSP48E1_BODY.NORM_RND                   | floating_point_1_norm_and_round_dsp48e1_sgl_HD5562 |         36 |         36 |       0 |    0 |    70 |      0 |      0 |    0 |          1 |
|     GEN_PV_LANE[29].u_mul                               |                            fp32_mul_ip__xdcDup__30 |        154 |        139 |       0 |   15 |   315 |      0 |      0 |    0 |          2 |
|       GEN_MUL0.u_fp_mul                                 |                            floating_point_0_HD2256 |        154 |        139 |       0 |   15 |   315 |      0 |      0 |    0 |          2 |
|         U0                                              |     floating_point_0_floating_point_v7_1_21_HD2257 |        154 |        139 |       0 |   15 |   315 |      0 |      0 |    0 |          2 |
|           i_synth                                       | floating_point_0_floating_point_v7_1_21_viv_HD2258 |        154 |        139 |       0 |   15 |   315 |      0 |      0 |    0 |          2 |
|             need_combiner.use_2to1.skid_buffer_combiner |             floating_point_0_axi_slave_2to1_HD2330 |         59 |         59 |       0 |    0 |   135 |      0 |      0 |    0 |          0 |
|             MULT.OP                                     |                   floating_point_0_flt_mult_HD2259 |         93 |         78 |       0 |   15 |   171 |      0 |      0 |    0 |          2 |
|               i_non_prim.EXP                            |               floating_point_0_flt_mult_exp_HD2260 |         55 |         48 |       0 |    7 |    48 |      0 |      0 |    0 |          0 |
|               i_non_prim.R_AND_R                        |             floating_point_0_flt_mult_round_HD2308 |         22 |         14 |       0 |    8 |    62 |      0 |      0 |    0 |          0 |
|                 LOGIC.R_AND_R                           |     floating_point_0_renorm_and_round_logic_HD2309 |         22 |         14 |       0 |    8 |    62 |      0 |      0 |    0 |          0 |
|     GEN_PV_LANE[2].u_add                                |                             fp32_add_ip__xdcDup__3 |        241 |        229 |       0 |   12 |   460 |      0 |      0 |    0 |          2 |
|       u_fp_add                                          |                            floating_point_1_HD2618 |        241 |        229 |       0 |   12 |   460 |      0 |      0 |    0 |          2 |
|         U0                                              |     floating_point_1_floating_point_v7_1_21_HD2619 |        241 |        229 |       0 |   12 |   460 |      0 |      0 |    0 |          2 |
|           i_synth                                       | floating_point_1_floating_point_v7_1_21_viv_HD2620 |        241 |        229 |       0 |   12 |   460 |      0 |      0 |    0 |          2 |
|             need_combiner.use_2to1.skid_buffer_combiner |             floating_point_1_axi_slave_2to1_HD2723 |         75 |         75 |       0 |    0 |   135 |      0 |      0 |    0 |          0 |
|             ADDSUB_OP.ADDSUB                            |                    floating_point_1_flt_add_HD2621 |        164 |        152 |       0 |   12 |   313 |      0 |      0 |    0 |          2 |
|               DSP.OP                                    |                floating_point_1_flt_add_dsp_HD2622 |        164 |        152 |       0 |   12 |   313 |      0 |      0 |    0 |          2 |
|                 DSP48E1_BODY.ALIGN_ADD                  |      floating_point_1_align_add_dsp48e1_sgl_HD2627 |         13 |         12 |       0 |    1 |    73 |      0 |      0 |    0 |          1 |
|                 DSP48E1_BODY.EXP                        |             floating_point_1_flt_add_exp_sp_HD2646 |         69 |         58 |       0 |   11 |    92 |      0 |      0 |    0 |          0 |
|                 DSP48E1_BODY.NORM_RND                   | floating_point_1_norm_and_round_dsp48e1_sgl_HD2700 |         36 |         36 |       0 |    0 |    70 |      0 |      0 |    0 |          1 |
|     GEN_PV_LANE[2].u_mul                                |                             fp32_mul_ip__xdcDup__3 |        154 |        139 |       0 |   15 |   315 |      0 |      0 |    0 |          2 |
|       GEN_MUL0.u_fp_mul                                 |                             floating_point_0_HD231 |        154 |        139 |       0 |   15 |   315 |      0 |      0 |    0 |          2 |
|         U0                                              |      floating_point_0_floating_point_v7_1_21_HD232 |        154 |        139 |       0 |   15 |   315 |      0 |      0 |    0 |          2 |
|           i_synth                                       |  floating_point_0_floating_point_v7_1_21_viv_HD233 |        154 |        139 |       0 |   15 |   315 |      0 |      0 |    0 |          2 |
|             need_combiner.use_2to1.skid_buffer_combiner |              floating_point_0_axi_slave_2to1_HD305 |         59 |         59 |       0 |    0 |   135 |      0 |      0 |    0 |          0 |
|             MULT.OP                                     |                    floating_point_0_flt_mult_HD234 |         93 |         78 |       0 |   15 |   171 |      0 |      0 |    0 |          2 |
|               i_non_prim.EXP                            |                floating_point_0_flt_mult_exp_HD235 |         55 |         48 |       0 |    7 |    48 |      0 |      0 |    0 |          0 |
|               i_non_prim.R_AND_R                        |              floating_point_0_flt_mult_round_HD283 |         22 |         14 |       0 |    8 |    62 |      0 |      0 |    0 |          0 |
|                 LOGIC.R_AND_R                           |      floating_point_0_renorm_and_round_logic_HD284 |         22 |         14 |       0 |    8 |    62 |      0 |      0 |    0 |          0 |
|     GEN_PV_LANE[30].u_add                               |                            fp32_add_ip__xdcDup__31 |        241 |        229 |       0 |   12 |   460 |      0 |      0 |    0 |          2 |
|       u_fp_add                                          |                            floating_point_1_HD5586 |        241 |        229 |       0 |   12 |   460 |      0 |      0 |    0 |          2 |
|         U0                                              |     floating_point_1_floating_point_v7_1_21_HD5587 |        241 |        229 |       0 |   12 |   460 |      0 |      0 |    0 |          2 |
|           i_synth                                       | floating_point_1_floating_point_v7_1_21_viv_HD5588 |        241 |        229 |       0 |   12 |   460 |      0 |      0 |    0 |          2 |
|             need_combiner.use_2to1.skid_buffer_combiner |             floating_point_1_axi_slave_2to1_HD5691 |         75 |         75 |       0 |    0 |   135 |      0 |      0 |    0 |          0 |
|             ADDSUB_OP.ADDSUB                            |                    floating_point_1_flt_add_HD5589 |        164 |        152 |       0 |   12 |   313 |      0 |      0 |    0 |          2 |
|               DSP.OP                                    |                floating_point_1_flt_add_dsp_HD5590 |        164 |        152 |       0 |   12 |   313 |      0 |      0 |    0 |          2 |
|                 DSP48E1_BODY.ALIGN_ADD                  |      floating_point_1_align_add_dsp48e1_sgl_HD5595 |         13 |         12 |       0 |    1 |    73 |      0 |      0 |    0 |          1 |
|                 DSP48E1_BODY.EXP                        |             floating_point_1_flt_add_exp_sp_HD5614 |         69 |         58 |       0 |   11 |    92 |      0 |      0 |    0 |          0 |
|                 DSP48E1_BODY.NORM_RND                   | floating_point_1_norm_and_round_dsp48e1_sgl_HD5668 |         36 |         36 |       0 |    0 |    70 |      0 |      0 |    0 |          1 |
|     GEN_PV_LANE[30].u_mul                               |                            fp32_mul_ip__xdcDup__31 |        154 |        139 |       0 |   15 |   315 |      0 |      0 |    0 |          2 |
|       GEN_MUL0.u_fp_mul                                 |                            floating_point_0_HD2331 |        154 |        139 |       0 |   15 |   315 |      0 |      0 |    0 |          2 |
|         U0                                              |     floating_point_0_floating_point_v7_1_21_HD2332 |        154 |        139 |       0 |   15 |   315 |      0 |      0 |    0 |          2 |
|           i_synth                                       | floating_point_0_floating_point_v7_1_21_viv_HD2333 |        154 |        139 |       0 |   15 |   315 |      0 |      0 |    0 |          2 |
|             need_combiner.use_2to1.skid_buffer_combiner |             floating_point_0_axi_slave_2to1_HD2405 |         59 |         59 |       0 |    0 |   135 |      0 |      0 |    0 |          0 |
|             MULT.OP                                     |                   floating_point_0_flt_mult_HD2334 |         93 |         78 |       0 |   15 |   171 |      0 |      0 |    0 |          2 |
|               i_non_prim.EXP                            |               floating_point_0_flt_mult_exp_HD2335 |         55 |         48 |       0 |    7 |    48 |      0 |      0 |    0 |          0 |
|               i_non_prim.R_AND_R                        |             floating_point_0_flt_mult_round_HD2383 |         22 |         14 |       0 |    8 |    62 |      0 |      0 |    0 |          0 |
|                 LOGIC.R_AND_R                           |     floating_point_0_renorm_and_round_logic_HD2384 |         22 |         14 |       0 |    8 |    62 |      0 |      0 |    0 |          0 |
|     GEN_PV_LANE[31].u_add                               |                                        fp32_add_ip |        241 |        229 |       0 |   12 |   460 |      0 |      0 |    0 |          2 |
|       u_fp_add                                          |                            floating_point_1_HD5692 |        241 |        229 |       0 |   12 |   460 |      0 |      0 |    0 |          2 |
|         U0                                              |     floating_point_1_floating_point_v7_1_21_HD5693 |        241 |        229 |       0 |   12 |   460 |      0 |      0 |    0 |          2 |
|           i_synth                                       | floating_point_1_floating_point_v7_1_21_viv_HD5694 |        241 |        229 |       0 |   12 |   460 |      0 |      0 |    0 |          2 |
|             need_combiner.use_2to1.skid_buffer_combiner |             floating_point_1_axi_slave_2to1_HD5797 |         75 |         75 |       0 |    0 |   135 |      0 |      0 |    0 |          0 |
|             ADDSUB_OP.ADDSUB                            |                    floating_point_1_flt_add_HD5695 |        164 |        152 |       0 |   12 |   313 |      0 |      0 |    0 |          2 |
|               DSP.OP                                    |                floating_point_1_flt_add_dsp_HD5696 |        164 |        152 |       0 |   12 |   313 |      0 |      0 |    0 |          2 |
|                 DSP48E1_BODY.ALIGN_ADD                  |      floating_point_1_align_add_dsp48e1_sgl_HD5701 |         13 |         12 |       0 |    1 |    73 |      0 |      0 |    0 |          1 |
|                 DSP48E1_BODY.EXP                        |             floating_point_1_flt_add_exp_sp_HD5720 |         69 |         58 |       0 |   11 |    92 |      0 |      0 |    0 |          0 |
|                 DSP48E1_BODY.NORM_RND                   | floating_point_1_norm_and_round_dsp48e1_sgl_HD5774 |         36 |         36 |       0 |    0 |    70 |      0 |      0 |    0 |          1 |
|     GEN_PV_LANE[31].u_mul                               |                                        fp32_mul_ip |        154 |        139 |       0 |   15 |   315 |      0 |      0 |    0 |          2 |
|       GEN_MUL0.u_fp_mul                                 |                            floating_point_0_HD2406 |        154 |        139 |       0 |   15 |   315 |      0 |      0 |    0 |          2 |
|         U0                                              |     floating_point_0_floating_point_v7_1_21_HD2407 |        154 |        139 |       0 |   15 |   315 |      0 |      0 |    0 |          2 |
|           i_synth                                       | floating_point_0_floating_point_v7_1_21_viv_HD2408 |        154 |        139 |       0 |   15 |   315 |      0 |      0 |    0 |          2 |
|             need_combiner.use_2to1.skid_buffer_combiner |             floating_point_0_axi_slave_2to1_HD2480 |         59 |         59 |       0 |    0 |   135 |      0 |      0 |    0 |          0 |
|             MULT.OP                                     |                   floating_point_0_flt_mult_HD2409 |         93 |         78 |       0 |   15 |   171 |      0 |      0 |    0 |          2 |
|               i_non_prim.EXP                            |               floating_point_0_flt_mult_exp_HD2410 |         55 |         48 |       0 |    7 |    48 |      0 |      0 |    0 |          0 |
|               i_non_prim.R_AND_R                        |             floating_point_0_flt_mult_round_HD2458 |         22 |         14 |       0 |    8 |    62 |      0 |      0 |    0 |          0 |
|                 LOGIC.R_AND_R                           |     floating_point_0_renorm_and_round_logic_HD2459 |         22 |         14 |       0 |    8 |    62 |      0 |      0 |    0 |          0 |
|     GEN_PV_LANE[3].u_add                                |                             fp32_add_ip__xdcDup__4 |        241 |        229 |       0 |   12 |   460 |      0 |      0 |    0 |          2 |
|       u_fp_add                                          |                            floating_point_1_HD2724 |        241 |        229 |       0 |   12 |   460 |      0 |      0 |    0 |          2 |
|         U0                                              |     floating_point_1_floating_point_v7_1_21_HD2725 |        241 |        229 |       0 |   12 |   460 |      0 |      0 |    0 |          2 |
|           i_synth                                       | floating_point_1_floating_point_v7_1_21_viv_HD2726 |        241 |        229 |       0 |   12 |   460 |      0 |      0 |    0 |          2 |
|             need_combiner.use_2to1.skid_buffer_combiner |             floating_point_1_axi_slave_2to1_HD2829 |         75 |         75 |       0 |    0 |   135 |      0 |      0 |    0 |          0 |
|             ADDSUB_OP.ADDSUB                            |                    floating_point_1_flt_add_HD2727 |        164 |        152 |       0 |   12 |   313 |      0 |      0 |    0 |          2 |
|               DSP.OP                                    |                floating_point_1_flt_add_dsp_HD2728 |        164 |        152 |       0 |   12 |   313 |      0 |      0 |    0 |          2 |
|                 DSP48E1_BODY.ALIGN_ADD                  |      floating_point_1_align_add_dsp48e1_sgl_HD2733 |         13 |         12 |       0 |    1 |    73 |      0 |      0 |    0 |          1 |
|                 DSP48E1_BODY.EXP                        |             floating_point_1_flt_add_exp_sp_HD2752 |         69 |         58 |       0 |   11 |    92 |      0 |      0 |    0 |          0 |
|                 DSP48E1_BODY.NORM_RND                   | floating_point_1_norm_and_round_dsp48e1_sgl_HD2806 |         36 |         36 |       0 |    0 |    70 |      0 |      0 |    0 |          1 |
|     GEN_PV_LANE[3].u_mul                                |                             fp32_mul_ip__xdcDup__4 |        154 |        139 |       0 |   15 |   315 |      0 |      0 |    0 |          2 |
|       GEN_MUL0.u_fp_mul                                 |                             floating_point_0_HD306 |        154 |        139 |       0 |   15 |   315 |      0 |      0 |    0 |          2 |
|         U0                                              |      floating_point_0_floating_point_v7_1_21_HD307 |        154 |        139 |       0 |   15 |   315 |      0 |      0 |    0 |          2 |
|           i_synth                                       |  floating_point_0_floating_point_v7_1_21_viv_HD308 |        154 |        139 |       0 |   15 |   315 |      0 |      0 |    0 |          2 |
|             need_combiner.use_2to1.skid_buffer_combiner |              floating_point_0_axi_slave_2to1_HD380 |         59 |         59 |       0 |    0 |   135 |      0 |      0 |    0 |          0 |
|             MULT.OP                                     |                    floating_point_0_flt_mult_HD309 |         93 |         78 |       0 |   15 |   171 |      0 |      0 |    0 |          2 |
|               i_non_prim.EXP                            |                floating_point_0_flt_mult_exp_HD310 |         55 |         48 |       0 |    7 |    48 |      0 |      0 |    0 |          0 |
|               i_non_prim.R_AND_R                        |              floating_point_0_flt_mult_round_HD358 |         22 |         14 |       0 |    8 |    62 |      0 |      0 |    0 |          0 |
|                 LOGIC.R_AND_R                           |      floating_point_0_renorm_and_round_logic_HD359 |         22 |         14 |       0 |    8 |    62 |      0 |      0 |    0 |          0 |
|     GEN_PV_LANE[4].u_add                                |                             fp32_add_ip__xdcDup__5 |        241 |        229 |       0 |   12 |   460 |      0 |      0 |    0 |          2 |
|       u_fp_add                                          |                            floating_point_1_HD2830 |        241 |        229 |       0 |   12 |   460 |      0 |      0 |    0 |          2 |
|         U0                                              |     floating_point_1_floating_point_v7_1_21_HD2831 |        241 |        229 |       0 |   12 |   460 |      0 |      0 |    0 |          2 |
|           i_synth                                       | floating_point_1_floating_point_v7_1_21_viv_HD2832 |        241 |        229 |       0 |   12 |   460 |      0 |      0 |    0 |          2 |
|             need_combiner.use_2to1.skid_buffer_combiner |             floating_point_1_axi_slave_2to1_HD2935 |         75 |         75 |       0 |    0 |   135 |      0 |      0 |    0 |          0 |
|             ADDSUB_OP.ADDSUB                            |                    floating_point_1_flt_add_HD2833 |        164 |        152 |       0 |   12 |   313 |      0 |      0 |    0 |          2 |
|               DSP.OP                                    |                floating_point_1_flt_add_dsp_HD2834 |        164 |        152 |       0 |   12 |   313 |      0 |      0 |    0 |          2 |
|                 DSP48E1_BODY.ALIGN_ADD                  |      floating_point_1_align_add_dsp48e1_sgl_HD2839 |         13 |         12 |       0 |    1 |    73 |      0 |      0 |    0 |          1 |
|                 DSP48E1_BODY.EXP                        |             floating_point_1_flt_add_exp_sp_HD2858 |         69 |         58 |       0 |   11 |    92 |      0 |      0 |    0 |          0 |
|                 DSP48E1_BODY.NORM_RND                   | floating_point_1_norm_and_round_dsp48e1_sgl_HD2912 |         36 |         36 |       0 |    0 |    70 |      0 |      0 |    0 |          1 |
|     GEN_PV_LANE[4].u_mul                                |                             fp32_mul_ip__xdcDup__5 |        154 |        139 |       0 |   15 |   315 |      0 |      0 |    0 |          2 |
|       GEN_MUL0.u_fp_mul                                 |                             floating_point_0_HD381 |        154 |        139 |       0 |   15 |   315 |      0 |      0 |    0 |          2 |
|         U0                                              |      floating_point_0_floating_point_v7_1_21_HD382 |        154 |        139 |       0 |   15 |   315 |      0 |      0 |    0 |          2 |
|           i_synth                                       |  floating_point_0_floating_point_v7_1_21_viv_HD383 |        154 |        139 |       0 |   15 |   315 |      0 |      0 |    0 |          2 |
|             need_combiner.use_2to1.skid_buffer_combiner |              floating_point_0_axi_slave_2to1_HD455 |         59 |         59 |       0 |    0 |   135 |      0 |      0 |    0 |          0 |
|             MULT.OP                                     |                    floating_point_0_flt_mult_HD384 |         93 |         78 |       0 |   15 |   171 |      0 |      0 |    0 |          2 |
|               i_non_prim.EXP                            |                floating_point_0_flt_mult_exp_HD385 |         55 |         48 |       0 |    7 |    48 |      0 |      0 |    0 |          0 |
|               i_non_prim.R_AND_R                        |              floating_point_0_flt_mult_round_HD433 |         22 |         14 |       0 |    8 |    62 |      0 |      0 |    0 |          0 |
|                 LOGIC.R_AND_R                           |      floating_point_0_renorm_and_round_logic_HD434 |         22 |         14 |       0 |    8 |    62 |      0 |      0 |    0 |          0 |
|     GEN_PV_LANE[5].u_add                                |                             fp32_add_ip__xdcDup__6 |        241 |        229 |       0 |   12 |   460 |      0 |      0 |    0 |          2 |
|       u_fp_add                                          |                            floating_point_1_HD2936 |        241 |        229 |       0 |   12 |   460 |      0 |      0 |    0 |          2 |
|         U0                                              |     floating_point_1_floating_point_v7_1_21_HD2937 |        241 |        229 |       0 |   12 |   460 |      0 |      0 |    0 |          2 |
|           i_synth                                       | floating_point_1_floating_point_v7_1_21_viv_HD2938 |        241 |        229 |       0 |   12 |   460 |      0 |      0 |    0 |          2 |
|             need_combiner.use_2to1.skid_buffer_combiner |             floating_point_1_axi_slave_2to1_HD3041 |         75 |         75 |       0 |    0 |   135 |      0 |      0 |    0 |          0 |
|             ADDSUB_OP.ADDSUB                            |                    floating_point_1_flt_add_HD2939 |        164 |        152 |       0 |   12 |   313 |      0 |      0 |    0 |          2 |
|               DSP.OP                                    |                floating_point_1_flt_add_dsp_HD2940 |        164 |        152 |       0 |   12 |   313 |      0 |      0 |    0 |          2 |
|                 DSP48E1_BODY.ALIGN_ADD                  |      floating_point_1_align_add_dsp48e1_sgl_HD2945 |         13 |         12 |       0 |    1 |    73 |      0 |      0 |    0 |          1 |
|                 DSP48E1_BODY.EXP                        |             floating_point_1_flt_add_exp_sp_HD2964 |         69 |         58 |       0 |   11 |    92 |      0 |      0 |    0 |          0 |
|                 DSP48E1_BODY.NORM_RND                   | floating_point_1_norm_and_round_dsp48e1_sgl_HD3018 |         36 |         36 |       0 |    0 |    70 |      0 |      0 |    0 |          1 |
|     GEN_PV_LANE[5].u_mul                                |                             fp32_mul_ip__xdcDup__6 |        154 |        139 |       0 |   15 |   315 |      0 |      0 |    0 |          2 |
|       GEN_MUL0.u_fp_mul                                 |                             floating_point_0_HD456 |        154 |        139 |       0 |   15 |   315 |      0 |      0 |    0 |          2 |
|         U0                                              |      floating_point_0_floating_point_v7_1_21_HD457 |        154 |        139 |       0 |   15 |   315 |      0 |      0 |    0 |          2 |
|           i_synth                                       |  floating_point_0_floating_point_v7_1_21_viv_HD458 |        154 |        139 |       0 |   15 |   315 |      0 |      0 |    0 |          2 |
|             need_combiner.use_2to1.skid_buffer_combiner |              floating_point_0_axi_slave_2to1_HD530 |         59 |         59 |       0 |    0 |   135 |      0 |      0 |    0 |          0 |
|             MULT.OP                                     |                    floating_point_0_flt_mult_HD459 |         93 |         78 |       0 |   15 |   171 |      0 |      0 |    0 |          2 |
|               i_non_prim.EXP                            |                floating_point_0_flt_mult_exp_HD460 |         55 |         48 |       0 |    7 |    48 |      0 |      0 |    0 |          0 |
|               i_non_prim.R_AND_R                        |              floating_point_0_flt_mult_round_HD508 |         22 |         14 |       0 |    8 |    62 |      0 |      0 |    0 |          0 |
|                 LOGIC.R_AND_R                           |      floating_point_0_renorm_and_round_logic_HD509 |         22 |         14 |       0 |    8 |    62 |      0 |      0 |    0 |          0 |
|     GEN_PV_LANE[6].u_add                                |                             fp32_add_ip__xdcDup__7 |        241 |        229 |       0 |   12 |   460 |      0 |      0 |    0 |          2 |
|       u_fp_add                                          |                            floating_point_1_HD3042 |        241 |        229 |       0 |   12 |   460 |      0 |      0 |    0 |          2 |
|         U0                                              |     floating_point_1_floating_point_v7_1_21_HD3043 |        241 |        229 |       0 |   12 |   460 |      0 |      0 |    0 |          2 |
|           i_synth                                       | floating_point_1_floating_point_v7_1_21_viv_HD3044 |        241 |        229 |       0 |   12 |   460 |      0 |      0 |    0 |          2 |
|             need_combiner.use_2to1.skid_buffer_combiner |             floating_point_1_axi_slave_2to1_HD3147 |         75 |         75 |       0 |    0 |   135 |      0 |      0 |    0 |          0 |
|             ADDSUB_OP.ADDSUB                            |                    floating_point_1_flt_add_HD3045 |        164 |        152 |       0 |   12 |   313 |      0 |      0 |    0 |          2 |
|               DSP.OP                                    |                floating_point_1_flt_add_dsp_HD3046 |        164 |        152 |       0 |   12 |   313 |      0 |      0 |    0 |          2 |
|                 DSP48E1_BODY.ALIGN_ADD                  |      floating_point_1_align_add_dsp48e1_sgl_HD3051 |         13 |         12 |       0 |    1 |    73 |      0 |      0 |    0 |          1 |
|                 DSP48E1_BODY.EXP                        |             floating_point_1_flt_add_exp_sp_HD3070 |         69 |         58 |       0 |   11 |    92 |      0 |      0 |    0 |          0 |
|                 DSP48E1_BODY.NORM_RND                   | floating_point_1_norm_and_round_dsp48e1_sgl_HD3124 |         36 |         36 |       0 |    0 |    70 |      0 |      0 |    0 |          1 |
|     GEN_PV_LANE[6].u_mul                                |                             fp32_mul_ip__xdcDup__7 |        154 |        139 |       0 |   15 |   315 |      0 |      0 |    0 |          2 |
|       GEN_MUL0.u_fp_mul                                 |                             floating_point_0_HD531 |        154 |        139 |       0 |   15 |   315 |      0 |      0 |    0 |          2 |
|         U0                                              |      floating_point_0_floating_point_v7_1_21_HD532 |        154 |        139 |       0 |   15 |   315 |      0 |      0 |    0 |          2 |
|           i_synth                                       |  floating_point_0_floating_point_v7_1_21_viv_HD533 |        154 |        139 |       0 |   15 |   315 |      0 |      0 |    0 |          2 |
|             need_combiner.use_2to1.skid_buffer_combiner |              floating_point_0_axi_slave_2to1_HD605 |         59 |         59 |       0 |    0 |   135 |      0 |      0 |    0 |          0 |
|             MULT.OP                                     |                    floating_point_0_flt_mult_HD534 |         93 |         78 |       0 |   15 |   171 |      0 |      0 |    0 |          2 |
|               i_non_prim.EXP                            |                floating_point_0_flt_mult_exp_HD535 |         55 |         48 |       0 |    7 |    48 |      0 |      0 |    0 |          0 |
|               i_non_prim.R_AND_R                        |              floating_point_0_flt_mult_round_HD583 |         22 |         14 |       0 |    8 |    62 |      0 |      0 |    0 |          0 |
|                 LOGIC.R_AND_R                           |      floating_point_0_renorm_and_round_logic_HD584 |         22 |         14 |       0 |    8 |    62 |      0 |      0 |    0 |          0 |
|     GEN_PV_LANE[7].u_add                                |                             fp32_add_ip__xdcDup__8 |        241 |        229 |       0 |   12 |   460 |      0 |      0 |    0 |          2 |
|       u_fp_add                                          |                            floating_point_1_HD3148 |        241 |        229 |       0 |   12 |   460 |      0 |      0 |    0 |          2 |
|         U0                                              |     floating_point_1_floating_point_v7_1_21_HD3149 |        241 |        229 |       0 |   12 |   460 |      0 |      0 |    0 |          2 |
|           i_synth                                       | floating_point_1_floating_point_v7_1_21_viv_HD3150 |        241 |        229 |       0 |   12 |   460 |      0 |      0 |    0 |          2 |
|             need_combiner.use_2to1.skid_buffer_combiner |             floating_point_1_axi_slave_2to1_HD3253 |         75 |         75 |       0 |    0 |   135 |      0 |      0 |    0 |          0 |
|             ADDSUB_OP.ADDSUB                            |                    floating_point_1_flt_add_HD3151 |        164 |        152 |       0 |   12 |   313 |      0 |      0 |    0 |          2 |
|               DSP.OP                                    |                floating_point_1_flt_add_dsp_HD3152 |        164 |        152 |       0 |   12 |   313 |      0 |      0 |    0 |          2 |
|                 DSP48E1_BODY.ALIGN_ADD                  |      floating_point_1_align_add_dsp48e1_sgl_HD3157 |         13 |         12 |       0 |    1 |    73 |      0 |      0 |    0 |          1 |
|                 DSP48E1_BODY.EXP                        |             floating_point_1_flt_add_exp_sp_HD3176 |         69 |         58 |       0 |   11 |    92 |      0 |      0 |    0 |          0 |
|                 DSP48E1_BODY.NORM_RND                   | floating_point_1_norm_and_round_dsp48e1_sgl_HD3230 |         36 |         36 |       0 |    0 |    70 |      0 |      0 |    0 |          1 |
|     GEN_PV_LANE[7].u_mul                                |                             fp32_mul_ip__xdcDup__8 |        154 |        139 |       0 |   15 |   315 |      0 |      0 |    0 |          2 |
|       GEN_MUL0.u_fp_mul                                 |                             floating_point_0_HD606 |        154 |        139 |       0 |   15 |   315 |      0 |      0 |    0 |          2 |
|         U0                                              |      floating_point_0_floating_point_v7_1_21_HD607 |        154 |        139 |       0 |   15 |   315 |      0 |      0 |    0 |          2 |
|           i_synth                                       |  floating_point_0_floating_point_v7_1_21_viv_HD608 |        154 |        139 |       0 |   15 |   315 |      0 |      0 |    0 |          2 |
|             need_combiner.use_2to1.skid_buffer_combiner |              floating_point_0_axi_slave_2to1_HD680 |         59 |         59 |       0 |    0 |   135 |      0 |      0 |    0 |          0 |
|             MULT.OP                                     |                    floating_point_0_flt_mult_HD609 |         93 |         78 |       0 |   15 |   171 |      0 |      0 |    0 |          2 |
|               i_non_prim.EXP                            |                floating_point_0_flt_mult_exp_HD610 |         55 |         48 |       0 |    7 |    48 |      0 |      0 |    0 |          0 |
|               i_non_prim.R_AND_R                        |              floating_point_0_flt_mult_round_HD658 |         22 |         14 |       0 |    8 |    62 |      0 |      0 |    0 |          0 |
|                 LOGIC.R_AND_R                           |      floating_point_0_renorm_and_round_logic_HD659 |         22 |         14 |       0 |    8 |    62 |      0 |      0 |    0 |          0 |
|     GEN_PV_LANE[8].u_add                                |                             fp32_add_ip__xdcDup__9 |        241 |        229 |       0 |   12 |   460 |      0 |      0 |    0 |          2 |
|       u_fp_add                                          |                            floating_point_1_HD3254 |        241 |        229 |       0 |   12 |   460 |      0 |      0 |    0 |          2 |
|         U0                                              |     floating_point_1_floating_point_v7_1_21_HD3255 |        241 |        229 |       0 |   12 |   460 |      0 |      0 |    0 |          2 |
|           i_synth                                       | floating_point_1_floating_point_v7_1_21_viv_HD3256 |        241 |        229 |       0 |   12 |   460 |      0 |      0 |    0 |          2 |
|             need_combiner.use_2to1.skid_buffer_combiner |             floating_point_1_axi_slave_2to1_HD3359 |         75 |         75 |       0 |    0 |   135 |      0 |      0 |    0 |          0 |
|             ADDSUB_OP.ADDSUB                            |                    floating_point_1_flt_add_HD3257 |        164 |        152 |       0 |   12 |   313 |      0 |      0 |    0 |          2 |
|               DSP.OP                                    |                floating_point_1_flt_add_dsp_HD3258 |        164 |        152 |       0 |   12 |   313 |      0 |      0 |    0 |          2 |
|                 DSP48E1_BODY.ALIGN_ADD                  |      floating_point_1_align_add_dsp48e1_sgl_HD3263 |         13 |         12 |       0 |    1 |    73 |      0 |      0 |    0 |          1 |
|                 DSP48E1_BODY.EXP                        |             floating_point_1_flt_add_exp_sp_HD3282 |         69 |         58 |       0 |   11 |    92 |      0 |      0 |    0 |          0 |
|                 DSP48E1_BODY.NORM_RND                   | floating_point_1_norm_and_round_dsp48e1_sgl_HD3336 |         36 |         36 |       0 |    0 |    70 |      0 |      0 |    0 |          1 |
|     GEN_PV_LANE[8].u_mul                                |                             fp32_mul_ip__xdcDup__9 |        154 |        139 |       0 |   15 |   315 |      0 |      0 |    0 |          2 |
|       GEN_MUL0.u_fp_mul                                 |                             floating_point_0_HD681 |        154 |        139 |       0 |   15 |   315 |      0 |      0 |    0 |          2 |
|         U0                                              |      floating_point_0_floating_point_v7_1_21_HD682 |        154 |        139 |       0 |   15 |   315 |      0 |      0 |    0 |          2 |
|           i_synth                                       |  floating_point_0_floating_point_v7_1_21_viv_HD683 |        154 |        139 |       0 |   15 |   315 |      0 |      0 |    0 |          2 |
|             need_combiner.use_2to1.skid_buffer_combiner |              floating_point_0_axi_slave_2to1_HD755 |         59 |         59 |       0 |    0 |   135 |      0 |      0 |    0 |          0 |
|             MULT.OP                                     |                    floating_point_0_flt_mult_HD684 |         93 |         78 |       0 |   15 |   171 |      0 |      0 |    0 |          2 |
|               i_non_prim.EXP                            |                floating_point_0_flt_mult_exp_HD685 |         55 |         48 |       0 |    7 |    48 |      0 |      0 |    0 |          0 |
|               i_non_prim.R_AND_R                        |              floating_point_0_flt_mult_round_HD733 |         22 |         14 |       0 |    8 |    62 |      0 |      0 |    0 |          0 |
|                 LOGIC.R_AND_R                           |      floating_point_0_renorm_and_round_logic_HD734 |         22 |         14 |       0 |    8 |    62 |      0 |      0 |    0 |          0 |
|     GEN_PV_LANE[9].u_add                                |                            fp32_add_ip__xdcDup__10 |        241 |        229 |       0 |   12 |   460 |      0 |      0 |    0 |          2 |
|       u_fp_add                                          |                            floating_point_1_HD3360 |        241 |        229 |       0 |   12 |   460 |      0 |      0 |    0 |          2 |
|         U0                                              |     floating_point_1_floating_point_v7_1_21_HD3361 |        241 |        229 |       0 |   12 |   460 |      0 |      0 |    0 |          2 |
|           i_synth                                       | floating_point_1_floating_point_v7_1_21_viv_HD3362 |        241 |        229 |       0 |   12 |   460 |      0 |      0 |    0 |          2 |
|             need_combiner.use_2to1.skid_buffer_combiner |             floating_point_1_axi_slave_2to1_HD3465 |         75 |         75 |       0 |    0 |   135 |      0 |      0 |    0 |          0 |
|             ADDSUB_OP.ADDSUB                            |                    floating_point_1_flt_add_HD3363 |        164 |        152 |       0 |   12 |   313 |      0 |      0 |    0 |          2 |
|               DSP.OP                                    |                floating_point_1_flt_add_dsp_HD3364 |        164 |        152 |       0 |   12 |   313 |      0 |      0 |    0 |          2 |
|                 DSP48E1_BODY.ALIGN_ADD                  |      floating_point_1_align_add_dsp48e1_sgl_HD3369 |         13 |         12 |       0 |    1 |    73 |      0 |      0 |    0 |          1 |
|                 DSP48E1_BODY.EXP                        |             floating_point_1_flt_add_exp_sp_HD3388 |         69 |         58 |       0 |   11 |    92 |      0 |      0 |    0 |          0 |
|                 DSP48E1_BODY.NORM_RND                   | floating_point_1_norm_and_round_dsp48e1_sgl_HD3442 |         36 |         36 |       0 |    0 |    70 |      0 |      0 |    0 |          1 |
|     GEN_PV_LANE[9].u_mul                                |                            fp32_mul_ip__xdcDup__10 |        154 |        139 |       0 |   15 |   315 |      0 |      0 |    0 |          2 |
|       GEN_MUL0.u_fp_mul                                 |                             floating_point_0_HD756 |        154 |        139 |       0 |   15 |   315 |      0 |      0 |    0 |          2 |
|         U0                                              |      floating_point_0_floating_point_v7_1_21_HD757 |        154 |        139 |       0 |   15 |   315 |      0 |      0 |    0 |          2 |
|           i_synth                                       |  floating_point_0_floating_point_v7_1_21_viv_HD758 |        154 |        139 |       0 |   15 |   315 |      0 |      0 |    0 |          2 |
|             need_combiner.use_2to1.skid_buffer_combiner |              floating_point_0_axi_slave_2to1_HD830 |         59 |         59 |       0 |    0 |   135 |      0 |      0 |    0 |          0 |
|             MULT.OP                                     |                    floating_point_0_flt_mult_HD759 |         93 |         78 |       0 |   15 |   171 |      0 |      0 |    0 |          2 |
|               i_non_prim.EXP                            |                floating_point_0_flt_mult_exp_HD760 |         55 |         48 |       0 |    7 |    48 |      0 |      0 |    0 |          0 |
|               i_non_prim.R_AND_R                        |              floating_point_0_flt_mult_round_HD808 |         22 |         14 |       0 |    8 |    62 |      0 |      0 |    0 |          0 |
|                 LOGIC.R_AND_R                           |      floating_point_0_renorm_and_round_logic_HD809 |         22 |         14 |       0 |    8 |    62 |      0 |      0 |    0 |          0 |
|   u_normalize                                           |                     cats_r4_b3_pv_normalize_32lane |       5415 |       4931 |       4 |  480 | 10803 |      0 |      0 |    0 |         64 |
|     (u_normalize)                                       |                     cats_r4_b3_pv_normalize_32lane |        359 |        355 |       4 |    0 |   723 |      0 |      0 |    0 |          0 |
|     GEN_NORM_LANE[0].u_mul                              |             fp32_mul_ip__parameterized0__xdcDup__1 |        154 |        139 |       0 |   15 |   315 |      0 |      0 |    0 |          2 |
|       GEN_MUL2.u_fp_mul                                 |                                   floating_point_2 |        154 |        139 |       0 |   15 |   315 |      0 |      0 |    0 |          2 |
|         U0                                              |            floating_point_2_floating_point_v7_1_21 |        154 |        139 |       0 |   15 |   315 |      0 |      0 |    0 |          2 |
|           i_synth                                       |        floating_point_2_floating_point_v7_1_21_viv |        154 |        139 |       0 |   15 |   315 |      0 |      0 |    0 |          2 |
|             need_combiner.use_2to1.skid_buffer_combiner |                    floating_point_2_axi_slave_2to1 |         59 |         59 |       0 |    0 |   135 |      0 |      0 |    0 |          0 |
|             MULT.OP                                     |                          floating_point_2_flt_mult |         93 |         78 |       0 |   15 |   171 |      0 |      0 |    0 |          2 |
|               i_non_prim.EXP                            |                      floating_point_2_flt_mult_exp |         55 |         48 |       0 |    7 |    48 |      0 |      0 |    0 |          0 |
|               i_non_prim.R_AND_R                        |                    floating_point_2_flt_mult_round |         22 |         14 |       0 |    8 |    62 |      0 |      0 |    0 |          0 |
|                 LOGIC.R_AND_R                           |            floating_point_2_renorm_and_round_logic |         22 |         14 |       0 |    8 |    62 |      0 |      0 |    0 |          0 |
|     GEN_NORM_LANE[10].u_mul                             |            fp32_mul_ip__parameterized0__xdcDup__11 |        154 |        139 |       0 |   15 |   315 |      0 |      0 |    0 |          2 |
|       GEN_MUL2.u_fp_mul                                 |                            floating_point_2_HD6504 |        154 |        139 |       0 |   15 |   315 |      0 |      0 |    0 |          2 |
|         U0                                              |     floating_point_2_floating_point_v7_1_21_HD6505 |        154 |        139 |       0 |   15 |   315 |      0 |      0 |    0 |          2 |
|           i_synth                                       | floating_point_2_floating_point_v7_1_21_viv_HD6506 |        154 |        139 |       0 |   15 |   315 |      0 |      0 |    0 |          2 |
|             need_combiner.use_2to1.skid_buffer_combiner |             floating_point_2_axi_slave_2to1_HD6578 |         59 |         59 |       0 |    0 |   135 |      0 |      0 |    0 |          0 |
|             MULT.OP                                     |                   floating_point_2_flt_mult_HD6507 |         93 |         78 |       0 |   15 |   171 |      0 |      0 |    0 |          2 |
|               i_non_prim.EXP                            |               floating_point_2_flt_mult_exp_HD6508 |         55 |         48 |       0 |    7 |    48 |      0 |      0 |    0 |          0 |
|               i_non_prim.R_AND_R                        |             floating_point_2_flt_mult_round_HD6556 |         22 |         14 |       0 |    8 |    62 |      0 |      0 |    0 |          0 |
|                 LOGIC.R_AND_R                           |     floating_point_2_renorm_and_round_logic_HD6557 |         22 |         14 |       0 |    8 |    62 |      0 |      0 |    0 |          0 |
|     GEN_NORM_LANE[11].u_mul                             |            fp32_mul_ip__parameterized0__xdcDup__12 |        154 |        139 |       0 |   15 |   315 |      0 |      0 |    0 |          2 |
|       GEN_MUL2.u_fp_mul                                 |                            floating_point_2_HD6579 |        154 |        139 |       0 |   15 |   315 |      0 |      0 |    0 |          2 |
|         U0                                              |     floating_point_2_floating_point_v7_1_21_HD6580 |        154 |        139 |       0 |   15 |   315 |      0 |      0 |    0 |          2 |
|           i_synth                                       | floating_point_2_floating_point_v7_1_21_viv_HD6581 |        154 |        139 |       0 |   15 |   315 |      0 |      0 |    0 |          2 |
|             need_combiner.use_2to1.skid_buffer_combiner |             floating_point_2_axi_slave_2to1_HD6653 |         59 |         59 |       0 |    0 |   135 |      0 |      0 |    0 |          0 |
|             MULT.OP                                     |                   floating_point_2_flt_mult_HD6582 |         93 |         78 |       0 |   15 |   171 |      0 |      0 |    0 |          2 |
|               i_non_prim.EXP                            |               floating_point_2_flt_mult_exp_HD6583 |         55 |         48 |       0 |    7 |    48 |      0 |      0 |    0 |          0 |
|               i_non_prim.R_AND_R                        |             floating_point_2_flt_mult_round_HD6631 |         22 |         14 |       0 |    8 |    62 |      0 |      0 |    0 |          0 |
|                 LOGIC.R_AND_R                           |     floating_point_2_renorm_and_round_logic_HD6632 |         22 |         14 |       0 |    8 |    62 |      0 |      0 |    0 |          0 |
|     GEN_NORM_LANE[12].u_mul                             |            fp32_mul_ip__parameterized0__xdcDup__13 |        154 |        139 |       0 |   15 |   315 |      0 |      0 |    0 |          2 |
|       GEN_MUL2.u_fp_mul                                 |                            floating_point_2_HD6654 |        154 |        139 |       0 |   15 |   315 |      0 |      0 |    0 |          2 |
|         U0                                              |     floating_point_2_floating_point_v7_1_21_HD6655 |        154 |        139 |       0 |   15 |   315 |      0 |      0 |    0 |          2 |
|           i_synth                                       | floating_point_2_floating_point_v7_1_21_viv_HD6656 |        154 |        139 |       0 |   15 |   315 |      0 |      0 |    0 |          2 |
|             need_combiner.use_2to1.skid_buffer_combiner |             floating_point_2_axi_slave_2to1_HD6728 |         59 |         59 |       0 |    0 |   135 |      0 |      0 |    0 |          0 |
|             MULT.OP                                     |                   floating_point_2_flt_mult_HD6657 |         93 |         78 |       0 |   15 |   171 |      0 |      0 |    0 |          2 |
|               i_non_prim.EXP                            |               floating_point_2_flt_mult_exp_HD6658 |         55 |         48 |       0 |    7 |    48 |      0 |      0 |    0 |          0 |
|               i_non_prim.R_AND_R                        |             floating_point_2_flt_mult_round_HD6706 |         22 |         14 |       0 |    8 |    62 |      0 |      0 |    0 |          0 |
|                 LOGIC.R_AND_R                           |     floating_point_2_renorm_and_round_logic_HD6707 |         22 |         14 |       0 |    8 |    62 |      0 |      0 |    0 |          0 |
|     GEN_NORM_LANE[13].u_mul                             |            fp32_mul_ip__parameterized0__xdcDup__14 |        154 |        139 |       0 |   15 |   315 |      0 |      0 |    0 |          2 |
|       GEN_MUL2.u_fp_mul                                 |                            floating_point_2_HD6729 |        154 |        139 |       0 |   15 |   315 |      0 |      0 |    0 |          2 |
|         U0                                              |     floating_point_2_floating_point_v7_1_21_HD6730 |        154 |        139 |       0 |   15 |   315 |      0 |      0 |    0 |          2 |
|           i_synth                                       | floating_point_2_floating_point_v7_1_21_viv_HD6731 |        154 |        139 |       0 |   15 |   315 |      0 |      0 |    0 |          2 |
|             need_combiner.use_2to1.skid_buffer_combiner |             floating_point_2_axi_slave_2to1_HD6803 |         59 |         59 |       0 |    0 |   135 |      0 |      0 |    0 |          0 |
|             MULT.OP                                     |                   floating_point_2_flt_mult_HD6732 |         93 |         78 |       0 |   15 |   171 |      0 |      0 |    0 |          2 |
|               i_non_prim.EXP                            |               floating_point_2_flt_mult_exp_HD6733 |         55 |         48 |       0 |    7 |    48 |      0 |      0 |    0 |          0 |
|               i_non_prim.R_AND_R                        |             floating_point_2_flt_mult_round_HD6781 |         22 |         14 |       0 |    8 |    62 |      0 |      0 |    0 |          0 |
|                 LOGIC.R_AND_R                           |     floating_point_2_renorm_and_round_logic_HD6782 |         22 |         14 |       0 |    8 |    62 |      0 |      0 |    0 |          0 |
|     GEN_NORM_LANE[14].u_mul                             |            fp32_mul_ip__parameterized0__xdcDup__15 |        154 |        139 |       0 |   15 |   315 |      0 |      0 |    0 |          2 |
|       GEN_MUL2.u_fp_mul                                 |                            floating_point_2_HD6804 |        154 |        139 |       0 |   15 |   315 |      0 |      0 |    0 |          2 |
|         U0                                              |     floating_point_2_floating_point_v7_1_21_HD6805 |        154 |        139 |       0 |   15 |   315 |      0 |      0 |    0 |          2 |
|           i_synth                                       | floating_point_2_floating_point_v7_1_21_viv_HD6806 |        154 |        139 |       0 |   15 |   315 |      0 |      0 |    0 |          2 |
|             need_combiner.use_2to1.skid_buffer_combiner |             floating_point_2_axi_slave_2to1_HD6878 |         59 |         59 |       0 |    0 |   135 |      0 |      0 |    0 |          0 |
|             MULT.OP                                     |                   floating_point_2_flt_mult_HD6807 |         93 |         78 |       0 |   15 |   171 |      0 |      0 |    0 |          2 |
|               i_non_prim.EXP                            |               floating_point_2_flt_mult_exp_HD6808 |         55 |         48 |       0 |    7 |    48 |      0 |      0 |    0 |          0 |
|               i_non_prim.R_AND_R                        |             floating_point_2_flt_mult_round_HD6856 |         22 |         14 |       0 |    8 |    62 |      0 |      0 |    0 |          0 |
|                 LOGIC.R_AND_R                           |     floating_point_2_renorm_and_round_logic_HD6857 |         22 |         14 |       0 |    8 |    62 |      0 |      0 |    0 |          0 |
|     GEN_NORM_LANE[15].u_mul                             |            fp32_mul_ip__parameterized0__xdcDup__16 |        154 |        139 |       0 |   15 |   315 |      0 |      0 |    0 |          2 |
|       GEN_MUL2.u_fp_mul                                 |                            floating_point_2_HD6879 |        154 |        139 |       0 |   15 |   315 |      0 |      0 |    0 |          2 |
|         U0                                              |     floating_point_2_floating_point_v7_1_21_HD6880 |        154 |        139 |       0 |   15 |   315 |      0 |      0 |    0 |          2 |
|           i_synth                                       | floating_point_2_floating_point_v7_1_21_viv_HD6881 |        154 |        139 |       0 |   15 |   315 |      0 |      0 |    0 |          2 |
|             need_combiner.use_2to1.skid_buffer_combiner |             floating_point_2_axi_slave_2to1_HD6953 |         59 |         59 |       0 |    0 |   135 |      0 |      0 |    0 |          0 |
|             MULT.OP                                     |                   floating_point_2_flt_mult_HD6882 |         93 |         78 |       0 |   15 |   171 |      0 |      0 |    0 |          2 |
|               i_non_prim.EXP                            |               floating_point_2_flt_mult_exp_HD6883 |         55 |         48 |       0 |    7 |    48 |      0 |      0 |    0 |          0 |
|               i_non_prim.R_AND_R                        |             floating_point_2_flt_mult_round_HD6931 |         22 |         14 |       0 |    8 |    62 |      0 |      0 |    0 |          0 |
|                 LOGIC.R_AND_R                           |     floating_point_2_renorm_and_round_logic_HD6932 |         22 |         14 |       0 |    8 |    62 |      0 |      0 |    0 |          0 |
|     GEN_NORM_LANE[16].u_mul                             |            fp32_mul_ip__parameterized0__xdcDup__17 |        154 |        139 |       0 |   15 |   315 |      0 |      0 |    0 |          2 |
|       GEN_MUL2.u_fp_mul                                 |                            floating_point_2_HD6954 |        154 |        139 |       0 |   15 |   315 |      0 |      0 |    0 |          2 |
|         U0                                              |     floating_point_2_floating_point_v7_1_21_HD6955 |        154 |        139 |       0 |   15 |   315 |      0 |      0 |    0 |          2 |
|           i_synth                                       | floating_point_2_floating_point_v7_1_21_viv_HD6956 |        154 |        139 |       0 |   15 |   315 |      0 |      0 |    0 |          2 |
|             need_combiner.use_2to1.skid_buffer_combiner |             floating_point_2_axi_slave_2to1_HD7028 |         59 |         59 |       0 |    0 |   135 |      0 |      0 |    0 |          0 |
|             MULT.OP                                     |                   floating_point_2_flt_mult_HD6957 |         93 |         78 |       0 |   15 |   171 |      0 |      0 |    0 |          2 |
|               i_non_prim.EXP                            |               floating_point_2_flt_mult_exp_HD6958 |         55 |         48 |       0 |    7 |    48 |      0 |      0 |    0 |          0 |
|               i_non_prim.R_AND_R                        |             floating_point_2_flt_mult_round_HD7006 |         22 |         14 |       0 |    8 |    62 |      0 |      0 |    0 |          0 |
|                 LOGIC.R_AND_R                           |     floating_point_2_renorm_and_round_logic_HD7007 |         22 |         14 |       0 |    8 |    62 |      0 |      0 |    0 |          0 |
|     GEN_NORM_LANE[17].u_mul                             |            fp32_mul_ip__parameterized0__xdcDup__18 |        154 |        139 |       0 |   15 |   315 |      0 |      0 |    0 |          2 |
|       GEN_MUL2.u_fp_mul                                 |                            floating_point_2_HD7029 |        154 |        139 |       0 |   15 |   315 |      0 |      0 |    0 |          2 |
|         U0                                              |     floating_point_2_floating_point_v7_1_21_HD7030 |        154 |        139 |       0 |   15 |   315 |      0 |      0 |    0 |          2 |
|           i_synth                                       | floating_point_2_floating_point_v7_1_21_viv_HD7031 |        154 |        139 |       0 |   15 |   315 |      0 |      0 |    0 |          2 |
|             need_combiner.use_2to1.skid_buffer_combiner |             floating_point_2_axi_slave_2to1_HD7103 |         59 |         59 |       0 |    0 |   135 |      0 |      0 |    0 |          0 |
|             MULT.OP                                     |                   floating_point_2_flt_mult_HD7032 |         93 |         78 |       0 |   15 |   171 |      0 |      0 |    0 |          2 |
|               i_non_prim.EXP                            |               floating_point_2_flt_mult_exp_HD7033 |         55 |         48 |       0 |    7 |    48 |      0 |      0 |    0 |          0 |
|               i_non_prim.R_AND_R                        |             floating_point_2_flt_mult_round_HD7081 |         22 |         14 |       0 |    8 |    62 |      0 |      0 |    0 |          0 |
|                 LOGIC.R_AND_R                           |     floating_point_2_renorm_and_round_logic_HD7082 |         22 |         14 |       0 |    8 |    62 |      0 |      0 |    0 |          0 |
|     GEN_NORM_LANE[18].u_mul                             |            fp32_mul_ip__parameterized0__xdcDup__19 |        154 |        139 |       0 |   15 |   315 |      0 |      0 |    0 |          2 |
|       GEN_MUL2.u_fp_mul                                 |                            floating_point_2_HD7104 |        154 |        139 |       0 |   15 |   315 |      0 |      0 |    0 |          2 |
|         U0                                              |     floating_point_2_floating_point_v7_1_21_HD7105 |        154 |        139 |       0 |   15 |   315 |      0 |      0 |    0 |          2 |
|           i_synth                                       | floating_point_2_floating_point_v7_1_21_viv_HD7106 |        154 |        139 |       0 |   15 |   315 |      0 |      0 |    0 |          2 |
|             need_combiner.use_2to1.skid_buffer_combiner |             floating_point_2_axi_slave_2to1_HD7178 |         59 |         59 |       0 |    0 |   135 |      0 |      0 |    0 |          0 |
|             MULT.OP                                     |                   floating_point_2_flt_mult_HD7107 |         93 |         78 |       0 |   15 |   171 |      0 |      0 |    0 |          2 |
|               i_non_prim.EXP                            |               floating_point_2_flt_mult_exp_HD7108 |         55 |         48 |       0 |    7 |    48 |      0 |      0 |    0 |          0 |
|               i_non_prim.R_AND_R                        |             floating_point_2_flt_mult_round_HD7156 |         22 |         14 |       0 |    8 |    62 |      0 |      0 |    0 |          0 |
|                 LOGIC.R_AND_R                           |     floating_point_2_renorm_and_round_logic_HD7157 |         22 |         14 |       0 |    8 |    62 |      0 |      0 |    0 |          0 |
|     GEN_NORM_LANE[19].u_mul                             |            fp32_mul_ip__parameterized0__xdcDup__20 |        154 |        139 |       0 |   15 |   315 |      0 |      0 |    0 |          2 |
|       GEN_MUL2.u_fp_mul                                 |                            floating_point_2_HD7179 |        154 |        139 |       0 |   15 |   315 |      0 |      0 |    0 |          2 |
|         U0                                              |     floating_point_2_floating_point_v7_1_21_HD7180 |        154 |        139 |       0 |   15 |   315 |      0 |      0 |    0 |          2 |
|           i_synth                                       | floating_point_2_floating_point_v7_1_21_viv_HD7181 |        154 |        139 |       0 |   15 |   315 |      0 |      0 |    0 |          2 |
|             need_combiner.use_2to1.skid_buffer_combiner |             floating_point_2_axi_slave_2to1_HD7253 |         59 |         59 |       0 |    0 |   135 |      0 |      0 |    0 |          0 |
|             MULT.OP                                     |                   floating_point_2_flt_mult_HD7182 |         93 |         78 |       0 |   15 |   171 |      0 |      0 |    0 |          2 |
|               i_non_prim.EXP                            |               floating_point_2_flt_mult_exp_HD7183 |         55 |         48 |       0 |    7 |    48 |      0 |      0 |    0 |          0 |
|               i_non_prim.R_AND_R                        |             floating_point_2_flt_mult_round_HD7231 |         22 |         14 |       0 |    8 |    62 |      0 |      0 |    0 |          0 |
|                 LOGIC.R_AND_R                           |     floating_point_2_renorm_and_round_logic_HD7232 |         22 |         14 |       0 |    8 |    62 |      0 |      0 |    0 |          0 |
|     GEN_NORM_LANE[1].u_mul                              |             fp32_mul_ip__parameterized0__xdcDup__2 |        154 |        139 |       0 |   15 |   315 |      0 |      0 |    0 |          2 |
|       GEN_MUL2.u_fp_mul                                 |                            floating_point_2_HD5829 |        154 |        139 |       0 |   15 |   315 |      0 |      0 |    0 |          2 |
|         U0                                              |     floating_point_2_floating_point_v7_1_21_HD5830 |        154 |        139 |       0 |   15 |   315 |      0 |      0 |    0 |          2 |
|           i_synth                                       | floating_point_2_floating_point_v7_1_21_viv_HD5831 |        154 |        139 |       0 |   15 |   315 |      0 |      0 |    0 |          2 |
|             need_combiner.use_2to1.skid_buffer_combiner |             floating_point_2_axi_slave_2to1_HD5903 |         59 |         59 |       0 |    0 |   135 |      0 |      0 |    0 |          0 |
|             MULT.OP                                     |                   floating_point_2_flt_mult_HD5832 |         93 |         78 |       0 |   15 |   171 |      0 |      0 |    0 |          2 |
|               i_non_prim.EXP                            |               floating_point_2_flt_mult_exp_HD5833 |         55 |         48 |       0 |    7 |    48 |      0 |      0 |    0 |          0 |
|               i_non_prim.R_AND_R                        |             floating_point_2_flt_mult_round_HD5881 |         22 |         14 |       0 |    8 |    62 |      0 |      0 |    0 |          0 |
|                 LOGIC.R_AND_R                           |     floating_point_2_renorm_and_round_logic_HD5882 |         22 |         14 |       0 |    8 |    62 |      0 |      0 |    0 |          0 |
|     GEN_NORM_LANE[20].u_mul                             |            fp32_mul_ip__parameterized0__xdcDup__21 |        154 |        139 |       0 |   15 |   315 |      0 |      0 |    0 |          2 |
|       GEN_MUL2.u_fp_mul                                 |                            floating_point_2_HD7254 |        154 |        139 |       0 |   15 |   315 |      0 |      0 |    0 |          2 |
|         U0                                              |     floating_point_2_floating_point_v7_1_21_HD7255 |        154 |        139 |       0 |   15 |   315 |      0 |      0 |    0 |          2 |
|           i_synth                                       | floating_point_2_floating_point_v7_1_21_viv_HD7256 |        154 |        139 |       0 |   15 |   315 |      0 |      0 |    0 |          2 |
|             need_combiner.use_2to1.skid_buffer_combiner |             floating_point_2_axi_slave_2to1_HD7328 |         59 |         59 |       0 |    0 |   135 |      0 |      0 |    0 |          0 |
|             MULT.OP                                     |                   floating_point_2_flt_mult_HD7257 |         93 |         78 |       0 |   15 |   171 |      0 |      0 |    0 |          2 |
|               i_non_prim.EXP                            |               floating_point_2_flt_mult_exp_HD7258 |         55 |         48 |       0 |    7 |    48 |      0 |      0 |    0 |          0 |
|               i_non_prim.R_AND_R                        |             floating_point_2_flt_mult_round_HD7306 |         22 |         14 |       0 |    8 |    62 |      0 |      0 |    0 |          0 |
|                 LOGIC.R_AND_R                           |     floating_point_2_renorm_and_round_logic_HD7307 |         22 |         14 |       0 |    8 |    62 |      0 |      0 |    0 |          0 |
|     GEN_NORM_LANE[21].u_mul                             |            fp32_mul_ip__parameterized0__xdcDup__22 |        154 |        139 |       0 |   15 |   315 |      0 |      0 |    0 |          2 |
|       GEN_MUL2.u_fp_mul                                 |                            floating_point_2_HD7329 |        154 |        139 |       0 |   15 |   315 |      0 |      0 |    0 |          2 |
|         U0                                              |     floating_point_2_floating_point_v7_1_21_HD7330 |        154 |        139 |       0 |   15 |   315 |      0 |      0 |    0 |          2 |
|           i_synth                                       | floating_point_2_floating_point_v7_1_21_viv_HD7331 |        154 |        139 |       0 |   15 |   315 |      0 |      0 |    0 |          2 |
|             need_combiner.use_2to1.skid_buffer_combiner |             floating_point_2_axi_slave_2to1_HD7403 |         59 |         59 |       0 |    0 |   135 |      0 |      0 |    0 |          0 |
|             MULT.OP                                     |                   floating_point_2_flt_mult_HD7332 |         93 |         78 |       0 |   15 |   171 |      0 |      0 |    0 |          2 |
|               i_non_prim.EXP                            |               floating_point_2_flt_mult_exp_HD7333 |         55 |         48 |       0 |    7 |    48 |      0 |      0 |    0 |          0 |
|               i_non_prim.R_AND_R                        |             floating_point_2_flt_mult_round_HD7381 |         22 |         14 |       0 |    8 |    62 |      0 |      0 |    0 |          0 |
|                 LOGIC.R_AND_R                           |     floating_point_2_renorm_and_round_logic_HD7382 |         22 |         14 |       0 |    8 |    62 |      0 |      0 |    0 |          0 |
|     GEN_NORM_LANE[22].u_mul                             |            fp32_mul_ip__parameterized0__xdcDup__23 |        154 |        139 |       0 |   15 |   315 |      0 |      0 |    0 |          2 |
|       GEN_MUL2.u_fp_mul                                 |                            floating_point_2_HD7404 |        154 |        139 |       0 |   15 |   315 |      0 |      0 |    0 |          2 |
|         U0                                              |     floating_point_2_floating_point_v7_1_21_HD7405 |        154 |        139 |       0 |   15 |   315 |      0 |      0 |    0 |          2 |
|           i_synth                                       | floating_point_2_floating_point_v7_1_21_viv_HD7406 |        154 |        139 |       0 |   15 |   315 |      0 |      0 |    0 |          2 |
|             need_combiner.use_2to1.skid_buffer_combiner |             floating_point_2_axi_slave_2to1_HD7478 |         59 |         59 |       0 |    0 |   135 |      0 |      0 |    0 |          0 |
|             MULT.OP                                     |                   floating_point_2_flt_mult_HD7407 |         93 |         78 |       0 |   15 |   171 |      0 |      0 |    0 |          2 |
|               i_non_prim.EXP                            |               floating_point_2_flt_mult_exp_HD7408 |         55 |         48 |       0 |    7 |    48 |      0 |      0 |    0 |          0 |
|               i_non_prim.R_AND_R                        |             floating_point_2_flt_mult_round_HD7456 |         22 |         14 |       0 |    8 |    62 |      0 |      0 |    0 |          0 |
|                 LOGIC.R_AND_R                           |     floating_point_2_renorm_and_round_logic_HD7457 |         22 |         14 |       0 |    8 |    62 |      0 |      0 |    0 |          0 |
|     GEN_NORM_LANE[23].u_mul                             |            fp32_mul_ip__parameterized0__xdcDup__24 |        154 |        139 |       0 |   15 |   315 |      0 |      0 |    0 |          2 |
|       GEN_MUL2.u_fp_mul                                 |                            floating_point_2_HD7479 |        154 |        139 |       0 |   15 |   315 |      0 |      0 |    0 |          2 |
|         U0                                              |     floating_point_2_floating_point_v7_1_21_HD7480 |        154 |        139 |       0 |   15 |   315 |      0 |      0 |    0 |          2 |
|           i_synth                                       | floating_point_2_floating_point_v7_1_21_viv_HD7481 |        154 |        139 |       0 |   15 |   315 |      0 |      0 |    0 |          2 |
|             need_combiner.use_2to1.skid_buffer_combiner |             floating_point_2_axi_slave_2to1_HD7553 |         59 |         59 |       0 |    0 |   135 |      0 |      0 |    0 |          0 |
|             MULT.OP                                     |                   floating_point_2_flt_mult_HD7482 |         93 |         78 |       0 |   15 |   171 |      0 |      0 |    0 |          2 |
|               i_non_prim.EXP                            |               floating_point_2_flt_mult_exp_HD7483 |         55 |         48 |       0 |    7 |    48 |      0 |      0 |    0 |          0 |
|               i_non_prim.R_AND_R                        |             floating_point_2_flt_mult_round_HD7531 |         22 |         14 |       0 |    8 |    62 |      0 |      0 |    0 |          0 |
|                 LOGIC.R_AND_R                           |     floating_point_2_renorm_and_round_logic_HD7532 |         22 |         14 |       0 |    8 |    62 |      0 |      0 |    0 |          0 |
|     GEN_NORM_LANE[24].u_mul                             |            fp32_mul_ip__parameterized0__xdcDup__25 |        154 |        139 |       0 |   15 |   315 |      0 |      0 |    0 |          2 |
|       GEN_MUL2.u_fp_mul                                 |                            floating_point_2_HD7554 |        154 |        139 |       0 |   15 |   315 |      0 |      0 |    0 |          2 |
|         U0                                              |     floating_point_2_floating_point_v7_1_21_HD7555 |        154 |        139 |       0 |   15 |   315 |      0 |      0 |    0 |          2 |
|           i_synth                                       | floating_point_2_floating_point_v7_1_21_viv_HD7556 |        154 |        139 |       0 |   15 |   315 |      0 |      0 |    0 |          2 |
|             need_combiner.use_2to1.skid_buffer_combiner |             floating_point_2_axi_slave_2to1_HD7628 |         59 |         59 |       0 |    0 |   135 |      0 |      0 |    0 |          0 |
|             MULT.OP                                     |                   floating_point_2_flt_mult_HD7557 |         93 |         78 |       0 |   15 |   171 |      0 |      0 |    0 |          2 |
|               i_non_prim.EXP                            |               floating_point_2_flt_mult_exp_HD7558 |         55 |         48 |       0 |    7 |    48 |      0 |      0 |    0 |          0 |
|               i_non_prim.R_AND_R                        |             floating_point_2_flt_mult_round_HD7606 |         22 |         14 |       0 |    8 |    62 |      0 |      0 |    0 |          0 |
|                 LOGIC.R_AND_R                           |     floating_point_2_renorm_and_round_logic_HD7607 |         22 |         14 |       0 |    8 |    62 |      0 |      0 |    0 |          0 |
|     GEN_NORM_LANE[25].u_mul                             |            fp32_mul_ip__parameterized0__xdcDup__26 |        154 |        139 |       0 |   15 |   315 |      0 |      0 |    0 |          2 |
|       GEN_MUL2.u_fp_mul                                 |                            floating_point_2_HD7629 |        154 |        139 |       0 |   15 |   315 |      0 |      0 |    0 |          2 |
|         U0                                              |     floating_point_2_floating_point_v7_1_21_HD7630 |        154 |        139 |       0 |   15 |   315 |      0 |      0 |    0 |          2 |
|           i_synth                                       | floating_point_2_floating_point_v7_1_21_viv_HD7631 |        154 |        139 |       0 |   15 |   315 |      0 |      0 |    0 |          2 |
|             need_combiner.use_2to1.skid_buffer_combiner |             floating_point_2_axi_slave_2to1_HD7703 |         59 |         59 |       0 |    0 |   135 |      0 |      0 |    0 |          0 |
|             MULT.OP                                     |                   floating_point_2_flt_mult_HD7632 |         93 |         78 |       0 |   15 |   171 |      0 |      0 |    0 |          2 |
|               i_non_prim.EXP                            |               floating_point_2_flt_mult_exp_HD7633 |         55 |         48 |       0 |    7 |    48 |      0 |      0 |    0 |          0 |
|               i_non_prim.R_AND_R                        |             floating_point_2_flt_mult_round_HD7681 |         22 |         14 |       0 |    8 |    62 |      0 |      0 |    0 |          0 |
|                 LOGIC.R_AND_R                           |     floating_point_2_renorm_and_round_logic_HD7682 |         22 |         14 |       0 |    8 |    62 |      0 |      0 |    0 |          0 |
|     GEN_NORM_LANE[26].u_mul                             |            fp32_mul_ip__parameterized0__xdcDup__27 |        154 |        139 |       0 |   15 |   315 |      0 |      0 |    0 |          2 |
|       GEN_MUL2.u_fp_mul                                 |                            floating_point_2_HD7704 |        154 |        139 |       0 |   15 |   315 |      0 |      0 |    0 |          2 |
|         U0                                              |     floating_point_2_floating_point_v7_1_21_HD7705 |        154 |        139 |       0 |   15 |   315 |      0 |      0 |    0 |          2 |
|           i_synth                                       | floating_point_2_floating_point_v7_1_21_viv_HD7706 |        154 |        139 |       0 |   15 |   315 |      0 |      0 |    0 |          2 |
|             need_combiner.use_2to1.skid_buffer_combiner |             floating_point_2_axi_slave_2to1_HD7778 |         59 |         59 |       0 |    0 |   135 |      0 |      0 |    0 |          0 |
|             MULT.OP                                     |                   floating_point_2_flt_mult_HD7707 |         93 |         78 |       0 |   15 |   171 |      0 |      0 |    0 |          2 |
|               i_non_prim.EXP                            |               floating_point_2_flt_mult_exp_HD7708 |         55 |         48 |       0 |    7 |    48 |      0 |      0 |    0 |          0 |
|               i_non_prim.R_AND_R                        |             floating_point_2_flt_mult_round_HD7756 |         22 |         14 |       0 |    8 |    62 |      0 |      0 |    0 |          0 |
|                 LOGIC.R_AND_R                           |     floating_point_2_renorm_and_round_logic_HD7757 |         22 |         14 |       0 |    8 |    62 |      0 |      0 |    0 |          0 |
|     GEN_NORM_LANE[27].u_mul                             |            fp32_mul_ip__parameterized0__xdcDup__28 |        154 |        139 |       0 |   15 |   315 |      0 |      0 |    0 |          2 |
|       GEN_MUL2.u_fp_mul                                 |                            floating_point_2_HD7779 |        154 |        139 |       0 |   15 |   315 |      0 |      0 |    0 |          2 |
|         U0                                              |     floating_point_2_floating_point_v7_1_21_HD7780 |        154 |        139 |       0 |   15 |   315 |      0 |      0 |    0 |          2 |
|           i_synth                                       | floating_point_2_floating_point_v7_1_21_viv_HD7781 |        154 |        139 |       0 |   15 |   315 |      0 |      0 |    0 |          2 |
|             need_combiner.use_2to1.skid_buffer_combiner |             floating_point_2_axi_slave_2to1_HD7853 |         59 |         59 |       0 |    0 |   135 |      0 |      0 |    0 |          0 |
|             MULT.OP                                     |                   floating_point_2_flt_mult_HD7782 |         93 |         78 |       0 |   15 |   171 |      0 |      0 |    0 |          2 |
|               i_non_prim.EXP                            |               floating_point_2_flt_mult_exp_HD7783 |         55 |         48 |       0 |    7 |    48 |      0 |      0 |    0 |          0 |
|               i_non_prim.R_AND_R                        |             floating_point_2_flt_mult_round_HD7831 |         22 |         14 |       0 |    8 |    62 |      0 |      0 |    0 |          0 |
|                 LOGIC.R_AND_R                           |     floating_point_2_renorm_and_round_logic_HD7832 |         22 |         14 |       0 |    8 |    62 |      0 |      0 |    0 |          0 |
|     GEN_NORM_LANE[28].u_mul                             |            fp32_mul_ip__parameterized0__xdcDup__29 |        154 |        139 |       0 |   15 |   315 |      0 |      0 |    0 |          2 |
|       GEN_MUL2.u_fp_mul                                 |                            floating_point_2_HD7854 |        154 |        139 |       0 |   15 |   315 |      0 |      0 |    0 |          2 |
|         U0                                              |     floating_point_2_floating_point_v7_1_21_HD7855 |        154 |        139 |       0 |   15 |   315 |      0 |      0 |    0 |          2 |
|           i_synth                                       | floating_point_2_floating_point_v7_1_21_viv_HD7856 |        154 |        139 |       0 |   15 |   315 |      0 |      0 |    0 |          2 |
|             need_combiner.use_2to1.skid_buffer_combiner |             floating_point_2_axi_slave_2to1_HD7928 |         59 |         59 |       0 |    0 |   135 |      0 |      0 |    0 |          0 |
|             MULT.OP                                     |                   floating_point_2_flt_mult_HD7857 |         93 |         78 |       0 |   15 |   171 |      0 |      0 |    0 |          2 |
|               i_non_prim.EXP                            |               floating_point_2_flt_mult_exp_HD7858 |         55 |         48 |       0 |    7 |    48 |      0 |      0 |    0 |          0 |
|               i_non_prim.R_AND_R                        |             floating_point_2_flt_mult_round_HD7906 |         22 |         14 |       0 |    8 |    62 |      0 |      0 |    0 |          0 |
|                 LOGIC.R_AND_R                           |     floating_point_2_renorm_and_round_logic_HD7907 |         22 |         14 |       0 |    8 |    62 |      0 |      0 |    0 |          0 |
|     GEN_NORM_LANE[29].u_mul                             |            fp32_mul_ip__parameterized0__xdcDup__30 |        154 |        139 |       0 |   15 |   315 |      0 |      0 |    0 |          2 |
|       GEN_MUL2.u_fp_mul                                 |                            floating_point_2_HD7929 |        154 |        139 |       0 |   15 |   315 |      0 |      0 |    0 |          2 |
|         U0                                              |     floating_point_2_floating_point_v7_1_21_HD7930 |        154 |        139 |       0 |   15 |   315 |      0 |      0 |    0 |          2 |
|           i_synth                                       | floating_point_2_floating_point_v7_1_21_viv_HD7931 |        154 |        139 |       0 |   15 |   315 |      0 |      0 |    0 |          2 |
|             need_combiner.use_2to1.skid_buffer_combiner |             floating_point_2_axi_slave_2to1_HD8003 |         59 |         59 |       0 |    0 |   135 |      0 |      0 |    0 |          0 |
|             MULT.OP                                     |                   floating_point_2_flt_mult_HD7932 |         93 |         78 |       0 |   15 |   171 |      0 |      0 |    0 |          2 |
|               i_non_prim.EXP                            |               floating_point_2_flt_mult_exp_HD7933 |         55 |         48 |       0 |    7 |    48 |      0 |      0 |    0 |          0 |
|               i_non_prim.R_AND_R                        |             floating_point_2_flt_mult_round_HD7981 |         22 |         14 |       0 |    8 |    62 |      0 |      0 |    0 |          0 |
|                 LOGIC.R_AND_R                           |     floating_point_2_renorm_and_round_logic_HD7982 |         22 |         14 |       0 |    8 |    62 |      0 |      0 |    0 |          0 |
|     GEN_NORM_LANE[2].u_mul                              |             fp32_mul_ip__parameterized0__xdcDup__3 |        154 |        139 |       0 |   15 |   315 |      0 |      0 |    0 |          2 |
|       GEN_MUL2.u_fp_mul                                 |                            floating_point_2_HD5904 |        154 |        139 |       0 |   15 |   315 |      0 |      0 |    0 |          2 |
|         U0                                              |     floating_point_2_floating_point_v7_1_21_HD5905 |        154 |        139 |       0 |   15 |   315 |      0 |      0 |    0 |          2 |
|           i_synth                                       | floating_point_2_floating_point_v7_1_21_viv_HD5906 |        154 |        139 |       0 |   15 |   315 |      0 |      0 |    0 |          2 |
|             need_combiner.use_2to1.skid_buffer_combiner |             floating_point_2_axi_slave_2to1_HD5978 |         59 |         59 |       0 |    0 |   135 |      0 |      0 |    0 |          0 |
|             MULT.OP                                     |                   floating_point_2_flt_mult_HD5907 |         93 |         78 |       0 |   15 |   171 |      0 |      0 |    0 |          2 |
|               i_non_prim.EXP                            |               floating_point_2_flt_mult_exp_HD5908 |         55 |         48 |       0 |    7 |    48 |      0 |      0 |    0 |          0 |
|               i_non_prim.R_AND_R                        |             floating_point_2_flt_mult_round_HD5956 |         22 |         14 |       0 |    8 |    62 |      0 |      0 |    0 |          0 |
|                 LOGIC.R_AND_R                           |     floating_point_2_renorm_and_round_logic_HD5957 |         22 |         14 |       0 |    8 |    62 |      0 |      0 |    0 |          0 |
|     GEN_NORM_LANE[30].u_mul                             |            fp32_mul_ip__parameterized0__xdcDup__31 |        154 |        139 |       0 |   15 |   315 |      0 |      0 |    0 |          2 |
|       GEN_MUL2.u_fp_mul                                 |                            floating_point_2_HD8004 |        154 |        139 |       0 |   15 |   315 |      0 |      0 |    0 |          2 |
|         U0                                              |     floating_point_2_floating_point_v7_1_21_HD8005 |        154 |        139 |       0 |   15 |   315 |      0 |      0 |    0 |          2 |
|           i_synth                                       | floating_point_2_floating_point_v7_1_21_viv_HD8006 |        154 |        139 |       0 |   15 |   315 |      0 |      0 |    0 |          2 |
|             need_combiner.use_2to1.skid_buffer_combiner |             floating_point_2_axi_slave_2to1_HD8078 |         59 |         59 |       0 |    0 |   135 |      0 |      0 |    0 |          0 |
|             MULT.OP                                     |                   floating_point_2_flt_mult_HD8007 |         93 |         78 |       0 |   15 |   171 |      0 |      0 |    0 |          2 |
|               i_non_prim.EXP                            |               floating_point_2_flt_mult_exp_HD8008 |         55 |         48 |       0 |    7 |    48 |      0 |      0 |    0 |          0 |
|               i_non_prim.R_AND_R                        |             floating_point_2_flt_mult_round_HD8056 |         22 |         14 |       0 |    8 |    62 |      0 |      0 |    0 |          0 |
|                 LOGIC.R_AND_R                           |     floating_point_2_renorm_and_round_logic_HD8057 |         22 |         14 |       0 |    8 |    62 |      0 |      0 |    0 |          0 |
|     GEN_NORM_LANE[31].u_mul                             |                        fp32_mul_ip__parameterized0 |        154 |        139 |       0 |   15 |   315 |      0 |      0 |    0 |          2 |
|       GEN_MUL2.u_fp_mul                                 |                            floating_point_2_HD8079 |        154 |        139 |       0 |   15 |   315 |      0 |      0 |    0 |          2 |
|         U0                                              |     floating_point_2_floating_point_v7_1_21_HD8080 |        154 |        139 |       0 |   15 |   315 |      0 |      0 |    0 |          2 |
|           i_synth                                       | floating_point_2_floating_point_v7_1_21_viv_HD8081 |        154 |        139 |       0 |   15 |   315 |      0 |      0 |    0 |          2 |
|             need_combiner.use_2to1.skid_buffer_combiner |             floating_point_2_axi_slave_2to1_HD8153 |         59 |         59 |       0 |    0 |   135 |      0 |      0 |    0 |          0 |
|             MULT.OP                                     |                   floating_point_2_flt_mult_HD8082 |         93 |         78 |       0 |   15 |   171 |      0 |      0 |    0 |          2 |
|               i_non_prim.EXP                            |               floating_point_2_flt_mult_exp_HD8083 |         55 |         48 |       0 |    7 |    48 |      0 |      0 |    0 |          0 |
|               i_non_prim.R_AND_R                        |             floating_point_2_flt_mult_round_HD8131 |         22 |         14 |       0 |    8 |    62 |      0 |      0 |    0 |          0 |
|                 LOGIC.R_AND_R                           |     floating_point_2_renorm_and_round_logic_HD8132 |         22 |         14 |       0 |    8 |    62 |      0 |      0 |    0 |          0 |
|     GEN_NORM_LANE[3].u_mul                              |             fp32_mul_ip__parameterized0__xdcDup__4 |        154 |        139 |       0 |   15 |   315 |      0 |      0 |    0 |          2 |
|       GEN_MUL2.u_fp_mul                                 |                            floating_point_2_HD5979 |        154 |        139 |       0 |   15 |   315 |      0 |      0 |    0 |          2 |
|         U0                                              |     floating_point_2_floating_point_v7_1_21_HD5980 |        154 |        139 |       0 |   15 |   315 |      0 |      0 |    0 |          2 |
|           i_synth                                       | floating_point_2_floating_point_v7_1_21_viv_HD5981 |        154 |        139 |       0 |   15 |   315 |      0 |      0 |    0 |          2 |
|             need_combiner.use_2to1.skid_buffer_combiner |             floating_point_2_axi_slave_2to1_HD6053 |         59 |         59 |       0 |    0 |   135 |      0 |      0 |    0 |          0 |
|             MULT.OP                                     |                   floating_point_2_flt_mult_HD5982 |         93 |         78 |       0 |   15 |   171 |      0 |      0 |    0 |          2 |
|               i_non_prim.EXP                            |               floating_point_2_flt_mult_exp_HD5983 |         55 |         48 |       0 |    7 |    48 |      0 |      0 |    0 |          0 |
|               i_non_prim.R_AND_R                        |             floating_point_2_flt_mult_round_HD6031 |         22 |         14 |       0 |    8 |    62 |      0 |      0 |    0 |          0 |
|                 LOGIC.R_AND_R                           |     floating_point_2_renorm_and_round_logic_HD6032 |         22 |         14 |       0 |    8 |    62 |      0 |      0 |    0 |          0 |
|     GEN_NORM_LANE[4].u_mul                              |             fp32_mul_ip__parameterized0__xdcDup__5 |        154 |        139 |       0 |   15 |   315 |      0 |      0 |    0 |          2 |
|       GEN_MUL2.u_fp_mul                                 |                            floating_point_2_HD6054 |        154 |        139 |       0 |   15 |   315 |      0 |      0 |    0 |          2 |
|         U0                                              |     floating_point_2_floating_point_v7_1_21_HD6055 |        154 |        139 |       0 |   15 |   315 |      0 |      0 |    0 |          2 |
|           i_synth                                       | floating_point_2_floating_point_v7_1_21_viv_HD6056 |        154 |        139 |       0 |   15 |   315 |      0 |      0 |    0 |          2 |
|             need_combiner.use_2to1.skid_buffer_combiner |             floating_point_2_axi_slave_2to1_HD6128 |         59 |         59 |       0 |    0 |   135 |      0 |      0 |    0 |          0 |
|             MULT.OP                                     |                   floating_point_2_flt_mult_HD6057 |         93 |         78 |       0 |   15 |   171 |      0 |      0 |    0 |          2 |
|               i_non_prim.EXP                            |               floating_point_2_flt_mult_exp_HD6058 |         55 |         48 |       0 |    7 |    48 |      0 |      0 |    0 |          0 |
|               i_non_prim.R_AND_R                        |             floating_point_2_flt_mult_round_HD6106 |         22 |         14 |       0 |    8 |    62 |      0 |      0 |    0 |          0 |
|                 LOGIC.R_AND_R                           |     floating_point_2_renorm_and_round_logic_HD6107 |         22 |         14 |       0 |    8 |    62 |      0 |      0 |    0 |          0 |
|     GEN_NORM_LANE[5].u_mul                              |             fp32_mul_ip__parameterized0__xdcDup__6 |        154 |        139 |       0 |   15 |   315 |      0 |      0 |    0 |          2 |
|       GEN_MUL2.u_fp_mul                                 |                            floating_point_2_HD6129 |        154 |        139 |       0 |   15 |   315 |      0 |      0 |    0 |          2 |
|         U0                                              |     floating_point_2_floating_point_v7_1_21_HD6130 |        154 |        139 |       0 |   15 |   315 |      0 |      0 |    0 |          2 |
|           i_synth                                       | floating_point_2_floating_point_v7_1_21_viv_HD6131 |        154 |        139 |       0 |   15 |   315 |      0 |      0 |    0 |          2 |
|             need_combiner.use_2to1.skid_buffer_combiner |             floating_point_2_axi_slave_2to1_HD6203 |         59 |         59 |       0 |    0 |   135 |      0 |      0 |    0 |          0 |
|             MULT.OP                                     |                   floating_point_2_flt_mult_HD6132 |         93 |         78 |       0 |   15 |   171 |      0 |      0 |    0 |          2 |
|               i_non_prim.EXP                            |               floating_point_2_flt_mult_exp_HD6133 |         55 |         48 |       0 |    7 |    48 |      0 |      0 |    0 |          0 |
|               i_non_prim.R_AND_R                        |             floating_point_2_flt_mult_round_HD6181 |         22 |         14 |       0 |    8 |    62 |      0 |      0 |    0 |          0 |
|                 LOGIC.R_AND_R                           |     floating_point_2_renorm_and_round_logic_HD6182 |         22 |         14 |       0 |    8 |    62 |      0 |      0 |    0 |          0 |
|     GEN_NORM_LANE[6].u_mul                              |             fp32_mul_ip__parameterized0__xdcDup__7 |        154 |        139 |       0 |   15 |   315 |      0 |      0 |    0 |          2 |
|       GEN_MUL2.u_fp_mul                                 |                            floating_point_2_HD6204 |        154 |        139 |       0 |   15 |   315 |      0 |      0 |    0 |          2 |
|         U0                                              |     floating_point_2_floating_point_v7_1_21_HD6205 |        154 |        139 |       0 |   15 |   315 |      0 |      0 |    0 |          2 |
|           i_synth                                       | floating_point_2_floating_point_v7_1_21_viv_HD6206 |        154 |        139 |       0 |   15 |   315 |      0 |      0 |    0 |          2 |
|             need_combiner.use_2to1.skid_buffer_combiner |             floating_point_2_axi_slave_2to1_HD6278 |         59 |         59 |       0 |    0 |   135 |      0 |      0 |    0 |          0 |
|             MULT.OP                                     |                   floating_point_2_flt_mult_HD6207 |         93 |         78 |       0 |   15 |   171 |      0 |      0 |    0 |          2 |
|               i_non_prim.EXP                            |               floating_point_2_flt_mult_exp_HD6208 |         55 |         48 |       0 |    7 |    48 |      0 |      0 |    0 |          0 |
|               i_non_prim.R_AND_R                        |             floating_point_2_flt_mult_round_HD6256 |         22 |         14 |       0 |    8 |    62 |      0 |      0 |    0 |          0 |
|                 LOGIC.R_AND_R                           |     floating_point_2_renorm_and_round_logic_HD6257 |         22 |         14 |       0 |    8 |    62 |      0 |      0 |    0 |          0 |
|     GEN_NORM_LANE[7].u_mul                              |             fp32_mul_ip__parameterized0__xdcDup__8 |        154 |        139 |       0 |   15 |   315 |      0 |      0 |    0 |          2 |
|       GEN_MUL2.u_fp_mul                                 |                            floating_point_2_HD6279 |        154 |        139 |       0 |   15 |   315 |      0 |      0 |    0 |          2 |
|         U0                                              |     floating_point_2_floating_point_v7_1_21_HD6280 |        154 |        139 |       0 |   15 |   315 |      0 |      0 |    0 |          2 |
|           i_synth                                       | floating_point_2_floating_point_v7_1_21_viv_HD6281 |        154 |        139 |       0 |   15 |   315 |      0 |      0 |    0 |          2 |
|             need_combiner.use_2to1.skid_buffer_combiner |             floating_point_2_axi_slave_2to1_HD6353 |         59 |         59 |       0 |    0 |   135 |      0 |      0 |    0 |          0 |
|             MULT.OP                                     |                   floating_point_2_flt_mult_HD6282 |         93 |         78 |       0 |   15 |   171 |      0 |      0 |    0 |          2 |
|               i_non_prim.EXP                            |               floating_point_2_flt_mult_exp_HD6283 |         55 |         48 |       0 |    7 |    48 |      0 |      0 |    0 |          0 |
|               i_non_prim.R_AND_R                        |             floating_point_2_flt_mult_round_HD6331 |         22 |         14 |       0 |    8 |    62 |      0 |      0 |    0 |          0 |
|                 LOGIC.R_AND_R                           |     floating_point_2_renorm_and_round_logic_HD6332 |         22 |         14 |       0 |    8 |    62 |      0 |      0 |    0 |          0 |
|     GEN_NORM_LANE[8].u_mul                              |             fp32_mul_ip__parameterized0__xdcDup__9 |        154 |        139 |       0 |   15 |   315 |      0 |      0 |    0 |          2 |
|       GEN_MUL2.u_fp_mul                                 |                            floating_point_2_HD6354 |        154 |        139 |       0 |   15 |   315 |      0 |      0 |    0 |          2 |
|         U0                                              |     floating_point_2_floating_point_v7_1_21_HD6355 |        154 |        139 |       0 |   15 |   315 |      0 |      0 |    0 |          2 |
|           i_synth                                       | floating_point_2_floating_point_v7_1_21_viv_HD6356 |        154 |        139 |       0 |   15 |   315 |      0 |      0 |    0 |          2 |
|             need_combiner.use_2to1.skid_buffer_combiner |             floating_point_2_axi_slave_2to1_HD6428 |         59 |         59 |       0 |    0 |   135 |      0 |      0 |    0 |          0 |
|             MULT.OP                                     |                   floating_point_2_flt_mult_HD6357 |         93 |         78 |       0 |   15 |   171 |      0 |      0 |    0 |          2 |
|               i_non_prim.EXP                            |               floating_point_2_flt_mult_exp_HD6358 |         55 |         48 |       0 |    7 |    48 |      0 |      0 |    0 |          0 |
|               i_non_prim.R_AND_R                        |             floating_point_2_flt_mult_round_HD6406 |         22 |         14 |       0 |    8 |    62 |      0 |      0 |    0 |          0 |
|                 LOGIC.R_AND_R                           |     floating_point_2_renorm_and_round_logic_HD6407 |         22 |         14 |       0 |    8 |    62 |      0 |      0 |    0 |          0 |
|     GEN_NORM_LANE[9].u_mul                              |            fp32_mul_ip__parameterized0__xdcDup__10 |        154 |        139 |       0 |   15 |   315 |      0 |      0 |    0 |          2 |
|       GEN_MUL2.u_fp_mul                                 |                            floating_point_2_HD6429 |        154 |        139 |       0 |   15 |   315 |      0 |      0 |    0 |          2 |
|         U0                                              |     floating_point_2_floating_point_v7_1_21_HD6430 |        154 |        139 |       0 |   15 |   315 |      0 |      0 |    0 |          2 |
|           i_synth                                       | floating_point_2_floating_point_v7_1_21_viv_HD6431 |        154 |        139 |       0 |   15 |   315 |      0 |      0 |    0 |          2 |
|             need_combiner.use_2to1.skid_buffer_combiner |             floating_point_2_axi_slave_2to1_HD6503 |         59 |         59 |       0 |    0 |   135 |      0 |      0 |    0 |          0 |
|             MULT.OP                                     |                   floating_point_2_flt_mult_HD6432 |         93 |         78 |       0 |   15 |   171 |      0 |      0 |    0 |          2 |
|               i_non_prim.EXP                            |               floating_point_2_flt_mult_exp_HD6433 |         55 |         48 |       0 |    7 |    48 |      0 |      0 |    0 |          0 |
|               i_non_prim.R_AND_R                        |             floating_point_2_flt_mult_round_HD6481 |         22 |         14 |       0 |    8 |    62 |      0 |      0 |    0 |          0 |
|                 LOGIC.R_AND_R                           |     floating_point_2_renorm_and_round_logic_HD6482 |         22 |         14 |       0 |    8 |    62 |      0 |      0 |    0 |          0 |
+---------------------------------------------------------+----------------------------------------------------+------------+------------+---------+------+-------+--------+--------+------+------------+


