Copyright 1986-2022 Xilinx, Inc. All Rights Reserved. Copyright 2022-2025 Advanced Micro Devices, Inc. All Rights Reserved.
-------------------------------------------------------------------------------------------------------------------------------------------------------------------------------------------
| Tool Version      : Vivado v.2025.2 (win64) Build 6299465 Fri Nov 14 19:35:11 GMT 2025
| Date              : Sat Sep 12 21:01:28 2026
| Host              : zhangxuanhao running 64-bit major release  (build 9200)
| Command           : report_timing_summary -delay_type max -max_paths 20 -report_unconstrained -file C:/Users/zhangxuanhao/AppData/Local/Temp/b4v_cd0582d4/ooc_results/timing_summary.rpt
| Design            : cats_r4_b4_softmax_pv_cluster
| Device            : xczu15eg-ffvb1156
| Speed File        : -2  PRODUCTION 1.30 05-15-2022
| Design State      : Synthesized
| Temperature Grade : I
-------------------------------------------------------------------------------------------------------------------------------------------------------------------------------------------

Timing Summary Report

------------------------------------------------------------------------------------------------
| Timer Settings
| --------------
------------------------------------------------------------------------------------------------

  Enable Multi Corner Analysis               :  Yes
  Enable Pessimism Removal                   :  Yes
  Pessimism Removal Resolution               :  Nearest Common Node
  Enable Input Delay Default Clock           :  No
  Enable Preset / Clear Arcs                 :  No
  Disable Flight Delays                      :  No
  Ignore I/O Paths                           :  No
  Timing Early Launch at Borrowing Latches   :  No
  Borrow Time for Max Delay Exceptions       :  Yes
  Merge Timing Exceptions                    :  Yes
  Inter-SLR Compensation                     :  Conservative

  Corner  Analyze    Analyze    
  Name    Max Paths  Min Paths  
  ------  ---------  ---------  
  Slow    Yes        Yes        
  Fast    Yes        Yes        


------------------------------------------------------------------------------------------------
| Report Methodology
| ------------------
------------------------------------------------------------------------------------------------

No report available as report_methodology has not been run prior. Run report_methodology on the current design for the summary of methodology violations.



check_timing report

Table of Contents
-----------------
1. checking no_clock (0)
2. checking constant_clock (0)
3. checking pulse_width_clock (0)
4. checking unconstrained_internal_endpoints (0)
5. checking no_input_delay (0)
6. checking no_output_delay (0)
7. checking multiple_clock (0)
8. checking generated_clocks (0)
9. checking loops (0)
10. checking partial_input_delay (0)
11. checking partial_output_delay (0)
12. checking latch_loops (0)

1. checking no_clock (0)
------------------------
 There are 0 register/latch pins with no clock.


2. checking constant_clock (0)
------------------------------
 There are 0 register/latch pins with constant_clock.


3. checking pulse_width_clock (0)
---------------------------------
 There are 0 register/latch pins which need pulse_width check


4. checking unconstrained_internal_endpoints (0)
------------------------------------------------
 There are 0 pins that are not constrained for maximum delay.

 There are 0 pins that are not constrained for maximum delay due to constant clock.


5. checking no_input_delay (0)
------------------------------
 There are 0 input ports with no input delay specified.

 There are 0 input ports with no input delay but user has a false path constraint.


6. checking no_output_delay (0)
-------------------------------
 There are 0 ports with no output delay specified.

 There are 0 ports with no output delay but user has a false path constraint

 There are 0 ports with no output delay but with a timing clock defined on it or propagating through it


7. checking multiple_clock (0)
------------------------------
 There are 0 register/latch pins with multiple clocks.


8. checking generated_clocks (0)
--------------------------------
 There are 0 generated clocks that are not connected to a clock source.


9. checking loops (0)
---------------------
 There are 0 combinational loops in the design.


10. checking partial_input_delay (0)
------------------------------------
 There are 0 input ports with partial input delay specified.


11. checking partial_output_delay (0)
-------------------------------------
 There are 0 ports with partial output delay specified.


12. checking latch_loops (0)
----------------------------
 There are 0 combinational latch loops in the design through latch input



------------------------------------------------------------------------------------------------
| Design Timing Summary
| ---------------------
------------------------------------------------------------------------------------------------

    WNS(ns)      TNS(ns)  TNS Failing Endpoints  TNS Total Endpoints     WPWS(ns)     TPWS(ns)  TPWS Failing Endpoints  TPWS Total Endpoints  
    -------      -------  ---------------------  -------------------     --------     --------  ----------------------  --------------------  
     -0.164       -5.079                     32               175183        2.801        0.000                       0                 58787  


Timing constraints are not met.


------------------------------------------------------------------------------------------------
| Clock Summary
| -------------
------------------------------------------------------------------------------------------------

Clock     Waveform(ns)         Period(ns)      Frequency(MHz)
-----     ------------         ----------      --------------
core_clk  {0.000 3.333}        6.666           150.015         


------------------------------------------------------------------------------------------------
| Intra Clock Table
| -----------------
------------------------------------------------------------------------------------------------

Clock             WNS(ns)      TNS(ns)  TNS Failing Endpoints  TNS Total Endpoints     WPWS(ns)     TPWS(ns)  TPWS Failing Endpoints  TPWS Total Endpoints  
-----             -------      -------  ---------------------  -------------------     --------     --------  ----------------------  --------------------  
core_clk           -0.164       -5.079                     32               167517        2.801        0.000                       0                 58787  


------------------------------------------------------------------------------------------------
| Inter Clock Table
| -----------------
------------------------------------------------------------------------------------------------

From Clock    To Clock          WNS(ns)      TNS(ns)  TNS Failing Endpoints  TNS Total Endpoints  
----------    --------          -------      -------  ---------------------  -------------------  


------------------------------------------------------------------------------------------------
| Other Path Groups Table
| -----------------------
------------------------------------------------------------------------------------------------

Path Group         From Clock         To Clock               WNS(ns)      TNS(ns)  TNS Failing Endpoints  TNS Total Endpoints  
----------         ----------         --------               -------      -------  ---------------------  -------------------  
**async_default**  core_clk           core_clk                 5.133        0.000                      0                 7666  


------------------------------------------------------------------------------------------------
| User Ignored Path Table
| -----------------------
------------------------------------------------------------------------------------------------

Path Group    From Clock    To Clock    
----------    ----------    --------    


------------------------------------------------------------------------------------------------
| Unconstrained Path Table
| ------------------------
------------------------------------------------------------------------------------------------

Path Group    From Clock    To Clock    
----------    ----------    --------    


------------------------------------------------------------------------------------------------
| Timing Details
| --------------
------------------------------------------------------------------------------------------------


---------------------------------------------------------------------------------------------------
From Clock:  core_clk
  To Clock:  core_clk

Setup :           32  Failing Endpoints,  Worst Slack       -0.164ns,  Total Violation       -5.079ns
Hold  :           NA  Failing Endpoints,  Worst Slack           NA  ,  Total Violation           NA
PW    :            0  Failing Endpoints,  Worst Slack        2.801ns,  Total Violation        0.000ns
---------------------------------------------------------------------------------------------------


Max Delay Paths
--------------------------------------------------------------------------------------
Slack (VIOLATED) :        -0.164ns  (required time - arrival time)
  Source:                 u_softmax/u_accuracy/u_sum/out_valid_reg_reg/C
                            (rising edge-triggered cell FDCE clocked by core_clk  {rise@0.000ns fall@3.333ns period=6.666ns})
  Destination:            u_softmax/u_accuracy/u_sum/out_sum_reg_reg[10]/D
                            (rising edge-triggered cell FDCE clocked by core_clk  {rise@0.000ns fall@3.333ns period=6.666ns})
  Path Group:             core_clk
  Path Type:              Setup (Max at Slow Process Corner)
  Requirement:            6.666ns  (core_clk rise@6.666ns - core_clk rise@0.000ns)
  Data Path Delay:        6.820ns  (logic 1.507ns (22.097%)  route 5.313ns (77.903%))
  Logic Levels:           26  (CARRY8=5 LUT2=2 LUT3=3 LUT4=1 LUT5=4 LUT6=11)
  Clock Uncertainty:      0.035ns  ((TSJ^2 + TIJ^2)^1/2 + DJ) / 2 + PE
    Total System Jitter     (TSJ):    0.071ns
    Total Input Jitter      (TIJ):    0.000ns
    Discrete Jitter          (DJ):    0.000ns
    Phase Error              (PE):    0.000ns

    Location             Delay type                Incr(ns)  Path(ns)    Netlist Resource(s)
  -------------------------------------------------------------------    -------------------
                         (clock core_clk rise edge)
                                                      0.000     0.000 r  
                                                      0.000     0.000 r  clk (IN)
                         net (fo=59650, unset)        0.000     0.000    u_softmax/u_accuracy/u_sum/clk
                         FDCE                                         r  u_softmax/u_accuracy/u_sum/out_valid_reg_reg/C
  -------------------------------------------------------------------    -------------------
                         FDCE (Prop_FDCE_C_Q)         0.077     0.077 r  u_softmax/u_accuracy/u_sum/out_valid_reg_reg/Q
                         net (fo=11, unplaced)        0.181     0.258    u_softmax/u_accuracy/add_out_valid
                         LUT5 (Prop_LUT5_I0_O)        0.125     0.383 r  u_softmax/u_accuracy/u_sum_i_34/O
                         net (fo=31, unplaced)        0.242     0.625    u_softmax/u_accuracy/add_bypass_same_slot
                         LUT3 (Prop_LUT3_I1_O)        0.053     0.678 r  u_softmax/u_accuracy/u_sum_i_8/O
                         net (fo=41, unplaced)        0.297     0.975    u_softmax/u_accuracy/u_sum/in_a_fp32[24]
                         LUT4 (Prop_LUT4_I3_O)        0.038     1.013 r  u_softmax/u_accuracy/u_sum/out_sum_reg[25]_i_11/O
                         net (fo=2, unplaced)         0.232     1.245    u_softmax/u_accuracy/u_sum/out_sum_reg[25]_i_11_n_0
                         LUT5 (Prop_LUT5_I1_O)        0.038     1.283 r  u_softmax/u_accuracy/u_sum/out_sum_reg[25]_i_6/O
                         net (fo=6, unplaced)         0.254     1.537    u_softmax/u_accuracy/u_sum/out_sum_reg[25]_i_6_n_0
                         LUT2 (Prop_LUT2_I0_O)        0.038     1.575 f  u_softmax/u_accuracy/u_sum/out_sum_reg[30]_i_74/O
                         net (fo=109, unplaced)       0.320     1.895    u_softmax/u_accuracy/u_sum/out_sum_reg[30]_i_74_n_0
                         LUT3 (Prop_LUT3_I2_O)        0.038     1.933 r  u_softmax/u_accuracy/u_sum/out_sum_reg[30]_i_57/O
                         net (fo=1, unplaced)         0.020     1.953    u_softmax/u_accuracy/u_sum/out_sum_reg[30]_i_57_n_0
                         CARRY8 (Prop_CARRY8_S[0]_CO[3])
                                                      0.186     2.139 r  u_softmax/u_accuracy/u_sum/out_sum_reg_reg[30]_i_23/CO[3]
                         net (fo=118, unplaced)       0.227     2.366    u_softmax/u_accuracy/u_sum/larger_significand1
                         LUT5 (Prop_LUT5_I4_O)        0.038     2.404 f  u_softmax/u_accuracy/u_sum/out_sum_reg[30]_i_115/O
                         net (fo=3, unplaced)         0.238     2.642    u_softmax/u_accuracy/u_sum/out_sum_reg[30]_i_115_n_0
                         LUT6 (Prop_LUT6_I2_O)        0.038     2.680 r  u_softmax/u_accuracy/u_sum/out_sum_reg[30]_i_117/O
                         net (fo=2, unplaced)         0.232     2.912    u_softmax/u_accuracy/u_sum/out_sum_reg[30]_i_117_n_0
                         LUT6 (Prop_LUT6_I1_O)        0.038     2.950 f  u_softmax/u_accuracy/u_sum/out_sum_reg[30]_i_72/O
                         net (fo=40, unplaced)        0.297     3.247    u_softmax/u_accuracy/u_sum/out_sum_reg[30]_i_72_n_0
                         LUT6 (Prop_LUT6_I2_O)        0.038     3.285 f  u_softmax/u_accuracy/u_sum/out_sum_reg[25]_i_40/O
                         net (fo=4, unplaced)         0.245     3.530    u_softmax/u_accuracy/u_sum/out_sum_reg[25]_i_40_n_0
                         LUT6 (Prop_LUT6_I0_O)        0.038     3.568 f  u_softmax/u_accuracy/u_sum/out_sum_reg[14]_i_22/O
                         net (fo=3, unplaced)         0.238     3.806    u_softmax/u_accuracy/u_sum/out_sum_reg[14]_i_22_n_0
                         LUT3 (Prop_LUT3_I0_O)        0.038     3.844 f  u_softmax/u_accuracy/u_sum/out_sum_reg[14]_i_31/O
                         net (fo=2, unplaced)         0.232     4.076    u_softmax/u_accuracy/u_sum/out_sum_reg[14]_i_31_n_0
                         LUT2 (Prop_LUT2_I1_O)        0.038     4.114 r  u_softmax/u_accuracy/u_sum/out_sum_reg[25]_i_38/O
                         net (fo=2, unplaced)         0.232     4.346    u_softmax/u_accuracy/u_sum/out_sum_reg[25]_i_38_n_0
                         LUT6 (Prop_LUT6_I5_O)        0.037     4.383 r  u_softmax/u_accuracy/u_sum/out_sum_reg[6]_i_17/O
                         net (fo=1, unplaced)         0.023     4.406    u_softmax/u_accuracy/u_sum/out_sum_reg[6]_i_17_n_0
                         CARRY8 (Prop_CARRY8_S[1]_CO[7])
                                                      0.197     4.603 r  u_softmax/u_accuracy/u_sum/out_sum_reg_reg[6]_i_3/CO[7]
                         net (fo=1, unplaced)         0.005     4.608    u_softmax/u_accuracy/u_sum/out_sum_reg_reg[6]_i_3_n_0
                         CARRY8 (Prop_CARRY8_CI_CO[7])
                                                      0.022     4.630 r  u_softmax/u_accuracy/u_sum/out_sum_reg_reg[14]_i_3/CO[7]
                         net (fo=1, unplaced)         0.005     4.635    u_softmax/u_accuracy/u_sum/out_sum_reg_reg[14]_i_3_n_0
                         CARRY8 (Prop_CARRY8_CI_CO[7])
                                                      0.022     4.657 r  u_softmax/u_accuracy/u_sum/out_sum_reg_reg[25]_i_8/CO[7]
                         net (fo=1, unplaced)         0.005     4.662    u_softmax/u_accuracy/u_sum/out_sum_reg_reg[25]_i_8_n_0
                         CARRY8 (Prop_CARRY8_CI_CO[0])
                                                      0.052     4.714 r  u_softmax/u_accuracy/u_sum/out_sum_reg_reg[25]_i_4/CO[0]
                         net (fo=63, unplaced)        0.307     5.021    u_softmax/u_accuracy/u_sum/p_0_in
                         LUT5 (Prop_LUT5_I4_O)        0.038     5.059 r  u_softmax/u_accuracy/u_sum/out_sum_reg[27]_i_5/O
                         net (fo=2, unplaced)         0.232     5.291    u_softmax/u_accuracy/u_sum/out_sum_reg[27]_i_5_n_0
                         LUT6 (Prop_LUT6_I2_O)        0.038     5.329 r  u_softmax/u_accuracy/u_sum/out_sum_reg[27]_i_2/O
                         net (fo=4, unplaced)         0.245     5.574    u_softmax/u_accuracy/u_sum/out_sum_reg[27]_i_2_n_0
                         LUT6 (Prop_LUT6_I2_O)        0.038     5.612 r  u_softmax/u_accuracy/u_sum/out_sum_reg[30]_i_22/O
                         net (fo=3, unplaced)         0.238     5.850    u_softmax/u_accuracy/u_sum/out_sum_reg[30]_i_22_n_0
                         LUT6 (Prop_LUT6_I2_O)        0.038     5.888 r  u_softmax/u_accuracy/u_sum/out_sum_reg[30]_i_5/O
                         net (fo=3, unplaced)         0.192     6.080    u_softmax/u_accuracy/u_sum/out_sum_reg[30]_i_5_n_0
                         LUT6 (Prop_LUT6_I2_O)        0.090     6.170 r  u_softmax/u_accuracy/u_sum/out_sum_reg[30]_i_29/O
                         net (fo=3, unplaced)         0.238     6.408    u_softmax/u_accuracy/u_sum/out_sum_reg[30]_i_29_n_0
                         LUT6 (Prop_LUT6_I5_O)        0.038     6.446 f  u_softmax/u_accuracy/u_sum/out_sum_reg[30]_i_8/O
                         net (fo=27, unplaced)        0.288     6.734    u_softmax/u_accuracy/u_sum/out_sum_reg[30]_i_8_n_0
                         LUT6 (Prop_LUT6_I5_O)        0.038     6.772 r  u_softmax/u_accuracy/u_sum/out_sum_reg[10]_i_1/O
                         net (fo=1, unplaced)         0.048     6.820    u_softmax/u_accuracy/u_sum/out_sum_reg__0[10]
                         FDCE                                         r  u_softmax/u_accuracy/u_sum/out_sum_reg_reg[10]/D
  -------------------------------------------------------------------    -------------------

                         (clock core_clk rise edge)
                                                      6.666     6.666 r  
                                                      0.000     6.666 r  clk (IN)
                         net (fo=59650, unset)        0.000     6.666    u_softmax/u_accuracy/u_sum/clk
                         FDCE                                         r  u_softmax/u_accuracy/u_sum/out_sum_reg_reg[10]/C
                         clock pessimism              0.000     6.666    
                         clock uncertainty           -0.035     6.631    
                         FDCE (Setup_FDCE_C_D)        0.025     6.656    u_softmax/u_accuracy/u_sum/out_sum_reg_reg[10]
  -------------------------------------------------------------------
                         required time                          6.656    
                         arrival time                          -6.820    
  -------------------------------------------------------------------
                         slack                                 -0.164    

Slack (VIOLATED) :        -0.164ns  (required time - arrival time)
  Source:                 u_softmax/u_accuracy/u_sum/out_valid_reg_reg/C
                            (rising edge-triggered cell FDCE clocked by core_clk  {rise@0.000ns fall@3.333ns period=6.666ns})
  Destination:            u_softmax/u_accuracy/u_sum/out_sum_reg_reg[11]/D
                            (rising edge-triggered cell FDCE clocked by core_clk  {rise@0.000ns fall@3.333ns period=6.666ns})
  Path Group:             core_clk
  Path Type:              Setup (Max at Slow Process Corner)
  Requirement:            6.666ns  (core_clk rise@6.666ns - core_clk rise@0.000ns)
  Data Path Delay:        6.820ns  (logic 1.507ns (22.097%)  route 5.313ns (77.903%))
  Logic Levels:           26  (CARRY8=5 LUT2=2 LUT3=3 LUT4=1 LUT5=4 LUT6=11)
  Clock Uncertainty:      0.035ns  ((TSJ^2 + TIJ^2)^1/2 + DJ) / 2 + PE
    Total System Jitter     (TSJ):    0.071ns
    Total Input Jitter      (TIJ):    0.000ns
    Discrete Jitter          (DJ):    0.000ns
    Phase Error              (PE):    0.000ns

    Location             Delay type                Incr(ns)  Path(ns)    Netlist Resource(s)
  -------------------------------------------------------------------    -------------------
                         (clock core_clk rise edge)
                                                      0.000     0.000 r  
                                                      0.000     0.000 r  clk (IN)
                         net (fo=59650, unset)        0.000     0.000    u_softmax/u_accuracy/u_sum/clk
                         FDCE                                         r  u_softmax/u_accuracy/u_sum/out_valid_reg_reg/C
  -------------------------------------------------------------------    -------------------
                         FDCE (Prop_FDCE_C_Q)         0.077     0.077 r  u_softmax/u_accuracy/u_sum/out_valid_reg_reg/Q
                         net (fo=11, unplaced)        0.181     0.258    u_softmax/u_accuracy/add_out_valid
                         LUT5 (Prop_LUT5_I0_O)        0.125     0.383 r  u_softmax/u_accuracy/u_sum_i_34/O
                         net (fo=31, unplaced)        0.242     0.625    u_softmax/u_accuracy/add_bypass_same_slot
                         LUT3 (Prop_LUT3_I1_O)        0.053     0.678 r  u_softmax/u_accuracy/u_sum_i_8/O
                         net (fo=41, unplaced)        0.297     0.975    u_softmax/u_accuracy/u_sum/in_a_fp32[24]
                         LUT4 (Prop_LUT4_I3_O)        0.038     1.013 r  u_softmax/u_accuracy/u_sum/out_sum_reg[25]_i_11/O
                         net (fo=2, unplaced)         0.232     1.245    u_softmax/u_accuracy/u_sum/out_sum_reg[25]_i_11_n_0
                         LUT5 (Prop_LUT5_I1_O)        0.038     1.283 r  u_softmax/u_accuracy/u_sum/out_sum_reg[25]_i_6/O
                         net (fo=6, unplaced)         0.254     1.537    u_softmax/u_accuracy/u_sum/out_sum_reg[25]_i_6_n_0
                         LUT2 (Prop_LUT2_I0_O)        0.038     1.575 f  u_softmax/u_accuracy/u_sum/out_sum_reg[30]_i_74/O
                         net (fo=109, unplaced)       0.320     1.895    u_softmax/u_accuracy/u_sum/out_sum_reg[30]_i_74_n_0
                         LUT3 (Prop_LUT3_I2_O)        0.038     1.933 r  u_softmax/u_accuracy/u_sum/out_sum_reg[30]_i_57/O
                         net (fo=1, unplaced)         0.020     1.953    u_softmax/u_accuracy/u_sum/out_sum_reg[30]_i_57_n_0
                         CARRY8 (Prop_CARRY8_S[0]_CO[3])
                                                      0.186     2.139 r  u_softmax/u_accuracy/u_sum/out_sum_reg_reg[30]_i_23/CO[3]
                         net (fo=118, unplaced)       0.227     2.366    u_softmax/u_accuracy/u_sum/larger_significand1
                         LUT5 (Prop_LUT5_I4_O)        0.038     2.404 f  u_softmax/u_accuracy/u_sum/out_sum_reg[30]_i_115/O
                         net (fo=3, unplaced)         0.238     2.642    u_softmax/u_accuracy/u_sum/out_sum_reg[30]_i_115_n_0
                         LUT6 (Prop_LUT6_I2_O)        0.038     2.680 r  u_softmax/u_accuracy/u_sum/out_sum_reg[30]_i_117/O
                         net (fo=2, unplaced)         0.232     2.912    u_softmax/u_accuracy/u_sum/out_sum_reg[30]_i_117_n_0
                         LUT6 (Prop_LUT6_I1_O)        0.038     2.950 f  u_softmax/u_accuracy/u_sum/out_sum_reg[30]_i_72/O
                         net (fo=40, unplaced)        0.297     3.247    u_softmax/u_accuracy/u_sum/out_sum_reg[30]_i_72_n_0
                         LUT6 (Prop_LUT6_I2_O)        0.038     3.285 f  u_softmax/u_accuracy/u_sum/out_sum_reg[25]_i_40/O
                         net (fo=4, unplaced)         0.245     3.530    u_softmax/u_accuracy/u_sum/out_sum_reg[25]_i_40_n_0
                         LUT6 (Prop_LUT6_I0_O)        0.038     3.568 f  u_softmax/u_accuracy/u_sum/out_sum_reg[14]_i_22/O
                         net (fo=3, unplaced)         0.238     3.806    u_softmax/u_accuracy/u_sum/out_sum_reg[14]_i_22_n_0
                         LUT3 (Prop_LUT3_I0_O)        0.038     3.844 f  u_softmax/u_accuracy/u_sum/out_sum_reg[14]_i_31/O
                         net (fo=2, unplaced)         0.232     4.076    u_softmax/u_accuracy/u_sum/out_sum_reg[14]_i_31_n_0
                         LUT2 (Prop_LUT2_I1_O)        0.038     4.114 r  u_softmax/u_accuracy/u_sum/out_sum_reg[25]_i_38/O
                         net (fo=2, unplaced)         0.232     4.346    u_softmax/u_accuracy/u_sum/out_sum_reg[25]_i_38_n_0
                         LUT6 (Prop_LUT6_I5_O)        0.037     4.383 r  u_softmax/u_accuracy/u_sum/out_sum_reg[6]_i_17/O
                         net (fo=1, unplaced)         0.023     4.406    u_softmax/u_accuracy/u_sum/out_sum_reg[6]_i_17_n_0
                         CARRY8 (Prop_CARRY8_S[1]_CO[7])
                                                      0.197     4.603 r  u_softmax/u_accuracy/u_sum/out_sum_reg_reg[6]_i_3/CO[7]
                         net (fo=1, unplaced)         0.005     4.608    u_softmax/u_accuracy/u_sum/out_sum_reg_reg[6]_i_3_n_0
                         CARRY8 (Prop_CARRY8_CI_CO[7])
                                                      0.022     4.630 r  u_softmax/u_accuracy/u_sum/out_sum_reg_reg[14]_i_3/CO[7]
                         net (fo=1, unplaced)         0.005     4.635    u_softmax/u_accuracy/u_sum/out_sum_reg_reg[14]_i_3_n_0
                         CARRY8 (Prop_CARRY8_CI_CO[7])
                                                      0.022     4.657 r  u_softmax/u_accuracy/u_sum/out_sum_reg_reg[25]_i_8/CO[7]
                         net (fo=1, unplaced)         0.005     4.662    u_softmax/u_accuracy/u_sum/out_sum_reg_reg[25]_i_8_n_0
                         CARRY8 (Prop_CARRY8_CI_CO[0])
                                                      0.052     4.714 r  u_softmax/u_accuracy/u_sum/out_sum_reg_reg[25]_i_4/CO[0]
                         net (fo=63, unplaced)        0.307     5.021    u_softmax/u_accuracy/u_sum/p_0_in
                         LUT5 (Prop_LUT5_I4_O)        0.038     5.059 r  u_softmax/u_accuracy/u_sum/out_sum_reg[27]_i_5/O
                         net (fo=2, unplaced)         0.232     5.291    u_softmax/u_accuracy/u_sum/out_sum_reg[27]_i_5_n_0
                         LUT6 (Prop_LUT6_I2_O)        0.038     5.329 r  u_softmax/u_accuracy/u_sum/out_sum_reg[27]_i_2/O
                         net (fo=4, unplaced)         0.245     5.574    u_softmax/u_accuracy/u_sum/out_sum_reg[27]_i_2_n_0
                         LUT6 (Prop_LUT6_I2_O)        0.038     5.612 r  u_softmax/u_accuracy/u_sum/out_sum_reg[30]_i_22/O
                         net (fo=3, unplaced)         0.238     5.850    u_softmax/u_accuracy/u_sum/out_sum_reg[30]_i_22_n_0
                         LUT6 (Prop_LUT6_I2_O)        0.038     5.888 r  u_softmax/u_accuracy/u_sum/out_sum_reg[30]_i_5/O
                         net (fo=3, unplaced)         0.192     6.080    u_softmax/u_accuracy/u_sum/out_sum_reg[30]_i_5_n_0
                         LUT6 (Prop_LUT6_I2_O)        0.090     6.170 r  u_softmax/u_accuracy/u_sum/out_sum_reg[30]_i_29/O
                         net (fo=3, unplaced)         0.238     6.408    u_softmax/u_accuracy/u_sum/out_sum_reg[30]_i_29_n_0
                         LUT6 (Prop_LUT6_I5_O)        0.038     6.446 f  u_softmax/u_accuracy/u_sum/out_sum_reg[30]_i_8/O
                         net (fo=27, unplaced)        0.288     6.734    u_softmax/u_accuracy/u_sum/out_sum_reg[30]_i_8_n_0
                         LUT6 (Prop_LUT6_I5_O)        0.038     6.772 r  u_softmax/u_accuracy/u_sum/out_sum_reg[11]_i_1/O
                         net (fo=1, unplaced)         0.048     6.820    u_softmax/u_accuracy/u_sum/out_sum_reg__0[11]
                         FDCE                                         r  u_softmax/u_accuracy/u_sum/out_sum_reg_reg[11]/D
  -------------------------------------------------------------------    -------------------

                         (clock core_clk rise edge)
                                                      6.666     6.666 r  
                                                      0.000     6.666 r  clk (IN)
                         net (fo=59650, unset)        0.000     6.666    u_softmax/u_accuracy/u_sum/clk
                         FDCE                                         r  u_softmax/u_accuracy/u_sum/out_sum_reg_reg[11]/C
                         clock pessimism              0.000     6.666    
                         clock uncertainty           -0.035     6.631    
                         FDCE (Setup_FDCE_C_D)        0.025     6.656    u_softmax/u_accuracy/u_sum/out_sum_reg_reg[11]
  -------------------------------------------------------------------
                         required time                          6.656    
                         arrival time                          -6.820    
  -------------------------------------------------------------------
                         slack                                 -0.164    

Slack (VIOLATED) :        -0.164ns  (required time - arrival time)
  Source:                 u_softmax/u_accuracy/u_sum/out_valid_reg_reg/C
                            (rising edge-triggered cell FDCE clocked by core_clk  {rise@0.000ns fall@3.333ns period=6.666ns})
  Destination:            u_softmax/u_accuracy/u_sum/out_sum_reg_reg[12]/D
                            (rising edge-triggered cell FDCE clocked by core_clk  {rise@0.000ns fall@3.333ns period=6.666ns})
  Path Group:             core_clk
  Path Type:              Setup (Max at Slow Process Corner)
  Requirement:            6.666ns  (core_clk rise@6.666ns - core_clk rise@0.000ns)
  Data Path Delay:        6.820ns  (logic 1.507ns (22.097%)  route 5.313ns (77.903%))
  Logic Levels:           26  (CARRY8=5 LUT2=2 LUT3=3 LUT4=1 LUT5=4 LUT6=11)
  Clock Uncertainty:      0.035ns  ((TSJ^2 + TIJ^2)^1/2 + DJ) / 2 + PE
    Total System Jitter     (TSJ):    0.071ns
    Total Input Jitter      (TIJ):    0.000ns
    Discrete Jitter          (DJ):    0.000ns
    Phase Error              (PE):    0.000ns

    Location             Delay type                Incr(ns)  Path(ns)    Netlist Resource(s)
  -------------------------------------------------------------------    -------------------
                         (clock core_clk rise edge)
                                                      0.000     0.000 r  
                                                      0.000     0.000 r  clk (IN)
                         net (fo=59650, unset)        0.000     0.000    u_softmax/u_accuracy/u_sum/clk
                         FDCE                                         r  u_softmax/u_accuracy/u_sum/out_valid_reg_reg/C
  -------------------------------------------------------------------    -------------------
                         FDCE (Prop_FDCE_C_Q)         0.077     0.077 r  u_softmax/u_accuracy/u_sum/out_valid_reg_reg/Q
                         net (fo=11, unplaced)        0.181     0.258    u_softmax/u_accuracy/add_out_valid
                         LUT5 (Prop_LUT5_I0_O)        0.125     0.383 r  u_softmax/u_accuracy/u_sum_i_34/O
                         net (fo=31, unplaced)        0.242     0.625    u_softmax/u_accuracy/add_bypass_same_slot
                         LUT3 (Prop_LUT3_I1_O)        0.053     0.678 r  u_softmax/u_accuracy/u_sum_i_8/O
                         net (fo=41, unplaced)        0.297     0.975    u_softmax/u_accuracy/u_sum/in_a_fp32[24]
                         LUT4 (Prop_LUT4_I3_O)        0.038     1.013 r  u_softmax/u_accuracy/u_sum/out_sum_reg[25]_i_11/O
                         net (fo=2, unplaced)         0.232     1.245    u_softmax/u_accuracy/u_sum/out_sum_reg[25]_i_11_n_0
                         LUT5 (Prop_LUT5_I1_O)        0.038     1.283 r  u_softmax/u_accuracy/u_sum/out_sum_reg[25]_i_6/O
                         net (fo=6, unplaced)         0.254     1.537    u_softmax/u_accuracy/u_sum/out_sum_reg[25]_i_6_n_0
                         LUT2 (Prop_LUT2_I0_O)        0.038     1.575 f  u_softmax/u_accuracy/u_sum/out_sum_reg[30]_i_74/O
                         net (fo=109, unplaced)       0.320     1.895    u_softmax/u_accuracy/u_sum/out_sum_reg[30]_i_74_n_0
                         LUT3 (Prop_LUT3_I2_O)        0.038     1.933 r  u_softmax/u_accuracy/u_sum/out_sum_reg[30]_i_57/O
                         net (fo=1, unplaced)         0.020     1.953    u_softmax/u_accuracy/u_sum/out_sum_reg[30]_i_57_n_0
                         CARRY8 (Prop_CARRY8_S[0]_CO[3])
                                                      0.186     2.139 r  u_softmax/u_accuracy/u_sum/out_sum_reg_reg[30]_i_23/CO[3]
                         net (fo=118, unplaced)       0.227     2.366    u_softmax/u_accuracy/u_sum/larger_significand1
                         LUT5 (Prop_LUT5_I4_O)        0.038     2.404 f  u_softmax/u_accuracy/u_sum/out_sum_reg[30]_i_115/O
                         net (fo=3, unplaced)         0.238     2.642    u_softmax/u_accuracy/u_sum/out_sum_reg[30]_i_115_n_0
                         LUT6 (Prop_LUT6_I2_O)        0.038     2.680 r  u_softmax/u_accuracy/u_sum/out_sum_reg[30]_i_117/O
                         net (fo=2, unplaced)         0.232     2.912    u_softmax/u_accuracy/u_sum/out_sum_reg[30]_i_117_n_0
                         LUT6 (Prop_LUT6_I1_O)        0.038     2.950 f  u_softmax/u_accuracy/u_sum/out_sum_reg[30]_i_72/O
                         net (fo=40, unplaced)        0.297     3.247    u_softmax/u_accuracy/u_sum/out_sum_reg[30]_i_72_n_0
                         LUT6 (Prop_LUT6_I2_O)        0.038     3.285 f  u_softmax/u_accuracy/u_sum/out_sum_reg[25]_i_40/O
                         net (fo=4, unplaced)         0.245     3.530    u_softmax/u_accuracy/u_sum/out_sum_reg[25]_i_40_n_0
                         LUT6 (Prop_LUT6_I0_O)        0.038     3.568 f  u_softmax/u_accuracy/u_sum/out_sum_reg[14]_i_22/O
                         net (fo=3, unplaced)         0.238     3.806    u_softmax/u_accuracy/u_sum/out_sum_reg[14]_i_22_n_0
                         LUT3 (Prop_LUT3_I0_O)        0.038     3.844 f  u_softmax/u_accuracy/u_sum/out_sum_reg[14]_i_31/O
                         net (fo=2, unplaced)         0.232     4.076    u_softmax/u_accuracy/u_sum/out_sum_reg[14]_i_31_n_0
                         LUT2 (Prop_LUT2_I1_O)        0.038     4.114 r  u_softmax/u_accuracy/u_sum/out_sum_reg[25]_i_38/O
                         net (fo=2, unplaced)         0.232     4.346    u_softmax/u_accuracy/u_sum/out_sum_reg[25]_i_38_n_0
                         LUT6 (Prop_LUT6_I5_O)        0.037     4.383 r  u_softmax/u_accuracy/u_sum/out_sum_reg[6]_i_17/O
                         net (fo=1, unplaced)         0.023     4.406    u_softmax/u_accuracy/u_sum/out_sum_reg[6]_i_17_n_0
                         CARRY8 (Prop_CARRY8_S[1]_CO[7])
                                                      0.197     4.603 r  u_softmax/u_accuracy/u_sum/out_sum_reg_reg[6]_i_3/CO[7]
                         net (fo=1, unplaced)         0.005     4.608    u_softmax/u_accuracy/u_sum/out_sum_reg_reg[6]_i_3_n_0
                         CARRY8 (Prop_CARRY8_CI_CO[7])
                                                      0.022     4.630 r  u_softmax/u_accuracy/u_sum/out_sum_reg_reg[14]_i_3/CO[7]
                         net (fo=1, unplaced)         0.005     4.635    u_softmax/u_accuracy/u_sum/out_sum_reg_reg[14]_i_3_n_0
                         CARRY8 (Prop_CARRY8_CI_CO[7])
                                                      0.022     4.657 r  u_softmax/u_accuracy/u_sum/out_sum_reg_reg[25]_i_8/CO[7]
                         net (fo=1, unplaced)         0.005     4.662    u_softmax/u_accuracy/u_sum/out_sum_reg_reg[25]_i_8_n_0
                         CARRY8 (Prop_CARRY8_CI_CO[0])
                                                      0.052     4.714 r  u_softmax/u_accuracy/u_sum/out_sum_reg_reg[25]_i_4/CO[0]
                         net (fo=63, unplaced)        0.307     5.021    u_softmax/u_accuracy/u_sum/p_0_in
                         LUT5 (Prop_LUT5_I4_O)        0.038     5.059 r  u_softmax/u_accuracy/u_sum/out_sum_reg[27]_i_5/O
                         net (fo=2, unplaced)         0.232     5.291    u_softmax/u_accuracy/u_sum/out_sum_reg[27]_i_5_n_0
                         LUT6 (Prop_LUT6_I2_O)        0.038     5.329 r  u_softmax/u_accuracy/u_sum/out_sum_reg[27]_i_2/O
                         net (fo=4, unplaced)         0.245     5.574    u_softmax/u_accuracy/u_sum/out_sum_reg[27]_i_2_n_0
                         LUT6 (Prop_LUT6_I2_O)        0.038     5.612 r  u_softmax/u_accuracy/u_sum/out_sum_reg[30]_i_22/O
                         net (fo=3, unplaced)         0.238     5.850    u_softmax/u_accuracy/u_sum/out_sum_reg[30]_i_22_n_0
                         LUT6 (Prop_LUT6_I2_O)        0.038     5.888 r  u_softmax/u_accuracy/u_sum/out_sum_reg[30]_i_5/O
                         net (fo=3, unplaced)         0.192     6.080    u_softmax/u_accuracy/u_sum/out_sum_reg[30]_i_5_n_0
                         LUT6 (Prop_LUT6_I2_O)        0.090     6.170 r  u_softmax/u_accuracy/u_sum/out_sum_reg[30]_i_29/O
                         net (fo=3, unplaced)         0.238     6.408    u_softmax/u_accuracy/u_sum/out_sum_reg[30]_i_29_n_0
                         LUT6 (Prop_LUT6_I5_O)        0.038     6.446 f  u_softmax/u_accuracy/u_sum/out_sum_reg[30]_i_8/O
                         net (fo=27, unplaced)        0.288     6.734    u_softmax/u_accuracy/u_sum/out_sum_reg[30]_i_8_n_0
                         LUT6 (Prop_LUT6_I5_O)        0.038     6.772 r  u_softmax/u_accuracy/u_sum/out_sum_reg[12]_i_1/O
                         net (fo=1, unplaced)         0.048     6.820    u_softmax/u_accuracy/u_sum/out_sum_reg__0[12]
                         FDCE                                         r  u_softmax/u_accuracy/u_sum/out_sum_reg_reg[12]/D
  -------------------------------------------------------------------    -------------------

                         (clock core_clk rise edge)
                                                      6.666     6.666 r  
                                                      0.000     6.666 r  clk (IN)
                         net (fo=59650, unset)        0.000     6.666    u_softmax/u_accuracy/u_sum/clk
                         FDCE                                         r  u_softmax/u_accuracy/u_sum/out_sum_reg_reg[12]/C
                         clock pessimism              0.000     6.666    
                         clock uncertainty           -0.035     6.631    
                         FDCE (Setup_FDCE_C_D)        0.025     6.656    u_softmax/u_accuracy/u_sum/out_sum_reg_reg[12]
  -------------------------------------------------------------------
                         required time                          6.656    
                         arrival time                          -6.820    
  -------------------------------------------------------------------
                         slack                                 -0.164    

Slack (VIOLATED) :        -0.164ns  (required time - arrival time)
  Source:                 u_softmax/u_accuracy/u_sum/out_valid_reg_reg/C
                            (rising edge-triggered cell FDCE clocked by core_clk  {rise@0.000ns fall@3.333ns period=6.666ns})
  Destination:            u_softmax/u_accuracy/u_sum/out_sum_reg_reg[13]/D
                            (rising edge-triggered cell FDCE clocked by core_clk  {rise@0.000ns fall@3.333ns period=6.666ns})
  Path Group:             core_clk
  Path Type:              Setup (Max at Slow Process Corner)
  Requirement:            6.666ns  (core_clk rise@6.666ns - core_clk rise@0.000ns)
  Data Path Delay:        6.820ns  (logic 1.507ns (22.097%)  route 5.313ns (77.903%))
  Logic Levels:           26  (CARRY8=5 LUT2=2 LUT3=3 LUT4=1 LUT5=4 LUT6=11)
  Clock Uncertainty:      0.035ns  ((TSJ^2 + TIJ^2)^1/2 + DJ) / 2 + PE
    Total System Jitter     (TSJ):    0.071ns
    Total Input Jitter      (TIJ):    0.000ns
    Discrete Jitter          (DJ):    0.000ns
    Phase Error              (PE):    0.000ns

    Location             Delay type                Incr(ns)  Path(ns)    Netlist Resource(s)
  -------------------------------------------------------------------    -------------------
                         (clock core_clk rise edge)
                                                      0.000     0.000 r  
                                                      0.000     0.000 r  clk (IN)
                         net (fo=59650, unset)        0.000     0.000    u_softmax/u_accuracy/u_sum/clk
                         FDCE                                         r  u_softmax/u_accuracy/u_sum/out_valid_reg_reg/C
  -------------------------------------------------------------------    -------------------
                         FDCE (Prop_FDCE_C_Q)         0.077     0.077 r  u_softmax/u_accuracy/u_sum/out_valid_reg_reg/Q
                         net (fo=11, unplaced)        0.181     0.258    u_softmax/u_accuracy/add_out_valid
                         LUT5 (Prop_LUT5_I0_O)        0.125     0.383 r  u_softmax/u_accuracy/u_sum_i_34/O
                         net (fo=31, unplaced)        0.242     0.625    u_softmax/u_accuracy/add_bypass_same_slot
                         LUT3 (Prop_LUT3_I1_O)        0.053     0.678 r  u_softmax/u_accuracy/u_sum_i_8/O
                         net (fo=41, unplaced)        0.297     0.975    u_softmax/u_accuracy/u_sum/in_a_fp32[24]
                         LUT4 (Prop_LUT4_I3_O)        0.038     1.013 r  u_softmax/u_accuracy/u_sum/out_sum_reg[25]_i_11/O
                         net (fo=2, unplaced)         0.232     1.245    u_softmax/u_accuracy/u_sum/out_sum_reg[25]_i_11_n_0
                         LUT5 (Prop_LUT5_I1_O)        0.038     1.283 r  u_softmax/u_accuracy/u_sum/out_sum_reg[25]_i_6/O
                         net (fo=6, unplaced)         0.254     1.537    u_softmax/u_accuracy/u_sum/out_sum_reg[25]_i_6_n_0
                         LUT2 (Prop_LUT2_I0_O)        0.038     1.575 f  u_softmax/u_accuracy/u_sum/out_sum_reg[30]_i_74/O
                         net (fo=109, unplaced)       0.320     1.895    u_softmax/u_accuracy/u_sum/out_sum_reg[30]_i_74_n_0
                         LUT3 (Prop_LUT3_I2_O)        0.038     1.933 r  u_softmax/u_accuracy/u_sum/out_sum_reg[30]_i_57/O
                         net (fo=1, unplaced)         0.020     1.953    u_softmax/u_accuracy/u_sum/out_sum_reg[30]_i_57_n_0
                         CARRY8 (Prop_CARRY8_S[0]_CO[3])
                                                      0.186     2.139 r  u_softmax/u_accuracy/u_sum/out_sum_reg_reg[30]_i_23/CO[3]
                         net (fo=118, unplaced)       0.227     2.366    u_softmax/u_accuracy/u_sum/larger_significand1
                         LUT5 (Prop_LUT5_I4_O)        0.038     2.404 f  u_softmax/u_accuracy/u_sum/out_sum_reg[30]_i_115/O
                         net (fo=3, unplaced)         0.238     2.642    u_softmax/u_accuracy/u_sum/out_sum_reg[30]_i_115_n_0
                         LUT6 (Prop_LUT6_I2_O)        0.038     2.680 r  u_softmax/u_accuracy/u_sum/out_sum_reg[30]_i_117/O
                         net (fo=2, unplaced)         0.232     2.912    u_softmax/u_accuracy/u_sum/out_sum_reg[30]_i_117_n_0
                         LUT6 (Prop_LUT6_I1_O)        0.038     2.950 f  u_softmax/u_accuracy/u_sum/out_sum_reg[30]_i_72/O
                         net (fo=40, unplaced)        0.297     3.247    u_softmax/u_accuracy/u_sum/out_sum_reg[30]_i_72_n_0
                         LUT6 (Prop_LUT6_I2_O)        0.038     3.285 f  u_softmax/u_accuracy/u_sum/out_sum_reg[25]_i_40/O
                         net (fo=4, unplaced)         0.245     3.530    u_softmax/u_accuracy/u_sum/out_sum_reg[25]_i_40_n_0
                         LUT6 (Prop_LUT6_I0_O)        0.038     3.568 f  u_softmax/u_accuracy/u_sum/out_sum_reg[14]_i_22/O
                         net (fo=3, unplaced)         0.238     3.806    u_softmax/u_accuracy/u_sum/out_sum_reg[14]_i_22_n_0
                         LUT3 (Prop_LUT3_I0_O)        0.038     3.844 f  u_softmax/u_accuracy/u_sum/out_sum_reg[14]_i_31/O
                         net (fo=2, unplaced)         0.232     4.076    u_softmax/u_accuracy/u_sum/out_sum_reg[14]_i_31_n_0
                         LUT2 (Prop_LUT2_I1_O)        0.038     4.114 r  u_softmax/u_accuracy/u_sum/out_sum_reg[25]_i_38/O
                         net (fo=2, unplaced)         0.232     4.346    u_softmax/u_accuracy/u_sum/out_sum_reg[25]_i_38_n_0
                         LUT6 (Prop_LUT6_I5_O)        0.037     4.383 r  u_softmax/u_accuracy/u_sum/out_sum_reg[6]_i_17/O
                         net (fo=1, unplaced)         0.023     4.406    u_softmax/u_accuracy/u_sum/out_sum_reg[6]_i_17_n_0
                         CARRY8 (Prop_CARRY8_S[1]_CO[7])
                                                      0.197     4.603 r  u_softmax/u_accuracy/u_sum/out_sum_reg_reg[6]_i_3/CO[7]
                         net (fo=1, unplaced)         0.005     4.608    u_softmax/u_accuracy/u_sum/out_sum_reg_reg[6]_i_3_n_0
                         CARRY8 (Prop_CARRY8_CI_CO[7])
                                                      0.022     4.630 r  u_softmax/u_accuracy/u_sum/out_sum_reg_reg[14]_i_3/CO[7]
                         net (fo=1, unplaced)         0.005     4.635    u_softmax/u_accuracy/u_sum/out_sum_reg_reg[14]_i_3_n_0
                         CARRY8 (Prop_CARRY8_CI_CO[7])
                                                      0.022     4.657 r  u_softmax/u_accuracy/u_sum/out_sum_reg_reg[25]_i_8/CO[7]
                         net (fo=1, unplaced)         0.005     4.662    u_softmax/u_accuracy/u_sum/out_sum_reg_reg[25]_i_8_n_0
                         CARRY8 (Prop_CARRY8_CI_CO[0])
                                                      0.052     4.714 r  u_softmax/u_accuracy/u_sum/out_sum_reg_reg[25]_i_4/CO[0]
                         net (fo=63, unplaced)        0.307     5.021    u_softmax/u_accuracy/u_sum/p_0_in
                         LUT5 (Prop_LUT5_I4_O)        0.038     5.059 r  u_softmax/u_accuracy/u_sum/out_sum_reg[27]_i_5/O
                         net (fo=2, unplaced)         0.232     5.291    u_softmax/u_accuracy/u_sum/out_sum_reg[27]_i_5_n_0
                         LUT6 (Prop_LUT6_I2_O)        0.038     5.329 r  u_softmax/u_accuracy/u_sum/out_sum_reg[27]_i_2/O
                         net (fo=4, unplaced)         0.245     5.574    u_softmax/u_accuracy/u_sum/out_sum_reg[27]_i_2_n_0
                         LUT6 (Prop_LUT6_I2_O)        0.038     5.612 r  u_softmax/u_accuracy/u_sum/out_sum_reg[30]_i_22/O
                         net (fo=3, unplaced)         0.238     5.850    u_softmax/u_accuracy/u_sum/out_sum_reg[30]_i_22_n_0
                         LUT6 (Prop_LUT6_I2_O)        0.038     5.888 r  u_softmax/u_accuracy/u_sum/out_sum_reg[30]_i_5/O
                         net (fo=3, unplaced)         0.192     6.080    u_softmax/u_accuracy/u_sum/out_sum_reg[30]_i_5_n_0
                         LUT6 (Prop_LUT6_I2_O)        0.090     6.170 r  u_softmax/u_accuracy/u_sum/out_sum_reg[30]_i_29/O
                         net (fo=3, unplaced)         0.238     6.408    u_softmax/u_accuracy/u_sum/out_sum_reg[30]_i_29_n_0
                         LUT6 (Prop_LUT6_I5_O)        0.038     6.446 f  u_softmax/u_accuracy/u_sum/out_sum_reg[30]_i_8/O
                         net (fo=27, unplaced)        0.288     6.734    u_softmax/u_accuracy/u_sum/out_sum_reg[30]_i_8_n_0
                         LUT6 (Prop_LUT6_I5_O)        0.038     6.772 r  u_softmax/u_accuracy/u_sum/out_sum_reg[13]_i_1/O
                         net (fo=1, unplaced)         0.048     6.820    u_softmax/u_accuracy/u_sum/out_sum_reg__0[13]
                         FDCE                                         r  u_softmax/u_accuracy/u_sum/out_sum_reg_reg[13]/D
  -------------------------------------------------------------------    -------------------

                         (clock core_clk rise edge)
                                                      6.666     6.666 r  
                                                      0.000     6.666 r  clk (IN)
                         net (fo=59650, unset)        0.000     6.666    u_softmax/u_accuracy/u_sum/clk
                         FDCE                                         r  u_softmax/u_accuracy/u_sum/out_sum_reg_reg[13]/C
                         clock pessimism              0.000     6.666    
                         clock uncertainty           -0.035     6.631    
                         FDCE (Setup_FDCE_C_D)        0.025     6.656    u_softmax/u_accuracy/u_sum/out_sum_reg_reg[13]
  -------------------------------------------------------------------
                         required time                          6.656    
                         arrival time                          -6.820    
  -------------------------------------------------------------------
                         slack                                 -0.164    

Slack (VIOLATED) :        -0.164ns  (required time - arrival time)
  Source:                 u_softmax/u_accuracy/u_sum/out_valid_reg_reg/C
                            (rising edge-triggered cell FDCE clocked by core_clk  {rise@0.000ns fall@3.333ns period=6.666ns})
  Destination:            u_softmax/u_accuracy/u_sum/out_sum_reg_reg[14]/D
                            (rising edge-triggered cell FDCE clocked by core_clk  {rise@0.000ns fall@3.333ns period=6.666ns})
  Path Group:             core_clk
  Path Type:              Setup (Max at Slow Process Corner)
  Requirement:            6.666ns  (core_clk rise@6.666ns - core_clk rise@0.000ns)
  Data Path Delay:        6.820ns  (logic 1.507ns (22.097%)  route 5.313ns (77.903%))
  Logic Levels:           26  (CARRY8=5 LUT2=2 LUT3=3 LUT4=1 LUT5=4 LUT6=11)
  Clock Uncertainty:      0.035ns  ((TSJ^2 + TIJ^2)^1/2 + DJ) / 2 + PE
    Total System Jitter     (TSJ):    0.071ns
    Total Input Jitter      (TIJ):    0.000ns
    Discrete Jitter          (DJ):    0.000ns
    Phase Error              (PE):    0.000ns

    Location             Delay type                Incr(ns)  Path(ns)    Netlist Resource(s)
  -------------------------------------------------------------------    -------------------
                         (clock core_clk rise edge)
                                                      0.000     0.000 r  
                                                      0.000     0.000 r  clk (IN)
                         net (fo=59650, unset)        0.000     0.000    u_softmax/u_accuracy/u_sum/clk
                         FDCE                                         r  u_softmax/u_accuracy/u_sum/out_valid_reg_reg/C
  -------------------------------------------------------------------    -------------------
                         FDCE (Prop_FDCE_C_Q)         0.077     0.077 r  u_softmax/u_accuracy/u_sum/out_valid_reg_reg/Q
                         net (fo=11, unplaced)        0.181     0.258    u_softmax/u_accuracy/add_out_valid
                         LUT5 (Prop_LUT5_I0_O)        0.125     0.383 r  u_softmax/u_accuracy/u_sum_i_34/O
                         net (fo=31, unplaced)        0.242     0.625    u_softmax/u_accuracy/add_bypass_same_slot
                         LUT3 (Prop_LUT3_I1_O)        0.053     0.678 r  u_softmax/u_accuracy/u_sum_i_8/O
                         net (fo=41, unplaced)        0.297     0.975    u_softmax/u_accuracy/u_sum/in_a_fp32[24]
                         LUT4 (Prop_LUT4_I3_O)        0.038     1.013 r  u_softmax/u_accuracy/u_sum/out_sum_reg[25]_i_11/O
                         net (fo=2, unplaced)         0.232     1.245    u_softmax/u_accuracy/u_sum/out_sum_reg[25]_i_11_n_0
                         LUT5 (Prop_LUT5_I1_O)        0.038     1.283 r  u_softmax/u_accuracy/u_sum/out_sum_reg[25]_i_6/O
                         net (fo=6, unplaced)         0.254     1.537    u_softmax/u_accuracy/u_sum/out_sum_reg[25]_i_6_n_0
                         LUT2 (Prop_LUT2_I0_O)        0.038     1.575 f  u_softmax/u_accuracy/u_sum/out_sum_reg[30]_i_74/O
                         net (fo=109, unplaced)       0.320     1.895    u_softmax/u_accuracy/u_sum/out_sum_reg[30]_i_74_n_0
                         LUT3 (Prop_LUT3_I2_O)        0.038     1.933 r  u_softmax/u_accuracy/u_sum/out_sum_reg[30]_i_57/O
                         net (fo=1, unplaced)         0.020     1.953    u_softmax/u_accuracy/u_sum/out_sum_reg[30]_i_57_n_0
                         CARRY8 (Prop_CARRY8_S[0]_CO[3])
                                                      0.186     2.139 r  u_softmax/u_accuracy/u_sum/out_sum_reg_reg[30]_i_23/CO[3]
                         net (fo=118, unplaced)       0.227     2.366    u_softmax/u_accuracy/u_sum/larger_significand1
                         LUT5 (Prop_LUT5_I4_O)        0.038     2.404 f  u_softmax/u_accuracy/u_sum/out_sum_reg[30]_i_115/O
                         net (fo=3, unplaced)         0.238     2.642    u_softmax/u_accuracy/u_sum/out_sum_reg[30]_i_115_n_0
                         LUT6 (Prop_LUT6_I2_O)        0.038     2.680 r  u_softmax/u_accuracy/u_sum/out_sum_reg[30]_i_117/O
                         net (fo=2, unplaced)         0.232     2.912    u_softmax/u_accuracy/u_sum/out_sum_reg[30]_i_117_n_0
                         LUT6 (Prop_LUT6_I1_O)        0.038     2.950 f  u_softmax/u_accuracy/u_sum/out_sum_reg[30]_i_72/O
                         net (fo=40, unplaced)        0.297     3.247    u_softmax/u_accuracy/u_sum/out_sum_reg[30]_i_72_n_0
                         LUT6 (Prop_LUT6_I2_O)        0.038     3.285 f  u_softmax/u_accuracy/u_sum/out_sum_reg[25]_i_40/O
                         net (fo=4, unplaced)         0.245     3.530    u_softmax/u_accuracy/u_sum/out_sum_reg[25]_i_40_n_0
                         LUT6 (Prop_LUT6_I0_O)        0.038     3.568 f  u_softmax/u_accuracy/u_sum/out_sum_reg[14]_i_22/O
                         net (fo=3, unplaced)         0.238     3.806    u_softmax/u_accuracy/u_sum/out_sum_reg[14]_i_22_n_0
                         LUT3 (Prop_LUT3_I0_O)        0.038     3.844 f  u_softmax/u_accuracy/u_sum/out_sum_reg[14]_i_31/O
                         net (fo=2, unplaced)         0.232     4.076    u_softmax/u_accuracy/u_sum/out_sum_reg[14]_i_31_n_0
                         LUT2 (Prop_LUT2_I1_O)        0.038     4.114 r  u_softmax/u_accuracy/u_sum/out_sum_reg[25]_i_38/O
                         net (fo=2, unplaced)         0.232     4.346    u_softmax/u_accuracy/u_sum/out_sum_reg[25]_i_38_n_0
                         LUT6 (Prop_LUT6_I5_O)        0.037     4.383 r  u_softmax/u_accuracy/u_sum/out_sum_reg[6]_i_17/O
                         net (fo=1, unplaced)         0.023     4.406    u_softmax/u_accuracy/u_sum/out_sum_reg[6]_i_17_n_0
                         CARRY8 (Prop_CARRY8_S[1]_CO[7])
                                                      0.197     4.603 r  u_softmax/u_accuracy/u_sum/out_sum_reg_reg[6]_i_3/CO[7]
                         net (fo=1, unplaced)         0.005     4.608    u_softmax/u_accuracy/u_sum/out_sum_reg_reg[6]_i_3_n_0
                         CARRY8 (Prop_CARRY8_CI_CO[7])
                                                      0.022     4.630 r  u_softmax/u_accuracy/u_sum/out_sum_reg_reg[14]_i_3/CO[7]
                         net (fo=1, unplaced)         0.005     4.635    u_softmax/u_accuracy/u_sum/out_sum_reg_reg[14]_i_3_n_0
                         CARRY8 (Prop_CARRY8_CI_CO[7])
                                                      0.022     4.657 r  u_softmax/u_accuracy/u_sum/out_sum_reg_reg[25]_i_8/CO[7]
                         net (fo=1, unplaced)         0.005     4.662    u_softmax/u_accuracy/u_sum/out_sum_reg_reg[25]_i_8_n_0
                         CARRY8 (Prop_CARRY8_CI_CO[0])
                                                      0.052     4.714 r  u_softmax/u_accuracy/u_sum/out_sum_reg_reg[25]_i_4/CO[0]
                         net (fo=63, unplaced)        0.307     5.021    u_softmax/u_accuracy/u_sum/p_0_in
                         LUT5 (Prop_LUT5_I4_O)        0.038     5.059 r  u_softmax/u_accuracy/u_sum/out_sum_reg[27]_i_5/O
                         net (fo=2, unplaced)         0.232     5.291    u_softmax/u_accuracy/u_sum/out_sum_reg[27]_i_5_n_0
                         LUT6 (Prop_LUT6_I2_O)        0.038     5.329 r  u_softmax/u_accuracy/u_sum/out_sum_reg[27]_i_2/O
                         net (fo=4, unplaced)         0.245     5.574    u_softmax/u_accuracy/u_sum/out_sum_reg[27]_i_2_n_0
                         LUT6 (Prop_LUT6_I2_O)        0.038     5.612 r  u_softmax/u_accuracy/u_sum/out_sum_reg[30]_i_22/O
                         net (fo=3, unplaced)         0.238     5.850    u_softmax/u_accuracy/u_sum/out_sum_reg[30]_i_22_n_0
                         LUT6 (Prop_LUT6_I2_O)        0.038     5.888 r  u_softmax/u_accuracy/u_sum/out_sum_reg[30]_i_5/O
                         net (fo=3, unplaced)         0.192     6.080    u_softmax/u_accuracy/u_sum/out_sum_reg[30]_i_5_n_0
                         LUT6 (Prop_LUT6_I2_O)        0.090     6.170 r  u_softmax/u_accuracy/u_sum/out_sum_reg[30]_i_29/O
                         net (fo=3, unplaced)         0.238     6.408    u_softmax/u_accuracy/u_sum/out_sum_reg[30]_i_29_n_0
                         LUT6 (Prop_LUT6_I5_O)        0.038     6.446 f  u_softmax/u_accuracy/u_sum/out_sum_reg[30]_i_8/O
                         net (fo=27, unplaced)        0.288     6.734    u_softmax/u_accuracy/u_sum/out_sum_reg[30]_i_8_n_0
                         LUT6 (Prop_LUT6_I5_O)        0.038     6.772 r  u_softmax/u_accuracy/u_sum/out_sum_reg[14]_i_1/O
                         net (fo=1, unplaced)         0.048     6.820    u_softmax/u_accuracy/u_sum/out_sum_reg__0[14]
                         FDCE                                         r  u_softmax/u_accuracy/u_sum/out_sum_reg_reg[14]/D
  -------------------------------------------------------------------    -------------------

                         (clock core_clk rise edge)
                                                      6.666     6.666 r  
                                                      0.000     6.666 r  clk (IN)
                         net (fo=59650, unset)        0.000     6.666    u_softmax/u_accuracy/u_sum/clk
                         FDCE                                         r  u_softmax/u_accuracy/u_sum/out_sum_reg_reg[14]/C
                         clock pessimism              0.000     6.666    
                         clock uncertainty           -0.035     6.631    
                         FDCE (Setup_FDCE_C_D)        0.025     6.656    u_softmax/u_accuracy/u_sum/out_sum_reg_reg[14]
  -------------------------------------------------------------------
                         required time                          6.656    
                         arrival time                          -6.820    
  -------------------------------------------------------------------
                         slack                                 -0.164    

Slack (VIOLATED) :        -0.164ns  (required time - arrival time)
  Source:                 u_softmax/u_accuracy/u_sum/out_valid_reg_reg/C
                            (rising edge-triggered cell FDCE clocked by core_clk  {rise@0.000ns fall@3.333ns period=6.666ns})
  Destination:            u_softmax/u_accuracy/u_sum/out_sum_reg_reg[15]/D
                            (rising edge-triggered cell FDCE clocked by core_clk  {rise@0.000ns fall@3.333ns period=6.666ns})
  Path Group:             core_clk
  Path Type:              Setup (Max at Slow Process Corner)
  Requirement:            6.666ns  (core_clk rise@6.666ns - core_clk rise@0.000ns)
  Data Path Delay:        6.820ns  (logic 1.507ns (22.097%)  route 5.313ns (77.903%))
  Logic Levels:           26  (CARRY8=5 LUT2=2 LUT3=3 LUT4=1 LUT5=4 LUT6=11)
  Clock Uncertainty:      0.035ns  ((TSJ^2 + TIJ^2)^1/2 + DJ) / 2 + PE
    Total System Jitter     (TSJ):    0.071ns
    Total Input Jitter      (TIJ):    0.000ns
    Discrete Jitter          (DJ):    0.000ns
    Phase Error              (PE):    0.000ns

    Location             Delay type                Incr(ns)  Path(ns)    Netlist Resource(s)
  -------------------------------------------------------------------    -------------------
                         (clock core_clk rise edge)
                                                      0.000     0.000 r  
                                                      0.000     0.000 r  clk (IN)
                         net (fo=59650, unset)        0.000     0.000    u_softmax/u_accuracy/u_sum/clk
                         FDCE                                         r  u_softmax/u_accuracy/u_sum/out_valid_reg_reg/C
  -------------------------------------------------------------------    -------------------
                         FDCE (Prop_FDCE_C_Q)         0.077     0.077 r  u_softmax/u_accuracy/u_sum/out_valid_reg_reg/Q
                         net (fo=11, unplaced)        0.181     0.258    u_softmax/u_accuracy/add_out_valid
                         LUT5 (Prop_LUT5_I0_O)        0.125     0.383 r  u_softmax/u_accuracy/u_sum_i_34/O
                         net (fo=31, unplaced)        0.242     0.625    u_softmax/u_accuracy/add_bypass_same_slot
                         LUT3 (Prop_LUT3_I1_O)        0.053     0.678 r  u_softmax/u_accuracy/u_sum_i_8/O
                         net (fo=41, unplaced)        0.297     0.975    u_softmax/u_accuracy/u_sum/in_a_fp32[24]
                         LUT4 (Prop_LUT4_I3_O)        0.038     1.013 r  u_softmax/u_accuracy/u_sum/out_sum_reg[25]_i_11/O
                         net (fo=2, unplaced)         0.232     1.245    u_softmax/u_accuracy/u_sum/out_sum_reg[25]_i_11_n_0
                         LUT5 (Prop_LUT5_I1_O)        0.038     1.283 r  u_softmax/u_accuracy/u_sum/out_sum_reg[25]_i_6/O
                         net (fo=6, unplaced)         0.254     1.537    u_softmax/u_accuracy/u_sum/out_sum_reg[25]_i_6_n_0
                         LUT2 (Prop_LUT2_I0_O)        0.038     1.575 f  u_softmax/u_accuracy/u_sum/out_sum_reg[30]_i_74/O
                         net (fo=109, unplaced)       0.320     1.895    u_softmax/u_accuracy/u_sum/out_sum_reg[30]_i_74_n_0
                         LUT3 (Prop_LUT3_I2_O)        0.038     1.933 r  u_softmax/u_accuracy/u_sum/out_sum_reg[30]_i_57/O
                         net (fo=1, unplaced)         0.020     1.953    u_softmax/u_accuracy/u_sum/out_sum_reg[30]_i_57_n_0
                         CARRY8 (Prop_CARRY8_S[0]_CO[3])
                                                      0.186     2.139 r  u_softmax/u_accuracy/u_sum/out_sum_reg_reg[30]_i_23/CO[3]
                         net (fo=118, unplaced)       0.227     2.366    u_softmax/u_accuracy/u_sum/larger_significand1
                         LUT5 (Prop_LUT5_I4_O)        0.038     2.404 f  u_softmax/u_accuracy/u_sum/out_sum_reg[30]_i_115/O
                         net (fo=3, unplaced)         0.238     2.642    u_softmax/u_accuracy/u_sum/out_sum_reg[30]_i_115_n_0
                         LUT6 (Prop_LUT6_I2_O)        0.038     2.680 r  u_softmax/u_accuracy/u_sum/out_sum_reg[30]_i_117/O
                         net (fo=2, unplaced)         0.232     2.912    u_softmax/u_accuracy/u_sum/out_sum_reg[30]_i_117_n_0
                         LUT6 (Prop_LUT6_I1_O)        0.038     2.950 f  u_softmax/u_accuracy/u_sum/out_sum_reg[30]_i_72/O
                         net (fo=40, unplaced)        0.297     3.247    u_softmax/u_accuracy/u_sum/out_sum_reg[30]_i_72_n_0
                         LUT6 (Prop_LUT6_I2_O)        0.038     3.285 f  u_softmax/u_accuracy/u_sum/out_sum_reg[25]_i_40/O
                         net (fo=4, unplaced)         0.245     3.530    u_softmax/u_accuracy/u_sum/out_sum_reg[25]_i_40_n_0
                         LUT6 (Prop_LUT6_I0_O)        0.038     3.568 f  u_softmax/u_accuracy/u_sum/out_sum_reg[14]_i_22/O
                         net (fo=3, unplaced)         0.238     3.806    u_softmax/u_accuracy/u_sum/out_sum_reg[14]_i_22_n_0
                         LUT3 (Prop_LUT3_I0_O)        0.038     3.844 f  u_softmax/u_accuracy/u_sum/out_sum_reg[14]_i_31/O
                         net (fo=2, unplaced)         0.232     4.076    u_softmax/u_accuracy/u_sum/out_sum_reg[14]_i_31_n_0
                         LUT2 (Prop_LUT2_I1_O)        0.038     4.114 r  u_softmax/u_accuracy/u_sum/out_sum_reg[25]_i_38/O
                         net (fo=2, unplaced)         0.232     4.346    u_softmax/u_accuracy/u_sum/out_sum_reg[25]_i_38_n_0
                         LUT6 (Prop_LUT6_I5_O)        0.037     4.383 r  u_softmax/u_accuracy/u_sum/out_sum_reg[6]_i_17/O
                         net (fo=1, unplaced)         0.023     4.406    u_softmax/u_accuracy/u_sum/out_sum_reg[6]_i_17_n_0
                         CARRY8 (Prop_CARRY8_S[1]_CO[7])
                                                      0.197     4.603 r  u_softmax/u_accuracy/u_sum/out_sum_reg_reg[6]_i_3/CO[7]
                         net (fo=1, unplaced)         0.005     4.608    u_softmax/u_accuracy/u_sum/out_sum_reg_reg[6]_i_3_n_0
                         CARRY8 (Prop_CARRY8_CI_CO[7])
                                                      0.022     4.630 r  u_softmax/u_accuracy/u_sum/out_sum_reg_reg[14]_i_3/CO[7]
                         net (fo=1, unplaced)         0.005     4.635    u_softmax/u_accuracy/u_sum/out_sum_reg_reg[14]_i_3_n_0
                         CARRY8 (Prop_CARRY8_CI_CO[7])
                                                      0.022     4.657 r  u_softmax/u_accuracy/u_sum/out_sum_reg_reg[25]_i_8/CO[7]
                         net (fo=1, unplaced)         0.005     4.662    u_softmax/u_accuracy/u_sum/out_sum_reg_reg[25]_i_8_n_0
                         CARRY8 (Prop_CARRY8_CI_CO[0])
                                                      0.052     4.714 r  u_softmax/u_accuracy/u_sum/out_sum_reg_reg[25]_i_4/CO[0]
                         net (fo=63, unplaced)        0.307     5.021    u_softmax/u_accuracy/u_sum/p_0_in
                         LUT5 (Prop_LUT5_I4_O)        0.038     5.059 r  u_softmax/u_accuracy/u_sum/out_sum_reg[27]_i_5/O
                         net (fo=2, unplaced)         0.232     5.291    u_softmax/u_accuracy/u_sum/out_sum_reg[27]_i_5_n_0
                         LUT6 (Prop_LUT6_I2_O)        0.038     5.329 r  u_softmax/u_accuracy/u_sum/out_sum_reg[27]_i_2/O
                         net (fo=4, unplaced)         0.245     5.574    u_softmax/u_accuracy/u_sum/out_sum_reg[27]_i_2_n_0
                         LUT6 (Prop_LUT6_I2_O)        0.038     5.612 r  u_softmax/u_accuracy/u_sum/out_sum_reg[30]_i_22/O
                         net (fo=3, unplaced)         0.238     5.850    u_softmax/u_accuracy/u_sum/out_sum_reg[30]_i_22_n_0
                         LUT6 (Prop_LUT6_I2_O)        0.038     5.888 r  u_softmax/u_accuracy/u_sum/out_sum_reg[30]_i_5/O
                         net (fo=3, unplaced)         0.192     6.080    u_softmax/u_accuracy/u_sum/out_sum_reg[30]_i_5_n_0
                         LUT6 (Prop_LUT6_I2_O)        0.090     6.170 r  u_softmax/u_accuracy/u_sum/out_sum_reg[30]_i_29/O
                         net (fo=3, unplaced)         0.238     6.408    u_softmax/u_accuracy/u_sum/out_sum_reg[30]_i_29_n_0
                         LUT6 (Prop_LUT6_I5_O)        0.038     6.446 f  u_softmax/u_accuracy/u_sum/out_sum_reg[30]_i_8/O
                         net (fo=27, unplaced)        0.288     6.734    u_softmax/u_accuracy/u_sum/out_sum_reg[30]_i_8_n_0
                         LUT6 (Prop_LUT6_I5_O)        0.038     6.772 r  u_softmax/u_accuracy/u_sum/out_sum_reg[15]_i_1/O
                         net (fo=1, unplaced)         0.048     6.820    u_softmax/u_accuracy/u_sum/out_sum_reg__0[15]
                         FDCE                                         r  u_softmax/u_accuracy/u_sum/out_sum_reg_reg[15]/D
  -------------------------------------------------------------------    -------------------

                         (clock core_clk rise edge)
                                                      6.666     6.666 r  
                                                      0.000     6.666 r  clk (IN)
                         net (fo=59650, unset)        0.000     6.666    u_softmax/u_accuracy/u_sum/clk
                         FDCE                                         r  u_softmax/u_accuracy/u_sum/out_sum_reg_reg[15]/C
                         clock pessimism              0.000     6.666    
                         clock uncertainty           -0.035     6.631    
                         FDCE (Setup_FDCE_C_D)        0.025     6.656    u_softmax/u_accuracy/u_sum/out_sum_reg_reg[15]
  -------------------------------------------------------------------
                         required time                          6.656    
                         arrival time                          -6.820    
  -------------------------------------------------------------------
                         slack                                 -0.164    

Slack (VIOLATED) :        -0.164ns  (required time - arrival time)
  Source:                 u_softmax/u_accuracy/u_sum/out_valid_reg_reg/C
                            (rising edge-triggered cell FDCE clocked by core_clk  {rise@0.000ns fall@3.333ns period=6.666ns})
  Destination:            u_softmax/u_accuracy/u_sum/out_sum_reg_reg[16]/D
                            (rising edge-triggered cell FDCE clocked by core_clk  {rise@0.000ns fall@3.333ns period=6.666ns})
  Path Group:             core_clk
  Path Type:              Setup (Max at Slow Process Corner)
  Requirement:            6.666ns  (core_clk rise@6.666ns - core_clk rise@0.000ns)
  Data Path Delay:        6.820ns  (logic 1.507ns (22.097%)  route 5.313ns (77.903%))
  Logic Levels:           26  (CARRY8=5 LUT2=2 LUT3=3 LUT4=1 LUT5=4 LUT6=11)
  Clock Uncertainty:      0.035ns  ((TSJ^2 + TIJ^2)^1/2 + DJ) / 2 + PE
    Total System Jitter     (TSJ):    0.071ns
    Total Input Jitter      (TIJ):    0.000ns
    Discrete Jitter          (DJ):    0.000ns
    Phase Error              (PE):    0.000ns

    Location             Delay type                Incr(ns)  Path(ns)    Netlist Resource(s)
  -------------------------------------------------------------------    -------------------
                         (clock core_clk rise edge)
                                                      0.000     0.000 r  
                                                      0.000     0.000 r  clk (IN)
                         net (fo=59650, unset)        0.000     0.000    u_softmax/u_accuracy/u_sum/clk
                         FDCE                                         r  u_softmax/u_accuracy/u_sum/out_valid_reg_reg/C
  -------------------------------------------------------------------    -------------------
                         FDCE (Prop_FDCE_C_Q)         0.077     0.077 r  u_softmax/u_accuracy/u_sum/out_valid_reg_reg/Q
                         net (fo=11, unplaced)        0.181     0.258    u_softmax/u_accuracy/add_out_valid
                         LUT5 (Prop_LUT5_I0_O)        0.125     0.383 r  u_softmax/u_accuracy/u_sum_i_34/O
                         net (fo=31, unplaced)        0.242     0.625    u_softmax/u_accuracy/add_bypass_same_slot
                         LUT3 (Prop_LUT3_I1_O)        0.053     0.678 r  u_softmax/u_accuracy/u_sum_i_8/O
                         net (fo=41, unplaced)        0.297     0.975    u_softmax/u_accuracy/u_sum/in_a_fp32[24]
                         LUT4 (Prop_LUT4_I3_O)        0.038     1.013 r  u_softmax/u_accuracy/u_sum/out_sum_reg[25]_i_11/O
                         net (fo=2, unplaced)         0.232     1.245    u_softmax/u_accuracy/u_sum/out_sum_reg[25]_i_11_n_0
                         LUT5 (Prop_LUT5_I1_O)        0.038     1.283 r  u_softmax/u_accuracy/u_sum/out_sum_reg[25]_i_6/O
                         net (fo=6, unplaced)         0.254     1.537    u_softmax/u_accuracy/u_sum/out_sum_reg[25]_i_6_n_0
                         LUT2 (Prop_LUT2_I0_O)        0.038     1.575 f  u_softmax/u_accuracy/u_sum/out_sum_reg[30]_i_74/O
                         net (fo=109, unplaced)       0.320     1.895    u_softmax/u_accuracy/u_sum/out_sum_reg[30]_i_74_n_0
                         LUT3 (Prop_LUT3_I2_O)        0.038     1.933 r  u_softmax/u_accuracy/u_sum/out_sum_reg[30]_i_57/O
                         net (fo=1, unplaced)         0.020     1.953    u_softmax/u_accuracy/u_sum/out_sum_reg[30]_i_57_n_0
                         CARRY8 (Prop_CARRY8_S[0]_CO[3])
                                                      0.186     2.139 r  u_softmax/u_accuracy/u_sum/out_sum_reg_reg[30]_i_23/CO[3]
                         net (fo=118, unplaced)       0.227     2.366    u_softmax/u_accuracy/u_sum/larger_significand1
                         LUT5 (Prop_LUT5_I4_O)        0.038     2.404 f  u_softmax/u_accuracy/u_sum/out_sum_reg[30]_i_115/O
                         net (fo=3, unplaced)         0.238     2.642    u_softmax/u_accuracy/u_sum/out_sum_reg[30]_i_115_n_0
                         LUT6 (Prop_LUT6_I2_O)        0.038     2.680 r  u_softmax/u_accuracy/u_sum/out_sum_reg[30]_i_117/O
                         net (fo=2, unplaced)         0.232     2.912    u_softmax/u_accuracy/u_sum/out_sum_reg[30]_i_117_n_0
                         LUT6 (Prop_LUT6_I1_O)        0.038     2.950 f  u_softmax/u_accuracy/u_sum/out_sum_reg[30]_i_72/O
                         net (fo=40, unplaced)        0.297     3.247    u_softmax/u_accuracy/u_sum/out_sum_reg[30]_i_72_n_0
                         LUT6 (Prop_LUT6_I2_O)        0.038     3.285 f  u_softmax/u_accuracy/u_sum/out_sum_reg[25]_i_40/O
                         net (fo=4, unplaced)         0.245     3.530    u_softmax/u_accuracy/u_sum/out_sum_reg[25]_i_40_n_0
                         LUT6 (Prop_LUT6_I0_O)        0.038     3.568 f  u_softmax/u_accuracy/u_sum/out_sum_reg[14]_i_22/O
                         net (fo=3, unplaced)         0.238     3.806    u_softmax/u_accuracy/u_sum/out_sum_reg[14]_i_22_n_0
                         LUT3 (Prop_LUT3_I0_O)        0.038     3.844 f  u_softmax/u_accuracy/u_sum/out_sum_reg[14]_i_31/O
                         net (fo=2, unplaced)         0.232     4.076    u_softmax/u_accuracy/u_sum/out_sum_reg[14]_i_31_n_0
                         LUT2 (Prop_LUT2_I1_O)        0.038     4.114 r  u_softmax/u_accuracy/u_sum/out_sum_reg[25]_i_38/O
                         net (fo=2, unplaced)         0.232     4.346    u_softmax/u_accuracy/u_sum/out_sum_reg[25]_i_38_n_0
                         LUT6 (Prop_LUT6_I5_O)        0.037     4.383 r  u_softmax/u_accuracy/u_sum/out_sum_reg[6]_i_17/O
                         net (fo=1, unplaced)         0.023     4.406    u_softmax/u_accuracy/u_sum/out_sum_reg[6]_i_17_n_0
                         CARRY8 (Prop_CARRY8_S[1]_CO[7])
                                                      0.197     4.603 r  u_softmax/u_accuracy/u_sum/out_sum_reg_reg[6]_i_3/CO[7]
                         net (fo=1, unplaced)         0.005     4.608    u_softmax/u_accuracy/u_sum/out_sum_reg_reg[6]_i_3_n_0
                         CARRY8 (Prop_CARRY8_CI_CO[7])
                                                      0.022     4.630 r  u_softmax/u_accuracy/u_sum/out_sum_reg_reg[14]_i_3/CO[7]
                         net (fo=1, unplaced)         0.005     4.635    u_softmax/u_accuracy/u_sum/out_sum_reg_reg[14]_i_3_n_0
                         CARRY8 (Prop_CARRY8_CI_CO[7])
                                                      0.022     4.657 r  u_softmax/u_accuracy/u_sum/out_sum_reg_reg[25]_i_8/CO[7]
                         net (fo=1, unplaced)         0.005     4.662    u_softmax/u_accuracy/u_sum/out_sum_reg_reg[25]_i_8_n_0
                         CARRY8 (Prop_CARRY8_CI_CO[0])
                                                      0.052     4.714 r  u_softmax/u_accuracy/u_sum/out_sum_reg_reg[25]_i_4/CO[0]
                         net (fo=63, unplaced)        0.307     5.021    u_softmax/u_accuracy/u_sum/p_0_in
                         LUT5 (Prop_LUT5_I4_O)        0.038     5.059 r  u_softmax/u_accuracy/u_sum/out_sum_reg[27]_i_5/O
                         net (fo=2, unplaced)         0.232     5.291    u_softmax/u_accuracy/u_sum/out_sum_reg[27]_i_5_n_0
                         LUT6 (Prop_LUT6_I2_O)        0.038     5.329 r  u_softmax/u_accuracy/u_sum/out_sum_reg[27]_i_2/O
                         net (fo=4, unplaced)         0.245     5.574    u_softmax/u_accuracy/u_sum/out_sum_reg[27]_i_2_n_0
                         LUT6 (Prop_LUT6_I2_O)        0.038     5.612 r  u_softmax/u_accuracy/u_sum/out_sum_reg[30]_i_22/O
                         net (fo=3, unplaced)         0.238     5.850    u_softmax/u_accuracy/u_sum/out_sum_reg[30]_i_22_n_0
                         LUT6 (Prop_LUT6_I2_O)        0.038     5.888 r  u_softmax/u_accuracy/u_sum/out_sum_reg[30]_i_5/O
                         net (fo=3, unplaced)         0.192     6.080    u_softmax/u_accuracy/u_sum/out_sum_reg[30]_i_5_n_0
                         LUT6 (Prop_LUT6_I2_O)        0.090     6.170 r  u_softmax/u_accuracy/u_sum/out_sum_reg[30]_i_29/O
                         net (fo=3, unplaced)         0.238     6.408    u_softmax/u_accuracy/u_sum/out_sum_reg[30]_i_29_n_0
                         LUT6 (Prop_LUT6_I5_O)        0.038     6.446 f  u_softmax/u_accuracy/u_sum/out_sum_reg[30]_i_8/O
                         net (fo=27, unplaced)        0.288     6.734    u_softmax/u_accuracy/u_sum/out_sum_reg[30]_i_8_n_0
                         LUT6 (Prop_LUT6_I5_O)        0.038     6.772 r  u_softmax/u_accuracy/u_sum/out_sum_reg[16]_i_1/O
                         net (fo=1, unplaced)         0.048     6.820    u_softmax/u_accuracy/u_sum/out_sum_reg__0[16]
                         FDCE                                         r  u_softmax/u_accuracy/u_sum/out_sum_reg_reg[16]/D
  -------------------------------------------------------------------    -------------------

                         (clock core_clk rise edge)
                                                      6.666     6.666 r  
                                                      0.000     6.666 r  clk (IN)
                         net (fo=59650, unset)        0.000     6.666    u_softmax/u_accuracy/u_sum/clk
                         FDCE                                         r  u_softmax/u_accuracy/u_sum/out_sum_reg_reg[16]/C
                         clock pessimism              0.000     6.666    
                         clock uncertainty           -0.035     6.631    
                         FDCE (Setup_FDCE_C_D)        0.025     6.656    u_softmax/u_accuracy/u_sum/out_sum_reg_reg[16]
  -------------------------------------------------------------------
                         required time                          6.656    
                         arrival time                          -6.820    
  -------------------------------------------------------------------
                         slack                                 -0.164    

Slack (VIOLATED) :        -0.164ns  (required time - arrival time)
  Source:                 u_softmax/u_accuracy/u_sum/out_valid_reg_reg/C
                            (rising edge-triggered cell FDCE clocked by core_clk  {rise@0.000ns fall@3.333ns period=6.666ns})
  Destination:            u_softmax/u_accuracy/u_sum/out_sum_reg_reg[17]/D
                            (rising edge-triggered cell FDCE clocked by core_clk  {rise@0.000ns fall@3.333ns period=6.666ns})
  Path Group:             core_clk
  Path Type:              Setup (Max at Slow Process Corner)
  Requirement:            6.666ns  (core_clk rise@6.666ns - core_clk rise@0.000ns)
  Data Path Delay:        6.820ns  (logic 1.507ns (22.097%)  route 5.313ns (77.903%))
  Logic Levels:           26  (CARRY8=5 LUT2=2 LUT3=3 LUT4=1 LUT5=4 LUT6=11)
  Clock Uncertainty:      0.035ns  ((TSJ^2 + TIJ^2)^1/2 + DJ) / 2 + PE
    Total System Jitter     (TSJ):    0.071ns
    Total Input Jitter      (TIJ):    0.000ns
    Discrete Jitter          (DJ):    0.000ns
    Phase Error              (PE):    0.000ns

    Location             Delay type                Incr(ns)  Path(ns)    Netlist Resource(s)
  -------------------------------------------------------------------    -------------------
                         (clock core_clk rise edge)
                                                      0.000     0.000 r  
                                                      0.000     0.000 r  clk (IN)
                         net (fo=59650, unset)        0.000     0.000    u_softmax/u_accuracy/u_sum/clk
                         FDCE                                         r  u_softmax/u_accuracy/u_sum/out_valid_reg_reg/C
  -------------------------------------------------------------------    -------------------
                         FDCE (Prop_FDCE_C_Q)         0.077     0.077 r  u_softmax/u_accuracy/u_sum/out_valid_reg_reg/Q
                         net (fo=11, unplaced)        0.181     0.258    u_softmax/u_accuracy/add_out_valid
                         LUT5 (Prop_LUT5_I0_O)        0.125     0.383 r  u_softmax/u_accuracy/u_sum_i_34/O
                         net (fo=31, unplaced)        0.242     0.625    u_softmax/u_accuracy/add_bypass_same_slot
                         LUT3 (Prop_LUT3_I1_O)        0.053     0.678 r  u_softmax/u_accuracy/u_sum_i_8/O
                         net (fo=41, unplaced)        0.297     0.975    u_softmax/u_accuracy/u_sum/in_a_fp32[24]
                         LUT4 (Prop_LUT4_I3_O)        0.038     1.013 r  u_softmax/u_accuracy/u_sum/out_sum_reg[25]_i_11/O
                         net (fo=2, unplaced)         0.232     1.245    u_softmax/u_accuracy/u_sum/out_sum_reg[25]_i_11_n_0
                         LUT5 (Prop_LUT5_I1_O)        0.038     1.283 r  u_softmax/u_accuracy/u_sum/out_sum_reg[25]_i_6/O
                         net (fo=6, unplaced)         0.254     1.537    u_softmax/u_accuracy/u_sum/out_sum_reg[25]_i_6_n_0
                         LUT2 (Prop_LUT2_I0_O)        0.038     1.575 f  u_softmax/u_accuracy/u_sum/out_sum_reg[30]_i_74/O
                         net (fo=109, unplaced)       0.320     1.895    u_softmax/u_accuracy/u_sum/out_sum_reg[30]_i_74_n_0
                         LUT3 (Prop_LUT3_I2_O)        0.038     1.933 r  u_softmax/u_accuracy/u_sum/out_sum_reg[30]_i_57/O
                         net (fo=1, unplaced)         0.020     1.953    u_softmax/u_accuracy/u_sum/out_sum_reg[30]_i_57_n_0
                         CARRY8 (Prop_CARRY8_S[0]_CO[3])
                                                      0.186     2.139 r  u_softmax/u_accuracy/u_sum/out_sum_reg_reg[30]_i_23/CO[3]
                         net (fo=118, unplaced)       0.227     2.366    u_softmax/u_accuracy/u_sum/larger_significand1
                         LUT5 (Prop_LUT5_I4_O)        0.038     2.404 f  u_softmax/u_accuracy/u_sum/out_sum_reg[30]_i_115/O
                         net (fo=3, unplaced)         0.238     2.642    u_softmax/u_accuracy/u_sum/out_sum_reg[30]_i_115_n_0
                         LUT6 (Prop_LUT6_I2_O)        0.038     2.680 r  u_softmax/u_accuracy/u_sum/out_sum_reg[30]_i_117/O
                         net (fo=2, unplaced)         0.232     2.912    u_softmax/u_accuracy/u_sum/out_sum_reg[30]_i_117_n_0
                         LUT6 (Prop_LUT6_I1_O)        0.038     2.950 f  u_softmax/u_accuracy/u_sum/out_sum_reg[30]_i_72/O
                         net (fo=40, unplaced)        0.297     3.247    u_softmax/u_accuracy/u_sum/out_sum_reg[30]_i_72_n_0
                         LUT6 (Prop_LUT6_I2_O)        0.038     3.285 f  u_softmax/u_accuracy/u_sum/out_sum_reg[25]_i_40/O
                         net (fo=4, unplaced)         0.245     3.530    u_softmax/u_accuracy/u_sum/out_sum_reg[25]_i_40_n_0
                         LUT6 (Prop_LUT6_I0_O)        0.038     3.568 f  u_softmax/u_accuracy/u_sum/out_sum_reg[14]_i_22/O
                         net (fo=3, unplaced)         0.238     3.806    u_softmax/u_accuracy/u_sum/out_sum_reg[14]_i_22_n_0
                         LUT3 (Prop_LUT3_I0_O)        0.038     3.844 f  u_softmax/u_accuracy/u_sum/out_sum_reg[14]_i_31/O
                         net (fo=2, unplaced)         0.232     4.076    u_softmax/u_accuracy/u_sum/out_sum_reg[14]_i_31_n_0
                         LUT2 (Prop_LUT2_I1_O)        0.038     4.114 r  u_softmax/u_accuracy/u_sum/out_sum_reg[25]_i_38/O
                         net (fo=2, unplaced)         0.232     4.346    u_softmax/u_accuracy/u_sum/out_sum_reg[25]_i_38_n_0
                         LUT6 (Prop_LUT6_I5_O)        0.037     4.383 r  u_softmax/u_accuracy/u_sum/out_sum_reg[6]_i_17/O
                         net (fo=1, unplaced)         0.023     4.406    u_softmax/u_accuracy/u_sum/out_sum_reg[6]_i_17_n_0
                         CARRY8 (Prop_CARRY8_S[1]_CO[7])
                                                      0.197     4.603 r  u_softmax/u_accuracy/u_sum/out_sum_reg_reg[6]_i_3/CO[7]
                         net (fo=1, unplaced)         0.005     4.608    u_softmax/u_accuracy/u_sum/out_sum_reg_reg[6]_i_3_n_0
                         CARRY8 (Prop_CARRY8_CI_CO[7])
                                                      0.022     4.630 r  u_softmax/u_accuracy/u_sum/out_sum_reg_reg[14]_i_3/CO[7]
                         net (fo=1, unplaced)         0.005     4.635    u_softmax/u_accuracy/u_sum/out_sum_reg_reg[14]_i_3_n_0
                         CARRY8 (Prop_CARRY8_CI_CO[7])
                                                      0.022     4.657 r  u_softmax/u_accuracy/u_sum/out_sum_reg_reg[25]_i_8/CO[7]
                         net (fo=1, unplaced)         0.005     4.662    u_softmax/u_accuracy/u_sum/out_sum_reg_reg[25]_i_8_n_0
                         CARRY8 (Prop_CARRY8_CI_CO[0])
                                                      0.052     4.714 r  u_softmax/u_accuracy/u_sum/out_sum_reg_reg[25]_i_4/CO[0]
                         net (fo=63, unplaced)        0.307     5.021    u_softmax/u_accuracy/u_sum/p_0_in
                         LUT5 (Prop_LUT5_I4_O)        0.038     5.059 r  u_softmax/u_accuracy/u_sum/out_sum_reg[27]_i_5/O
                         net (fo=2, unplaced)         0.232     5.291    u_softmax/u_accuracy/u_sum/out_sum_reg[27]_i_5_n_0
                         LUT6 (Prop_LUT6_I2_O)        0.038     5.329 r  u_softmax/u_accuracy/u_sum/out_sum_reg[27]_i_2/O
                         net (fo=4, unplaced)         0.245     5.574    u_softmax/u_accuracy/u_sum/out_sum_reg[27]_i_2_n_0
                         LUT6 (Prop_LUT6_I2_O)        0.038     5.612 r  u_softmax/u_accuracy/u_sum/out_sum_reg[30]_i_22/O
                         net (fo=3, unplaced)         0.238     5.850    u_softmax/u_accuracy/u_sum/out_sum_reg[30]_i_22_n_0
                         LUT6 (Prop_LUT6_I2_O)        0.038     5.888 r  u_softmax/u_accuracy/u_sum/out_sum_reg[30]_i_5/O
                         net (fo=3, unplaced)         0.192     6.080    u_softmax/u_accuracy/u_sum/out_sum_reg[30]_i_5_n_0
                         LUT6 (Prop_LUT6_I2_O)        0.090     6.170 r  u_softmax/u_accuracy/u_sum/out_sum_reg[30]_i_29/O
                         net (fo=3, unplaced)         0.238     6.408    u_softmax/u_accuracy/u_sum/out_sum_reg[30]_i_29_n_0
                         LUT6 (Prop_LUT6_I5_O)        0.038     6.446 f  u_softmax/u_accuracy/u_sum/out_sum_reg[30]_i_8/O
                         net (fo=27, unplaced)        0.288     6.734    u_softmax/u_accuracy/u_sum/out_sum_reg[30]_i_8_n_0
                         LUT6 (Prop_LUT6_I5_O)        0.038     6.772 r  u_softmax/u_accuracy/u_sum/out_sum_reg[17]_i_1/O
                         net (fo=1, unplaced)         0.048     6.820    u_softmax/u_accuracy/u_sum/out_sum_reg__0[17]
                         FDCE                                         r  u_softmax/u_accuracy/u_sum/out_sum_reg_reg[17]/D
  -------------------------------------------------------------------    -------------------

                         (clock core_clk rise edge)
                                                      6.666     6.666 r  
                                                      0.000     6.666 r  clk (IN)
                         net (fo=59650, unset)        0.000     6.666    u_softmax/u_accuracy/u_sum/clk
                         FDCE                                         r  u_softmax/u_accuracy/u_sum/out_sum_reg_reg[17]/C
                         clock pessimism              0.000     6.666    
                         clock uncertainty           -0.035     6.631    
                         FDCE (Setup_FDCE_C_D)        0.025     6.656    u_softmax/u_accuracy/u_sum/out_sum_reg_reg[17]
  -------------------------------------------------------------------
                         required time                          6.656    
                         arrival time                          -6.820    
  -------------------------------------------------------------------
                         slack                                 -0.164    

Slack (VIOLATED) :        -0.164ns  (required time - arrival time)
  Source:                 u_softmax/u_accuracy/u_sum/out_valid_reg_reg/C
                            (rising edge-triggered cell FDCE clocked by core_clk  {rise@0.000ns fall@3.333ns period=6.666ns})
  Destination:            u_softmax/u_accuracy/u_sum/out_sum_reg_reg[18]/D
                            (rising edge-triggered cell FDCE clocked by core_clk  {rise@0.000ns fall@3.333ns period=6.666ns})
  Path Group:             core_clk
  Path Type:              Setup (Max at Slow Process Corner)
  Requirement:            6.666ns  (core_clk rise@6.666ns - core_clk rise@0.000ns)
  Data Path Delay:        6.820ns  (logic 1.507ns (22.097%)  route 5.313ns (77.903%))
  Logic Levels:           26  (CARRY8=5 LUT2=2 LUT3=3 LUT4=1 LUT5=4 LUT6=11)
  Clock Uncertainty:      0.035ns  ((TSJ^2 + TIJ^2)^1/2 + DJ) / 2 + PE
    Total System Jitter     (TSJ):    0.071ns
    Total Input Jitter      (TIJ):    0.000ns
    Discrete Jitter          (DJ):    0.000ns
    Phase Error              (PE):    0.000ns

    Location             Delay type                Incr(ns)  Path(ns)    Netlist Resource(s)
  -------------------------------------------------------------------    -------------------
                         (clock core_clk rise edge)
                                                      0.000     0.000 r  
                                                      0.000     0.000 r  clk (IN)
                         net (fo=59650, unset)        0.000     0.000    u_softmax/u_accuracy/u_sum/clk
                         FDCE                                         r  u_softmax/u_accuracy/u_sum/out_valid_reg_reg/C
  -------------------------------------------------------------------    -------------------
                         FDCE (Prop_FDCE_C_Q)         0.077     0.077 r  u_softmax/u_accuracy/u_sum/out_valid_reg_reg/Q
                         net (fo=11, unplaced)        0.181     0.258    u_softmax/u_accuracy/add_out_valid
                         LUT5 (Prop_LUT5_I0_O)        0.125     0.383 r  u_softmax/u_accuracy/u_sum_i_34/O
                         net (fo=31, unplaced)        0.242     0.625    u_softmax/u_accuracy/add_bypass_same_slot
                         LUT3 (Prop_LUT3_I1_O)        0.053     0.678 r  u_softmax/u_accuracy/u_sum_i_8/O
                         net (fo=41, unplaced)        0.297     0.975    u_softmax/u_accuracy/u_sum/in_a_fp32[24]
                         LUT4 (Prop_LUT4_I3_O)        0.038     1.013 r  u_softmax/u_accuracy/u_sum/out_sum_reg[25]_i_11/O
                         net (fo=2, unplaced)         0.232     1.245    u_softmax/u_accuracy/u_sum/out_sum_reg[25]_i_11_n_0
                         LUT5 (Prop_LUT5_I1_O)        0.038     1.283 r  u_softmax/u_accuracy/u_sum/out_sum_reg[25]_i_6/O
                         net (fo=6, unplaced)         0.254     1.537    u_softmax/u_accuracy/u_sum/out_sum_reg[25]_i_6_n_0
                         LUT2 (Prop_LUT2_I0_O)        0.038     1.575 f  u_softmax/u_accuracy/u_sum/out_sum_reg[30]_i_74/O
                         net (fo=109, unplaced)       0.320     1.895    u_softmax/u_accuracy/u_sum/out_sum_reg[30]_i_74_n_0
                         LUT3 (Prop_LUT3_I2_O)        0.038     1.933 r  u_softmax/u_accuracy/u_sum/out_sum_reg[30]_i_57/O
                         net (fo=1, unplaced)         0.020     1.953    u_softmax/u_accuracy/u_sum/out_sum_reg[30]_i_57_n_0
                         CARRY8 (Prop_CARRY8_S[0]_CO[3])
                                                      0.186     2.139 r  u_softmax/u_accuracy/u_sum/out_sum_reg_reg[30]_i_23/CO[3]
                         net (fo=118, unplaced)       0.227     2.366    u_softmax/u_accuracy/u_sum/larger_significand1
                         LUT5 (Prop_LUT5_I4_O)        0.038     2.404 f  u_softmax/u_accuracy/u_sum/out_sum_reg[30]_i_115/O
                         net (fo=3, unplaced)         0.238     2.642    u_softmax/u_accuracy/u_sum/out_sum_reg[30]_i_115_n_0
                         LUT6 (Prop_LUT6_I2_O)        0.038     2.680 r  u_softmax/u_accuracy/u_sum/out_sum_reg[30]_i_117/O
                         net (fo=2, unplaced)         0.232     2.912    u_softmax/u_accuracy/u_sum/out_sum_reg[30]_i_117_n_0
                         LUT6 (Prop_LUT6_I1_O)        0.038     2.950 f  u_softmax/u_accuracy/u_sum/out_sum_reg[30]_i_72/O
                         net (fo=40, unplaced)        0.297     3.247    u_softmax/u_accuracy/u_sum/out_sum_reg[30]_i_72_n_0
                         LUT6 (Prop_LUT6_I2_O)        0.038     3.285 f  u_softmax/u_accuracy/u_sum/out_sum_reg[25]_i_40/O
                         net (fo=4, unplaced)         0.245     3.530    u_softmax/u_accuracy/u_sum/out_sum_reg[25]_i_40_n_0
                         LUT6 (Prop_LUT6_I0_O)        0.038     3.568 f  u_softmax/u_accuracy/u_sum/out_sum_reg[14]_i_22/O
                         net (fo=3, unplaced)         0.238     3.806    u_softmax/u_accuracy/u_sum/out_sum_reg[14]_i_22_n_0
                         LUT3 (Prop_LUT3_I0_O)        0.038     3.844 f  u_softmax/u_accuracy/u_sum/out_sum_reg[14]_i_31/O
                         net (fo=2, unplaced)         0.232     4.076    u_softmax/u_accuracy/u_sum/out_sum_reg[14]_i_31_n_0
                         LUT2 (Prop_LUT2_I1_O)        0.038     4.114 r  u_softmax/u_accuracy/u_sum/out_sum_reg[25]_i_38/O
                         net (fo=2, unplaced)         0.232     4.346    u_softmax/u_accuracy/u_sum/out_sum_reg[25]_i_38_n_0
                         LUT6 (Prop_LUT6_I5_O)        0.037     4.383 r  u_softmax/u_accuracy/u_sum/out_sum_reg[6]_i_17/O
                         net (fo=1, unplaced)         0.023     4.406    u_softmax/u_accuracy/u_sum/out_sum_reg[6]_i_17_n_0
                         CARRY8 (Prop_CARRY8_S[1]_CO[7])
                                                      0.197     4.603 r  u_softmax/u_accuracy/u_sum/out_sum_reg_reg[6]_i_3/CO[7]
                         net (fo=1, unplaced)         0.005     4.608    u_softmax/u_accuracy/u_sum/out_sum_reg_reg[6]_i_3_n_0
                         CARRY8 (Prop_CARRY8_CI_CO[7])
                                                      0.022     4.630 r  u_softmax/u_accuracy/u_sum/out_sum_reg_reg[14]_i_3/CO[7]
                         net (fo=1, unplaced)         0.005     4.635    u_softmax/u_accuracy/u_sum/out_sum_reg_reg[14]_i_3_n_0
                         CARRY8 (Prop_CARRY8_CI_CO[7])
                                                      0.022     4.657 r  u_softmax/u_accuracy/u_sum/out_sum_reg_reg[25]_i_8/CO[7]
                         net (fo=1, unplaced)         0.005     4.662    u_softmax/u_accuracy/u_sum/out_sum_reg_reg[25]_i_8_n_0
                         CARRY8 (Prop_CARRY8_CI_CO[0])
                                                      0.052     4.714 r  u_softmax/u_accuracy/u_sum/out_sum_reg_reg[25]_i_4/CO[0]
                         net (fo=63, unplaced)        0.307     5.021    u_softmax/u_accuracy/u_sum/p_0_in
                         LUT5 (Prop_LUT5_I4_O)        0.038     5.059 r  u_softmax/u_accuracy/u_sum/out_sum_reg[27]_i_5/O
                         net (fo=2, unplaced)         0.232     5.291    u_softmax/u_accuracy/u_sum/out_sum_reg[27]_i_5_n_0
                         LUT6 (Prop_LUT6_I2_O)        0.038     5.329 r  u_softmax/u_accuracy/u_sum/out_sum_reg[27]_i_2/O
                         net (fo=4, unplaced)         0.245     5.574    u_softmax/u_accuracy/u_sum/out_sum_reg[27]_i_2_n_0
                         LUT6 (Prop_LUT6_I2_O)        0.038     5.612 r  u_softmax/u_accuracy/u_sum/out_sum_reg[30]_i_22/O
                         net (fo=3, unplaced)         0.238     5.850    u_softmax/u_accuracy/u_sum/out_sum_reg[30]_i_22_n_0
                         LUT6 (Prop_LUT6_I2_O)        0.038     5.888 r  u_softmax/u_accuracy/u_sum/out_sum_reg[30]_i_5/O
                         net (fo=3, unplaced)         0.192     6.080    u_softmax/u_accuracy/u_sum/out_sum_reg[30]_i_5_n_0
                         LUT6 (Prop_LUT6_I2_O)        0.090     6.170 r  u_softmax/u_accuracy/u_sum/out_sum_reg[30]_i_29/O
                         net (fo=3, unplaced)         0.238     6.408    u_softmax/u_accuracy/u_sum/out_sum_reg[30]_i_29_n_0
                         LUT6 (Prop_LUT6_I5_O)        0.038     6.446 f  u_softmax/u_accuracy/u_sum/out_sum_reg[30]_i_8/O
                         net (fo=27, unplaced)        0.288     6.734    u_softmax/u_accuracy/u_sum/out_sum_reg[30]_i_8_n_0
                         LUT6 (Prop_LUT6_I5_O)        0.038     6.772 r  u_softmax/u_accuracy/u_sum/out_sum_reg[18]_i_1/O
                         net (fo=1, unplaced)         0.048     6.820    u_softmax/u_accuracy/u_sum/out_sum_reg__0[18]
                         FDCE                                         r  u_softmax/u_accuracy/u_sum/out_sum_reg_reg[18]/D
  -------------------------------------------------------------------    -------------------

                         (clock core_clk rise edge)
                                                      6.666     6.666 r  
                                                      0.000     6.666 r  clk (IN)
                         net (fo=59650, unset)        0.000     6.666    u_softmax/u_accuracy/u_sum/clk
                         FDCE                                         r  u_softmax/u_accuracy/u_sum/out_sum_reg_reg[18]/C
                         clock pessimism              0.000     6.666    
                         clock uncertainty           -0.035     6.631    
                         FDCE (Setup_FDCE_C_D)        0.025     6.656    u_softmax/u_accuracy/u_sum/out_sum_reg_reg[18]
  -------------------------------------------------------------------
                         required time                          6.656    
                         arrival time                          -6.820    
  -------------------------------------------------------------------
                         slack                                 -0.164    

Slack (VIOLATED) :        -0.164ns  (required time - arrival time)
  Source:                 u_softmax/u_accuracy/u_sum/out_valid_reg_reg/C
                            (rising edge-triggered cell FDCE clocked by core_clk  {rise@0.000ns fall@3.333ns period=6.666ns})
  Destination:            u_softmax/u_accuracy/u_sum/out_sum_reg_reg[19]/D
                            (rising edge-triggered cell FDCE clocked by core_clk  {rise@0.000ns fall@3.333ns period=6.666ns})
  Path Group:             core_clk
  Path Type:              Setup (Max at Slow Process Corner)
  Requirement:            6.666ns  (core_clk rise@6.666ns - core_clk rise@0.000ns)
  Data Path Delay:        6.820ns  (logic 1.507ns (22.097%)  route 5.313ns (77.903%))
  Logic Levels:           26  (CARRY8=5 LUT2=2 LUT3=3 LUT4=1 LUT5=4 LUT6=11)
  Clock Uncertainty:      0.035ns  ((TSJ^2 + TIJ^2)^1/2 + DJ) / 2 + PE
    Total System Jitter     (TSJ):    0.071ns
    Total Input Jitter      (TIJ):    0.000ns
    Discrete Jitter          (DJ):    0.000ns
    Phase Error              (PE):    0.000ns

    Location             Delay type                Incr(ns)  Path(ns)    Netlist Resource(s)
  -------------------------------------------------------------------    -------------------
                         (clock core_clk rise edge)
                                                      0.000     0.000 r  
                                                      0.000     0.000 r  clk (IN)
                         net (fo=59650, unset)        0.000     0.000    u_softmax/u_accuracy/u_sum/clk
                         FDCE                                         r  u_softmax/u_accuracy/u_sum/out_valid_reg_reg/C
  -------------------------------------------------------------------    -------------------
                         FDCE (Prop_FDCE_C_Q)         0.077     0.077 r  u_softmax/u_accuracy/u_sum/out_valid_reg_reg/Q
                         net (fo=11, unplaced)        0.181     0.258    u_softmax/u_accuracy/add_out_valid
                         LUT5 (Prop_LUT5_I0_O)        0.125     0.383 r  u_softmax/u_accuracy/u_sum_i_34/O
                         net (fo=31, unplaced)        0.242     0.625    u_softmax/u_accuracy/add_bypass_same_slot
                         LUT3 (Prop_LUT3_I1_O)        0.053     0.678 r  u_softmax/u_accuracy/u_sum_i_8/O
                         net (fo=41, unplaced)        0.297     0.975    u_softmax/u_accuracy/u_sum/in_a_fp32[24]
                         LUT4 (Prop_LUT4_I3_O)        0.038     1.013 r  u_softmax/u_accuracy/u_sum/out_sum_reg[25]_i_11/O
                         net (fo=2, unplaced)         0.232     1.245    u_softmax/u_accuracy/u_sum/out_sum_reg[25]_i_11_n_0
                         LUT5 (Prop_LUT5_I1_O)        0.038     1.283 r  u_softmax/u_accuracy/u_sum/out_sum_reg[25]_i_6/O
                         net (fo=6, unplaced)         0.254     1.537    u_softmax/u_accuracy/u_sum/out_sum_reg[25]_i_6_n_0
                         LUT2 (Prop_LUT2_I0_O)        0.038     1.575 f  u_softmax/u_accuracy/u_sum/out_sum_reg[30]_i_74/O
                         net (fo=109, unplaced)       0.320     1.895    u_softmax/u_accuracy/u_sum/out_sum_reg[30]_i_74_n_0
                         LUT3 (Prop_LUT3_I2_O)        0.038     1.933 r  u_softmax/u_accuracy/u_sum/out_sum_reg[30]_i_57/O
                         net (fo=1, unplaced)         0.020     1.953    u_softmax/u_accuracy/u_sum/out_sum_reg[30]_i_57_n_0
                         CARRY8 (Prop_CARRY8_S[0]_CO[3])
                                                      0.186     2.139 r  u_softmax/u_accuracy/u_sum/out_sum_reg_reg[30]_i_23/CO[3]
                         net (fo=118, unplaced)       0.227     2.366    u_softmax/u_accuracy/u_sum/larger_significand1
                         LUT5 (Prop_LUT5_I4_O)        0.038     2.404 f  u_softmax/u_accuracy/u_sum/out_sum_reg[30]_i_115/O
                         net (fo=3, unplaced)         0.238     2.642    u_softmax/u_accuracy/u_sum/out_sum_reg[30]_i_115_n_0
                         LUT6 (Prop_LUT6_I2_O)        0.038     2.680 r  u_softmax/u_accuracy/u_sum/out_sum_reg[30]_i_117/O
                         net (fo=2, unplaced)         0.232     2.912    u_softmax/u_accuracy/u_sum/out_sum_reg[30]_i_117_n_0
                         LUT6 (Prop_LUT6_I1_O)        0.038     2.950 f  u_softmax/u_accuracy/u_sum/out_sum_reg[30]_i_72/O
                         net (fo=40, unplaced)        0.297     3.247    u_softmax/u_accuracy/u_sum/out_sum_reg[30]_i_72_n_0
                         LUT6 (Prop_LUT6_I2_O)        0.038     3.285 f  u_softmax/u_accuracy/u_sum/out_sum_reg[25]_i_40/O
                         net (fo=4, unplaced)         0.245     3.530    u_softmax/u_accuracy/u_sum/out_sum_reg[25]_i_40_n_0
                         LUT6 (Prop_LUT6_I0_O)        0.038     3.568 f  u_softmax/u_accuracy/u_sum/out_sum_reg[14]_i_22/O
                         net (fo=3, unplaced)         0.238     3.806    u_softmax/u_accuracy/u_sum/out_sum_reg[14]_i_22_n_0
                         LUT3 (Prop_LUT3_I0_O)        0.038     3.844 f  u_softmax/u_accuracy/u_sum/out_sum_reg[14]_i_31/O
                         net (fo=2, unplaced)         0.232     4.076    u_softmax/u_accuracy/u_sum/out_sum_reg[14]_i_31_n_0
                         LUT2 (Prop_LUT2_I1_O)        0.038     4.114 r  u_softmax/u_accuracy/u_sum/out_sum_reg[25]_i_38/O
                         net (fo=2, unplaced)         0.232     4.346    u_softmax/u_accuracy/u_sum/out_sum_reg[25]_i_38_n_0
                         LUT6 (Prop_LUT6_I5_O)        0.037     4.383 r  u_softmax/u_accuracy/u_sum/out_sum_reg[6]_i_17/O
                         net (fo=1, unplaced)         0.023     4.406    u_softmax/u_accuracy/u_sum/out_sum_reg[6]_i_17_n_0
                         CARRY8 (Prop_CARRY8_S[1]_CO[7])
                                                      0.197     4.603 r  u_softmax/u_accuracy/u_sum/out_sum_reg_reg[6]_i_3/CO[7]
                         net (fo=1, unplaced)         0.005     4.608    u_softmax/u_accuracy/u_sum/out_sum_reg_reg[6]_i_3_n_0
                         CARRY8 (Prop_CARRY8_CI_CO[7])
                                                      0.022     4.630 r  u_softmax/u_accuracy/u_sum/out_sum_reg_reg[14]_i_3/CO[7]
                         net (fo=1, unplaced)         0.005     4.635    u_softmax/u_accuracy/u_sum/out_sum_reg_reg[14]_i_3_n_0
                         CARRY8 (Prop_CARRY8_CI_CO[7])
                                                      0.022     4.657 r  u_softmax/u_accuracy/u_sum/out_sum_reg_reg[25]_i_8/CO[7]
                         net (fo=1, unplaced)         0.005     4.662    u_softmax/u_accuracy/u_sum/out_sum_reg_reg[25]_i_8_n_0
                         CARRY8 (Prop_CARRY8_CI_CO[0])
                                                      0.052     4.714 r  u_softmax/u_accuracy/u_sum/out_sum_reg_reg[25]_i_4/CO[0]
                         net (fo=63, unplaced)        0.307     5.021    u_softmax/u_accuracy/u_sum/p_0_in
                         LUT5 (Prop_LUT5_I4_O)        0.038     5.059 r  u_softmax/u_accuracy/u_sum/out_sum_reg[27]_i_5/O
                         net (fo=2, unplaced)         0.232     5.291    u_softmax/u_accuracy/u_sum/out_sum_reg[27]_i_5_n_0
                         LUT6 (Prop_LUT6_I2_O)        0.038     5.329 r  u_softmax/u_accuracy/u_sum/out_sum_reg[27]_i_2/O
                         net (fo=4, unplaced)         0.245     5.574    u_softmax/u_accuracy/u_sum/out_sum_reg[27]_i_2_n_0
                         LUT6 (Prop_LUT6_I2_O)        0.038     5.612 r  u_softmax/u_accuracy/u_sum/out_sum_reg[30]_i_22/O
                         net (fo=3, unplaced)         0.238     5.850    u_softmax/u_accuracy/u_sum/out_sum_reg[30]_i_22_n_0
                         LUT6 (Prop_LUT6_I2_O)        0.038     5.888 r  u_softmax/u_accuracy/u_sum/out_sum_reg[30]_i_5/O
                         net (fo=3, unplaced)         0.192     6.080    u_softmax/u_accuracy/u_sum/out_sum_reg[30]_i_5_n_0
                         LUT6 (Prop_LUT6_I2_O)        0.090     6.170 r  u_softmax/u_accuracy/u_sum/out_sum_reg[30]_i_29/O
                         net (fo=3, unplaced)         0.238     6.408    u_softmax/u_accuracy/u_sum/out_sum_reg[30]_i_29_n_0
                         LUT6 (Prop_LUT6_I5_O)        0.038     6.446 f  u_softmax/u_accuracy/u_sum/out_sum_reg[30]_i_8/O
                         net (fo=27, unplaced)        0.288     6.734    u_softmax/u_accuracy/u_sum/out_sum_reg[30]_i_8_n_0
                         LUT6 (Prop_LUT6_I5_O)        0.038     6.772 r  u_softmax/u_accuracy/u_sum/out_sum_reg[19]_i_1/O
                         net (fo=1, unplaced)         0.048     6.820    u_softmax/u_accuracy/u_sum/out_sum_reg__0[19]
                         FDCE                                         r  u_softmax/u_accuracy/u_sum/out_sum_reg_reg[19]/D
  -------------------------------------------------------------------    -------------------

                         (clock core_clk rise edge)
                                                      6.666     6.666 r  
                                                      0.000     6.666 r  clk (IN)
                         net (fo=59650, unset)        0.000     6.666    u_softmax/u_accuracy/u_sum/clk
                         FDCE                                         r  u_softmax/u_accuracy/u_sum/out_sum_reg_reg[19]/C
                         clock pessimism              0.000     6.666    
                         clock uncertainty           -0.035     6.631    
                         FDCE (Setup_FDCE_C_D)        0.025     6.656    u_softmax/u_accuracy/u_sum/out_sum_reg_reg[19]
  -------------------------------------------------------------------
                         required time                          6.656    
                         arrival time                          -6.820    
  -------------------------------------------------------------------
                         slack                                 -0.164    

Slack (VIOLATED) :        -0.164ns  (required time - arrival time)
  Source:                 u_softmax/u_accuracy/u_sum/out_valid_reg_reg/C
                            (rising edge-triggered cell FDCE clocked by core_clk  {rise@0.000ns fall@3.333ns period=6.666ns})
  Destination:            u_softmax/u_accuracy/u_sum/out_sum_reg_reg[1]/D
                            (rising edge-triggered cell FDCE clocked by core_clk  {rise@0.000ns fall@3.333ns period=6.666ns})
  Path Group:             core_clk
  Path Type:              Setup (Max at Slow Process Corner)
  Requirement:            6.666ns  (core_clk rise@6.666ns - core_clk rise@0.000ns)
  Data Path Delay:        6.820ns  (logic 1.507ns (22.097%)  route 5.313ns (77.903%))
  Logic Levels:           26  (CARRY8=5 LUT2=2 LUT3=3 LUT4=1 LUT5=5 LUT6=10)
  Clock Uncertainty:      0.035ns  ((TSJ^2 + TIJ^2)^1/2 + DJ) / 2 + PE
    Total System Jitter     (TSJ):    0.071ns
    Total Input Jitter      (TIJ):    0.000ns
    Discrete Jitter          (DJ):    0.000ns
    Phase Error              (PE):    0.000ns

    Location             Delay type                Incr(ns)  Path(ns)    Netlist Resource(s)
  -------------------------------------------------------------------    -------------------
                         (clock core_clk rise edge)
                                                      0.000     0.000 r  
                                                      0.000     0.000 r  clk (IN)
                         net (fo=59650, unset)        0.000     0.000    u_softmax/u_accuracy/u_sum/clk
                         FDCE                                         r  u_softmax/u_accuracy/u_sum/out_valid_reg_reg/C
  -------------------------------------------------------------------    -------------------
                         FDCE (Prop_FDCE_C_Q)         0.077     0.077 r  u_softmax/u_accuracy/u_sum/out_valid_reg_reg/Q
                         net (fo=11, unplaced)        0.181     0.258    u_softmax/u_accuracy/add_out_valid
                         LUT5 (Prop_LUT5_I0_O)        0.125     0.383 r  u_softmax/u_accuracy/u_sum_i_34/O
                         net (fo=31, unplaced)        0.242     0.625    u_softmax/u_accuracy/add_bypass_same_slot
                         LUT3 (Prop_LUT3_I1_O)        0.053     0.678 r  u_softmax/u_accuracy/u_sum_i_8/O
                         net (fo=41, unplaced)        0.297     0.975    u_softmax/u_accuracy/u_sum/in_a_fp32[24]
                         LUT4 (Prop_LUT4_I3_O)        0.038     1.013 r  u_softmax/u_accuracy/u_sum/out_sum_reg[25]_i_11/O
                         net (fo=2, unplaced)         0.232     1.245    u_softmax/u_accuracy/u_sum/out_sum_reg[25]_i_11_n_0
                         LUT5 (Prop_LUT5_I1_O)        0.038     1.283 r  u_softmax/u_accuracy/u_sum/out_sum_reg[25]_i_6/O
                         net (fo=6, unplaced)         0.254     1.537    u_softmax/u_accuracy/u_sum/out_sum_reg[25]_i_6_n_0
                         LUT2 (Prop_LUT2_I0_O)        0.038     1.575 f  u_softmax/u_accuracy/u_sum/out_sum_reg[30]_i_74/O
                         net (fo=109, unplaced)       0.320     1.895    u_softmax/u_accuracy/u_sum/out_sum_reg[30]_i_74_n_0
                         LUT3 (Prop_LUT3_I2_O)        0.038     1.933 r  u_softmax/u_accuracy/u_sum/out_sum_reg[30]_i_57/O
                         net (fo=1, unplaced)         0.020     1.953    u_softmax/u_accuracy/u_sum/out_sum_reg[30]_i_57_n_0
                         CARRY8 (Prop_CARRY8_S[0]_CO[3])
                                                      0.186     2.139 r  u_softmax/u_accuracy/u_sum/out_sum_reg_reg[30]_i_23/CO[3]
                         net (fo=118, unplaced)       0.227     2.366    u_softmax/u_accuracy/u_sum/larger_significand1
                         LUT5 (Prop_LUT5_I4_O)        0.038     2.404 f  u_softmax/u_accuracy/u_sum/out_sum_reg[30]_i_115/O
                         net (fo=3, unplaced)         0.238     2.642    u_softmax/u_accuracy/u_sum/out_sum_reg[30]_i_115_n_0
                         LUT6 (Prop_LUT6_I2_O)        0.038     2.680 r  u_softmax/u_accuracy/u_sum/out_sum_reg[30]_i_117/O
                         net (fo=2, unplaced)         0.232     2.912    u_softmax/u_accuracy/u_sum/out_sum_reg[30]_i_117_n_0
                         LUT6 (Prop_LUT6_I1_O)        0.038     2.950 f  u_softmax/u_accuracy/u_sum/out_sum_reg[30]_i_72/O
                         net (fo=40, unplaced)        0.297     3.247    u_softmax/u_accuracy/u_sum/out_sum_reg[30]_i_72_n_0
                         LUT6 (Prop_LUT6_I2_O)        0.038     3.285 f  u_softmax/u_accuracy/u_sum/out_sum_reg[25]_i_40/O
                         net (fo=4, unplaced)         0.245     3.530    u_softmax/u_accuracy/u_sum/out_sum_reg[25]_i_40_n_0
                         LUT6 (Prop_LUT6_I0_O)        0.038     3.568 f  u_softmax/u_accuracy/u_sum/out_sum_reg[14]_i_22/O
                         net (fo=3, unplaced)         0.238     3.806    u_softmax/u_accuracy/u_sum/out_sum_reg[14]_i_22_n_0
                         LUT3 (Prop_LUT3_I0_O)        0.038     3.844 f  u_softmax/u_accuracy/u_sum/out_sum_reg[14]_i_31/O
                         net (fo=2, unplaced)         0.232     4.076    u_softmax/u_accuracy/u_sum/out_sum_reg[14]_i_31_n_0
                         LUT2 (Prop_LUT2_I1_O)        0.038     4.114 r  u_softmax/u_accuracy/u_sum/out_sum_reg[25]_i_38/O
                         net (fo=2, unplaced)         0.232     4.346    u_softmax/u_accuracy/u_sum/out_sum_reg[25]_i_38_n_0
                         LUT6 (Prop_LUT6_I5_O)        0.037     4.383 r  u_softmax/u_accuracy/u_sum/out_sum_reg[6]_i_17/O
                         net (fo=1, unplaced)         0.023     4.406    u_softmax/u_accuracy/u_sum/out_sum_reg[6]_i_17_n_0
                         CARRY8 (Prop_CARRY8_S[1]_CO[7])
                                                      0.197     4.603 r  u_softmax/u_accuracy/u_sum/out_sum_reg_reg[6]_i_3/CO[7]
                         net (fo=1, unplaced)         0.005     4.608    u_softmax/u_accuracy/u_sum/out_sum_reg_reg[6]_i_3_n_0
                         CARRY8 (Prop_CARRY8_CI_CO[7])
                                                      0.022     4.630 r  u_softmax/u_accuracy/u_sum/out_sum_reg_reg[14]_i_3/CO[7]
                         net (fo=1, unplaced)         0.005     4.635    u_softmax/u_accuracy/u_sum/out_sum_reg_reg[14]_i_3_n_0
                         CARRY8 (Prop_CARRY8_CI_CO[7])
                                                      0.022     4.657 r  u_softmax/u_accuracy/u_sum/out_sum_reg_reg[25]_i_8/CO[7]
                         net (fo=1, unplaced)         0.005     4.662    u_softmax/u_accuracy/u_sum/out_sum_reg_reg[25]_i_8_n_0
                         CARRY8 (Prop_CARRY8_CI_CO[0])
                                                      0.052     4.714 r  u_softmax/u_accuracy/u_sum/out_sum_reg_reg[25]_i_4/CO[0]
                         net (fo=63, unplaced)        0.307     5.021    u_softmax/u_accuracy/u_sum/p_0_in
                         LUT5 (Prop_LUT5_I4_O)        0.038     5.059 r  u_softmax/u_accuracy/u_sum/out_sum_reg[27]_i_5/O
                         net (fo=2, unplaced)         0.232     5.291    u_softmax/u_accuracy/u_sum/out_sum_reg[27]_i_5_n_0
                         LUT6 (Prop_LUT6_I2_O)        0.038     5.329 r  u_softmax/u_accuracy/u_sum/out_sum_reg[27]_i_2/O
                         net (fo=4, unplaced)         0.245     5.574    u_softmax/u_accuracy/u_sum/out_sum_reg[27]_i_2_n_0
                         LUT6 (Prop_LUT6_I2_O)        0.038     5.612 r  u_softmax/u_accuracy/u_sum/out_sum_reg[30]_i_22/O
                         net (fo=3, unplaced)         0.238     5.850    u_softmax/u_accuracy/u_sum/out_sum_reg[30]_i_22_n_0
                         LUT6 (Prop_LUT6_I2_O)        0.038     5.888 r  u_softmax/u_accuracy/u_sum/out_sum_reg[30]_i_5/O
                         net (fo=3, unplaced)         0.192     6.080    u_softmax/u_accuracy/u_sum/out_sum_reg[30]_i_5_n_0
                         LUT6 (Prop_LUT6_I2_O)        0.090     6.170 r  u_softmax/u_accuracy/u_sum/out_sum_reg[30]_i_29/O
                         net (fo=3, unplaced)         0.238     6.408    u_softmax/u_accuracy/u_sum/out_sum_reg[30]_i_29_n_0
                         LUT6 (Prop_LUT6_I5_O)        0.038     6.446 f  u_softmax/u_accuracy/u_sum/out_sum_reg[30]_i_8/O
                         net (fo=27, unplaced)        0.288     6.734    u_softmax/u_accuracy/u_sum/out_sum_reg[30]_i_8_n_0
                         LUT5 (Prop_LUT5_I4_O)        0.038     6.772 r  u_softmax/u_accuracy/u_sum/out_sum_reg[1]_i_1/O
                         net (fo=1, unplaced)         0.048     6.820    u_softmax/u_accuracy/u_sum/out_sum_reg__0[1]
                         FDCE                                         r  u_softmax/u_accuracy/u_sum/out_sum_reg_reg[1]/D
  -------------------------------------------------------------------    -------------------

                         (clock core_clk rise edge)
                                                      6.666     6.666 r  
                                                      0.000     6.666 r  clk (IN)
                         net (fo=59650, unset)        0.000     6.666    u_softmax/u_accuracy/u_sum/clk
                         FDCE                                         r  u_softmax/u_accuracy/u_sum/out_sum_reg_reg[1]/C
                         clock pessimism              0.000     6.666    
                         clock uncertainty           -0.035     6.631    
                         FDCE (Setup_FDCE_C_D)        0.025     6.656    u_softmax/u_accuracy/u_sum/out_sum_reg_reg[1]
  -------------------------------------------------------------------
                         required time                          6.656    
                         arrival time                          -6.820    
  -------------------------------------------------------------------
                         slack                                 -0.164    

Slack (VIOLATED) :        -0.164ns  (required time - arrival time)
  Source:                 u_softmax/u_accuracy/u_sum/out_valid_reg_reg/C
                            (rising edge-triggered cell FDCE clocked by core_clk  {rise@0.000ns fall@3.333ns period=6.666ns})
  Destination:            u_softmax/u_accuracy/u_sum/out_sum_reg_reg[20]/D
                            (rising edge-triggered cell FDCE clocked by core_clk  {rise@0.000ns fall@3.333ns period=6.666ns})
  Path Group:             core_clk
  Path Type:              Setup (Max at Slow Process Corner)
  Requirement:            6.666ns  (core_clk rise@6.666ns - core_clk rise@0.000ns)
  Data Path Delay:        6.820ns  (logic 1.507ns (22.097%)  route 5.313ns (77.903%))
  Logic Levels:           26  (CARRY8=5 LUT2=2 LUT3=3 LUT4=1 LUT5=4 LUT6=11)
  Clock Uncertainty:      0.035ns  ((TSJ^2 + TIJ^2)^1/2 + DJ) / 2 + PE
    Total System Jitter     (TSJ):    0.071ns
    Total Input Jitter      (TIJ):    0.000ns
    Discrete Jitter          (DJ):    0.000ns
    Phase Error              (PE):    0.000ns

    Location             Delay type                Incr(ns)  Path(ns)    Netlist Resource(s)
  -------------------------------------------------------------------    -------------------
                         (clock core_clk rise edge)
                                                      0.000     0.000 r  
                                                      0.000     0.000 r  clk (IN)
                         net (fo=59650, unset)        0.000     0.000    u_softmax/u_accuracy/u_sum/clk
                         FDCE                                         r  u_softmax/u_accuracy/u_sum/out_valid_reg_reg/C
  -------------------------------------------------------------------    -------------------
                         FDCE (Prop_FDCE_C_Q)         0.077     0.077 r  u_softmax/u_accuracy/u_sum/out_valid_reg_reg/Q
                         net (fo=11, unplaced)        0.181     0.258    u_softmax/u_accuracy/add_out_valid
                         LUT5 (Prop_LUT5_I0_O)        0.125     0.383 r  u_softmax/u_accuracy/u_sum_i_34/O
                         net (fo=31, unplaced)        0.242     0.625    u_softmax/u_accuracy/add_bypass_same_slot
                         LUT3 (Prop_LUT3_I1_O)        0.053     0.678 r  u_softmax/u_accuracy/u_sum_i_8/O
                         net (fo=41, unplaced)        0.297     0.975    u_softmax/u_accuracy/u_sum/in_a_fp32[24]
                         LUT4 (Prop_LUT4_I3_O)        0.038     1.013 r  u_softmax/u_accuracy/u_sum/out_sum_reg[25]_i_11/O
                         net (fo=2, unplaced)         0.232     1.245    u_softmax/u_accuracy/u_sum/out_sum_reg[25]_i_11_n_0
                         LUT5 (Prop_LUT5_I1_O)        0.038     1.283 r  u_softmax/u_accuracy/u_sum/out_sum_reg[25]_i_6/O
                         net (fo=6, unplaced)         0.254     1.537    u_softmax/u_accuracy/u_sum/out_sum_reg[25]_i_6_n_0
                         LUT2 (Prop_LUT2_I0_O)        0.038     1.575 f  u_softmax/u_accuracy/u_sum/out_sum_reg[30]_i_74/O
                         net (fo=109, unplaced)       0.320     1.895    u_softmax/u_accuracy/u_sum/out_sum_reg[30]_i_74_n_0
                         LUT3 (Prop_LUT3_I2_O)        0.038     1.933 r  u_softmax/u_accuracy/u_sum/out_sum_reg[30]_i_57/O
                         net (fo=1, unplaced)         0.020     1.953    u_softmax/u_accuracy/u_sum/out_sum_reg[30]_i_57_n_0
                         CARRY8 (Prop_CARRY8_S[0]_CO[3])
                                                      0.186     2.139 r  u_softmax/u_accuracy/u_sum/out_sum_reg_reg[30]_i_23/CO[3]
                         net (fo=118, unplaced)       0.227     2.366    u_softmax/u_accuracy/u_sum/larger_significand1
                         LUT5 (Prop_LUT5_I4_O)        0.038     2.404 f  u_softmax/u_accuracy/u_sum/out_sum_reg[30]_i_115/O
                         net (fo=3, unplaced)         0.238     2.642    u_softmax/u_accuracy/u_sum/out_sum_reg[30]_i_115_n_0
                         LUT6 (Prop_LUT6_I2_O)        0.038     2.680 r  u_softmax/u_accuracy/u_sum/out_sum_reg[30]_i_117/O
                         net (fo=2, unplaced)         0.232     2.912    u_softmax/u_accuracy/u_sum/out_sum_reg[30]_i_117_n_0
                         LUT6 (Prop_LUT6_I1_O)        0.038     2.950 f  u_softmax/u_accuracy/u_sum/out_sum_reg[30]_i_72/O
                         net (fo=40, unplaced)        0.297     3.247    u_softmax/u_accuracy/u_sum/out_sum_reg[30]_i_72_n_0
                         LUT6 (Prop_LUT6_I2_O)        0.038     3.285 f  u_softmax/u_accuracy/u_sum/out_sum_reg[25]_i_40/O
                         net (fo=4, unplaced)         0.245     3.530    u_softmax/u_accuracy/u_sum/out_sum_reg[25]_i_40_n_0
                         LUT6 (Prop_LUT6_I0_O)        0.038     3.568 f  u_softmax/u_accuracy/u_sum/out_sum_reg[14]_i_22/O
                         net (fo=3, unplaced)         0.238     3.806    u_softmax/u_accuracy/u_sum/out_sum_reg[14]_i_22_n_0
                         LUT3 (Prop_LUT3_I0_O)        0.038     3.844 f  u_softmax/u_accuracy/u_sum/out_sum_reg[14]_i_31/O
                         net (fo=2, unplaced)         0.232     4.076    u_softmax/u_accuracy/u_sum/out_sum_reg[14]_i_31_n_0
                         LUT2 (Prop_LUT2_I1_O)        0.038     4.114 r  u_softmax/u_accuracy/u_sum/out_sum_reg[25]_i_38/O
                         net (fo=2, unplaced)         0.232     4.346    u_softmax/u_accuracy/u_sum/out_sum_reg[25]_i_38_n_0
                         LUT6 (Prop_LUT6_I5_O)        0.037     4.383 r  u_softmax/u_accuracy/u_sum/out_sum_reg[6]_i_17/O
                         net (fo=1, unplaced)         0.023     4.406    u_softmax/u_accuracy/u_sum/out_sum_reg[6]_i_17_n_0
                         CARRY8 (Prop_CARRY8_S[1]_CO[7])
                                                      0.197     4.603 r  u_softmax/u_accuracy/u_sum/out_sum_reg_reg[6]_i_3/CO[7]
                         net (fo=1, unplaced)         0.005     4.608    u_softmax/u_accuracy/u_sum/out_sum_reg_reg[6]_i_3_n_0
                         CARRY8 (Prop_CARRY8_CI_CO[7])
                                                      0.022     4.630 r  u_softmax/u_accuracy/u_sum/out_sum_reg_reg[14]_i_3/CO[7]
                         net (fo=1, unplaced)         0.005     4.635    u_softmax/u_accuracy/u_sum/out_sum_reg_reg[14]_i_3_n_0
                         CARRY8 (Prop_CARRY8_CI_CO[7])
                                                      0.022     4.657 r  u_softmax/u_accuracy/u_sum/out_sum_reg_reg[25]_i_8/CO[7]
                         net (fo=1, unplaced)         0.005     4.662    u_softmax/u_accuracy/u_sum/out_sum_reg_reg[25]_i_8_n_0
                         CARRY8 (Prop_CARRY8_CI_CO[0])
                                                      0.052     4.714 r  u_softmax/u_accuracy/u_sum/out_sum_reg_reg[25]_i_4/CO[0]
                         net (fo=63, unplaced)        0.307     5.021    u_softmax/u_accuracy/u_sum/p_0_in
                         LUT5 (Prop_LUT5_I4_O)        0.038     5.059 r  u_softmax/u_accuracy/u_sum/out_sum_reg[27]_i_5/O
                         net (fo=2, unplaced)         0.232     5.291    u_softmax/u_accuracy/u_sum/out_sum_reg[27]_i_5_n_0
                         LUT6 (Prop_LUT6_I2_O)        0.038     5.329 r  u_softmax/u_accuracy/u_sum/out_sum_reg[27]_i_2/O
                         net (fo=4, unplaced)         0.245     5.574    u_softmax/u_accuracy/u_sum/out_sum_reg[27]_i_2_n_0
                         LUT6 (Prop_LUT6_I2_O)        0.038     5.612 r  u_softmax/u_accuracy/u_sum/out_sum_reg[30]_i_22/O
                         net (fo=3, unplaced)         0.238     5.850    u_softmax/u_accuracy/u_sum/out_sum_reg[30]_i_22_n_0
                         LUT6 (Prop_LUT6_I2_O)        0.038     5.888 r  u_softmax/u_accuracy/u_sum/out_sum_reg[30]_i_5/O
                         net (fo=3, unplaced)         0.192     6.080    u_softmax/u_accuracy/u_sum/out_sum_reg[30]_i_5_n_0
                         LUT6 (Prop_LUT6_I2_O)        0.090     6.170 r  u_softmax/u_accuracy/u_sum/out_sum_reg[30]_i_29/O
                         net (fo=3, unplaced)         0.238     6.408    u_softmax/u_accuracy/u_sum/out_sum_reg[30]_i_29_n_0
                         LUT6 (Prop_LUT6_I5_O)        0.038     6.446 f  u_softmax/u_accuracy/u_sum/out_sum_reg[30]_i_8/O
                         net (fo=27, unplaced)        0.288     6.734    u_softmax/u_accuracy/u_sum/out_sum_reg[30]_i_8_n_0
                         LUT6 (Prop_LUT6_I5_O)        0.038     6.772 r  u_softmax/u_accuracy/u_sum/out_sum_reg[20]_i_1/O
                         net (fo=1, unplaced)         0.048     6.820    u_softmax/u_accuracy/u_sum/out_sum_reg__0[20]
                         FDCE                                         r  u_softmax/u_accuracy/u_sum/out_sum_reg_reg[20]/D
  -------------------------------------------------------------------    -------------------

                         (clock core_clk rise edge)
                                                      6.666     6.666 r  
                                                      0.000     6.666 r  clk (IN)
                         net (fo=59650, unset)        0.000     6.666    u_softmax/u_accuracy/u_sum/clk
                         FDCE                                         r  u_softmax/u_accuracy/u_sum/out_sum_reg_reg[20]/C
                         clock pessimism              0.000     6.666    
                         clock uncertainty           -0.035     6.631    
                         FDCE (Setup_FDCE_C_D)        0.025     6.656    u_softmax/u_accuracy/u_sum/out_sum_reg_reg[20]
  -------------------------------------------------------------------
                         required time                          6.656    
                         arrival time                          -6.820    
  -------------------------------------------------------------------
                         slack                                 -0.164    

Slack (VIOLATED) :        -0.164ns  (required time - arrival time)
  Source:                 u_softmax/u_accuracy/u_sum/out_valid_reg_reg/C
                            (rising edge-triggered cell FDCE clocked by core_clk  {rise@0.000ns fall@3.333ns period=6.666ns})
  Destination:            u_softmax/u_accuracy/u_sum/out_sum_reg_reg[21]/D
                            (rising edge-triggered cell FDCE clocked by core_clk  {rise@0.000ns fall@3.333ns period=6.666ns})
  Path Group:             core_clk
  Path Type:              Setup (Max at Slow Process Corner)
  Requirement:            6.666ns  (core_clk rise@6.666ns - core_clk rise@0.000ns)
  Data Path Delay:        6.820ns  (logic 1.507ns (22.097%)  route 5.313ns (77.903%))
  Logic Levels:           26  (CARRY8=5 LUT2=2 LUT3=3 LUT4=1 LUT5=4 LUT6=11)
  Clock Uncertainty:      0.035ns  ((TSJ^2 + TIJ^2)^1/2 + DJ) / 2 + PE
    Total System Jitter     (TSJ):    0.071ns
    Total Input Jitter      (TIJ):    0.000ns
    Discrete Jitter          (DJ):    0.000ns
    Phase Error              (PE):    0.000ns

    Location             Delay type                Incr(ns)  Path(ns)    Netlist Resource(s)
  -------------------------------------------------------------------    -------------------
                         (clock core_clk rise edge)
                                                      0.000     0.000 r  
                                                      0.000     0.000 r  clk (IN)
                         net (fo=59650, unset)        0.000     0.000    u_softmax/u_accuracy/u_sum/clk
                         FDCE                                         r  u_softmax/u_accuracy/u_sum/out_valid_reg_reg/C
  -------------------------------------------------------------------    -------------------
                         FDCE (Prop_FDCE_C_Q)         0.077     0.077 r  u_softmax/u_accuracy/u_sum/out_valid_reg_reg/Q
                         net (fo=11, unplaced)        0.181     0.258    u_softmax/u_accuracy/add_out_valid
                         LUT5 (Prop_LUT5_I0_O)        0.125     0.383 r  u_softmax/u_accuracy/u_sum_i_34/O
                         net (fo=31, unplaced)        0.242     0.625    u_softmax/u_accuracy/add_bypass_same_slot
                         LUT3 (Prop_LUT3_I1_O)        0.053     0.678 r  u_softmax/u_accuracy/u_sum_i_8/O
                         net (fo=41, unplaced)        0.297     0.975    u_softmax/u_accuracy/u_sum/in_a_fp32[24]
                         LUT4 (Prop_LUT4_I3_O)        0.038     1.013 r  u_softmax/u_accuracy/u_sum/out_sum_reg[25]_i_11/O
                         net (fo=2, unplaced)         0.232     1.245    u_softmax/u_accuracy/u_sum/out_sum_reg[25]_i_11_n_0
                         LUT5 (Prop_LUT5_I1_O)        0.038     1.283 r  u_softmax/u_accuracy/u_sum/out_sum_reg[25]_i_6/O
                         net (fo=6, unplaced)         0.254     1.537    u_softmax/u_accuracy/u_sum/out_sum_reg[25]_i_6_n_0
                         LUT2 (Prop_LUT2_I0_O)        0.038     1.575 f  u_softmax/u_accuracy/u_sum/out_sum_reg[30]_i_74/O
                         net (fo=109, unplaced)       0.320     1.895    u_softmax/u_accuracy/u_sum/out_sum_reg[30]_i_74_n_0
                         LUT3 (Prop_LUT3_I2_O)        0.038     1.933 r  u_softmax/u_accuracy/u_sum/out_sum_reg[30]_i_57/O
                         net (fo=1, unplaced)         0.020     1.953    u_softmax/u_accuracy/u_sum/out_sum_reg[30]_i_57_n_0
                         CARRY8 (Prop_CARRY8_S[0]_CO[3])
                                                      0.186     2.139 r  u_softmax/u_accuracy/u_sum/out_sum_reg_reg[30]_i_23/CO[3]
                         net (fo=118, unplaced)       0.227     2.366    u_softmax/u_accuracy/u_sum/larger_significand1
                         LUT5 (Prop_LUT5_I4_O)        0.038     2.404 f  u_softmax/u_accuracy/u_sum/out_sum_reg[30]_i_115/O
                         net (fo=3, unplaced)         0.238     2.642    u_softmax/u_accuracy/u_sum/out_sum_reg[30]_i_115_n_0
                         LUT6 (Prop_LUT6_I2_O)        0.038     2.680 r  u_softmax/u_accuracy/u_sum/out_sum_reg[30]_i_117/O
                         net (fo=2, unplaced)         0.232     2.912    u_softmax/u_accuracy/u_sum/out_sum_reg[30]_i_117_n_0
                         LUT6 (Prop_LUT6_I1_O)        0.038     2.950 f  u_softmax/u_accuracy/u_sum/out_sum_reg[30]_i_72/O
                         net (fo=40, unplaced)        0.297     3.247    u_softmax/u_accuracy/u_sum/out_sum_reg[30]_i_72_n_0
                         LUT6 (Prop_LUT6_I2_O)        0.038     3.285 f  u_softmax/u_accuracy/u_sum/out_sum_reg[25]_i_40/O
                         net (fo=4, unplaced)         0.245     3.530    u_softmax/u_accuracy/u_sum/out_sum_reg[25]_i_40_n_0
                         LUT6 (Prop_LUT6_I0_O)        0.038     3.568 f  u_softmax/u_accuracy/u_sum/out_sum_reg[14]_i_22/O
                         net (fo=3, unplaced)         0.238     3.806    u_softmax/u_accuracy/u_sum/out_sum_reg[14]_i_22_n_0
                         LUT3 (Prop_LUT3_I0_O)        0.038     3.844 f  u_softmax/u_accuracy/u_sum/out_sum_reg[14]_i_31/O
                         net (fo=2, unplaced)         0.232     4.076    u_softmax/u_accuracy/u_sum/out_sum_reg[14]_i_31_n_0
                         LUT2 (Prop_LUT2_I1_O)        0.038     4.114 r  u_softmax/u_accuracy/u_sum/out_sum_reg[25]_i_38/O
                         net (fo=2, unplaced)         0.232     4.346    u_softmax/u_accuracy/u_sum/out_sum_reg[25]_i_38_n_0
                         LUT6 (Prop_LUT6_I5_O)        0.037     4.383 r  u_softmax/u_accuracy/u_sum/out_sum_reg[6]_i_17/O
                         net (fo=1, unplaced)         0.023     4.406    u_softmax/u_accuracy/u_sum/out_sum_reg[6]_i_17_n_0
                         CARRY8 (Prop_CARRY8_S[1]_CO[7])
                                                      0.197     4.603 r  u_softmax/u_accuracy/u_sum/out_sum_reg_reg[6]_i_3/CO[7]
                         net (fo=1, unplaced)         0.005     4.608    u_softmax/u_accuracy/u_sum/out_sum_reg_reg[6]_i_3_n_0
                         CARRY8 (Prop_CARRY8_CI_CO[7])
                                                      0.022     4.630 r  u_softmax/u_accuracy/u_sum/out_sum_reg_reg[14]_i_3/CO[7]
                         net (fo=1, unplaced)         0.005     4.635    u_softmax/u_accuracy/u_sum/out_sum_reg_reg[14]_i_3_n_0
                         CARRY8 (Prop_CARRY8_CI_CO[7])
                                                      0.022     4.657 r  u_softmax/u_accuracy/u_sum/out_sum_reg_reg[25]_i_8/CO[7]
                         net (fo=1, unplaced)         0.005     4.662    u_softmax/u_accuracy/u_sum/out_sum_reg_reg[25]_i_8_n_0
                         CARRY8 (Prop_CARRY8_CI_CO[0])
                                                      0.052     4.714 r  u_softmax/u_accuracy/u_sum/out_sum_reg_reg[25]_i_4/CO[0]
                         net (fo=63, unplaced)        0.307     5.021    u_softmax/u_accuracy/u_sum/p_0_in
                         LUT5 (Prop_LUT5_I4_O)        0.038     5.059 r  u_softmax/u_accuracy/u_sum/out_sum_reg[27]_i_5/O
                         net (fo=2, unplaced)         0.232     5.291    u_softmax/u_accuracy/u_sum/out_sum_reg[27]_i_5_n_0
                         LUT6 (Prop_LUT6_I2_O)        0.038     5.329 r  u_softmax/u_accuracy/u_sum/out_sum_reg[27]_i_2/O
                         net (fo=4, unplaced)         0.245     5.574    u_softmax/u_accuracy/u_sum/out_sum_reg[27]_i_2_n_0
                         LUT6 (Prop_LUT6_I2_O)        0.038     5.612 r  u_softmax/u_accuracy/u_sum/out_sum_reg[30]_i_22/O
                         net (fo=3, unplaced)         0.238     5.850    u_softmax/u_accuracy/u_sum/out_sum_reg[30]_i_22_n_0
                         LUT6 (Prop_LUT6_I2_O)        0.038     5.888 r  u_softmax/u_accuracy/u_sum/out_sum_reg[30]_i_5/O
                         net (fo=3, unplaced)         0.192     6.080    u_softmax/u_accuracy/u_sum/out_sum_reg[30]_i_5_n_0
                         LUT6 (Prop_LUT6_I2_O)        0.090     6.170 r  u_softmax/u_accuracy/u_sum/out_sum_reg[30]_i_29/O
                         net (fo=3, unplaced)         0.238     6.408    u_softmax/u_accuracy/u_sum/out_sum_reg[30]_i_29_n_0
                         LUT6 (Prop_LUT6_I5_O)        0.038     6.446 f  u_softmax/u_accuracy/u_sum/out_sum_reg[30]_i_8/O
                         net (fo=27, unplaced)        0.288     6.734    u_softmax/u_accuracy/u_sum/out_sum_reg[30]_i_8_n_0
                         LUT6 (Prop_LUT6_I5_O)        0.038     6.772 r  u_softmax/u_accuracy/u_sum/out_sum_reg[21]_i_1/O
                         net (fo=1, unplaced)         0.048     6.820    u_softmax/u_accuracy/u_sum/out_sum_reg__0[21]
                         FDCE                                         r  u_softmax/u_accuracy/u_sum/out_sum_reg_reg[21]/D
  -------------------------------------------------------------------    -------------------

                         (clock core_clk rise edge)
                                                      6.666     6.666 r  
                                                      0.000     6.666 r  clk (IN)
                         net (fo=59650, unset)        0.000     6.666    u_softmax/u_accuracy/u_sum/clk
                         FDCE                                         r  u_softmax/u_accuracy/u_sum/out_sum_reg_reg[21]/C
                         clock pessimism              0.000     6.666    
                         clock uncertainty           -0.035     6.631    
                         FDCE (Setup_FDCE_C_D)        0.025     6.656    u_softmax/u_accuracy/u_sum/out_sum_reg_reg[21]
  -------------------------------------------------------------------
                         required time                          6.656    
                         arrival time                          -6.820    
  -------------------------------------------------------------------
                         slack                                 -0.164    

Slack (VIOLATED) :        -0.164ns  (required time - arrival time)
  Source:                 u_softmax/u_accuracy/u_sum/out_valid_reg_reg/C
                            (rising edge-triggered cell FDCE clocked by core_clk  {rise@0.000ns fall@3.333ns period=6.666ns})
  Destination:            u_softmax/u_accuracy/u_sum/out_sum_reg_reg[22]/D
                            (rising edge-triggered cell FDCE clocked by core_clk  {rise@0.000ns fall@3.333ns period=6.666ns})
  Path Group:             core_clk
  Path Type:              Setup (Max at Slow Process Corner)
  Requirement:            6.666ns  (core_clk rise@6.666ns - core_clk rise@0.000ns)
  Data Path Delay:        6.820ns  (logic 1.507ns (22.097%)  route 5.313ns (77.903%))
  Logic Levels:           26  (CARRY8=5 LUT2=2 LUT3=3 LUT4=1 LUT5=4 LUT6=11)
  Clock Uncertainty:      0.035ns  ((TSJ^2 + TIJ^2)^1/2 + DJ) / 2 + PE
    Total System Jitter     (TSJ):    0.071ns
    Total Input Jitter      (TIJ):    0.000ns
    Discrete Jitter          (DJ):    0.000ns
    Phase Error              (PE):    0.000ns

    Location             Delay type                Incr(ns)  Path(ns)    Netlist Resource(s)
  -------------------------------------------------------------------    -------------------
                         (clock core_clk rise edge)
                                                      0.000     0.000 r  
                                                      0.000     0.000 r  clk (IN)
                         net (fo=59650, unset)        0.000     0.000    u_softmax/u_accuracy/u_sum/clk
                         FDCE                                         r  u_softmax/u_accuracy/u_sum/out_valid_reg_reg/C
  -------------------------------------------------------------------    -------------------
                         FDCE (Prop_FDCE_C_Q)         0.077     0.077 r  u_softmax/u_accuracy/u_sum/out_valid_reg_reg/Q
                         net (fo=11, unplaced)        0.181     0.258    u_softmax/u_accuracy/add_out_valid
                         LUT5 (Prop_LUT5_I0_O)        0.125     0.383 r  u_softmax/u_accuracy/u_sum_i_34/O
                         net (fo=31, unplaced)        0.242     0.625    u_softmax/u_accuracy/add_bypass_same_slot
                         LUT3 (Prop_LUT3_I1_O)        0.053     0.678 r  u_softmax/u_accuracy/u_sum_i_8/O
                         net (fo=41, unplaced)        0.297     0.975    u_softmax/u_accuracy/u_sum/in_a_fp32[24]
                         LUT4 (Prop_LUT4_I3_O)        0.038     1.013 r  u_softmax/u_accuracy/u_sum/out_sum_reg[25]_i_11/O
                         net (fo=2, unplaced)         0.232     1.245    u_softmax/u_accuracy/u_sum/out_sum_reg[25]_i_11_n_0
                         LUT5 (Prop_LUT5_I1_O)        0.038     1.283 r  u_softmax/u_accuracy/u_sum/out_sum_reg[25]_i_6/O
                         net (fo=6, unplaced)         0.254     1.537    u_softmax/u_accuracy/u_sum/out_sum_reg[25]_i_6_n_0
                         LUT2 (Prop_LUT2_I0_O)        0.038     1.575 f  u_softmax/u_accuracy/u_sum/out_sum_reg[30]_i_74/O
                         net (fo=109, unplaced)       0.320     1.895    u_softmax/u_accuracy/u_sum/out_sum_reg[30]_i_74_n_0
                         LUT3 (Prop_LUT3_I2_O)        0.038     1.933 r  u_softmax/u_accuracy/u_sum/out_sum_reg[30]_i_57/O
                         net (fo=1, unplaced)         0.020     1.953    u_softmax/u_accuracy/u_sum/out_sum_reg[30]_i_57_n_0
                         CARRY8 (Prop_CARRY8_S[0]_CO[3])
                                                      0.186     2.139 r  u_softmax/u_accuracy/u_sum/out_sum_reg_reg[30]_i_23/CO[3]
                         net (fo=118, unplaced)       0.227     2.366    u_softmax/u_accuracy/u_sum/larger_significand1
                         LUT5 (Prop_LUT5_I4_O)        0.038     2.404 f  u_softmax/u_accuracy/u_sum/out_sum_reg[30]_i_115/O
                         net (fo=3, unplaced)         0.238     2.642    u_softmax/u_accuracy/u_sum/out_sum_reg[30]_i_115_n_0
                         LUT6 (Prop_LUT6_I2_O)        0.038     2.680 r  u_softmax/u_accuracy/u_sum/out_sum_reg[30]_i_117/O
                         net (fo=2, unplaced)         0.232     2.912    u_softmax/u_accuracy/u_sum/out_sum_reg[30]_i_117_n_0
                         LUT6 (Prop_LUT6_I1_O)        0.038     2.950 f  u_softmax/u_accuracy/u_sum/out_sum_reg[30]_i_72/O
                         net (fo=40, unplaced)        0.297     3.247    u_softmax/u_accuracy/u_sum/out_sum_reg[30]_i_72_n_0
                         LUT6 (Prop_LUT6_I2_O)        0.038     3.285 f  u_softmax/u_accuracy/u_sum/out_sum_reg[25]_i_40/O
                         net (fo=4, unplaced)         0.245     3.530    u_softmax/u_accuracy/u_sum/out_sum_reg[25]_i_40_n_0
                         LUT6 (Prop_LUT6_I0_O)        0.038     3.568 f  u_softmax/u_accuracy/u_sum/out_sum_reg[14]_i_22/O
                         net (fo=3, unplaced)         0.238     3.806    u_softmax/u_accuracy/u_sum/out_sum_reg[14]_i_22_n_0
                         LUT3 (Prop_LUT3_I0_O)        0.038     3.844 f  u_softmax/u_accuracy/u_sum/out_sum_reg[14]_i_31/O
                         net (fo=2, unplaced)         0.232     4.076    u_softmax/u_accuracy/u_sum/out_sum_reg[14]_i_31_n_0
                         LUT2 (Prop_LUT2_I1_O)        0.038     4.114 r  u_softmax/u_accuracy/u_sum/out_sum_reg[25]_i_38/O
                         net (fo=2, unplaced)         0.232     4.346    u_softmax/u_accuracy/u_sum/out_sum_reg[25]_i_38_n_0
                         LUT6 (Prop_LUT6_I5_O)        0.037     4.383 r  u_softmax/u_accuracy/u_sum/out_sum_reg[6]_i_17/O
                         net (fo=1, unplaced)         0.023     4.406    u_softmax/u_accuracy/u_sum/out_sum_reg[6]_i_17_n_0
                         CARRY8 (Prop_CARRY8_S[1]_CO[7])
                                                      0.197     4.603 r  u_softmax/u_accuracy/u_sum/out_sum_reg_reg[6]_i_3/CO[7]
                         net (fo=1, unplaced)         0.005     4.608    u_softmax/u_accuracy/u_sum/out_sum_reg_reg[6]_i_3_n_0
                         CARRY8 (Prop_CARRY8_CI_CO[7])
                                                      0.022     4.630 r  u_softmax/u_accuracy/u_sum/out_sum_reg_reg[14]_i_3/CO[7]
                         net (fo=1, unplaced)         0.005     4.635    u_softmax/u_accuracy/u_sum/out_sum_reg_reg[14]_i_3_n_0
                         CARRY8 (Prop_CARRY8_CI_CO[7])
                                                      0.022     4.657 r  u_softmax/u_accuracy/u_sum/out_sum_reg_reg[25]_i_8/CO[7]
                         net (fo=1, unplaced)         0.005     4.662    u_softmax/u_accuracy/u_sum/out_sum_reg_reg[25]_i_8_n_0
                         CARRY8 (Prop_CARRY8_CI_CO[0])
                                                      0.052     4.714 r  u_softmax/u_accuracy/u_sum/out_sum_reg_reg[25]_i_4/CO[0]
                         net (fo=63, unplaced)        0.307     5.021    u_softmax/u_accuracy/u_sum/p_0_in
                         LUT5 (Prop_LUT5_I4_O)        0.038     5.059 r  u_softmax/u_accuracy/u_sum/out_sum_reg[27]_i_5/O
                         net (fo=2, unplaced)         0.232     5.291    u_softmax/u_accuracy/u_sum/out_sum_reg[27]_i_5_n_0
                         LUT6 (Prop_LUT6_I2_O)        0.038     5.329 r  u_softmax/u_accuracy/u_sum/out_sum_reg[27]_i_2/O
                         net (fo=4, unplaced)         0.245     5.574    u_softmax/u_accuracy/u_sum/out_sum_reg[27]_i_2_n_0
                         LUT6 (Prop_LUT6_I2_O)        0.038     5.612 r  u_softmax/u_accuracy/u_sum/out_sum_reg[30]_i_22/O
                         net (fo=3, unplaced)         0.238     5.850    u_softmax/u_accuracy/u_sum/out_sum_reg[30]_i_22_n_0
                         LUT6 (Prop_LUT6_I2_O)        0.038     5.888 r  u_softmax/u_accuracy/u_sum/out_sum_reg[30]_i_5/O
                         net (fo=3, unplaced)         0.192     6.080    u_softmax/u_accuracy/u_sum/out_sum_reg[30]_i_5_n_0
                         LUT6 (Prop_LUT6_I2_O)        0.090     6.170 r  u_softmax/u_accuracy/u_sum/out_sum_reg[30]_i_29/O
                         net (fo=3, unplaced)         0.238     6.408    u_softmax/u_accuracy/u_sum/out_sum_reg[30]_i_29_n_0
                         LUT6 (Prop_LUT6_I5_O)        0.038     6.446 f  u_softmax/u_accuracy/u_sum/out_sum_reg[30]_i_8/O
                         net (fo=27, unplaced)        0.288     6.734    u_softmax/u_accuracy/u_sum/out_sum_reg[30]_i_8_n_0
                         LUT6 (Prop_LUT6_I5_O)        0.038     6.772 r  u_softmax/u_accuracy/u_sum/out_sum_reg[22]_i_1/O
                         net (fo=1, unplaced)         0.048     6.820    u_softmax/u_accuracy/u_sum/out_sum_reg__0[22]
                         FDCE                                         r  u_softmax/u_accuracy/u_sum/out_sum_reg_reg[22]/D
  -------------------------------------------------------------------    -------------------

                         (clock core_clk rise edge)
                                                      6.666     6.666 r  
                                                      0.000     6.666 r  clk (IN)
                         net (fo=59650, unset)        0.000     6.666    u_softmax/u_accuracy/u_sum/clk
                         FDCE                                         r  u_softmax/u_accuracy/u_sum/out_sum_reg_reg[22]/C
                         clock pessimism              0.000     6.666    
                         clock uncertainty           -0.035     6.631    
                         FDCE (Setup_FDCE_C_D)        0.025     6.656    u_softmax/u_accuracy/u_sum/out_sum_reg_reg[22]
  -------------------------------------------------------------------
                         required time                          6.656    
                         arrival time                          -6.820    
  -------------------------------------------------------------------
                         slack                                 -0.164    

Slack (VIOLATED) :        -0.164ns  (required time - arrival time)
  Source:                 u_softmax/u_accuracy/u_sum/out_valid_reg_reg/C
                            (rising edge-triggered cell FDCE clocked by core_clk  {rise@0.000ns fall@3.333ns period=6.666ns})
  Destination:            u_softmax/u_accuracy/u_sum/out_sum_reg_reg[25]/D
                            (rising edge-triggered cell FDCE clocked by core_clk  {rise@0.000ns fall@3.333ns period=6.666ns})
  Path Group:             core_clk
  Path Type:              Setup (Max at Slow Process Corner)
  Requirement:            6.666ns  (core_clk rise@6.666ns - core_clk rise@0.000ns)
  Data Path Delay:        6.820ns  (logic 1.507ns (22.097%)  route 5.313ns (77.903%))
  Logic Levels:           26  (CARRY8=5 LUT2=2 LUT3=3 LUT4=1 LUT5=4 LUT6=11)
  Clock Uncertainty:      0.035ns  ((TSJ^2 + TIJ^2)^1/2 + DJ) / 2 + PE
    Total System Jitter     (TSJ):    0.071ns
    Total Input Jitter      (TIJ):    0.000ns
    Discrete Jitter          (DJ):    0.000ns
    Phase Error              (PE):    0.000ns

    Location             Delay type                Incr(ns)  Path(ns)    Netlist Resource(s)
  -------------------------------------------------------------------    -------------------
                         (clock core_clk rise edge)
                                                      0.000     0.000 r  
                                                      0.000     0.000 r  clk (IN)
                         net (fo=59650, unset)        0.000     0.000    u_softmax/u_accuracy/u_sum/clk
                         FDCE                                         r  u_softmax/u_accuracy/u_sum/out_valid_reg_reg/C
  -------------------------------------------------------------------    -------------------
                         FDCE (Prop_FDCE_C_Q)         0.077     0.077 r  u_softmax/u_accuracy/u_sum/out_valid_reg_reg/Q
                         net (fo=11, unplaced)        0.181     0.258    u_softmax/u_accuracy/add_out_valid
                         LUT5 (Prop_LUT5_I0_O)        0.125     0.383 r  u_softmax/u_accuracy/u_sum_i_34/O
                         net (fo=31, unplaced)        0.242     0.625    u_softmax/u_accuracy/add_bypass_same_slot
                         LUT3 (Prop_LUT3_I1_O)        0.053     0.678 r  u_softmax/u_accuracy/u_sum_i_8/O
                         net (fo=41, unplaced)        0.297     0.975    u_softmax/u_accuracy/u_sum/in_a_fp32[24]
                         LUT4 (Prop_LUT4_I3_O)        0.038     1.013 r  u_softmax/u_accuracy/u_sum/out_sum_reg[25]_i_11/O
                         net (fo=2, unplaced)         0.232     1.245    u_softmax/u_accuracy/u_sum/out_sum_reg[25]_i_11_n_0
                         LUT5 (Prop_LUT5_I1_O)        0.038     1.283 r  u_softmax/u_accuracy/u_sum/out_sum_reg[25]_i_6/O
                         net (fo=6, unplaced)         0.254     1.537    u_softmax/u_accuracy/u_sum/out_sum_reg[25]_i_6_n_0
                         LUT2 (Prop_LUT2_I0_O)        0.038     1.575 f  u_softmax/u_accuracy/u_sum/out_sum_reg[30]_i_74/O
                         net (fo=109, unplaced)       0.320     1.895    u_softmax/u_accuracy/u_sum/out_sum_reg[30]_i_74_n_0
                         LUT3 (Prop_LUT3_I2_O)        0.038     1.933 r  u_softmax/u_accuracy/u_sum/out_sum_reg[30]_i_57/O
                         net (fo=1, unplaced)         0.020     1.953    u_softmax/u_accuracy/u_sum/out_sum_reg[30]_i_57_n_0
                         CARRY8 (Prop_CARRY8_S[0]_CO[3])
                                                      0.186     2.139 r  u_softmax/u_accuracy/u_sum/out_sum_reg_reg[30]_i_23/CO[3]
                         net (fo=118, unplaced)       0.227     2.366    u_softmax/u_accuracy/u_sum/larger_significand1
                         LUT5 (Prop_LUT5_I4_O)        0.038     2.404 f  u_softmax/u_accuracy/u_sum/out_sum_reg[30]_i_115/O
                         net (fo=3, unplaced)         0.238     2.642    u_softmax/u_accuracy/u_sum/out_sum_reg[30]_i_115_n_0
                         LUT6 (Prop_LUT6_I2_O)        0.038     2.680 r  u_softmax/u_accuracy/u_sum/out_sum_reg[30]_i_117/O
                         net (fo=2, unplaced)         0.232     2.912    u_softmax/u_accuracy/u_sum/out_sum_reg[30]_i_117_n_0
                         LUT6 (Prop_LUT6_I1_O)        0.038     2.950 f  u_softmax/u_accuracy/u_sum/out_sum_reg[30]_i_72/O
                         net (fo=40, unplaced)        0.297     3.247    u_softmax/u_accuracy/u_sum/out_sum_reg[30]_i_72_n_0
                         LUT6 (Prop_LUT6_I2_O)        0.038     3.285 f  u_softmax/u_accuracy/u_sum/out_sum_reg[25]_i_40/O
                         net (fo=4, unplaced)         0.245     3.530    u_softmax/u_accuracy/u_sum/out_sum_reg[25]_i_40_n_0
                         LUT6 (Prop_LUT6_I0_O)        0.038     3.568 f  u_softmax/u_accuracy/u_sum/out_sum_reg[14]_i_22/O
                         net (fo=3, unplaced)         0.238     3.806    u_softmax/u_accuracy/u_sum/out_sum_reg[14]_i_22_n_0
                         LUT3 (Prop_LUT3_I0_O)        0.038     3.844 f  u_softmax/u_accuracy/u_sum/out_sum_reg[14]_i_31/O
                         net (fo=2, unplaced)         0.232     4.076    u_softmax/u_accuracy/u_sum/out_sum_reg[14]_i_31_n_0
                         LUT2 (Prop_LUT2_I1_O)        0.038     4.114 r  u_softmax/u_accuracy/u_sum/out_sum_reg[25]_i_38/O
                         net (fo=2, unplaced)         0.232     4.346    u_softmax/u_accuracy/u_sum/out_sum_reg[25]_i_38_n_0
                         LUT6 (Prop_LUT6_I5_O)        0.037     4.383 r  u_softmax/u_accuracy/u_sum/out_sum_reg[6]_i_17/O
                         net (fo=1, unplaced)         0.023     4.406    u_softmax/u_accuracy/u_sum/out_sum_reg[6]_i_17_n_0
                         CARRY8 (Prop_CARRY8_S[1]_CO[7])
                                                      0.197     4.603 r  u_softmax/u_accuracy/u_sum/out_sum_reg_reg[6]_i_3/CO[7]
                         net (fo=1, unplaced)         0.005     4.608    u_softmax/u_accuracy/u_sum/out_sum_reg_reg[6]_i_3_n_0
                         CARRY8 (Prop_CARRY8_CI_CO[7])
                                                      0.022     4.630 r  u_softmax/u_accuracy/u_sum/out_sum_reg_reg[14]_i_3/CO[7]
                         net (fo=1, unplaced)         0.005     4.635    u_softmax/u_accuracy/u_sum/out_sum_reg_reg[14]_i_3_n_0
                         CARRY8 (Prop_CARRY8_CI_CO[7])
                                                      0.022     4.657 r  u_softmax/u_accuracy/u_sum/out_sum_reg_reg[25]_i_8/CO[7]
                         net (fo=1, unplaced)         0.005     4.662    u_softmax/u_accuracy/u_sum/out_sum_reg_reg[25]_i_8_n_0
                         CARRY8 (Prop_CARRY8_CI_CO[0])
                                                      0.052     4.714 r  u_softmax/u_accuracy/u_sum/out_sum_reg_reg[25]_i_4/CO[0]
                         net (fo=63, unplaced)        0.307     5.021    u_softmax/u_accuracy/u_sum/p_0_in
                         LUT5 (Prop_LUT5_I4_O)        0.038     5.059 r  u_softmax/u_accuracy/u_sum/out_sum_reg[27]_i_5/O
                         net (fo=2, unplaced)         0.232     5.291    u_softmax/u_accuracy/u_sum/out_sum_reg[27]_i_5_n_0
                         LUT6 (Prop_LUT6_I2_O)        0.038     5.329 r  u_softmax/u_accuracy/u_sum/out_sum_reg[27]_i_2/O
                         net (fo=4, unplaced)         0.245     5.574    u_softmax/u_accuracy/u_sum/out_sum_reg[27]_i_2_n_0
                         LUT6 (Prop_LUT6_I2_O)        0.038     5.612 r  u_softmax/u_accuracy/u_sum/out_sum_reg[30]_i_22/O
                         net (fo=3, unplaced)         0.238     5.850    u_softmax/u_accuracy/u_sum/out_sum_reg[30]_i_22_n_0
                         LUT6 (Prop_LUT6_I2_O)        0.038     5.888 r  u_softmax/u_accuracy/u_sum/out_sum_reg[30]_i_5/O
                         net (fo=3, unplaced)         0.192     6.080    u_softmax/u_accuracy/u_sum/out_sum_reg[30]_i_5_n_0
                         LUT6 (Prop_LUT6_I2_O)        0.090     6.170 r  u_softmax/u_accuracy/u_sum/out_sum_reg[30]_i_29/O
                         net (fo=3, unplaced)         0.238     6.408    u_softmax/u_accuracy/u_sum/out_sum_reg[30]_i_29_n_0
                         LUT6 (Prop_LUT6_I5_O)        0.038     6.446 f  u_softmax/u_accuracy/u_sum/out_sum_reg[30]_i_8/O
                         net (fo=27, unplaced)        0.288     6.734    u_softmax/u_accuracy/u_sum/out_sum_reg[30]_i_8_n_0
                         LUT6 (Prop_LUT6_I5_O)        0.038     6.772 r  u_softmax/u_accuracy/u_sum/out_sum_reg[25]_i_1/O
                         net (fo=1, unplaced)         0.048     6.820    u_softmax/u_accuracy/u_sum/out_sum_reg__0[25]
                         FDCE                                         r  u_softmax/u_accuracy/u_sum/out_sum_reg_reg[25]/D
  -------------------------------------------------------------------    -------------------

                         (clock core_clk rise edge)
                                                      6.666     6.666 r  
                                                      0.000     6.666 r  clk (IN)
                         net (fo=59650, unset)        0.000     6.666    u_softmax/u_accuracy/u_sum/clk
                         FDCE                                         r  u_softmax/u_accuracy/u_sum/out_sum_reg_reg[25]/C
                         clock pessimism              0.000     6.666    
                         clock uncertainty           -0.035     6.631    
                         FDCE (Setup_FDCE_C_D)        0.025     6.656    u_softmax/u_accuracy/u_sum/out_sum_reg_reg[25]
  -------------------------------------------------------------------
                         required time                          6.656    
                         arrival time                          -6.820    
  -------------------------------------------------------------------
                         slack                                 -0.164    

Slack (VIOLATED) :        -0.164ns  (required time - arrival time)
  Source:                 u_softmax/u_accuracy/u_sum/out_valid_reg_reg/C
                            (rising edge-triggered cell FDCE clocked by core_clk  {rise@0.000ns fall@3.333ns period=6.666ns})
  Destination:            u_softmax/u_accuracy/u_sum/out_sum_reg_reg[26]/D
                            (rising edge-triggered cell FDCE clocked by core_clk  {rise@0.000ns fall@3.333ns period=6.666ns})
  Path Group:             core_clk
  Path Type:              Setup (Max at Slow Process Corner)
  Requirement:            6.666ns  (core_clk rise@6.666ns - core_clk rise@0.000ns)
  Data Path Delay:        6.820ns  (logic 1.507ns (22.097%)  route 5.313ns (77.903%))
  Logic Levels:           26  (CARRY8=5 LUT2=2 LUT3=3 LUT4=1 LUT5=5 LUT6=10)
  Clock Uncertainty:      0.035ns  ((TSJ^2 + TIJ^2)^1/2 + DJ) / 2 + PE
    Total System Jitter     (TSJ):    0.071ns
    Total Input Jitter      (TIJ):    0.000ns
    Discrete Jitter          (DJ):    0.000ns
    Phase Error              (PE):    0.000ns

    Location             Delay type                Incr(ns)  Path(ns)    Netlist Resource(s)
  -------------------------------------------------------------------    -------------------
                         (clock core_clk rise edge)
                                                      0.000     0.000 r  
                                                      0.000     0.000 r  clk (IN)
                         net (fo=59650, unset)        0.000     0.000    u_softmax/u_accuracy/u_sum/clk
                         FDCE                                         r  u_softmax/u_accuracy/u_sum/out_valid_reg_reg/C
  -------------------------------------------------------------------    -------------------
                         FDCE (Prop_FDCE_C_Q)         0.077     0.077 r  u_softmax/u_accuracy/u_sum/out_valid_reg_reg/Q
                         net (fo=11, unplaced)        0.181     0.258    u_softmax/u_accuracy/add_out_valid
                         LUT5 (Prop_LUT5_I0_O)        0.125     0.383 r  u_softmax/u_accuracy/u_sum_i_34/O
                         net (fo=31, unplaced)        0.242     0.625    u_softmax/u_accuracy/add_bypass_same_slot
                         LUT3 (Prop_LUT3_I1_O)        0.053     0.678 r  u_softmax/u_accuracy/u_sum_i_8/O
                         net (fo=41, unplaced)        0.297     0.975    u_softmax/u_accuracy/u_sum/in_a_fp32[24]
                         LUT4 (Prop_LUT4_I3_O)        0.038     1.013 r  u_softmax/u_accuracy/u_sum/out_sum_reg[25]_i_11/O
                         net (fo=2, unplaced)         0.232     1.245    u_softmax/u_accuracy/u_sum/out_sum_reg[25]_i_11_n_0
                         LUT5 (Prop_LUT5_I1_O)        0.038     1.283 r  u_softmax/u_accuracy/u_sum/out_sum_reg[25]_i_6/O
                         net (fo=6, unplaced)         0.254     1.537    u_softmax/u_accuracy/u_sum/out_sum_reg[25]_i_6_n_0
                         LUT2 (Prop_LUT2_I0_O)        0.038     1.575 f  u_softmax/u_accuracy/u_sum/out_sum_reg[30]_i_74/O
                         net (fo=109, unplaced)       0.320     1.895    u_softmax/u_accuracy/u_sum/out_sum_reg[30]_i_74_n_0
                         LUT3 (Prop_LUT3_I2_O)        0.038     1.933 r  u_softmax/u_accuracy/u_sum/out_sum_reg[30]_i_57/O
                         net (fo=1, unplaced)         0.020     1.953    u_softmax/u_accuracy/u_sum/out_sum_reg[30]_i_57_n_0
                         CARRY8 (Prop_CARRY8_S[0]_CO[3])
                                                      0.186     2.139 r  u_softmax/u_accuracy/u_sum/out_sum_reg_reg[30]_i_23/CO[3]
                         net (fo=118, unplaced)       0.227     2.366    u_softmax/u_accuracy/u_sum/larger_significand1
                         LUT5 (Prop_LUT5_I4_O)        0.038     2.404 f  u_softmax/u_accuracy/u_sum/out_sum_reg[30]_i_115/O
                         net (fo=3, unplaced)         0.238     2.642    u_softmax/u_accuracy/u_sum/out_sum_reg[30]_i_115_n_0
                         LUT6 (Prop_LUT6_I2_O)        0.038     2.680 r  u_softmax/u_accuracy/u_sum/out_sum_reg[30]_i_117/O
                         net (fo=2, unplaced)         0.232     2.912    u_softmax/u_accuracy/u_sum/out_sum_reg[30]_i_117_n_0
                         LUT6 (Prop_LUT6_I1_O)        0.038     2.950 f  u_softmax/u_accuracy/u_sum/out_sum_reg[30]_i_72/O
                         net (fo=40, unplaced)        0.297     3.247    u_softmax/u_accuracy/u_sum/out_sum_reg[30]_i_72_n_0
                         LUT6 (Prop_LUT6_I2_O)        0.038     3.285 f  u_softmax/u_accuracy/u_sum/out_sum_reg[25]_i_40/O
                         net (fo=4, unplaced)         0.245     3.530    u_softmax/u_accuracy/u_sum/out_sum_reg[25]_i_40_n_0
                         LUT6 (Prop_LUT6_I0_O)        0.038     3.568 f  u_softmax/u_accuracy/u_sum/out_sum_reg[14]_i_22/O
                         net (fo=3, unplaced)         0.238     3.806    u_softmax/u_accuracy/u_sum/out_sum_reg[14]_i_22_n_0
                         LUT3 (Prop_LUT3_I0_O)        0.038     3.844 f  u_softmax/u_accuracy/u_sum/out_sum_reg[14]_i_31/O
                         net (fo=2, unplaced)         0.232     4.076    u_softmax/u_accuracy/u_sum/out_sum_reg[14]_i_31_n_0
                         LUT2 (Prop_LUT2_I1_O)        0.038     4.114 r  u_softmax/u_accuracy/u_sum/out_sum_reg[25]_i_38/O
                         net (fo=2, unplaced)         0.232     4.346    u_softmax/u_accuracy/u_sum/out_sum_reg[25]_i_38_n_0
                         LUT6 (Prop_LUT6_I5_O)        0.037     4.383 r  u_softmax/u_accuracy/u_sum/out_sum_reg[6]_i_17/O
                         net (fo=1, unplaced)         0.023     4.406    u_softmax/u_accuracy/u_sum/out_sum_reg[6]_i_17_n_0
                         CARRY8 (Prop_CARRY8_S[1]_CO[7])
                                                      0.197     4.603 r  u_softmax/u_accuracy/u_sum/out_sum_reg_reg[6]_i_3/CO[7]
                         net (fo=1, unplaced)         0.005     4.608    u_softmax/u_accuracy/u_sum/out_sum_reg_reg[6]_i_3_n_0
                         CARRY8 (Prop_CARRY8_CI_CO[7])
                                                      0.022     4.630 r  u_softmax/u_accuracy/u_sum/out_sum_reg_reg[14]_i_3/CO[7]
                         net (fo=1, unplaced)         0.005     4.635    u_softmax/u_accuracy/u_sum/out_sum_reg_reg[14]_i_3_n_0
                         CARRY8 (Prop_CARRY8_CI_CO[7])
                                                      0.022     4.657 r  u_softmax/u_accuracy/u_sum/out_sum_reg_reg[25]_i_8/CO[7]
                         net (fo=1, unplaced)         0.005     4.662    u_softmax/u_accuracy/u_sum/out_sum_reg_reg[25]_i_8_n_0
                         CARRY8 (Prop_CARRY8_CI_CO[0])
                                                      0.052     4.714 r  u_softmax/u_accuracy/u_sum/out_sum_reg_reg[25]_i_4/CO[0]
                         net (fo=63, unplaced)        0.307     5.021    u_softmax/u_accuracy/u_sum/p_0_in
                         LUT5 (Prop_LUT5_I4_O)        0.038     5.059 r  u_softmax/u_accuracy/u_sum/out_sum_reg[27]_i_5/O
                         net (fo=2, unplaced)         0.232     5.291    u_softmax/u_accuracy/u_sum/out_sum_reg[27]_i_5_n_0
                         LUT6 (Prop_LUT6_I2_O)        0.038     5.329 r  u_softmax/u_accuracy/u_sum/out_sum_reg[27]_i_2/O
                         net (fo=4, unplaced)         0.245     5.574    u_softmax/u_accuracy/u_sum/out_sum_reg[27]_i_2_n_0
                         LUT6 (Prop_LUT6_I2_O)        0.038     5.612 r  u_softmax/u_accuracy/u_sum/out_sum_reg[30]_i_22/O
                         net (fo=3, unplaced)         0.238     5.850    u_softmax/u_accuracy/u_sum/out_sum_reg[30]_i_22_n_0
                         LUT6 (Prop_LUT6_I2_O)        0.038     5.888 r  u_softmax/u_accuracy/u_sum/out_sum_reg[30]_i_5/O
                         net (fo=3, unplaced)         0.192     6.080    u_softmax/u_accuracy/u_sum/out_sum_reg[30]_i_5_n_0
                         LUT6 (Prop_LUT6_I2_O)        0.090     6.170 r  u_softmax/u_accuracy/u_sum/out_sum_reg[30]_i_29/O
                         net (fo=3, unplaced)         0.238     6.408    u_softmax/u_accuracy/u_sum/out_sum_reg[30]_i_29_n_0
                         LUT6 (Prop_LUT6_I5_O)        0.038     6.446 f  u_softmax/u_accuracy/u_sum/out_sum_reg[30]_i_8/O
                         net (fo=27, unplaced)        0.288     6.734    u_softmax/u_accuracy/u_sum/out_sum_reg[30]_i_8_n_0
                         LUT5 (Prop_LUT5_I4_O)        0.038     6.772 r  u_softmax/u_accuracy/u_sum/out_sum_reg[26]_i_1/O
                         net (fo=1, unplaced)         0.048     6.820    u_softmax/u_accuracy/u_sum/out_sum_reg[26]_i_1_n_0
                         FDCE                                         r  u_softmax/u_accuracy/u_sum/out_sum_reg_reg[26]/D
  -------------------------------------------------------------------    -------------------

                         (clock core_clk rise edge)
                                                      6.666     6.666 r  
                                                      0.000     6.666 r  clk (IN)
                         net (fo=59650, unset)        0.000     6.666    u_softmax/u_accuracy/u_sum/clk
                         FDCE                                         r  u_softmax/u_accuracy/u_sum/out_sum_reg_reg[26]/C
                         clock pessimism              0.000     6.666    
                         clock uncertainty           -0.035     6.631    
                         FDCE (Setup_FDCE_C_D)        0.025     6.656    u_softmax/u_accuracy/u_sum/out_sum_reg_reg[26]
  -------------------------------------------------------------------
                         required time                          6.656    
                         arrival time                          -6.820    
  -------------------------------------------------------------------
                         slack                                 -0.164    

Slack (VIOLATED) :        -0.164ns  (required time - arrival time)
  Source:                 u_softmax/u_accuracy/u_sum/out_valid_reg_reg/C
                            (rising edge-triggered cell FDCE clocked by core_clk  {rise@0.000ns fall@3.333ns period=6.666ns})
  Destination:            u_softmax/u_accuracy/u_sum/out_sum_reg_reg[27]/D
                            (rising edge-triggered cell FDCE clocked by core_clk  {rise@0.000ns fall@3.333ns period=6.666ns})
  Path Group:             core_clk
  Path Type:              Setup (Max at Slow Process Corner)
  Requirement:            6.666ns  (core_clk rise@6.666ns - core_clk rise@0.000ns)
  Data Path Delay:        6.820ns  (logic 1.507ns (22.097%)  route 5.313ns (77.903%))
  Logic Levels:           26  (CARRY8=5 LUT2=2 LUT3=3 LUT4=1 LUT5=5 LUT6=10)
  Clock Uncertainty:      0.035ns  ((TSJ^2 + TIJ^2)^1/2 + DJ) / 2 + PE
    Total System Jitter     (TSJ):    0.071ns
    Total Input Jitter      (TIJ):    0.000ns
    Discrete Jitter          (DJ):    0.000ns
    Phase Error              (PE):    0.000ns

    Location             Delay type                Incr(ns)  Path(ns)    Netlist Resource(s)
  -------------------------------------------------------------------    -------------------
                         (clock core_clk rise edge)
                                                      0.000     0.000 r  
                                                      0.000     0.000 r  clk (IN)
                         net (fo=59650, unset)        0.000     0.000    u_softmax/u_accuracy/u_sum/clk
                         FDCE                                         r  u_softmax/u_accuracy/u_sum/out_valid_reg_reg/C
  -------------------------------------------------------------------    -------------------
                         FDCE (Prop_FDCE_C_Q)         0.077     0.077 r  u_softmax/u_accuracy/u_sum/out_valid_reg_reg/Q
                         net (fo=11, unplaced)        0.181     0.258    u_softmax/u_accuracy/add_out_valid
                         LUT5 (Prop_LUT5_I0_O)        0.125     0.383 r  u_softmax/u_accuracy/u_sum_i_34/O
                         net (fo=31, unplaced)        0.242     0.625    u_softmax/u_accuracy/add_bypass_same_slot
                         LUT3 (Prop_LUT3_I1_O)        0.053     0.678 r  u_softmax/u_accuracy/u_sum_i_8/O
                         net (fo=41, unplaced)        0.297     0.975    u_softmax/u_accuracy/u_sum/in_a_fp32[24]
                         LUT4 (Prop_LUT4_I3_O)        0.038     1.013 r  u_softmax/u_accuracy/u_sum/out_sum_reg[25]_i_11/O
                         net (fo=2, unplaced)         0.232     1.245    u_softmax/u_accuracy/u_sum/out_sum_reg[25]_i_11_n_0
                         LUT5 (Prop_LUT5_I1_O)        0.038     1.283 r  u_softmax/u_accuracy/u_sum/out_sum_reg[25]_i_6/O
                         net (fo=6, unplaced)         0.254     1.537    u_softmax/u_accuracy/u_sum/out_sum_reg[25]_i_6_n_0
                         LUT2 (Prop_LUT2_I0_O)        0.038     1.575 f  u_softmax/u_accuracy/u_sum/out_sum_reg[30]_i_74/O
                         net (fo=109, unplaced)       0.320     1.895    u_softmax/u_accuracy/u_sum/out_sum_reg[30]_i_74_n_0
                         LUT3 (Prop_LUT3_I2_O)        0.038     1.933 r  u_softmax/u_accuracy/u_sum/out_sum_reg[30]_i_57/O
                         net (fo=1, unplaced)         0.020     1.953    u_softmax/u_accuracy/u_sum/out_sum_reg[30]_i_57_n_0
                         CARRY8 (Prop_CARRY8_S[0]_CO[3])
                                                      0.186     2.139 r  u_softmax/u_accuracy/u_sum/out_sum_reg_reg[30]_i_23/CO[3]
                         net (fo=118, unplaced)       0.227     2.366    u_softmax/u_accuracy/u_sum/larger_significand1
                         LUT5 (Prop_LUT5_I4_O)        0.038     2.404 f  u_softmax/u_accuracy/u_sum/out_sum_reg[30]_i_115/O
                         net (fo=3, unplaced)         0.238     2.642    u_softmax/u_accuracy/u_sum/out_sum_reg[30]_i_115_n_0
                         LUT6 (Prop_LUT6_I2_O)        0.038     2.680 r  u_softmax/u_accuracy/u_sum/out_sum_reg[30]_i_117/O
                         net (fo=2, unplaced)         0.232     2.912    u_softmax/u_accuracy/u_sum/out_sum_reg[30]_i_117_n_0
                         LUT6 (Prop_LUT6_I1_O)        0.038     2.950 f  u_softmax/u_accuracy/u_sum/out_sum_reg[30]_i_72/O
                         net (fo=40, unplaced)        0.297     3.247    u_softmax/u_accuracy/u_sum/out_sum_reg[30]_i_72_n_0
                         LUT6 (Prop_LUT6_I2_O)        0.038     3.285 f  u_softmax/u_accuracy/u_sum/out_sum_reg[25]_i_40/O
                         net (fo=4, unplaced)         0.245     3.530    u_softmax/u_accuracy/u_sum/out_sum_reg[25]_i_40_n_0
                         LUT6 (Prop_LUT6_I0_O)        0.038     3.568 f  u_softmax/u_accuracy/u_sum/out_sum_reg[14]_i_22/O
                         net (fo=3, unplaced)         0.238     3.806    u_softmax/u_accuracy/u_sum/out_sum_reg[14]_i_22_n_0
                         LUT3 (Prop_LUT3_I0_O)        0.038     3.844 f  u_softmax/u_accuracy/u_sum/out_sum_reg[14]_i_31/O
                         net (fo=2, unplaced)         0.232     4.076    u_softmax/u_accuracy/u_sum/out_sum_reg[14]_i_31_n_0
                         LUT2 (Prop_LUT2_I1_O)        0.038     4.114 r  u_softmax/u_accuracy/u_sum/out_sum_reg[25]_i_38/O
                         net (fo=2, unplaced)         0.232     4.346    u_softmax/u_accuracy/u_sum/out_sum_reg[25]_i_38_n_0
                         LUT6 (Prop_LUT6_I5_O)        0.037     4.383 r  u_softmax/u_accuracy/u_sum/out_sum_reg[6]_i_17/O
                         net (fo=1, unplaced)         0.023     4.406    u_softmax/u_accuracy/u_sum/out_sum_reg[6]_i_17_n_0
                         CARRY8 (Prop_CARRY8_S[1]_CO[7])
                                                      0.197     4.603 r  u_softmax/u_accuracy/u_sum/out_sum_reg_reg[6]_i_3/CO[7]
                         net (fo=1, unplaced)         0.005     4.608    u_softmax/u_accuracy/u_sum/out_sum_reg_reg[6]_i_3_n_0
                         CARRY8 (Prop_CARRY8_CI_CO[7])
                                                      0.022     4.630 r  u_softmax/u_accuracy/u_sum/out_sum_reg_reg[14]_i_3/CO[7]
                         net (fo=1, unplaced)         0.005     4.635    u_softmax/u_accuracy/u_sum/out_sum_reg_reg[14]_i_3_n_0
                         CARRY8 (Prop_CARRY8_CI_CO[7])
                                                      0.022     4.657 r  u_softmax/u_accuracy/u_sum/out_sum_reg_reg[25]_i_8/CO[7]
                         net (fo=1, unplaced)         0.005     4.662    u_softmax/u_accuracy/u_sum/out_sum_reg_reg[25]_i_8_n_0
                         CARRY8 (Prop_CARRY8_CI_CO[0])
                                                      0.052     4.714 r  u_softmax/u_accuracy/u_sum/out_sum_reg_reg[25]_i_4/CO[0]
                         net (fo=63, unplaced)        0.307     5.021    u_softmax/u_accuracy/u_sum/p_0_in
                         LUT5 (Prop_LUT5_I4_O)        0.038     5.059 r  u_softmax/u_accuracy/u_sum/out_sum_reg[27]_i_5/O
                         net (fo=2, unplaced)         0.232     5.291    u_softmax/u_accuracy/u_sum/out_sum_reg[27]_i_5_n_0
                         LUT6 (Prop_LUT6_I2_O)        0.038     5.329 r  u_softmax/u_accuracy/u_sum/out_sum_reg[27]_i_2/O
                         net (fo=4, unplaced)         0.245     5.574    u_softmax/u_accuracy/u_sum/out_sum_reg[27]_i_2_n_0
                         LUT6 (Prop_LUT6_I2_O)        0.038     5.612 r  u_softmax/u_accuracy/u_sum/out_sum_reg[30]_i_22/O
                         net (fo=3, unplaced)         0.238     5.850    u_softmax/u_accuracy/u_sum/out_sum_reg[30]_i_22_n_0
                         LUT6 (Prop_LUT6_I2_O)        0.038     5.888 r  u_softmax/u_accuracy/u_sum/out_sum_reg[30]_i_5/O
                         net (fo=3, unplaced)         0.192     6.080    u_softmax/u_accuracy/u_sum/out_sum_reg[30]_i_5_n_0
                         LUT6 (Prop_LUT6_I2_O)        0.090     6.170 r  u_softmax/u_accuracy/u_sum/out_sum_reg[30]_i_29/O
                         net (fo=3, unplaced)         0.238     6.408    u_softmax/u_accuracy/u_sum/out_sum_reg[30]_i_29_n_0
                         LUT6 (Prop_LUT6_I5_O)        0.038     6.446 f  u_softmax/u_accuracy/u_sum/out_sum_reg[30]_i_8/O
                         net (fo=27, unplaced)        0.288     6.734    u_softmax/u_accuracy/u_sum/out_sum_reg[30]_i_8_n_0
                         LUT5 (Prop_LUT5_I4_O)        0.038     6.772 r  u_softmax/u_accuracy/u_sum/out_sum_reg[27]_i_1/O
                         net (fo=1, unplaced)         0.048     6.820    u_softmax/u_accuracy/u_sum/out_sum_reg__0[27]
                         FDCE                                         r  u_softmax/u_accuracy/u_sum/out_sum_reg_reg[27]/D
  -------------------------------------------------------------------    -------------------

                         (clock core_clk rise edge)
                                                      6.666     6.666 r  
                                                      0.000     6.666 r  clk (IN)
                         net (fo=59650, unset)        0.000     6.666    u_softmax/u_accuracy/u_sum/clk
                         FDCE                                         r  u_softmax/u_accuracy/u_sum/out_sum_reg_reg[27]/C
                         clock pessimism              0.000     6.666    
                         clock uncertainty           -0.035     6.631    
                         FDCE (Setup_FDCE_C_D)        0.025     6.656    u_softmax/u_accuracy/u_sum/out_sum_reg_reg[27]
  -------------------------------------------------------------------
                         required time                          6.656    
                         arrival time                          -6.820    
  -------------------------------------------------------------------
                         slack                                 -0.164    

Slack (VIOLATED) :        -0.164ns  (required time - arrival time)
  Source:                 u_softmax/u_accuracy/u_sum/out_valid_reg_reg/C
                            (rising edge-triggered cell FDCE clocked by core_clk  {rise@0.000ns fall@3.333ns period=6.666ns})
  Destination:            u_softmax/u_accuracy/u_sum/out_sum_reg_reg[29]/D
                            (rising edge-triggered cell FDCE clocked by core_clk  {rise@0.000ns fall@3.333ns period=6.666ns})
  Path Group:             core_clk
  Path Type:              Setup (Max at Slow Process Corner)
  Requirement:            6.666ns  (core_clk rise@6.666ns - core_clk rise@0.000ns)
  Data Path Delay:        6.820ns  (logic 1.507ns (22.097%)  route 5.313ns (77.903%))
  Logic Levels:           26  (CARRY8=5 LUT2=3 LUT3=3 LUT4=1 LUT5=4 LUT6=10)
  Clock Uncertainty:      0.035ns  ((TSJ^2 + TIJ^2)^1/2 + DJ) / 2 + PE
    Total System Jitter     (TSJ):    0.071ns
    Total Input Jitter      (TIJ):    0.000ns
    Discrete Jitter          (DJ):    0.000ns
    Phase Error              (PE):    0.000ns

    Location             Delay type                Incr(ns)  Path(ns)    Netlist Resource(s)
  -------------------------------------------------------------------    -------------------
                         (clock core_clk rise edge)
                                                      0.000     0.000 r  
                                                      0.000     0.000 r  clk (IN)
                         net (fo=59650, unset)        0.000     0.000    u_softmax/u_accuracy/u_sum/clk
                         FDCE                                         r  u_softmax/u_accuracy/u_sum/out_valid_reg_reg/C
  -------------------------------------------------------------------    -------------------
                         FDCE (Prop_FDCE_C_Q)         0.077     0.077 r  u_softmax/u_accuracy/u_sum/out_valid_reg_reg/Q
                         net (fo=11, unplaced)        0.181     0.258    u_softmax/u_accuracy/add_out_valid
                         LUT5 (Prop_LUT5_I0_O)        0.125     0.383 r  u_softmax/u_accuracy/u_sum_i_34/O
                         net (fo=31, unplaced)        0.242     0.625    u_softmax/u_accuracy/add_bypass_same_slot
                         LUT3 (Prop_LUT3_I1_O)        0.053     0.678 r  u_softmax/u_accuracy/u_sum_i_8/O
                         net (fo=41, unplaced)        0.297     0.975    u_softmax/u_accuracy/u_sum/in_a_fp32[24]
                         LUT4 (Prop_LUT4_I3_O)        0.038     1.013 r  u_softmax/u_accuracy/u_sum/out_sum_reg[25]_i_11/O
                         net (fo=2, unplaced)         0.232     1.245    u_softmax/u_accuracy/u_sum/out_sum_reg[25]_i_11_n_0
                         LUT5 (Prop_LUT5_I1_O)        0.038     1.283 r  u_softmax/u_accuracy/u_sum/out_sum_reg[25]_i_6/O
                         net (fo=6, unplaced)         0.254     1.537    u_softmax/u_accuracy/u_sum/out_sum_reg[25]_i_6_n_0
                         LUT2 (Prop_LUT2_I0_O)        0.038     1.575 f  u_softmax/u_accuracy/u_sum/out_sum_reg[30]_i_74/O
                         net (fo=109, unplaced)       0.320     1.895    u_softmax/u_accuracy/u_sum/out_sum_reg[30]_i_74_n_0
                         LUT3 (Prop_LUT3_I2_O)        0.038     1.933 r  u_softmax/u_accuracy/u_sum/out_sum_reg[30]_i_57/O
                         net (fo=1, unplaced)         0.020     1.953    u_softmax/u_accuracy/u_sum/out_sum_reg[30]_i_57_n_0
                         CARRY8 (Prop_CARRY8_S[0]_CO[3])
                                                      0.186     2.139 r  u_softmax/u_accuracy/u_sum/out_sum_reg_reg[30]_i_23/CO[3]
                         net (fo=118, unplaced)       0.227     2.366    u_softmax/u_accuracy/u_sum/larger_significand1
                         LUT5 (Prop_LUT5_I4_O)        0.038     2.404 f  u_softmax/u_accuracy/u_sum/out_sum_reg[30]_i_115/O
                         net (fo=3, unplaced)         0.238     2.642    u_softmax/u_accuracy/u_sum/out_sum_reg[30]_i_115_n_0
                         LUT6 (Prop_LUT6_I2_O)        0.038     2.680 r  u_softmax/u_accuracy/u_sum/out_sum_reg[30]_i_117/O
                         net (fo=2, unplaced)         0.232     2.912    u_softmax/u_accuracy/u_sum/out_sum_reg[30]_i_117_n_0
                         LUT6 (Prop_LUT6_I1_O)        0.038     2.950 f  u_softmax/u_accuracy/u_sum/out_sum_reg[30]_i_72/O
                         net (fo=40, unplaced)        0.297     3.247    u_softmax/u_accuracy/u_sum/out_sum_reg[30]_i_72_n_0
                         LUT6 (Prop_LUT6_I2_O)        0.038     3.285 f  u_softmax/u_accuracy/u_sum/out_sum_reg[25]_i_40/O
                         net (fo=4, unplaced)         0.245     3.530    u_softmax/u_accuracy/u_sum/out_sum_reg[25]_i_40_n_0
                         LUT6 (Prop_LUT6_I0_O)        0.038     3.568 f  u_softmax/u_accuracy/u_sum/out_sum_reg[14]_i_22/O
                         net (fo=3, unplaced)         0.238     3.806    u_softmax/u_accuracy/u_sum/out_sum_reg[14]_i_22_n_0
                         LUT3 (Prop_LUT3_I0_O)        0.038     3.844 f  u_softmax/u_accuracy/u_sum/out_sum_reg[14]_i_31/O
                         net (fo=2, unplaced)         0.232     4.076    u_softmax/u_accuracy/u_sum/out_sum_reg[14]_i_31_n_0
                         LUT2 (Prop_LUT2_I1_O)        0.038     4.114 r  u_softmax/u_accuracy/u_sum/out_sum_reg[25]_i_38/O
                         net (fo=2, unplaced)         0.232     4.346    u_softmax/u_accuracy/u_sum/out_sum_reg[25]_i_38_n_0
                         LUT6 (Prop_LUT6_I5_O)        0.037     4.383 r  u_softmax/u_accuracy/u_sum/out_sum_reg[6]_i_17/O
                         net (fo=1, unplaced)         0.023     4.406    u_softmax/u_accuracy/u_sum/out_sum_reg[6]_i_17_n_0
                         CARRY8 (Prop_CARRY8_S[1]_CO[7])
                                                      0.197     4.603 r  u_softmax/u_accuracy/u_sum/out_sum_reg_reg[6]_i_3/CO[7]
                         net (fo=1, unplaced)         0.005     4.608    u_softmax/u_accuracy/u_sum/out_sum_reg_reg[6]_i_3_n_0
                         CARRY8 (Prop_CARRY8_CI_CO[7])
                                                      0.022     4.630 r  u_softmax/u_accuracy/u_sum/out_sum_reg_reg[14]_i_3/CO[7]
                         net (fo=1, unplaced)         0.005     4.635    u_softmax/u_accuracy/u_sum/out_sum_reg_reg[14]_i_3_n_0
                         CARRY8 (Prop_CARRY8_CI_CO[7])
                                                      0.022     4.657 r  u_softmax/u_accuracy/u_sum/out_sum_reg_reg[25]_i_8/CO[7]
                         net (fo=1, unplaced)         0.005     4.662    u_softmax/u_accuracy/u_sum/out_sum_reg_reg[25]_i_8_n_0
                         CARRY8 (Prop_CARRY8_CI_CO[0])
                                                      0.052     4.714 r  u_softmax/u_accuracy/u_sum/out_sum_reg_reg[25]_i_4/CO[0]
                         net (fo=63, unplaced)        0.307     5.021    u_softmax/u_accuracy/u_sum/p_0_in
                         LUT5 (Prop_LUT5_I4_O)        0.038     5.059 r  u_softmax/u_accuracy/u_sum/out_sum_reg[27]_i_5/O
                         net (fo=2, unplaced)         0.232     5.291    u_softmax/u_accuracy/u_sum/out_sum_reg[27]_i_5_n_0
                         LUT6 (Prop_LUT6_I2_O)        0.038     5.329 r  u_softmax/u_accuracy/u_sum/out_sum_reg[27]_i_2/O
                         net (fo=4, unplaced)         0.245     5.574    u_softmax/u_accuracy/u_sum/out_sum_reg[27]_i_2_n_0
                         LUT6 (Prop_LUT6_I2_O)        0.038     5.612 r  u_softmax/u_accuracy/u_sum/out_sum_reg[30]_i_22/O
                         net (fo=3, unplaced)         0.238     5.850    u_softmax/u_accuracy/u_sum/out_sum_reg[30]_i_22_n_0
                         LUT6 (Prop_LUT6_I2_O)        0.038     5.888 r  u_softmax/u_accuracy/u_sum/out_sum_reg[30]_i_5/O
                         net (fo=3, unplaced)         0.192     6.080    u_softmax/u_accuracy/u_sum/out_sum_reg[30]_i_5_n_0
                         LUT6 (Prop_LUT6_I2_O)        0.090     6.170 r  u_softmax/u_accuracy/u_sum/out_sum_reg[30]_i_29/O
                         net (fo=3, unplaced)         0.238     6.408    u_softmax/u_accuracy/u_sum/out_sum_reg[30]_i_29_n_0
                         LUT6 (Prop_LUT6_I5_O)        0.038     6.446 f  u_softmax/u_accuracy/u_sum/out_sum_reg[30]_i_8/O
                         net (fo=27, unplaced)        0.288     6.734    u_softmax/u_accuracy/u_sum/out_sum_reg[30]_i_8_n_0
                         LUT2 (Prop_LUT2_I1_O)        0.038     6.772 r  u_softmax/u_accuracy/u_sum/out_sum_reg[29]_i_1/O
                         net (fo=1, unplaced)         0.048     6.820    u_softmax/u_accuracy/u_sum/out_sum_reg__0[29]
                         FDCE                                         r  u_softmax/u_accuracy/u_sum/out_sum_reg_reg[29]/D
  -------------------------------------------------------------------    -------------------

                         (clock core_clk rise edge)
                                                      6.666     6.666 r  
                                                      0.000     6.666 r  clk (IN)
                         net (fo=59650, unset)        0.000     6.666    u_softmax/u_accuracy/u_sum/clk
                         FDCE                                         r  u_softmax/u_accuracy/u_sum/out_sum_reg_reg[29]/C
                         clock pessimism              0.000     6.666    
                         clock uncertainty           -0.035     6.631    
                         FDCE (Setup_FDCE_C_D)        0.025     6.656    u_softmax/u_accuracy/u_sum/out_sum_reg_reg[29]
  -------------------------------------------------------------------
                         required time                          6.656    
                         arrival time                          -6.820    
  -------------------------------------------------------------------
                         slack                                 -0.164    

Slack (VIOLATED) :        -0.164ns  (required time - arrival time)
  Source:                 u_softmax/u_accuracy/u_sum/out_valid_reg_reg/C
                            (rising edge-triggered cell FDCE clocked by core_clk  {rise@0.000ns fall@3.333ns period=6.666ns})
  Destination:            u_softmax/u_accuracy/u_sum/out_sum_reg_reg[2]/D
                            (rising edge-triggered cell FDCE clocked by core_clk  {rise@0.000ns fall@3.333ns period=6.666ns})
  Path Group:             core_clk
  Path Type:              Setup (Max at Slow Process Corner)
  Requirement:            6.666ns  (core_clk rise@6.666ns - core_clk rise@0.000ns)
  Data Path Delay:        6.820ns  (logic 1.507ns (22.097%)  route 5.313ns (77.903%))
  Logic Levels:           26  (CARRY8=5 LUT2=2 LUT3=3 LUT4=1 LUT5=4 LUT6=11)
  Clock Uncertainty:      0.035ns  ((TSJ^2 + TIJ^2)^1/2 + DJ) / 2 + PE
    Total System Jitter     (TSJ):    0.071ns
    Total Input Jitter      (TIJ):    0.000ns
    Discrete Jitter          (DJ):    0.000ns
    Phase Error              (PE):    0.000ns

    Location             Delay type                Incr(ns)  Path(ns)    Netlist Resource(s)
  -------------------------------------------------------------------    -------------------
                         (clock core_clk rise edge)
                                                      0.000     0.000 r  
                                                      0.000     0.000 r  clk (IN)
                         net (fo=59650, unset)        0.000     0.000    u_softmax/u_accuracy/u_sum/clk
                         FDCE                                         r  u_softmax/u_accuracy/u_sum/out_valid_reg_reg/C
  -------------------------------------------------------------------    -------------------
                         FDCE (Prop_FDCE_C_Q)         0.077     0.077 r  u_softmax/u_accuracy/u_sum/out_valid_reg_reg/Q
                         net (fo=11, unplaced)        0.181     0.258    u_softmax/u_accuracy/add_out_valid
                         LUT5 (Prop_LUT5_I0_O)        0.125     0.383 r  u_softmax/u_accuracy/u_sum_i_34/O
                         net (fo=31, unplaced)        0.242     0.625    u_softmax/u_accuracy/add_bypass_same_slot
                         LUT3 (Prop_LUT3_I1_O)        0.053     0.678 r  u_softmax/u_accuracy/u_sum_i_8/O
                         net (fo=41, unplaced)        0.297     0.975    u_softmax/u_accuracy/u_sum/in_a_fp32[24]
                         LUT4 (Prop_LUT4_I3_O)        0.038     1.013 r  u_softmax/u_accuracy/u_sum/out_sum_reg[25]_i_11/O
                         net (fo=2, unplaced)         0.232     1.245    u_softmax/u_accuracy/u_sum/out_sum_reg[25]_i_11_n_0
                         LUT5 (Prop_LUT5_I1_O)        0.038     1.283 r  u_softmax/u_accuracy/u_sum/out_sum_reg[25]_i_6/O
                         net (fo=6, unplaced)         0.254     1.537    u_softmax/u_accuracy/u_sum/out_sum_reg[25]_i_6_n_0
                         LUT2 (Prop_LUT2_I0_O)        0.038     1.575 f  u_softmax/u_accuracy/u_sum/out_sum_reg[30]_i_74/O
                         net (fo=109, unplaced)       0.320     1.895    u_softmax/u_accuracy/u_sum/out_sum_reg[30]_i_74_n_0
                         LUT3 (Prop_LUT3_I2_O)        0.038     1.933 r  u_softmax/u_accuracy/u_sum/out_sum_reg[30]_i_57/O
                         net (fo=1, unplaced)         0.020     1.953    u_softmax/u_accuracy/u_sum/out_sum_reg[30]_i_57_n_0
                         CARRY8 (Prop_CARRY8_S[0]_CO[3])
                                                      0.186     2.139 r  u_softmax/u_accuracy/u_sum/out_sum_reg_reg[30]_i_23/CO[3]
                         net (fo=118, unplaced)       0.227     2.366    u_softmax/u_accuracy/u_sum/larger_significand1
                         LUT5 (Prop_LUT5_I4_O)        0.038     2.404 f  u_softmax/u_accuracy/u_sum/out_sum_reg[30]_i_115/O
                         net (fo=3, unplaced)         0.238     2.642    u_softmax/u_accuracy/u_sum/out_sum_reg[30]_i_115_n_0
                         LUT6 (Prop_LUT6_I2_O)        0.038     2.680 r  u_softmax/u_accuracy/u_sum/out_sum_reg[30]_i_117/O
                         net (fo=2, unplaced)         0.232     2.912    u_softmax/u_accuracy/u_sum/out_sum_reg[30]_i_117_n_0
                         LUT6 (Prop_LUT6_I1_O)        0.038     2.950 f  u_softmax/u_accuracy/u_sum/out_sum_reg[30]_i_72/O
                         net (fo=40, unplaced)        0.297     3.247    u_softmax/u_accuracy/u_sum/out_sum_reg[30]_i_72_n_0
                         LUT6 (Prop_LUT6_I2_O)        0.038     3.285 f  u_softmax/u_accuracy/u_sum/out_sum_reg[25]_i_40/O
                         net (fo=4, unplaced)         0.245     3.530    u_softmax/u_accuracy/u_sum/out_sum_reg[25]_i_40_n_0
                         LUT6 (Prop_LUT6_I0_O)        0.038     3.568 f  u_softmax/u_accuracy/u_sum/out_sum_reg[14]_i_22/O
                         net (fo=3, unplaced)         0.238     3.806    u_softmax/u_accuracy/u_sum/out_sum_reg[14]_i_22_n_0
                         LUT3 (Prop_LUT3_I0_O)        0.038     3.844 f  u_softmax/u_accuracy/u_sum/out_sum_reg[14]_i_31/O
                         net (fo=2, unplaced)         0.232     4.076    u_softmax/u_accuracy/u_sum/out_sum_reg[14]_i_31_n_0
                         LUT2 (Prop_LUT2_I1_O)        0.038     4.114 r  u_softmax/u_accuracy/u_sum/out_sum_reg[25]_i_38/O
                         net (fo=2, unplaced)         0.232     4.346    u_softmax/u_accuracy/u_sum/out_sum_reg[25]_i_38_n_0
                         LUT6 (Prop_LUT6_I5_O)        0.037     4.383 r  u_softmax/u_accuracy/u_sum/out_sum_reg[6]_i_17/O
                         net (fo=1, unplaced)         0.023     4.406    u_softmax/u_accuracy/u_sum/out_sum_reg[6]_i_17_n_0
                         CARRY8 (Prop_CARRY8_S[1]_CO[7])
                                                      0.197     4.603 r  u_softmax/u_accuracy/u_sum/out_sum_reg_reg[6]_i_3/CO[7]
                         net (fo=1, unplaced)         0.005     4.608    u_softmax/u_accuracy/u_sum/out_sum_reg_reg[6]_i_3_n_0
                         CARRY8 (Prop_CARRY8_CI_CO[7])
                                                      0.022     4.630 r  u_softmax/u_accuracy/u_sum/out_sum_reg_reg[14]_i_3/CO[7]
                         net (fo=1, unplaced)         0.005     4.635    u_softmax/u_accuracy/u_sum/out_sum_reg_reg[14]_i_3_n_0
                         CARRY8 (Prop_CARRY8_CI_CO[7])
                                                      0.022     4.657 r  u_softmax/u_accuracy/u_sum/out_sum_reg_reg[25]_i_8/CO[7]
                         net (fo=1, unplaced)         0.005     4.662    u_softmax/u_accuracy/u_sum/out_sum_reg_reg[25]_i_8_n_0
                         CARRY8 (Prop_CARRY8_CI_CO[0])
                                                      0.052     4.714 r  u_softmax/u_accuracy/u_sum/out_sum_reg_reg[25]_i_4/CO[0]
                         net (fo=63, unplaced)        0.307     5.021    u_softmax/u_accuracy/u_sum/p_0_in
                         LUT5 (Prop_LUT5_I4_O)        0.038     5.059 r  u_softmax/u_accuracy/u_sum/out_sum_reg[27]_i_5/O
                         net (fo=2, unplaced)         0.232     5.291    u_softmax/u_accuracy/u_sum/out_sum_reg[27]_i_5_n_0
                         LUT6 (Prop_LUT6_I2_O)        0.038     5.329 r  u_softmax/u_accuracy/u_sum/out_sum_reg[27]_i_2/O
                         net (fo=4, unplaced)         0.245     5.574    u_softmax/u_accuracy/u_sum/out_sum_reg[27]_i_2_n_0
                         LUT6 (Prop_LUT6_I2_O)        0.038     5.612 r  u_softmax/u_accuracy/u_sum/out_sum_reg[30]_i_22/O
                         net (fo=3, unplaced)         0.238     5.850    u_softmax/u_accuracy/u_sum/out_sum_reg[30]_i_22_n_0
                         LUT6 (Prop_LUT6_I2_O)        0.038     5.888 r  u_softmax/u_accuracy/u_sum/out_sum_reg[30]_i_5/O
                         net (fo=3, unplaced)         0.192     6.080    u_softmax/u_accuracy/u_sum/out_sum_reg[30]_i_5_n_0
                         LUT6 (Prop_LUT6_I2_O)        0.090     6.170 r  u_softmax/u_accuracy/u_sum/out_sum_reg[30]_i_29/O
                         net (fo=3, unplaced)         0.238     6.408    u_softmax/u_accuracy/u_sum/out_sum_reg[30]_i_29_n_0
                         LUT6 (Prop_LUT6_I5_O)        0.038     6.446 f  u_softmax/u_accuracy/u_sum/out_sum_reg[30]_i_8/O
                         net (fo=27, unplaced)        0.288     6.734    u_softmax/u_accuracy/u_sum/out_sum_reg[30]_i_8_n_0
                         LUT6 (Prop_LUT6_I5_O)        0.038     6.772 r  u_softmax/u_accuracy/u_sum/out_sum_reg[2]_i_1/O
                         net (fo=1, unplaced)         0.048     6.820    u_softmax/u_accuracy/u_sum/out_sum_reg__0[2]
                         FDCE                                         r  u_softmax/u_accuracy/u_sum/out_sum_reg_reg[2]/D
  -------------------------------------------------------------------    -------------------

                         (clock core_clk rise edge)
                                                      6.666     6.666 r  
                                                      0.000     6.666 r  clk (IN)
                         net (fo=59650, unset)        0.000     6.666    u_softmax/u_accuracy/u_sum/clk
                         FDCE                                         r  u_softmax/u_accuracy/u_sum/out_sum_reg_reg[2]/C
                         clock pessimism              0.000     6.666    
                         clock uncertainty           -0.035     6.631    
                         FDCE (Setup_FDCE_C_D)        0.025     6.656    u_softmax/u_accuracy/u_sum/out_sum_reg_reg[2]
  -------------------------------------------------------------------
                         required time                          6.656    
                         arrival time                          -6.820    
  -------------------------------------------------------------------
                         slack                                 -0.164    

Slack (VIOLATED) :        -0.164ns  (required time - arrival time)
  Source:                 u_softmax/u_accuracy/u_sum/out_valid_reg_reg/C
                            (rising edge-triggered cell FDCE clocked by core_clk  {rise@0.000ns fall@3.333ns period=6.666ns})
  Destination:            u_softmax/u_accuracy/u_sum/out_sum_reg_reg[30]/D
                            (rising edge-triggered cell FDCE clocked by core_clk  {rise@0.000ns fall@3.333ns period=6.666ns})
  Path Group:             core_clk
  Path Type:              Setup (Max at Slow Process Corner)
  Requirement:            6.666ns  (core_clk rise@6.666ns - core_clk rise@0.000ns)
  Data Path Delay:        6.820ns  (logic 1.507ns (22.097%)  route 5.313ns (77.903%))
  Logic Levels:           26  (CARRY8=5 LUT2=2 LUT3=3 LUT4=1 LUT5=4 LUT6=11)
  Clock Uncertainty:      0.035ns  ((TSJ^2 + TIJ^2)^1/2 + DJ) / 2 + PE
    Total System Jitter     (TSJ):    0.071ns
    Total Input Jitter      (TIJ):    0.000ns
    Discrete Jitter          (DJ):    0.000ns
    Phase Error              (PE):    0.000ns

    Location             Delay type                Incr(ns)  Path(ns)    Netlist Resource(s)
  -------------------------------------------------------------------    -------------------
                         (clock core_clk rise edge)
                                                      0.000     0.000 r  
                                                      0.000     0.000 r  clk (IN)
                         net (fo=59650, unset)        0.000     0.000    u_softmax/u_accuracy/u_sum/clk
                         FDCE                                         r  u_softmax/u_accuracy/u_sum/out_valid_reg_reg/C
  -------------------------------------------------------------------    -------------------
                         FDCE (Prop_FDCE_C_Q)         0.077     0.077 r  u_softmax/u_accuracy/u_sum/out_valid_reg_reg/Q
                         net (fo=11, unplaced)        0.181     0.258    u_softmax/u_accuracy/add_out_valid
                         LUT5 (Prop_LUT5_I0_O)        0.125     0.383 r  u_softmax/u_accuracy/u_sum_i_34/O
                         net (fo=31, unplaced)        0.242     0.625    u_softmax/u_accuracy/add_bypass_same_slot
                         LUT3 (Prop_LUT3_I1_O)        0.053     0.678 r  u_softmax/u_accuracy/u_sum_i_8/O
                         net (fo=41, unplaced)        0.297     0.975    u_softmax/u_accuracy/u_sum/in_a_fp32[24]
                         LUT4 (Prop_LUT4_I3_O)        0.038     1.013 r  u_softmax/u_accuracy/u_sum/out_sum_reg[25]_i_11/O
                         net (fo=2, unplaced)         0.232     1.245    u_softmax/u_accuracy/u_sum/out_sum_reg[25]_i_11_n_0
                         LUT5 (Prop_LUT5_I1_O)        0.038     1.283 r  u_softmax/u_accuracy/u_sum/out_sum_reg[25]_i_6/O
                         net (fo=6, unplaced)         0.254     1.537    u_softmax/u_accuracy/u_sum/out_sum_reg[25]_i_6_n_0
                         LUT2 (Prop_LUT2_I0_O)        0.038     1.575 f  u_softmax/u_accuracy/u_sum/out_sum_reg[30]_i_74/O
                         net (fo=109, unplaced)       0.320     1.895    u_softmax/u_accuracy/u_sum/out_sum_reg[30]_i_74_n_0
                         LUT3 (Prop_LUT3_I2_O)        0.038     1.933 r  u_softmax/u_accuracy/u_sum/out_sum_reg[30]_i_57/O
                         net (fo=1, unplaced)         0.020     1.953    u_softmax/u_accuracy/u_sum/out_sum_reg[30]_i_57_n_0
                         CARRY8 (Prop_CARRY8_S[0]_CO[3])
                                                      0.186     2.139 r  u_softmax/u_accuracy/u_sum/out_sum_reg_reg[30]_i_23/CO[3]
                         net (fo=118, unplaced)       0.227     2.366    u_softmax/u_accuracy/u_sum/larger_significand1
                         LUT5 (Prop_LUT5_I4_O)        0.038     2.404 f  u_softmax/u_accuracy/u_sum/out_sum_reg[30]_i_115/O
                         net (fo=3, unplaced)         0.238     2.642    u_softmax/u_accuracy/u_sum/out_sum_reg[30]_i_115_n_0
                         LUT6 (Prop_LUT6_I2_O)        0.038     2.680 r  u_softmax/u_accuracy/u_sum/out_sum_reg[30]_i_117/O
                         net (fo=2, unplaced)         0.232     2.912    u_softmax/u_accuracy/u_sum/out_sum_reg[30]_i_117_n_0
                         LUT6 (Prop_LUT6_I1_O)        0.038     2.950 f  u_softmax/u_accuracy/u_sum/out_sum_reg[30]_i_72/O
                         net (fo=40, unplaced)        0.297     3.247    u_softmax/u_accuracy/u_sum/out_sum_reg[30]_i_72_n_0
                         LUT6 (Prop_LUT6_I2_O)        0.038     3.285 f  u_softmax/u_accuracy/u_sum/out_sum_reg[25]_i_40/O
                         net (fo=4, unplaced)         0.245     3.530    u_softmax/u_accuracy/u_sum/out_sum_reg[25]_i_40_n_0
                         LUT6 (Prop_LUT6_I0_O)        0.038     3.568 f  u_softmax/u_accuracy/u_sum/out_sum_reg[14]_i_22/O
                         net (fo=3, unplaced)         0.238     3.806    u_softmax/u_accuracy/u_sum/out_sum_reg[14]_i_22_n_0
                         LUT3 (Prop_LUT3_I0_O)        0.038     3.844 f  u_softmax/u_accuracy/u_sum/out_sum_reg[14]_i_31/O
                         net (fo=2, unplaced)         0.232     4.076    u_softmax/u_accuracy/u_sum/out_sum_reg[14]_i_31_n_0
                         LUT2 (Prop_LUT2_I1_O)        0.038     4.114 r  u_softmax/u_accuracy/u_sum/out_sum_reg[25]_i_38/O
                         net (fo=2, unplaced)         0.232     4.346    u_softmax/u_accuracy/u_sum/out_sum_reg[25]_i_38_n_0
                         LUT6 (Prop_LUT6_I5_O)        0.037     4.383 r  u_softmax/u_accuracy/u_sum/out_sum_reg[6]_i_17/O
                         net (fo=1, unplaced)         0.023     4.406    u_softmax/u_accuracy/u_sum/out_sum_reg[6]_i_17_n_0
                         CARRY8 (Prop_CARRY8_S[1]_CO[7])
                                                      0.197     4.603 r  u_softmax/u_accuracy/u_sum/out_sum_reg_reg[6]_i_3/CO[7]
                         net (fo=1, unplaced)         0.005     4.608    u_softmax/u_accuracy/u_sum/out_sum_reg_reg[6]_i_3_n_0
                         CARRY8 (Prop_CARRY8_CI_CO[7])
                                                      0.022     4.630 r  u_softmax/u_accuracy/u_sum/out_sum_reg_reg[14]_i_3/CO[7]
                         net (fo=1, unplaced)         0.005     4.635    u_softmax/u_accuracy/u_sum/out_sum_reg_reg[14]_i_3_n_0
                         CARRY8 (Prop_CARRY8_CI_CO[7])
                                                      0.022     4.657 r  u_softmax/u_accuracy/u_sum/out_sum_reg_reg[25]_i_8/CO[7]
                         net (fo=1, unplaced)         0.005     4.662    u_softmax/u_accuracy/u_sum/out_sum_reg_reg[25]_i_8_n_0
                         CARRY8 (Prop_CARRY8_CI_CO[0])
                                                      0.052     4.714 r  u_softmax/u_accuracy/u_sum/out_sum_reg_reg[25]_i_4/CO[0]
                         net (fo=63, unplaced)        0.307     5.021    u_softmax/u_accuracy/u_sum/p_0_in
                         LUT5 (Prop_LUT5_I4_O)        0.038     5.059 r  u_softmax/u_accuracy/u_sum/out_sum_reg[27]_i_5/O
                         net (fo=2, unplaced)         0.232     5.291    u_softmax/u_accuracy/u_sum/out_sum_reg[27]_i_5_n_0
                         LUT6 (Prop_LUT6_I2_O)        0.038     5.329 r  u_softmax/u_accuracy/u_sum/out_sum_reg[27]_i_2/O
                         net (fo=4, unplaced)         0.245     5.574    u_softmax/u_accuracy/u_sum/out_sum_reg[27]_i_2_n_0
                         LUT6 (Prop_LUT6_I2_O)        0.038     5.612 r  u_softmax/u_accuracy/u_sum/out_sum_reg[30]_i_22/O
                         net (fo=3, unplaced)         0.238     5.850    u_softmax/u_accuracy/u_sum/out_sum_reg[30]_i_22_n_0
                         LUT6 (Prop_LUT6_I2_O)        0.038     5.888 r  u_softmax/u_accuracy/u_sum/out_sum_reg[30]_i_5/O
                         net (fo=3, unplaced)         0.192     6.080    u_softmax/u_accuracy/u_sum/out_sum_reg[30]_i_5_n_0
                         LUT6 (Prop_LUT6_I2_O)        0.090     6.170 r  u_softmax/u_accuracy/u_sum/out_sum_reg[30]_i_29/O
                         net (fo=3, unplaced)         0.238     6.408    u_softmax/u_accuracy/u_sum/out_sum_reg[30]_i_29_n_0
                         LUT6 (Prop_LUT6_I5_O)        0.038     6.446 f  u_softmax/u_accuracy/u_sum/out_sum_reg[30]_i_8/O
                         net (fo=27, unplaced)        0.288     6.734    u_softmax/u_accuracy/u_sum/out_sum_reg[30]_i_8_n_0
                         LUT6 (Prop_LUT6_I5_O)        0.038     6.772 r  u_softmax/u_accuracy/u_sum/out_sum_reg[30]_i_2/O
                         net (fo=1, unplaced)         0.048     6.820    u_softmax/u_accuracy/u_sum/out_sum_reg__0[30]
                         FDCE                                         r  u_softmax/u_accuracy/u_sum/out_sum_reg_reg[30]/D
  -------------------------------------------------------------------    -------------------

                         (clock core_clk rise edge)
                                                      6.666     6.666 r  
                                                      0.000     6.666 r  clk (IN)
                         net (fo=59650, unset)        0.000     6.666    u_softmax/u_accuracy/u_sum/clk
                         FDCE                                         r  u_softmax/u_accuracy/u_sum/out_sum_reg_reg[30]/C
                         clock pessimism              0.000     6.666    
                         clock uncertainty           -0.035     6.631    
                         FDCE (Setup_FDCE_C_D)        0.025     6.656    u_softmax/u_accuracy/u_sum/out_sum_reg_reg[30]
  -------------------------------------------------------------------
                         required time                          6.656    
                         arrival time                          -6.820    
  -------------------------------------------------------------------
                         slack                                 -0.164    





Pulse Width Checks
--------------------------------------------------------------------------------------
Clock Name:         core_clk
Waveform(ns):       { 0.000 3.333 }
Period(ns):         6.666
Sources:            { clk }

Check Type        Corner  Lib Pin     Reference Pin  Required(ns)  Actual(ns)  Slack(ns)  Location  Pin
Min Period        n/a     RAMD32/CLK  n/a            1.064         6.666       5.602                u_pv/u_controller/fifo_context_reg_0_15_0_3/RAMA/CLK
Min Period        n/a     RAMD32/CLK  n/a            1.064         6.666       5.602                u_pv/u_controller/fifo_context_reg_0_15_0_3/RAMA_D1/CLK
Min Period        n/a     RAMD32/CLK  n/a            1.064         6.666       5.602                u_pv/u_controller/fifo_context_reg_0_15_0_3/RAMB/CLK
Min Period        n/a     RAMD32/CLK  n/a            1.064         6.666       5.602                u_pv/u_controller/fifo_context_reg_0_15_0_3/RAMB_D1/CLK
Min Period        n/a     RAMD32/CLK  n/a            1.064         6.666       5.602                u_pv/u_controller/fifo_context_reg_0_15_0_3/RAMC/CLK
Min Period        n/a     RAMD32/CLK  n/a            1.064         6.666       5.602                u_pv/u_controller/fifo_context_reg_0_15_0_3/RAMC_D1/CLK
Min Period        n/a     RAMD32/CLK  n/a            1.064         6.666       5.602                u_pv/u_controller/fifo_context_reg_0_15_0_3/RAMD/CLK
Min Period        n/a     RAMD32/CLK  n/a            1.064         6.666       5.602                u_pv/u_controller/fifo_context_reg_0_15_0_3/RAMD_D1/CLK
Min Period        n/a     RAMD32/CLK  n/a            1.064         6.666       5.602                u_pv/u_controller/fifo_context_reg_0_15_0_3/RAME/CLK
Min Period        n/a     RAMD32/CLK  n/a            1.064         6.666       5.602                u_pv/u_controller/fifo_context_reg_0_15_0_3/RAME_D1/CLK
Min Period        n/a     RAMD32/CLK  n/a            1.064         6.666       5.602                u_pv/u_controller/fifo_context_reg_0_15_0_3/RAMF/CLK
Min Period        n/a     RAMD32/CLK  n/a            1.064         6.666       5.602                u_pv/u_controller/fifo_context_reg_0_15_0_3/RAMF_D1/CLK
Min Period        n/a     RAMD32/CLK  n/a            1.064         6.666       5.602                u_pv/u_controller/fifo_context_reg_0_15_0_3/RAMG/CLK
Min Period        n/a     RAMD32/CLK  n/a            1.064         6.666       5.602                u_pv/u_controller/fifo_context_reg_0_15_0_3/RAMG_D1/CLK
Min Period        n/a     RAMS32/CLK  n/a            1.064         6.666       5.602                u_pv/u_controller/fifo_context_reg_0_15_0_3/RAMH/CLK
Min Period        n/a     RAMS32/CLK  n/a            1.064         6.666       5.602                u_pv/u_controller/fifo_context_reg_0_15_0_3/RAMH_D1/CLK
Min Period        n/a     RAMD32/CLK  n/a            1.064         6.666       5.602                u_pv/u_controller/fifo_first_reg_0_15_0_0/DP/CLK
Min Period        n/a     RAMD32/CLK  n/a            1.064         6.666       5.602                u_pv/u_controller/fifo_first_reg_0_15_0_0/SP/CLK
Min Period        n/a     RAMD32/CLK  n/a            1.064         6.666       5.602                u_pv/u_controller/fifo_last_reg_0_15_0_0/DP/CLK
Min Period        n/a     RAMD32/CLK  n/a            1.064         6.666       5.602                u_pv/u_controller/fifo_last_reg_0_15_0_0/SP/CLK
Low Pulse Width   Slow    RAMD32/CLK  n/a            0.532         3.333       2.801                u_pv/u_controller/fifo_context_reg_0_15_0_3/RAMA/CLK
Low Pulse Width   Fast    RAMD32/CLK  n/a            0.532         3.333       2.801                u_pv/u_controller/fifo_context_reg_0_15_0_3/RAMA/CLK
Low Pulse Width   Slow    RAMD32/CLK  n/a            0.532         3.333       2.801                u_pv/u_controller/fifo_context_reg_0_15_0_3/RAMA_D1/CLK
Low Pulse Width   Fast    RAMD32/CLK  n/a            0.532         3.333       2.801                u_pv/u_controller/fifo_context_reg_0_15_0_3/RAMA_D1/CLK
Low Pulse Width   Slow    RAMD32/CLK  n/a            0.532         3.333       2.801                u_pv/u_controller/fifo_context_reg_0_15_0_3/RAMB/CLK
Low Pulse Width   Fast    RAMD32/CLK  n/a            0.532         3.333       2.801                u_pv/u_controller/fifo_context_reg_0_15_0_3/RAMB/CLK
Low Pulse Width   Slow    RAMD32/CLK  n/a            0.532         3.333       2.801                u_pv/u_controller/fifo_context_reg_0_15_0_3/RAMB_D1/CLK
Low Pulse Width   Fast    RAMD32/CLK  n/a            0.532         3.333       2.801                u_pv/u_controller/fifo_context_reg_0_15_0_3/RAMB_D1/CLK
Low Pulse Width   Slow    RAMD32/CLK  n/a            0.532         3.333       2.801                u_pv/u_controller/fifo_context_reg_0_15_0_3/RAMC/CLK
Low Pulse Width   Fast    RAMD32/CLK  n/a            0.532         3.333       2.801                u_pv/u_controller/fifo_context_reg_0_15_0_3/RAMC/CLK
Low Pulse Width   Slow    RAMD32/CLK  n/a            0.532         3.333       2.801                u_pv/u_controller/fifo_context_reg_0_15_0_3/RAMC_D1/CLK
Low Pulse Width   Fast    RAMD32/CLK  n/a            0.532         3.333       2.801                u_pv/u_controller/fifo_context_reg_0_15_0_3/RAMC_D1/CLK
Low Pulse Width   Slow    RAMD32/CLK  n/a            0.532         3.333       2.801                u_pv/u_controller/fifo_context_reg_0_15_0_3/RAMD/CLK
Low Pulse Width   Fast    RAMD32/CLK  n/a            0.532         3.333       2.801                u_pv/u_controller/fifo_context_reg_0_15_0_3/RAMD/CLK
Low Pulse Width   Slow    RAMD32/CLK  n/a            0.532         3.333       2.801                u_pv/u_controller/fifo_context_reg_0_15_0_3/RAMD_D1/CLK
Low Pulse Width   Fast    RAMD32/CLK  n/a            0.532         3.333       2.801                u_pv/u_controller/fifo_context_reg_0_15_0_3/RAMD_D1/CLK
Low Pulse Width   Slow    RAMD32/CLK  n/a            0.532         3.333       2.801                u_pv/u_controller/fifo_context_reg_0_15_0_3/RAME/CLK
Low Pulse Width   Fast    RAMD32/CLK  n/a            0.532         3.333       2.801                u_pv/u_controller/fifo_context_reg_0_15_0_3/RAME/CLK
Low Pulse Width   Slow    RAMD32/CLK  n/a            0.532         3.333       2.801                u_pv/u_controller/fifo_context_reg_0_15_0_3/RAME_D1/CLK
Low Pulse Width   Fast    RAMD32/CLK  n/a            0.532         3.333       2.801                u_pv/u_controller/fifo_context_reg_0_15_0_3/RAME_D1/CLK
High Pulse Width  Slow    RAMD32/CLK  n/a            0.532         3.333       2.801                u_pv/u_controller/fifo_context_reg_0_15_0_3/RAMA/CLK
High Pulse Width  Fast    RAMD32/CLK  n/a            0.532         3.333       2.801                u_pv/u_controller/fifo_context_reg_0_15_0_3/RAMA/CLK
High Pulse Width  Slow    RAMD32/CLK  n/a            0.532         3.333       2.801                u_pv/u_controller/fifo_context_reg_0_15_0_3/RAMA_D1/CLK
High Pulse Width  Fast    RAMD32/CLK  n/a            0.532         3.333       2.801                u_pv/u_controller/fifo_context_reg_0_15_0_3/RAMA_D1/CLK
High Pulse Width  Slow    RAMD32/CLK  n/a            0.532         3.333       2.801                u_pv/u_controller/fifo_context_reg_0_15_0_3/RAMB/CLK
High Pulse Width  Fast    RAMD32/CLK  n/a            0.532         3.333       2.801                u_pv/u_controller/fifo_context_reg_0_15_0_3/RAMB/CLK
High Pulse Width  Slow    RAMD32/CLK  n/a            0.532         3.333       2.801                u_pv/u_controller/fifo_context_reg_0_15_0_3/RAMB_D1/CLK
High Pulse Width  Fast    RAMD32/CLK  n/a            0.532         3.333       2.801                u_pv/u_controller/fifo_context_reg_0_15_0_3/RAMB_D1/CLK
High Pulse Width  Slow    RAMD32/CLK  n/a            0.532         3.333       2.801                u_pv/u_controller/fifo_context_reg_0_15_0_3/RAMC/CLK
High Pulse Width  Fast    RAMD32/CLK  n/a            0.532         3.333       2.801                u_pv/u_controller/fifo_context_reg_0_15_0_3/RAMC/CLK
High Pulse Width  Slow    RAMD32/CLK  n/a            0.532         3.333       2.801                u_pv/u_controller/fifo_context_reg_0_15_0_3/RAMC_D1/CLK
High Pulse Width  Fast    RAMD32/CLK  n/a            0.532         3.333       2.801                u_pv/u_controller/fifo_context_reg_0_15_0_3/RAMC_D1/CLK
High Pulse Width  Slow    RAMD32/CLK  n/a            0.532         3.333       2.801                u_pv/u_controller/fifo_context_reg_0_15_0_3/RAMD/CLK
High Pulse Width  Fast    RAMD32/CLK  n/a            0.532         3.333       2.801                u_pv/u_controller/fifo_context_reg_0_15_0_3/RAMD/CLK
High Pulse Width  Slow    RAMD32/CLK  n/a            0.532         3.333       2.801                u_pv/u_controller/fifo_context_reg_0_15_0_3/RAMD_D1/CLK
High Pulse Width  Fast    RAMD32/CLK  n/a            0.532         3.333       2.801                u_pv/u_controller/fifo_context_reg_0_15_0_3/RAMD_D1/CLK
High Pulse Width  Slow    RAMD32/CLK  n/a            0.532         3.333       2.801                u_pv/u_controller/fifo_context_reg_0_15_0_3/RAME/CLK
High Pulse Width  Fast    RAMD32/CLK  n/a            0.532         3.333       2.801                u_pv/u_controller/fifo_context_reg_0_15_0_3/RAME/CLK
High Pulse Width  Slow    RAMD32/CLK  n/a            0.532         3.333       2.801                u_pv/u_controller/fifo_context_reg_0_15_0_3/RAME_D1/CLK
High Pulse Width  Fast    RAMD32/CLK  n/a            0.532         3.333       2.801                u_pv/u_controller/fifo_context_reg_0_15_0_3/RAME_D1/CLK



---------------------------------------------------------------------------------------------------
Path Group:  **async_default**
From Clock:  core_clk
  To Clock:  core_clk

Setup :            0  Failing Endpoints,  Worst Slack        5.133ns,  Total Violation        0.000ns
Hold  :           NA  Failing Endpoints,  Worst Slack           NA  ,  Total Violation           NA
---------------------------------------------------------------------------------------------------


Max Delay Paths
--------------------------------------------------------------------------------------
Slack (MET) :             5.133ns  (required time - arrival time)
  Source:                 rst_n
                            (input port clocked by core_clk  {rise@0.000ns fall@3.333ns period=6.666ns})
  Destination:            u_pv/u_controller/active_epoch_reg[0]/CLR
                            (recovery check against rising-edge clock core_clk  {rise@0.000ns fall@3.333ns period=6.666ns})
  Path Group:             **async_default**
  Path Type:              Recovery (Max at Slow Process Corner)
  Requirement:            6.666ns  (core_clk rise@6.666ns - core_clk rise@0.000ns)
  Data Path Delay:        0.432ns  (logic 0.038ns (8.796%)  route 0.394ns (91.204%))
  Logic Levels:           1  (LUT1=1)
  Input Delay:            1.000ns
  Clock Uncertainty:      0.035ns  ((TSJ^2 + TIJ^2)^1/2 + DJ) / 2 + PE
    Total System Jitter     (TSJ):    0.071ns
    Total Input Jitter      (TIJ):    0.000ns
    Discrete Jitter          (DJ):    0.000ns
    Phase Error              (PE):    0.000ns

    Location             Delay type                Incr(ns)  Path(ns)    Netlist Resource(s)
  -------------------------------------------------------------------    -------------------
                         (clock core_clk rise edge)
                                                      0.000     0.000 r  
                         input delay                  1.000     1.000    
                                                      0.000     1.000 r  rst_n (IN)
                         net (fo=270, unset)          0.000     1.000    u_pv/u_controller/rst_n
                         LUT1 (Prop_LUT1_I0_O)        0.038     1.038 f  u_pv/u_controller/weight_hold_valid_i_2/O
                         net (fo=2352, unplaced)      0.394     1.432    u_pv/u_controller/weight_hold_valid_i_2_n_0
                         FDCE                                         f  u_pv/u_controller/active_epoch_reg[0]/CLR
  -------------------------------------------------------------------    -------------------

                         (clock core_clk rise edge)
                                                      6.666     6.666 r  
                                                      0.000     6.666 r  clk (IN)
                         net (fo=59650, unset)        0.000     6.666    u_pv/u_controller/clk
                         FDCE                                         r  u_pv/u_controller/active_epoch_reg[0]/C
                         clock pessimism              0.000     6.666    
                         clock uncertainty           -0.035     6.631    
                         FDCE (Recov_FDCE_C_CLR)     -0.066     6.565    u_pv/u_controller/active_epoch_reg[0]
  -------------------------------------------------------------------
                         required time                          6.565    
                         arrival time                          -1.432    
  -------------------------------------------------------------------
                         slack                                  5.133    

Slack (MET) :             5.133ns  (required time - arrival time)
  Source:                 rst_n
                            (input port clocked by core_clk  {rise@0.000ns fall@3.333ns period=6.666ns})
  Destination:            u_pv/u_controller/active_epoch_reg[10]/CLR
                            (recovery check against rising-edge clock core_clk  {rise@0.000ns fall@3.333ns period=6.666ns})
  Path Group:             **async_default**
  Path Type:              Recovery (Max at Slow Process Corner)
  Requirement:            6.666ns  (core_clk rise@6.666ns - core_clk rise@0.000ns)
  Data Path Delay:        0.432ns  (logic 0.038ns (8.796%)  route 0.394ns (91.204%))
  Logic Levels:           1  (LUT1=1)
  Input Delay:            1.000ns
  Clock Uncertainty:      0.035ns  ((TSJ^2 + TIJ^2)^1/2 + DJ) / 2 + PE
    Total System Jitter     (TSJ):    0.071ns
    Total Input Jitter      (TIJ):    0.000ns
    Discrete Jitter          (DJ):    0.000ns
    Phase Error              (PE):    0.000ns

    Location             Delay type                Incr(ns)  Path(ns)    Netlist Resource(s)
  -------------------------------------------------------------------    -------------------
                         (clock core_clk rise edge)
                                                      0.000     0.000 r  
                         input delay                  1.000     1.000    
                                                      0.000     1.000 r  rst_n (IN)
                         net (fo=270, unset)          0.000     1.000    u_pv/u_controller/rst_n
                         LUT1 (Prop_LUT1_I0_O)        0.038     1.038 f  u_pv/u_controller/weight_hold_valid_i_2/O
                         net (fo=2352, unplaced)      0.394     1.432    u_pv/u_controller/weight_hold_valid_i_2_n_0
                         FDCE                                         f  u_pv/u_controller/active_epoch_reg[10]/CLR
  -------------------------------------------------------------------    -------------------

                         (clock core_clk rise edge)
                                                      6.666     6.666 r  
                                                      0.000     6.666 r  clk (IN)
                         net (fo=59650, unset)        0.000     6.666    u_pv/u_controller/clk
                         FDCE                                         r  u_pv/u_controller/active_epoch_reg[10]/C
                         clock pessimism              0.000     6.666    
                         clock uncertainty           -0.035     6.631    
                         FDCE (Recov_FDCE_C_CLR)     -0.066     6.565    u_pv/u_controller/active_epoch_reg[10]
  -------------------------------------------------------------------
                         required time                          6.565    
                         arrival time                          -1.432    
  -------------------------------------------------------------------
                         slack                                  5.133    

Slack (MET) :             5.133ns  (required time - arrival time)
  Source:                 rst_n
                            (input port clocked by core_clk  {rise@0.000ns fall@3.333ns period=6.666ns})
  Destination:            u_pv/u_controller/active_epoch_reg[11]/CLR
                            (recovery check against rising-edge clock core_clk  {rise@0.000ns fall@3.333ns period=6.666ns})
  Path Group:             **async_default**
  Path Type:              Recovery (Max at Slow Process Corner)
  Requirement:            6.666ns  (core_clk rise@6.666ns - core_clk rise@0.000ns)
  Data Path Delay:        0.432ns  (logic 0.038ns (8.796%)  route 0.394ns (91.204%))
  Logic Levels:           1  (LUT1=1)
  Input Delay:            1.000ns
  Clock Uncertainty:      0.035ns  ((TSJ^2 + TIJ^2)^1/2 + DJ) / 2 + PE
    Total System Jitter     (TSJ):    0.071ns
    Total Input Jitter      (TIJ):    0.000ns
    Discrete Jitter          (DJ):    0.000ns
    Phase Error              (PE):    0.000ns

    Location             Delay type                Incr(ns)  Path(ns)    Netlist Resource(s)
  -------------------------------------------------------------------    -------------------
                         (clock core_clk rise edge)
                                                      0.000     0.000 r  
                         input delay                  1.000     1.000    
                                                      0.000     1.000 r  rst_n (IN)
                         net (fo=270, unset)          0.000     1.000    u_pv/u_controller/rst_n
                         LUT1 (Prop_LUT1_I0_O)        0.038     1.038 f  u_pv/u_controller/weight_hold_valid_i_2/O
                         net (fo=2352, unplaced)      0.394     1.432    u_pv/u_controller/weight_hold_valid_i_2_n_0
                         FDCE                                         f  u_pv/u_controller/active_epoch_reg[11]/CLR
  -------------------------------------------------------------------    -------------------

                         (clock core_clk rise edge)
                                                      6.666     6.666 r  
                                                      0.000     6.666 r  clk (IN)
                         net (fo=59650, unset)        0.000     6.666    u_pv/u_controller/clk
                         FDCE                                         r  u_pv/u_controller/active_epoch_reg[11]/C
                         clock pessimism              0.000     6.666    
                         clock uncertainty           -0.035     6.631    
                         FDCE (Recov_FDCE_C_CLR)     -0.066     6.565    u_pv/u_controller/active_epoch_reg[11]
  -------------------------------------------------------------------
                         required time                          6.565    
                         arrival time                          -1.432    
  -------------------------------------------------------------------
                         slack                                  5.133    

Slack (MET) :             5.133ns  (required time - arrival time)
  Source:                 rst_n
                            (input port clocked by core_clk  {rise@0.000ns fall@3.333ns period=6.666ns})
  Destination:            u_pv/u_controller/active_epoch_reg[12]/CLR
                            (recovery check against rising-edge clock core_clk  {rise@0.000ns fall@3.333ns period=6.666ns})
  Path Group:             **async_default**
  Path Type:              Recovery (Max at Slow Process Corner)
  Requirement:            6.666ns  (core_clk rise@6.666ns - core_clk rise@0.000ns)
  Data Path Delay:        0.432ns  (logic 0.038ns (8.796%)  route 0.394ns (91.204%))
  Logic Levels:           1  (LUT1=1)
  Input Delay:            1.000ns
  Clock Uncertainty:      0.035ns  ((TSJ^2 + TIJ^2)^1/2 + DJ) / 2 + PE
    Total System Jitter     (TSJ):    0.071ns
    Total Input Jitter      (TIJ):    0.000ns
    Discrete Jitter          (DJ):    0.000ns
    Phase Error              (PE):    0.000ns

    Location             Delay type                Incr(ns)  Path(ns)    Netlist Resource(s)
  -------------------------------------------------------------------    -------------------
                         (clock core_clk rise edge)
                                                      0.000     0.000 r  
                         input delay                  1.000     1.000    
                                                      0.000     1.000 r  rst_n (IN)
                         net (fo=270, unset)          0.000     1.000    u_pv/u_controller/rst_n
                         LUT1 (Prop_LUT1_I0_O)        0.038     1.038 f  u_pv/u_controller/weight_hold_valid_i_2/O
                         net (fo=2352, unplaced)      0.394     1.432    u_pv/u_controller/weight_hold_valid_i_2_n_0
                         FDCE                                         f  u_pv/u_controller/active_epoch_reg[12]/CLR
  -------------------------------------------------------------------    -------------------

                         (clock core_clk rise edge)
                                                      6.666     6.666 r  
                                                      0.000     6.666 r  clk (IN)
                         net (fo=59650, unset)        0.000     6.666    u_pv/u_controller/clk
                         FDCE                                         r  u_pv/u_controller/active_epoch_reg[12]/C
                         clock pessimism              0.000     6.666    
                         clock uncertainty           -0.035     6.631    
                         FDCE (Recov_FDCE_C_CLR)     -0.066     6.565    u_pv/u_controller/active_epoch_reg[12]
  -------------------------------------------------------------------
                         required time                          6.565    
                         arrival time                          -1.432    
  -------------------------------------------------------------------
                         slack                                  5.133    

Slack (MET) :             5.133ns  (required time - arrival time)
  Source:                 rst_n
                            (input port clocked by core_clk  {rise@0.000ns fall@3.333ns period=6.666ns})
  Destination:            u_pv/u_controller/active_epoch_reg[13]/CLR
                            (recovery check against rising-edge clock core_clk  {rise@0.000ns fall@3.333ns period=6.666ns})
  Path Group:             **async_default**
  Path Type:              Recovery (Max at Slow Process Corner)
  Requirement:            6.666ns  (core_clk rise@6.666ns - core_clk rise@0.000ns)
  Data Path Delay:        0.432ns  (logic 0.038ns (8.796%)  route 0.394ns (91.204%))
  Logic Levels:           1  (LUT1=1)
  Input Delay:            1.000ns
  Clock Uncertainty:      0.035ns  ((TSJ^2 + TIJ^2)^1/2 + DJ) / 2 + PE
    Total System Jitter     (TSJ):    0.071ns
    Total Input Jitter      (TIJ):    0.000ns
    Discrete Jitter          (DJ):    0.000ns
    Phase Error              (PE):    0.000ns

    Location             Delay type                Incr(ns)  Path(ns)    Netlist Resource(s)
  -------------------------------------------------------------------    -------------------
                         (clock core_clk rise edge)
                                                      0.000     0.000 r  
                         input delay                  1.000     1.000    
                                                      0.000     1.000 r  rst_n (IN)
                         net (fo=270, unset)          0.000     1.000    u_pv/u_controller/rst_n
                         LUT1 (Prop_LUT1_I0_O)        0.038     1.038 f  u_pv/u_controller/weight_hold_valid_i_2/O
                         net (fo=2352, unplaced)      0.394     1.432    u_pv/u_controller/weight_hold_valid_i_2_n_0
                         FDCE                                         f  u_pv/u_controller/active_epoch_reg[13]/CLR
  -------------------------------------------------------------------    -------------------

                         (clock core_clk rise edge)
                                                      6.666     6.666 r  
                                                      0.000     6.666 r  clk (IN)
                         net (fo=59650, unset)        0.000     6.666    u_pv/u_controller/clk
                         FDCE                                         r  u_pv/u_controller/active_epoch_reg[13]/C
                         clock pessimism              0.000     6.666    
                         clock uncertainty           -0.035     6.631    
                         FDCE (Recov_FDCE_C_CLR)     -0.066     6.565    u_pv/u_controller/active_epoch_reg[13]
  -------------------------------------------------------------------
                         required time                          6.565    
                         arrival time                          -1.432    
  -------------------------------------------------------------------
                         slack                                  5.133    

Slack (MET) :             5.133ns  (required time - arrival time)
  Source:                 rst_n
                            (input port clocked by core_clk  {rise@0.000ns fall@3.333ns period=6.666ns})
  Destination:            u_pv/u_controller/active_epoch_reg[14]/CLR
                            (recovery check against rising-edge clock core_clk  {rise@0.000ns fall@3.333ns period=6.666ns})
  Path Group:             **async_default**
  Path Type:              Recovery (Max at Slow Process Corner)
  Requirement:            6.666ns  (core_clk rise@6.666ns - core_clk rise@0.000ns)
  Data Path Delay:        0.432ns  (logic 0.038ns (8.796%)  route 0.394ns (91.204%))
  Logic Levels:           1  (LUT1=1)
  Input Delay:            1.000ns
  Clock Uncertainty:      0.035ns  ((TSJ^2 + TIJ^2)^1/2 + DJ) / 2 + PE
    Total System Jitter     (TSJ):    0.071ns
    Total Input Jitter      (TIJ):    0.000ns
    Discrete Jitter          (DJ):    0.000ns
    Phase Error              (PE):    0.000ns

    Location             Delay type                Incr(ns)  Path(ns)    Netlist Resource(s)
  -------------------------------------------------------------------    -------------------
                         (clock core_clk rise edge)
                                                      0.000     0.000 r  
                         input delay                  1.000     1.000    
                                                      0.000     1.000 r  rst_n (IN)
                         net (fo=270, unset)          0.000     1.000    u_pv/u_controller/rst_n
                         LUT1 (Prop_LUT1_I0_O)        0.038     1.038 f  u_pv/u_controller/weight_hold_valid_i_2/O
                         net (fo=2352, unplaced)      0.394     1.432    u_pv/u_controller/weight_hold_valid_i_2_n_0
                         FDCE                                         f  u_pv/u_controller/active_epoch_reg[14]/CLR
  -------------------------------------------------------------------    -------------------

                         (clock core_clk rise edge)
                                                      6.666     6.666 r  
                                                      0.000     6.666 r  clk (IN)
                         net (fo=59650, unset)        0.000     6.666    u_pv/u_controller/clk
                         FDCE                                         r  u_pv/u_controller/active_epoch_reg[14]/C
                         clock pessimism              0.000     6.666    
                         clock uncertainty           -0.035     6.631    
                         FDCE (Recov_FDCE_C_CLR)     -0.066     6.565    u_pv/u_controller/active_epoch_reg[14]
  -------------------------------------------------------------------
                         required time                          6.565    
                         arrival time                          -1.432    
  -------------------------------------------------------------------
                         slack                                  5.133    

Slack (MET) :             5.133ns  (required time - arrival time)
  Source:                 rst_n
                            (input port clocked by core_clk  {rise@0.000ns fall@3.333ns period=6.666ns})
  Destination:            u_pv/u_controller/active_epoch_reg[15]/CLR
                            (recovery check against rising-edge clock core_clk  {rise@0.000ns fall@3.333ns period=6.666ns})
  Path Group:             **async_default**
  Path Type:              Recovery (Max at Slow Process Corner)
  Requirement:            6.666ns  (core_clk rise@6.666ns - core_clk rise@0.000ns)
  Data Path Delay:        0.432ns  (logic 0.038ns (8.796%)  route 0.394ns (91.204%))
  Logic Levels:           1  (LUT1=1)
  Input Delay:            1.000ns
  Clock Uncertainty:      0.035ns  ((TSJ^2 + TIJ^2)^1/2 + DJ) / 2 + PE
    Total System Jitter     (TSJ):    0.071ns
    Total Input Jitter      (TIJ):    0.000ns
    Discrete Jitter          (DJ):    0.000ns
    Phase Error              (PE):    0.000ns

    Location             Delay type                Incr(ns)  Path(ns)    Netlist Resource(s)
  -------------------------------------------------------------------    -------------------
                         (clock core_clk rise edge)
                                                      0.000     0.000 r  
                         input delay                  1.000     1.000    
                                                      0.000     1.000 r  rst_n (IN)
                         net (fo=270, unset)          0.000     1.000    u_pv/u_controller/rst_n
                         LUT1 (Prop_LUT1_I0_O)        0.038     1.038 f  u_pv/u_controller/weight_hold_valid_i_2/O
                         net (fo=2352, unplaced)      0.394     1.432    u_pv/u_controller/weight_hold_valid_i_2_n_0
                         FDCE                                         f  u_pv/u_controller/active_epoch_reg[15]/CLR
  -------------------------------------------------------------------    -------------------

                         (clock core_clk rise edge)
                                                      6.666     6.666 r  
                                                      0.000     6.666 r  clk (IN)
                         net (fo=59650, unset)        0.000     6.666    u_pv/u_controller/clk
                         FDCE                                         r  u_pv/u_controller/active_epoch_reg[15]/C
                         clock pessimism              0.000     6.666    
                         clock uncertainty           -0.035     6.631    
                         FDCE (Recov_FDCE_C_CLR)     -0.066     6.565    u_pv/u_controller/active_epoch_reg[15]
  -------------------------------------------------------------------
                         required time                          6.565    
                         arrival time                          -1.432    
  -------------------------------------------------------------------
                         slack                                  5.133    

Slack (MET) :             5.133ns  (required time - arrival time)
  Source:                 rst_n
                            (input port clocked by core_clk  {rise@0.000ns fall@3.333ns period=6.666ns})
  Destination:            u_pv/u_controller/active_epoch_reg[1]/CLR
                            (recovery check against rising-edge clock core_clk  {rise@0.000ns fall@3.333ns period=6.666ns})
  Path Group:             **async_default**
  Path Type:              Recovery (Max at Slow Process Corner)
  Requirement:            6.666ns  (core_clk rise@6.666ns - core_clk rise@0.000ns)
  Data Path Delay:        0.432ns  (logic 0.038ns (8.796%)  route 0.394ns (91.204%))
  Logic Levels:           1  (LUT1=1)
  Input Delay:            1.000ns
  Clock Uncertainty:      0.035ns  ((TSJ^2 + TIJ^2)^1/2 + DJ) / 2 + PE
    Total System Jitter     (TSJ):    0.071ns
    Total Input Jitter      (TIJ):    0.000ns
    Discrete Jitter          (DJ):    0.000ns
    Phase Error              (PE):    0.000ns

    Location             Delay type                Incr(ns)  Path(ns)    Netlist Resource(s)
  -------------------------------------------------------------------    -------------------
                         (clock core_clk rise edge)
                                                      0.000     0.000 r  
                         input delay                  1.000     1.000    
                                                      0.000     1.000 r  rst_n (IN)
                         net (fo=270, unset)          0.000     1.000    u_pv/u_controller/rst_n
                         LUT1 (Prop_LUT1_I0_O)        0.038     1.038 f  u_pv/u_controller/weight_hold_valid_i_2/O
                         net (fo=2352, unplaced)      0.394     1.432    u_pv/u_controller/weight_hold_valid_i_2_n_0
                         FDCE                                         f  u_pv/u_controller/active_epoch_reg[1]/CLR
  -------------------------------------------------------------------    -------------------

                         (clock core_clk rise edge)
                                                      6.666     6.666 r  
                                                      0.000     6.666 r  clk (IN)
                         net (fo=59650, unset)        0.000     6.666    u_pv/u_controller/clk
                         FDCE                                         r  u_pv/u_controller/active_epoch_reg[1]/C
                         clock pessimism              0.000     6.666    
                         clock uncertainty           -0.035     6.631    
                         FDCE (Recov_FDCE_C_CLR)     -0.066     6.565    u_pv/u_controller/active_epoch_reg[1]
  -------------------------------------------------------------------
                         required time                          6.565    
                         arrival time                          -1.432    
  -------------------------------------------------------------------
                         slack                                  5.133    

Slack (MET) :             5.133ns  (required time - arrival time)
  Source:                 rst_n
                            (input port clocked by core_clk  {rise@0.000ns fall@3.333ns period=6.666ns})
  Destination:            u_pv/u_controller/active_epoch_reg[2]/CLR
                            (recovery check against rising-edge clock core_clk  {rise@0.000ns fall@3.333ns period=6.666ns})
  Path Group:             **async_default**
  Path Type:              Recovery (Max at Slow Process Corner)
  Requirement:            6.666ns  (core_clk rise@6.666ns - core_clk rise@0.000ns)
  Data Path Delay:        0.432ns  (logic 0.038ns (8.796%)  route 0.394ns (91.204%))
  Logic Levels:           1  (LUT1=1)
  Input Delay:            1.000ns
  Clock Uncertainty:      0.035ns  ((TSJ^2 + TIJ^2)^1/2 + DJ) / 2 + PE
    Total System Jitter     (TSJ):    0.071ns
    Total Input Jitter      (TIJ):    0.000ns
    Discrete Jitter          (DJ):    0.000ns
    Phase Error              (PE):    0.000ns

    Location             Delay type                Incr(ns)  Path(ns)    Netlist Resource(s)
  -------------------------------------------------------------------    -------------------
                         (clock core_clk rise edge)
                                                      0.000     0.000 r  
                         input delay                  1.000     1.000    
                                                      0.000     1.000 r  rst_n (IN)
                         net (fo=270, unset)          0.000     1.000    u_pv/u_controller/rst_n
                         LUT1 (Prop_LUT1_I0_O)        0.038     1.038 f  u_pv/u_controller/weight_hold_valid_i_2/O
                         net (fo=2352, unplaced)      0.394     1.432    u_pv/u_controller/weight_hold_valid_i_2_n_0
                         FDCE                                         f  u_pv/u_controller/active_epoch_reg[2]/CLR
  -------------------------------------------------------------------    -------------------

                         (clock core_clk rise edge)
                                                      6.666     6.666 r  
                                                      0.000     6.666 r  clk (IN)
                         net (fo=59650, unset)        0.000     6.666    u_pv/u_controller/clk
                         FDCE                                         r  u_pv/u_controller/active_epoch_reg[2]/C
                         clock pessimism              0.000     6.666    
                         clock uncertainty           -0.035     6.631    
                         FDCE (Recov_FDCE_C_CLR)     -0.066     6.565    u_pv/u_controller/active_epoch_reg[2]
  -------------------------------------------------------------------
                         required time                          6.565    
                         arrival time                          -1.432    
  -------------------------------------------------------------------
                         slack                                  5.133    

Slack (MET) :             5.133ns  (required time - arrival time)
  Source:                 rst_n
                            (input port clocked by core_clk  {rise@0.000ns fall@3.333ns period=6.666ns})
  Destination:            u_pv/u_controller/active_epoch_reg[3]/CLR
                            (recovery check against rising-edge clock core_clk  {rise@0.000ns fall@3.333ns period=6.666ns})
  Path Group:             **async_default**
  Path Type:              Recovery (Max at Slow Process Corner)
  Requirement:            6.666ns  (core_clk rise@6.666ns - core_clk rise@0.000ns)
  Data Path Delay:        0.432ns  (logic 0.038ns (8.796%)  route 0.394ns (91.204%))
  Logic Levels:           1  (LUT1=1)
  Input Delay:            1.000ns
  Clock Uncertainty:      0.035ns  ((TSJ^2 + TIJ^2)^1/2 + DJ) / 2 + PE
    Total System Jitter     (TSJ):    0.071ns
    Total Input Jitter      (TIJ):    0.000ns
    Discrete Jitter          (DJ):    0.000ns
    Phase Error              (PE):    0.000ns

    Location             Delay type                Incr(ns)  Path(ns)    Netlist Resource(s)
  -------------------------------------------------------------------    -------------------
                         (clock core_clk rise edge)
                                                      0.000     0.000 r  
                         input delay                  1.000     1.000    
                                                      0.000     1.000 r  rst_n (IN)
                         net (fo=270, unset)          0.000     1.000    u_pv/u_controller/rst_n
                         LUT1 (Prop_LUT1_I0_O)        0.038     1.038 f  u_pv/u_controller/weight_hold_valid_i_2/O
                         net (fo=2352, unplaced)      0.394     1.432    u_pv/u_controller/weight_hold_valid_i_2_n_0
                         FDCE                                         f  u_pv/u_controller/active_epoch_reg[3]/CLR
  -------------------------------------------------------------------    -------------------

                         (clock core_clk rise edge)
                                                      6.666     6.666 r  
                                                      0.000     6.666 r  clk (IN)
                         net (fo=59650, unset)        0.000     6.666    u_pv/u_controller/clk
                         FDCE                                         r  u_pv/u_controller/active_epoch_reg[3]/C
                         clock pessimism              0.000     6.666    
                         clock uncertainty           -0.035     6.631    
                         FDCE (Recov_FDCE_C_CLR)     -0.066     6.565    u_pv/u_controller/active_epoch_reg[3]
  -------------------------------------------------------------------
                         required time                          6.565    
                         arrival time                          -1.432    
  -------------------------------------------------------------------
                         slack                                  5.133    

Slack (MET) :             5.133ns  (required time - arrival time)
  Source:                 rst_n
                            (input port clocked by core_clk  {rise@0.000ns fall@3.333ns period=6.666ns})
  Destination:            u_pv/u_controller/active_epoch_reg[4]/CLR
                            (recovery check against rising-edge clock core_clk  {rise@0.000ns fall@3.333ns period=6.666ns})
  Path Group:             **async_default**
  Path Type:              Recovery (Max at Slow Process Corner)
  Requirement:            6.666ns  (core_clk rise@6.666ns - core_clk rise@0.000ns)
  Data Path Delay:        0.432ns  (logic 0.038ns (8.796%)  route 0.394ns (91.204%))
  Logic Levels:           1  (LUT1=1)
  Input Delay:            1.000ns
  Clock Uncertainty:      0.035ns  ((TSJ^2 + TIJ^2)^1/2 + DJ) / 2 + PE
    Total System Jitter     (TSJ):    0.071ns
    Total Input Jitter      (TIJ):    0.000ns
    Discrete Jitter          (DJ):    0.000ns
    Phase Error              (PE):    0.000ns

    Location             Delay type                Incr(ns)  Path(ns)    Netlist Resource(s)
  -------------------------------------------------------------------    -------------------
                         (clock core_clk rise edge)
                                                      0.000     0.000 r  
                         input delay                  1.000     1.000    
                                                      0.000     1.000 r  rst_n (IN)
                         net (fo=270, unset)          0.000     1.000    u_pv/u_controller/rst_n
                         LUT1 (Prop_LUT1_I0_O)        0.038     1.038 f  u_pv/u_controller/weight_hold_valid_i_2/O
                         net (fo=2352, unplaced)      0.394     1.432    u_pv/u_controller/weight_hold_valid_i_2_n_0
                         FDCE                                         f  u_pv/u_controller/active_epoch_reg[4]/CLR
  -------------------------------------------------------------------    -------------------

                         (clock core_clk rise edge)
                                                      6.666     6.666 r  
                                                      0.000     6.666 r  clk (IN)
                         net (fo=59650, unset)        0.000     6.666    u_pv/u_controller/clk
                         FDCE                                         r  u_pv/u_controller/active_epoch_reg[4]/C
                         clock pessimism              0.000     6.666    
                         clock uncertainty           -0.035     6.631    
                         FDCE (Recov_FDCE_C_CLR)     -0.066     6.565    u_pv/u_controller/active_epoch_reg[4]
  -------------------------------------------------------------------
                         required time                          6.565    
                         arrival time                          -1.432    
  -------------------------------------------------------------------
                         slack                                  5.133    

Slack (MET) :             5.133ns  (required time - arrival time)
  Source:                 rst_n
                            (input port clocked by core_clk  {rise@0.000ns fall@3.333ns period=6.666ns})
  Destination:            u_pv/u_controller/active_epoch_reg[5]/CLR
                            (recovery check against rising-edge clock core_clk  {rise@0.000ns fall@3.333ns period=6.666ns})
  Path Group:             **async_default**
  Path Type:              Recovery (Max at Slow Process Corner)
  Requirement:            6.666ns  (core_clk rise@6.666ns - core_clk rise@0.000ns)
  Data Path Delay:        0.432ns  (logic 0.038ns (8.796%)  route 0.394ns (91.204%))
  Logic Levels:           1  (LUT1=1)
  Input Delay:            1.000ns
  Clock Uncertainty:      0.035ns  ((TSJ^2 + TIJ^2)^1/2 + DJ) / 2 + PE
    Total System Jitter     (TSJ):    0.071ns
    Total Input Jitter      (TIJ):    0.000ns
    Discrete Jitter          (DJ):    0.000ns
    Phase Error              (PE):    0.000ns

    Location             Delay type                Incr(ns)  Path(ns)    Netlist Resource(s)
  -------------------------------------------------------------------    -------------------
                         (clock core_clk rise edge)
                                                      0.000     0.000 r  
                         input delay                  1.000     1.000    
                                                      0.000     1.000 r  rst_n (IN)
                         net (fo=270, unset)          0.000     1.000    u_pv/u_controller/rst_n
                         LUT1 (Prop_LUT1_I0_O)        0.038     1.038 f  u_pv/u_controller/weight_hold_valid_i_2/O
                         net (fo=2352, unplaced)      0.394     1.432    u_pv/u_controller/weight_hold_valid_i_2_n_0
                         FDCE                                         f  u_pv/u_controller/active_epoch_reg[5]/CLR
  -------------------------------------------------------------------    -------------------

                         (clock core_clk rise edge)
                                                      6.666     6.666 r  
                                                      0.000     6.666 r  clk (IN)
                         net (fo=59650, unset)        0.000     6.666    u_pv/u_controller/clk
                         FDCE                                         r  u_pv/u_controller/active_epoch_reg[5]/C
                         clock pessimism              0.000     6.666    
                         clock uncertainty           -0.035     6.631    
                         FDCE (Recov_FDCE_C_CLR)     -0.066     6.565    u_pv/u_controller/active_epoch_reg[5]
  -------------------------------------------------------------------
                         required time                          6.565    
                         arrival time                          -1.432    
  -------------------------------------------------------------------
                         slack                                  5.133    

Slack (MET) :             5.133ns  (required time - arrival time)
  Source:                 rst_n
                            (input port clocked by core_clk  {rise@0.000ns fall@3.333ns period=6.666ns})
  Destination:            u_pv/u_controller/active_epoch_reg[6]/CLR
                            (recovery check against rising-edge clock core_clk  {rise@0.000ns fall@3.333ns period=6.666ns})
  Path Group:             **async_default**
  Path Type:              Recovery (Max at Slow Process Corner)
  Requirement:            6.666ns  (core_clk rise@6.666ns - core_clk rise@0.000ns)
  Data Path Delay:        0.432ns  (logic 0.038ns (8.796%)  route 0.394ns (91.204%))
  Logic Levels:           1  (LUT1=1)
  Input Delay:            1.000ns
  Clock Uncertainty:      0.035ns  ((TSJ^2 + TIJ^2)^1/2 + DJ) / 2 + PE
    Total System Jitter     (TSJ):    0.071ns
    Total Input Jitter      (TIJ):    0.000ns
    Discrete Jitter          (DJ):    0.000ns
    Phase Error              (PE):    0.000ns

    Location             Delay type                Incr(ns)  Path(ns)    Netlist Resource(s)
  -------------------------------------------------------------------    -------------------
                         (clock core_clk rise edge)
                                                      0.000     0.000 r  
                         input delay                  1.000     1.000    
                                                      0.000     1.000 r  rst_n (IN)
                         net (fo=270, unset)          0.000     1.000    u_pv/u_controller/rst_n
                         LUT1 (Prop_LUT1_I0_O)        0.038     1.038 f  u_pv/u_controller/weight_hold_valid_i_2/O
                         net (fo=2352, unplaced)      0.394     1.432    u_pv/u_controller/weight_hold_valid_i_2_n_0
                         FDCE                                         f  u_pv/u_controller/active_epoch_reg[6]/CLR
  -------------------------------------------------------------------    -------------------

                         (clock core_clk rise edge)
                                                      6.666     6.666 r  
                                                      0.000     6.666 r  clk (IN)
                         net (fo=59650, unset)        0.000     6.666    u_pv/u_controller/clk
                         FDCE                                         r  u_pv/u_controller/active_epoch_reg[6]/C
                         clock pessimism              0.000     6.666    
                         clock uncertainty           -0.035     6.631    
                         FDCE (Recov_FDCE_C_CLR)     -0.066     6.565    u_pv/u_controller/active_epoch_reg[6]
  -------------------------------------------------------------------
                         required time                          6.565    
                         arrival time                          -1.432    
  -------------------------------------------------------------------
                         slack                                  5.133    

Slack (MET) :             5.133ns  (required time - arrival time)
  Source:                 rst_n
                            (input port clocked by core_clk  {rise@0.000ns fall@3.333ns period=6.666ns})
  Destination:            u_pv/u_controller/active_epoch_reg[7]/CLR
                            (recovery check against rising-edge clock core_clk  {rise@0.000ns fall@3.333ns period=6.666ns})
  Path Group:             **async_default**
  Path Type:              Recovery (Max at Slow Process Corner)
  Requirement:            6.666ns  (core_clk rise@6.666ns - core_clk rise@0.000ns)
  Data Path Delay:        0.432ns  (logic 0.038ns (8.796%)  route 0.394ns (91.204%))
  Logic Levels:           1  (LUT1=1)
  Input Delay:            1.000ns
  Clock Uncertainty:      0.035ns  ((TSJ^2 + TIJ^2)^1/2 + DJ) / 2 + PE
    Total System Jitter     (TSJ):    0.071ns
    Total Input Jitter      (TIJ):    0.000ns
    Discrete Jitter          (DJ):    0.000ns
    Phase Error              (PE):    0.000ns

    Location             Delay type                Incr(ns)  Path(ns)    Netlist Resource(s)
  -------------------------------------------------------------------    -------------------
                         (clock core_clk rise edge)
                                                      0.000     0.000 r  
                         input delay                  1.000     1.000    
                                                      0.000     1.000 r  rst_n (IN)
                         net (fo=270, unset)          0.000     1.000    u_pv/u_controller/rst_n
                         LUT1 (Prop_LUT1_I0_O)        0.038     1.038 f  u_pv/u_controller/weight_hold_valid_i_2/O
                         net (fo=2352, unplaced)      0.394     1.432    u_pv/u_controller/weight_hold_valid_i_2_n_0
                         FDCE                                         f  u_pv/u_controller/active_epoch_reg[7]/CLR
  -------------------------------------------------------------------    -------------------

                         (clock core_clk rise edge)
                                                      6.666     6.666 r  
                                                      0.000     6.666 r  clk (IN)
                         net (fo=59650, unset)        0.000     6.666    u_pv/u_controller/clk
                         FDCE                                         r  u_pv/u_controller/active_epoch_reg[7]/C
                         clock pessimism              0.000     6.666    
                         clock uncertainty           -0.035     6.631    
                         FDCE (Recov_FDCE_C_CLR)     -0.066     6.565    u_pv/u_controller/active_epoch_reg[7]
  -------------------------------------------------------------------
                         required time                          6.565    
                         arrival time                          -1.432    
  -------------------------------------------------------------------
                         slack                                  5.133    

Slack (MET) :             5.133ns  (required time - arrival time)
  Source:                 rst_n
                            (input port clocked by core_clk  {rise@0.000ns fall@3.333ns period=6.666ns})
  Destination:            u_pv/u_controller/active_epoch_reg[8]/CLR
                            (recovery check against rising-edge clock core_clk  {rise@0.000ns fall@3.333ns period=6.666ns})
  Path Group:             **async_default**
  Path Type:              Recovery (Max at Slow Process Corner)
  Requirement:            6.666ns  (core_clk rise@6.666ns - core_clk rise@0.000ns)
  Data Path Delay:        0.432ns  (logic 0.038ns (8.796%)  route 0.394ns (91.204%))
  Logic Levels:           1  (LUT1=1)
  Input Delay:            1.000ns
  Clock Uncertainty:      0.035ns  ((TSJ^2 + TIJ^2)^1/2 + DJ) / 2 + PE
    Total System Jitter     (TSJ):    0.071ns
    Total Input Jitter      (TIJ):    0.000ns
    Discrete Jitter          (DJ):    0.000ns
    Phase Error              (PE):    0.000ns

    Location             Delay type                Incr(ns)  Path(ns)    Netlist Resource(s)
  -------------------------------------------------------------------    -------------------
                         (clock core_clk rise edge)
                                                      0.000     0.000 r  
                         input delay                  1.000     1.000    
                                                      0.000     1.000 r  rst_n (IN)
                         net (fo=270, unset)          0.000     1.000    u_pv/u_controller/rst_n
                         LUT1 (Prop_LUT1_I0_O)        0.038     1.038 f  u_pv/u_controller/weight_hold_valid_i_2/O
                         net (fo=2352, unplaced)      0.394     1.432    u_pv/u_controller/weight_hold_valid_i_2_n_0
                         FDCE                                         f  u_pv/u_controller/active_epoch_reg[8]/CLR
  -------------------------------------------------------------------    -------------------

                         (clock core_clk rise edge)
                                                      6.666     6.666 r  
                                                      0.000     6.666 r  clk (IN)
                         net (fo=59650, unset)        0.000     6.666    u_pv/u_controller/clk
                         FDCE                                         r  u_pv/u_controller/active_epoch_reg[8]/C
                         clock pessimism              0.000     6.666    
                         clock uncertainty           -0.035     6.631    
                         FDCE (Recov_FDCE_C_CLR)     -0.066     6.565    u_pv/u_controller/active_epoch_reg[8]
  -------------------------------------------------------------------
                         required time                          6.565    
                         arrival time                          -1.432    
  -------------------------------------------------------------------
                         slack                                  5.133    

Slack (MET) :             5.133ns  (required time - arrival time)
  Source:                 rst_n
                            (input port clocked by core_clk  {rise@0.000ns fall@3.333ns period=6.666ns})
  Destination:            u_pv/u_controller/active_epoch_reg[9]/CLR
                            (recovery check against rising-edge clock core_clk  {rise@0.000ns fall@3.333ns period=6.666ns})
  Path Group:             **async_default**
  Path Type:              Recovery (Max at Slow Process Corner)
  Requirement:            6.666ns  (core_clk rise@6.666ns - core_clk rise@0.000ns)
  Data Path Delay:        0.432ns  (logic 0.038ns (8.796%)  route 0.394ns (91.204%))
  Logic Levels:           1  (LUT1=1)
  Input Delay:            1.000ns
  Clock Uncertainty:      0.035ns  ((TSJ^2 + TIJ^2)^1/2 + DJ) / 2 + PE
    Total System Jitter     (TSJ):    0.071ns
    Total Input Jitter      (TIJ):    0.000ns
    Discrete Jitter          (DJ):    0.000ns
    Phase Error              (PE):    0.000ns

    Location             Delay type                Incr(ns)  Path(ns)    Netlist Resource(s)
  -------------------------------------------------------------------    -------------------
                         (clock core_clk rise edge)
                                                      0.000     0.000 r  
                         input delay                  1.000     1.000    
                                                      0.000     1.000 r  rst_n (IN)
                         net (fo=270, unset)          0.000     1.000    u_pv/u_controller/rst_n
                         LUT1 (Prop_LUT1_I0_O)        0.038     1.038 f  u_pv/u_controller/weight_hold_valid_i_2/O
                         net (fo=2352, unplaced)      0.394     1.432    u_pv/u_controller/weight_hold_valid_i_2_n_0
                         FDCE                                         f  u_pv/u_controller/active_epoch_reg[9]/CLR
  -------------------------------------------------------------------    -------------------

                         (clock core_clk rise edge)
                                                      6.666     6.666 r  
                                                      0.000     6.666 r  clk (IN)
                         net (fo=59650, unset)        0.000     6.666    u_pv/u_controller/clk
                         FDCE                                         r  u_pv/u_controller/active_epoch_reg[9]/C
                         clock pessimism              0.000     6.666    
                         clock uncertainty           -0.035     6.631    
                         FDCE (Recov_FDCE_C_CLR)     -0.066     6.565    u_pv/u_controller/active_epoch_reg[9]
  -------------------------------------------------------------------
                         required time                          6.565    
                         arrival time                          -1.432    
  -------------------------------------------------------------------
                         slack                                  5.133    

Slack (MET) :             5.133ns  (required time - arrival time)
  Source:                 rst_n
                            (input port clocked by core_clk  {rise@0.000ns fall@3.333ns period=6.666ns})
  Destination:            u_pv/u_controller/active_epoch_valid_reg/CLR
                            (recovery check against rising-edge clock core_clk  {rise@0.000ns fall@3.333ns period=6.666ns})
  Path Group:             **async_default**
  Path Type:              Recovery (Max at Slow Process Corner)
  Requirement:            6.666ns  (core_clk rise@6.666ns - core_clk rise@0.000ns)
  Data Path Delay:        0.432ns  (logic 0.038ns (8.796%)  route 0.394ns (91.204%))
  Logic Levels:           1  (LUT1=1)
  Input Delay:            1.000ns
  Clock Uncertainty:      0.035ns  ((TSJ^2 + TIJ^2)^1/2 + DJ) / 2 + PE
    Total System Jitter     (TSJ):    0.071ns
    Total Input Jitter      (TIJ):    0.000ns
    Discrete Jitter          (DJ):    0.000ns
    Phase Error              (PE):    0.000ns

    Location             Delay type                Incr(ns)  Path(ns)    Netlist Resource(s)
  -------------------------------------------------------------------    -------------------
                         (clock core_clk rise edge)
                                                      0.000     0.000 r  
                         input delay                  1.000     1.000    
                                                      0.000     1.000 r  rst_n (IN)
                         net (fo=270, unset)          0.000     1.000    u_pv/u_controller/rst_n
                         LUT1 (Prop_LUT1_I0_O)        0.038     1.038 f  u_pv/u_controller/weight_hold_valid_i_2/O
                         net (fo=2352, unplaced)      0.394     1.432    u_pv/u_controller/weight_hold_valid_i_2_n_0
                         FDCE                                         f  u_pv/u_controller/active_epoch_valid_reg/CLR
  -------------------------------------------------------------------    -------------------

                         (clock core_clk rise edge)
                                                      6.666     6.666 r  
                                                      0.000     6.666 r  clk (IN)
                         net (fo=59650, unset)        0.000     6.666    u_pv/u_controller/clk
                         FDCE                                         r  u_pv/u_controller/active_epoch_valid_reg/C
                         clock pessimism              0.000     6.666    
                         clock uncertainty           -0.035     6.631    
                         FDCE (Recov_FDCE_C_CLR)     -0.066     6.565    u_pv/u_controller/active_epoch_valid_reg
  -------------------------------------------------------------------
                         required time                          6.565    
                         arrival time                          -1.432    
  -------------------------------------------------------------------
                         slack                                  5.133    

Slack (MET) :             5.133ns  (required time - arrival time)
  Source:                 rst_n
                            (input port clocked by core_clk  {rise@0.000ns fall@3.333ns period=6.666ns})
  Destination:            u_pv/u_controller/context_busy_reg[0]/CLR
                            (recovery check against rising-edge clock core_clk  {rise@0.000ns fall@3.333ns period=6.666ns})
  Path Group:             **async_default**
  Path Type:              Recovery (Max at Slow Process Corner)
  Requirement:            6.666ns  (core_clk rise@6.666ns - core_clk rise@0.000ns)
  Data Path Delay:        0.432ns  (logic 0.038ns (8.796%)  route 0.394ns (91.204%))
  Logic Levels:           1  (LUT1=1)
  Input Delay:            1.000ns
  Clock Uncertainty:      0.035ns  ((TSJ^2 + TIJ^2)^1/2 + DJ) / 2 + PE
    Total System Jitter     (TSJ):    0.071ns
    Total Input Jitter      (TIJ):    0.000ns
    Discrete Jitter          (DJ):    0.000ns
    Phase Error              (PE):    0.000ns

    Location             Delay type                Incr(ns)  Path(ns)    Netlist Resource(s)
  -------------------------------------------------------------------    -------------------
                         (clock core_clk rise edge)
                                                      0.000     0.000 r  
                         input delay                  1.000     1.000    
                                                      0.000     1.000 r  rst_n (IN)
                         net (fo=270, unset)          0.000     1.000    u_pv/u_controller/rst_n
                         LUT1 (Prop_LUT1_I0_O)        0.038     1.038 f  u_pv/u_controller/weight_hold_valid_i_2/O
                         net (fo=2352, unplaced)      0.394     1.432    u_pv/u_controller/weight_hold_valid_i_2_n_0
                         FDCE                                         f  u_pv/u_controller/context_busy_reg[0]/CLR
  -------------------------------------------------------------------    -------------------

                         (clock core_clk rise edge)
                                                      6.666     6.666 r  
                                                      0.000     6.666 r  clk (IN)
                         net (fo=59650, unset)        0.000     6.666    u_pv/u_controller/clk
                         FDCE                                         r  u_pv/u_controller/context_busy_reg[0]/C
                         clock pessimism              0.000     6.666    
                         clock uncertainty           -0.035     6.631    
                         FDCE (Recov_FDCE_C_CLR)     -0.066     6.565    u_pv/u_controller/context_busy_reg[0]
  -------------------------------------------------------------------
                         required time                          6.565    
                         arrival time                          -1.432    
  -------------------------------------------------------------------
                         slack                                  5.133    

Slack (MET) :             5.133ns  (required time - arrival time)
  Source:                 rst_n
                            (input port clocked by core_clk  {rise@0.000ns fall@3.333ns period=6.666ns})
  Destination:            u_pv/u_controller/context_busy_reg[10]/CLR
                            (recovery check against rising-edge clock core_clk  {rise@0.000ns fall@3.333ns period=6.666ns})
  Path Group:             **async_default**
  Path Type:              Recovery (Max at Slow Process Corner)
  Requirement:            6.666ns  (core_clk rise@6.666ns - core_clk rise@0.000ns)
  Data Path Delay:        0.432ns  (logic 0.038ns (8.796%)  route 0.394ns (91.204%))
  Logic Levels:           1  (LUT1=1)
  Input Delay:            1.000ns
  Clock Uncertainty:      0.035ns  ((TSJ^2 + TIJ^2)^1/2 + DJ) / 2 + PE
    Total System Jitter     (TSJ):    0.071ns
    Total Input Jitter      (TIJ):    0.000ns
    Discrete Jitter          (DJ):    0.000ns
    Phase Error              (PE):    0.000ns

    Location             Delay type                Incr(ns)  Path(ns)    Netlist Resource(s)
  -------------------------------------------------------------------    -------------------
                         (clock core_clk rise edge)
                                                      0.000     0.000 r  
                         input delay                  1.000     1.000    
                                                      0.000     1.000 r  rst_n (IN)
                         net (fo=270, unset)          0.000     1.000    u_pv/u_controller/rst_n
                         LUT1 (Prop_LUT1_I0_O)        0.038     1.038 f  u_pv/u_controller/weight_hold_valid_i_2/O
                         net (fo=2352, unplaced)      0.394     1.432    u_pv/u_controller/weight_hold_valid_i_2_n_0
                         FDCE                                         f  u_pv/u_controller/context_busy_reg[10]/CLR
  -------------------------------------------------------------------    -------------------

                         (clock core_clk rise edge)
                                                      6.666     6.666 r  
                                                      0.000     6.666 r  clk (IN)
                         net (fo=59650, unset)        0.000     6.666    u_pv/u_controller/clk
                         FDCE                                         r  u_pv/u_controller/context_busy_reg[10]/C
                         clock pessimism              0.000     6.666    
                         clock uncertainty           -0.035     6.631    
                         FDCE (Recov_FDCE_C_CLR)     -0.066     6.565    u_pv/u_controller/context_busy_reg[10]
  -------------------------------------------------------------------
                         required time                          6.565    
                         arrival time                          -1.432    
  -------------------------------------------------------------------
                         slack                                  5.133    

Slack (MET) :             5.133ns  (required time - arrival time)
  Source:                 rst_n
                            (input port clocked by core_clk  {rise@0.000ns fall@3.333ns period=6.666ns})
  Destination:            u_pv/u_controller/context_busy_reg[11]/CLR
                            (recovery check against rising-edge clock core_clk  {rise@0.000ns fall@3.333ns period=6.666ns})
  Path Group:             **async_default**
  Path Type:              Recovery (Max at Slow Process Corner)
  Requirement:            6.666ns  (core_clk rise@6.666ns - core_clk rise@0.000ns)
  Data Path Delay:        0.432ns  (logic 0.038ns (8.796%)  route 0.394ns (91.204%))
  Logic Levels:           1  (LUT1=1)
  Input Delay:            1.000ns
  Clock Uncertainty:      0.035ns  ((TSJ^2 + TIJ^2)^1/2 + DJ) / 2 + PE
    Total System Jitter     (TSJ):    0.071ns
    Total Input Jitter      (TIJ):    0.000ns
    Discrete Jitter          (DJ):    0.000ns
    Phase Error              (PE):    0.000ns

    Location             Delay type                Incr(ns)  Path(ns)    Netlist Resource(s)
  -------------------------------------------------------------------    -------------------
                         (clock core_clk rise edge)
                                                      0.000     0.000 r  
                         input delay                  1.000     1.000    
                                                      0.000     1.000 r  rst_n (IN)
                         net (fo=270, unset)          0.000     1.000    u_pv/u_controller/rst_n
                         LUT1 (Prop_LUT1_I0_O)        0.038     1.038 f  u_pv/u_controller/weight_hold_valid_i_2/O
                         net (fo=2352, unplaced)      0.394     1.432    u_pv/u_controller/weight_hold_valid_i_2_n_0
                         FDCE                                         f  u_pv/u_controller/context_busy_reg[11]/CLR
  -------------------------------------------------------------------    -------------------

                         (clock core_clk rise edge)
                                                      6.666     6.666 r  
                                                      0.000     6.666 r  clk (IN)
                         net (fo=59650, unset)        0.000     6.666    u_pv/u_controller/clk
                         FDCE                                         r  u_pv/u_controller/context_busy_reg[11]/C
                         clock pessimism              0.000     6.666    
                         clock uncertainty           -0.035     6.631    
                         FDCE (Recov_FDCE_C_CLR)     -0.066     6.565    u_pv/u_controller/context_busy_reg[11]
  -------------------------------------------------------------------
                         required time                          6.565    
                         arrival time                          -1.432    
  -------------------------------------------------------------------
                         slack                                  5.133    





