Copyright 1986-2022 Xilinx, Inc. All Rights Reserved. Copyright 2022-2025 Advanced Micro Devices, Inc. All Rights Reserved.
----------------------------------------------------------------------------------------------------------------------------------------------------
| Tool Version : Vivado v.2025.2 (win64) Build 6299465 Fri Nov 14 19:35:11 GMT 2025
| Date         : Sat Sep 12 23:35:38 2026
| Host         : zhangxuanhao running 64-bit major release  (build 9200)
| Command      : report_utilization -hierarchical -file C:/Users/zhangxuanhao/AppData/Local/Temp/b4v_5d455469/ooc_results/synthesis_utilization.rpt
| Design       : cats_r4_b4_softmax_pv_cluster
| Device       : xczu15eg-ffvb1156-2-i
| Speed File   : -2
| Design State : Synthesized
----------------------------------------------------------------------------------------------------------------------------------------------------

Utilization Design Information

Table of Contents
-----------------
1. Utilization by Hierarchy

1. Utilization by Hierarchy
---------------------------

+-----------------------------------------------------------+----------------------------------------------------+------------+------------+---------+------+-------+--------+--------+------+------------+
|                          Instance                         |                       Module                       | Total LUTs | Logic LUTs | LUTRAMs | SRLs |  FFs  | RAMB36 | RAMB18 | URAM | DSP Blocks |
+-----------------------------------------------------------+----------------------------------------------------+------------+------------+---------+------+-------+--------+--------+------+------------+
| cats_r4_b4_softmax_pv_cluster                             |                                              (top) |      32948 |      30366 |    1238 | 1344 | 54697 |      0 |      0 |    0 |        195 |
|   (cats_r4_b4_softmax_pv_cluster)                         |                                              (top) |        200 |        200 |       0 |    0 |   168 |      0 |      0 |    0 |          0 |
|   u_pv                                                    |                               cats_r4_b3_pv_32lane |      22005 |      19423 |    1238 | 1344 | 38956 |      0 |      0 |    0 |        192 |
|     u_normalize                                           |                     cats_r4_b3_pv_normalize_32lane |       5213 |       4729 |       4 |  480 | 10611 |      0 |      0 |    0 |         64 |
|       (u_normalize)                                       |                     cats_r4_b3_pv_normalize_32lane |        157 |        153 |       4 |    0 |   531 |      0 |      0 |    0 |          0 |
|       GEN_NORM_LANE[0].u_mul                              |             fp32_mul_ip__parameterized0__xdcDup__1 |        154 |        139 |       0 |   15 |   315 |      0 |      0 |    0 |          2 |
|         GEN_MUL2.u_fp_mul                                 |                                   floating_point_2 |        154 |        139 |       0 |   15 |   315 |      0 |      0 |    0 |          2 |
|           U0                                              |            floating_point_2_floating_point_v7_1_21 |        154 |        139 |       0 |   15 |   315 |      0 |      0 |    0 |          2 |
|             i_synth                                       |        floating_point_2_floating_point_v7_1_21_viv |        154 |        139 |       0 |   15 |   315 |      0 |      0 |    0 |          2 |
|               need_combiner.use_2to1.skid_buffer_combiner |                    floating_point_2_axi_slave_2to1 |         59 |         59 |       0 |    0 |   135 |      0 |      0 |    0 |          0 |
|               MULT.OP                                     |                          floating_point_2_flt_mult |         93 |         78 |       0 |   15 |   171 |      0 |      0 |    0 |          2 |
|                 i_non_prim.EXP                            |                      floating_point_2_flt_mult_exp |         55 |         48 |       0 |    7 |    48 |      0 |      0 |    0 |          0 |
|                 i_non_prim.R_AND_R                        |                    floating_point_2_flt_mult_round |         22 |         14 |       0 |    8 |    62 |      0 |      0 |    0 |          0 |
|                   LOGIC.R_AND_R                           |            floating_point_2_renorm_and_round_logic |         22 |         14 |       0 |    8 |    62 |      0 |      0 |    0 |          0 |
|       GEN_NORM_LANE[10].u_mul                             |            fp32_mul_ip__parameterized0__xdcDup__11 |        154 |        139 |       0 |   15 |   315 |      0 |      0 |    0 |          2 |
|         GEN_MUL2.u_fp_mul                                 |                            floating_point_2_HD6505 |        154 |        139 |       0 |   15 |   315 |      0 |      0 |    0 |          2 |
|           U0                                              |     floating_point_2_floating_point_v7_1_21_HD6506 |        154 |        139 |       0 |   15 |   315 |      0 |      0 |    0 |          2 |
|             i_synth                                       | floating_point_2_floating_point_v7_1_21_viv_HD6507 |        154 |        139 |       0 |   15 |   315 |      0 |      0 |    0 |          2 |
|               need_combiner.use_2to1.skid_buffer_combiner |             floating_point_2_axi_slave_2to1_HD6579 |         59 |         59 |       0 |    0 |   135 |      0 |      0 |    0 |          0 |
|               MULT.OP                                     |                   floating_point_2_flt_mult_HD6508 |         93 |         78 |       0 |   15 |   171 |      0 |      0 |    0 |          2 |
|                 i_non_prim.EXP                            |               floating_point_2_flt_mult_exp_HD6509 |         55 |         48 |       0 |    7 |    48 |      0 |      0 |    0 |          0 |
|                 i_non_prim.R_AND_R                        |             floating_point_2_flt_mult_round_HD6557 |         22 |         14 |       0 |    8 |    62 |      0 |      0 |    0 |          0 |
|                   LOGIC.R_AND_R                           |     floating_point_2_renorm_and_round_logic_HD6558 |         22 |         14 |       0 |    8 |    62 |      0 |      0 |    0 |          0 |
|       GEN_NORM_LANE[11].u_mul                             |            fp32_mul_ip__parameterized0__xdcDup__12 |        154 |        139 |       0 |   15 |   315 |      0 |      0 |    0 |          2 |
|         GEN_MUL2.u_fp_mul                                 |                            floating_point_2_HD6580 |        154 |        139 |       0 |   15 |   315 |      0 |      0 |    0 |          2 |
|           U0                                              |     floating_point_2_floating_point_v7_1_21_HD6581 |        154 |        139 |       0 |   15 |   315 |      0 |      0 |    0 |          2 |
|             i_synth                                       | floating_point_2_floating_point_v7_1_21_viv_HD6582 |        154 |        139 |       0 |   15 |   315 |      0 |      0 |    0 |          2 |
|               need_combiner.use_2to1.skid_buffer_combiner |             floating_point_2_axi_slave_2to1_HD6654 |         59 |         59 |       0 |    0 |   135 |      0 |      0 |    0 |          0 |
|               MULT.OP                                     |                   floating_point_2_flt_mult_HD6583 |         93 |         78 |       0 |   15 |   171 |      0 |      0 |    0 |          2 |
|                 i_non_prim.EXP                            |               floating_point_2_flt_mult_exp_HD6584 |         55 |         48 |       0 |    7 |    48 |      0 |      0 |    0 |          0 |
|                 i_non_prim.R_AND_R                        |             floating_point_2_flt_mult_round_HD6632 |         22 |         14 |       0 |    8 |    62 |      0 |      0 |    0 |          0 |
|                   LOGIC.R_AND_R                           |     floating_point_2_renorm_and_round_logic_HD6633 |         22 |         14 |       0 |    8 |    62 |      0 |      0 |    0 |          0 |
|       GEN_NORM_LANE[12].u_mul                             |            fp32_mul_ip__parameterized0__xdcDup__13 |        154 |        139 |       0 |   15 |   315 |      0 |      0 |    0 |          2 |
|         GEN_MUL2.u_fp_mul                                 |                            floating_point_2_HD6655 |        154 |        139 |       0 |   15 |   315 |      0 |      0 |    0 |          2 |
|           U0                                              |     floating_point_2_floating_point_v7_1_21_HD6656 |        154 |        139 |       0 |   15 |   315 |      0 |      0 |    0 |          2 |
|             i_synth                                       | floating_point_2_floating_point_v7_1_21_viv_HD6657 |        154 |        139 |       0 |   15 |   315 |      0 |      0 |    0 |          2 |
|               need_combiner.use_2to1.skid_buffer_combiner |             floating_point_2_axi_slave_2to1_HD6729 |         59 |         59 |       0 |    0 |   135 |      0 |      0 |    0 |          0 |
|               MULT.OP                                     |                   floating_point_2_flt_mult_HD6658 |         93 |         78 |       0 |   15 |   171 |      0 |      0 |    0 |          2 |
|                 i_non_prim.EXP                            |               floating_point_2_flt_mult_exp_HD6659 |         55 |         48 |       0 |    7 |    48 |      0 |      0 |    0 |          0 |
|                 i_non_prim.R_AND_R                        |             floating_point_2_flt_mult_round_HD6707 |         22 |         14 |       0 |    8 |    62 |      0 |      0 |    0 |          0 |
|                   LOGIC.R_AND_R                           |     floating_point_2_renorm_and_round_logic_HD6708 |         22 |         14 |       0 |    8 |    62 |      0 |      0 |    0 |          0 |
|       GEN_NORM_LANE[13].u_mul                             |            fp32_mul_ip__parameterized0__xdcDup__14 |        154 |        139 |       0 |   15 |   315 |      0 |      0 |    0 |          2 |
|         GEN_MUL2.u_fp_mul                                 |                            floating_point_2_HD6730 |        154 |        139 |       0 |   15 |   315 |      0 |      0 |    0 |          2 |
|           U0                                              |     floating_point_2_floating_point_v7_1_21_HD6731 |        154 |        139 |       0 |   15 |   315 |      0 |      0 |    0 |          2 |
|             i_synth                                       | floating_point_2_floating_point_v7_1_21_viv_HD6732 |        154 |        139 |       0 |   15 |   315 |      0 |      0 |    0 |          2 |
|               need_combiner.use_2to1.skid_buffer_combiner |             floating_point_2_axi_slave_2to1_HD6804 |         59 |         59 |       0 |    0 |   135 |      0 |      0 |    0 |          0 |
|               MULT.OP                                     |                   floating_point_2_flt_mult_HD6733 |         93 |         78 |       0 |   15 |   171 |      0 |      0 |    0 |          2 |
|                 i_non_prim.EXP                            |               floating_point_2_flt_mult_exp_HD6734 |         55 |         48 |       0 |    7 |    48 |      0 |      0 |    0 |          0 |
|                 i_non_prim.R_AND_R                        |             floating_point_2_flt_mult_round_HD6782 |         22 |         14 |       0 |    8 |    62 |      0 |      0 |    0 |          0 |
|                   LOGIC.R_AND_R                           |     floating_point_2_renorm_and_round_logic_HD6783 |         22 |         14 |       0 |    8 |    62 |      0 |      0 |    0 |          0 |
|       GEN_NORM_LANE[14].u_mul                             |            fp32_mul_ip__parameterized0__xdcDup__15 |        154 |        139 |       0 |   15 |   315 |      0 |      0 |    0 |          2 |
|         GEN_MUL2.u_fp_mul                                 |                            floating_point_2_HD6805 |        154 |        139 |       0 |   15 |   315 |      0 |      0 |    0 |          2 |
|           U0                                              |     floating_point_2_floating_point_v7_1_21_HD6806 |        154 |        139 |       0 |   15 |   315 |      0 |      0 |    0 |          2 |
|             i_synth                                       | floating_point_2_floating_point_v7_1_21_viv_HD6807 |        154 |        139 |       0 |   15 |   315 |      0 |      0 |    0 |          2 |
|               need_combiner.use_2to1.skid_buffer_combiner |             floating_point_2_axi_slave_2to1_HD6879 |         59 |         59 |       0 |    0 |   135 |      0 |      0 |    0 |          0 |
|               MULT.OP                                     |                   floating_point_2_flt_mult_HD6808 |         93 |         78 |       0 |   15 |   171 |      0 |      0 |    0 |          2 |
|                 i_non_prim.EXP                            |               floating_point_2_flt_mult_exp_HD6809 |         55 |         48 |       0 |    7 |    48 |      0 |      0 |    0 |          0 |
|                 i_non_prim.R_AND_R                        |             floating_point_2_flt_mult_round_HD6857 |         22 |         14 |       0 |    8 |    62 |      0 |      0 |    0 |          0 |
|                   LOGIC.R_AND_R                           |     floating_point_2_renorm_and_round_logic_HD6858 |         22 |         14 |       0 |    8 |    62 |      0 |      0 |    0 |          0 |
|       GEN_NORM_LANE[15].u_mul                             |            fp32_mul_ip__parameterized0__xdcDup__16 |        154 |        139 |       0 |   15 |   315 |      0 |      0 |    0 |          2 |
|         GEN_MUL2.u_fp_mul                                 |                            floating_point_2_HD6880 |        154 |        139 |       0 |   15 |   315 |      0 |      0 |    0 |          2 |
|           U0                                              |     floating_point_2_floating_point_v7_1_21_HD6881 |        154 |        139 |       0 |   15 |   315 |      0 |      0 |    0 |          2 |
|             i_synth                                       | floating_point_2_floating_point_v7_1_21_viv_HD6882 |        154 |        139 |       0 |   15 |   315 |      0 |      0 |    0 |          2 |
|               need_combiner.use_2to1.skid_buffer_combiner |             floating_point_2_axi_slave_2to1_HD6954 |         59 |         59 |       0 |    0 |   135 |      0 |      0 |    0 |          0 |
|               MULT.OP                                     |                   floating_point_2_flt_mult_HD6883 |         93 |         78 |       0 |   15 |   171 |      0 |      0 |    0 |          2 |
|                 i_non_prim.EXP                            |               floating_point_2_flt_mult_exp_HD6884 |         55 |         48 |       0 |    7 |    48 |      0 |      0 |    0 |          0 |
|                 i_non_prim.R_AND_R                        |             floating_point_2_flt_mult_round_HD6932 |         22 |         14 |       0 |    8 |    62 |      0 |      0 |    0 |          0 |
|                   LOGIC.R_AND_R                           |     floating_point_2_renorm_and_round_logic_HD6933 |         22 |         14 |       0 |    8 |    62 |      0 |      0 |    0 |          0 |
|       GEN_NORM_LANE[16].u_mul                             |            fp32_mul_ip__parameterized0__xdcDup__17 |        154 |        139 |       0 |   15 |   315 |      0 |      0 |    0 |          2 |
|         GEN_MUL2.u_fp_mul                                 |                            floating_point_2_HD6955 |        154 |        139 |       0 |   15 |   315 |      0 |      0 |    0 |          2 |
|           U0                                              |     floating_point_2_floating_point_v7_1_21_HD6956 |        154 |        139 |       0 |   15 |   315 |      0 |      0 |    0 |          2 |
|             i_synth                                       | floating_point_2_floating_point_v7_1_21_viv_HD6957 |        154 |        139 |       0 |   15 |   315 |      0 |      0 |    0 |          2 |
|               need_combiner.use_2to1.skid_buffer_combiner |             floating_point_2_axi_slave_2to1_HD7029 |         59 |         59 |       0 |    0 |   135 |      0 |      0 |    0 |          0 |
|               MULT.OP                                     |                   floating_point_2_flt_mult_HD6958 |         93 |         78 |       0 |   15 |   171 |      0 |      0 |    0 |          2 |
|                 i_non_prim.EXP                            |               floating_point_2_flt_mult_exp_HD6959 |         55 |         48 |       0 |    7 |    48 |      0 |      0 |    0 |          0 |
|                 i_non_prim.R_AND_R                        |             floating_point_2_flt_mult_round_HD7007 |         22 |         14 |       0 |    8 |    62 |      0 |      0 |    0 |          0 |
|                   LOGIC.R_AND_R                           |     floating_point_2_renorm_and_round_logic_HD7008 |         22 |         14 |       0 |    8 |    62 |      0 |      0 |    0 |          0 |
|       GEN_NORM_LANE[17].u_mul                             |            fp32_mul_ip__parameterized0__xdcDup__18 |        154 |        139 |       0 |   15 |   315 |      0 |      0 |    0 |          2 |
|         GEN_MUL2.u_fp_mul                                 |                            floating_point_2_HD7030 |        154 |        139 |       0 |   15 |   315 |      0 |      0 |    0 |          2 |
|           U0                                              |     floating_point_2_floating_point_v7_1_21_HD7031 |        154 |        139 |       0 |   15 |   315 |      0 |      0 |    0 |          2 |
|             i_synth                                       | floating_point_2_floating_point_v7_1_21_viv_HD7032 |        154 |        139 |       0 |   15 |   315 |      0 |      0 |    0 |          2 |
|               need_combiner.use_2to1.skid_buffer_combiner |             floating_point_2_axi_slave_2to1_HD7104 |         59 |         59 |       0 |    0 |   135 |      0 |      0 |    0 |          0 |
|               MULT.OP                                     |                   floating_point_2_flt_mult_HD7033 |         93 |         78 |       0 |   15 |   171 |      0 |      0 |    0 |          2 |
|                 i_non_prim.EXP                            |               floating_point_2_flt_mult_exp_HD7034 |         55 |         48 |       0 |    7 |    48 |      0 |      0 |    0 |          0 |
|                 i_non_prim.R_AND_R                        |             floating_point_2_flt_mult_round_HD7082 |         22 |         14 |       0 |    8 |    62 |      0 |      0 |    0 |          0 |
|                   LOGIC.R_AND_R                           |     floating_point_2_renorm_and_round_logic_HD7083 |         22 |         14 |       0 |    8 |    62 |      0 |      0 |    0 |          0 |
|       GEN_NORM_LANE[18].u_mul                             |            fp32_mul_ip__parameterized0__xdcDup__19 |        154 |        139 |       0 |   15 |   315 |      0 |      0 |    0 |          2 |
|         GEN_MUL2.u_fp_mul                                 |                            floating_point_2_HD7105 |        154 |        139 |       0 |   15 |   315 |      0 |      0 |    0 |          2 |
|           U0                                              |     floating_point_2_floating_point_v7_1_21_HD7106 |        154 |        139 |       0 |   15 |   315 |      0 |      0 |    0 |          2 |
|             i_synth                                       | floating_point_2_floating_point_v7_1_21_viv_HD7107 |        154 |        139 |       0 |   15 |   315 |      0 |      0 |    0 |          2 |
|               need_combiner.use_2to1.skid_buffer_combiner |             floating_point_2_axi_slave_2to1_HD7179 |         59 |         59 |       0 |    0 |   135 |      0 |      0 |    0 |          0 |
|               MULT.OP                                     |                   floating_point_2_flt_mult_HD7108 |         93 |         78 |       0 |   15 |   171 |      0 |      0 |    0 |          2 |
|                 i_non_prim.EXP                            |               floating_point_2_flt_mult_exp_HD7109 |         55 |         48 |       0 |    7 |    48 |      0 |      0 |    0 |          0 |
|                 i_non_prim.R_AND_R                        |             floating_point_2_flt_mult_round_HD7157 |         22 |         14 |       0 |    8 |    62 |      0 |      0 |    0 |          0 |
|                   LOGIC.R_AND_R                           |     floating_point_2_renorm_and_round_logic_HD7158 |         22 |         14 |       0 |    8 |    62 |      0 |      0 |    0 |          0 |
|       GEN_NORM_LANE[19].u_mul                             |            fp32_mul_ip__parameterized0__xdcDup__20 |        154 |        139 |       0 |   15 |   315 |      0 |      0 |    0 |          2 |
|         GEN_MUL2.u_fp_mul                                 |                            floating_point_2_HD7180 |        154 |        139 |       0 |   15 |   315 |      0 |      0 |    0 |          2 |
|           U0                                              |     floating_point_2_floating_point_v7_1_21_HD7181 |        154 |        139 |       0 |   15 |   315 |      0 |      0 |    0 |          2 |
|             i_synth                                       | floating_point_2_floating_point_v7_1_21_viv_HD7182 |        154 |        139 |       0 |   15 |   315 |      0 |      0 |    0 |          2 |
|               need_combiner.use_2to1.skid_buffer_combiner |             floating_point_2_axi_slave_2to1_HD7254 |         59 |         59 |       0 |    0 |   135 |      0 |      0 |    0 |          0 |
|               MULT.OP                                     |                   floating_point_2_flt_mult_HD7183 |         93 |         78 |       0 |   15 |   171 |      0 |      0 |    0 |          2 |
|                 i_non_prim.EXP                            |               floating_point_2_flt_mult_exp_HD7184 |         55 |         48 |       0 |    7 |    48 |      0 |      0 |    0 |          0 |
|                 i_non_prim.R_AND_R                        |             floating_point_2_flt_mult_round_HD7232 |         22 |         14 |       0 |    8 |    62 |      0 |      0 |    0 |          0 |
|                   LOGIC.R_AND_R                           |     floating_point_2_renorm_and_round_logic_HD7233 |         22 |         14 |       0 |    8 |    62 |      0 |      0 |    0 |          0 |
|       GEN_NORM_LANE[1].u_mul                              |             fp32_mul_ip__parameterized0__xdcDup__2 |        154 |        139 |       0 |   15 |   315 |      0 |      0 |    0 |          2 |
|         GEN_MUL2.u_fp_mul                                 |                            floating_point_2_HD5830 |        154 |        139 |       0 |   15 |   315 |      0 |      0 |    0 |          2 |
|           U0                                              |     floating_point_2_floating_point_v7_1_21_HD5831 |        154 |        139 |       0 |   15 |   315 |      0 |      0 |    0 |          2 |
|             i_synth                                       | floating_point_2_floating_point_v7_1_21_viv_HD5832 |        154 |        139 |       0 |   15 |   315 |      0 |      0 |    0 |          2 |
|               need_combiner.use_2to1.skid_buffer_combiner |             floating_point_2_axi_slave_2to1_HD5904 |         59 |         59 |       0 |    0 |   135 |      0 |      0 |    0 |          0 |
|               MULT.OP                                     |                   floating_point_2_flt_mult_HD5833 |         93 |         78 |       0 |   15 |   171 |      0 |      0 |    0 |          2 |
|                 i_non_prim.EXP                            |               floating_point_2_flt_mult_exp_HD5834 |         55 |         48 |       0 |    7 |    48 |      0 |      0 |    0 |          0 |
|                 i_non_prim.R_AND_R                        |             floating_point_2_flt_mult_round_HD5882 |         22 |         14 |       0 |    8 |    62 |      0 |      0 |    0 |          0 |
|                   LOGIC.R_AND_R                           |     floating_point_2_renorm_and_round_logic_HD5883 |         22 |         14 |       0 |    8 |    62 |      0 |      0 |    0 |          0 |
|       GEN_NORM_LANE[20].u_mul                             |            fp32_mul_ip__parameterized0__xdcDup__21 |        154 |        139 |       0 |   15 |   315 |      0 |      0 |    0 |          2 |
|         GEN_MUL2.u_fp_mul                                 |                            floating_point_2_HD7255 |        154 |        139 |       0 |   15 |   315 |      0 |      0 |    0 |          2 |
|           U0                                              |     floating_point_2_floating_point_v7_1_21_HD7256 |        154 |        139 |       0 |   15 |   315 |      0 |      0 |    0 |          2 |
|             i_synth                                       | floating_point_2_floating_point_v7_1_21_viv_HD7257 |        154 |        139 |       0 |   15 |   315 |      0 |      0 |    0 |          2 |
|               need_combiner.use_2to1.skid_buffer_combiner |             floating_point_2_axi_slave_2to1_HD7329 |         59 |         59 |       0 |    0 |   135 |      0 |      0 |    0 |          0 |
|               MULT.OP                                     |                   floating_point_2_flt_mult_HD7258 |         93 |         78 |       0 |   15 |   171 |      0 |      0 |    0 |          2 |
|                 i_non_prim.EXP                            |               floating_point_2_flt_mult_exp_HD7259 |         55 |         48 |       0 |    7 |    48 |      0 |      0 |    0 |          0 |
|                 i_non_prim.R_AND_R                        |             floating_point_2_flt_mult_round_HD7307 |         22 |         14 |       0 |    8 |    62 |      0 |      0 |    0 |          0 |
|                   LOGIC.R_AND_R                           |     floating_point_2_renorm_and_round_logic_HD7308 |         22 |         14 |       0 |    8 |    62 |      0 |      0 |    0 |          0 |
|       GEN_NORM_LANE[21].u_mul                             |            fp32_mul_ip__parameterized0__xdcDup__22 |        154 |        139 |       0 |   15 |   315 |      0 |      0 |    0 |          2 |
|         GEN_MUL2.u_fp_mul                                 |                            floating_point_2_HD7330 |        154 |        139 |       0 |   15 |   315 |      0 |      0 |    0 |          2 |
|           U0                                              |     floating_point_2_floating_point_v7_1_21_HD7331 |        154 |        139 |       0 |   15 |   315 |      0 |      0 |    0 |          2 |
|             i_synth                                       | floating_point_2_floating_point_v7_1_21_viv_HD7332 |        154 |        139 |       0 |   15 |   315 |      0 |      0 |    0 |          2 |
|               need_combiner.use_2to1.skid_buffer_combiner |             floating_point_2_axi_slave_2to1_HD7404 |         59 |         59 |       0 |    0 |   135 |      0 |      0 |    0 |          0 |
|               MULT.OP                                     |                   floating_point_2_flt_mult_HD7333 |         93 |         78 |       0 |   15 |   171 |      0 |      0 |    0 |          2 |
|                 i_non_prim.EXP                            |               floating_point_2_flt_mult_exp_HD7334 |         55 |         48 |       0 |    7 |    48 |      0 |      0 |    0 |          0 |
|                 i_non_prim.R_AND_R                        |             floating_point_2_flt_mult_round_HD7382 |         22 |         14 |       0 |    8 |    62 |      0 |      0 |    0 |          0 |
|                   LOGIC.R_AND_R                           |     floating_point_2_renorm_and_round_logic_HD7383 |         22 |         14 |       0 |    8 |    62 |      0 |      0 |    0 |          0 |
|       GEN_NORM_LANE[22].u_mul                             |            fp32_mul_ip__parameterized0__xdcDup__23 |        154 |        139 |       0 |   15 |   315 |      0 |      0 |    0 |          2 |
|         GEN_MUL2.u_fp_mul                                 |                            floating_point_2_HD7405 |        154 |        139 |       0 |   15 |   315 |      0 |      0 |    0 |          2 |
|           U0                                              |     floating_point_2_floating_point_v7_1_21_HD7406 |        154 |        139 |       0 |   15 |   315 |      0 |      0 |    0 |          2 |
|             i_synth                                       | floating_point_2_floating_point_v7_1_21_viv_HD7407 |        154 |        139 |       0 |   15 |   315 |      0 |      0 |    0 |          2 |
|               need_combiner.use_2to1.skid_buffer_combiner |             floating_point_2_axi_slave_2to1_HD7479 |         59 |         59 |       0 |    0 |   135 |      0 |      0 |    0 |          0 |
|               MULT.OP                                     |                   floating_point_2_flt_mult_HD7408 |         93 |         78 |       0 |   15 |   171 |      0 |      0 |    0 |          2 |
|                 i_non_prim.EXP                            |               floating_point_2_flt_mult_exp_HD7409 |         55 |         48 |       0 |    7 |    48 |      0 |      0 |    0 |          0 |
|                 i_non_prim.R_AND_R                        |             floating_point_2_flt_mult_round_HD7457 |         22 |         14 |       0 |    8 |    62 |      0 |      0 |    0 |          0 |
|                   LOGIC.R_AND_R                           |     floating_point_2_renorm_and_round_logic_HD7458 |         22 |         14 |       0 |    8 |    62 |      0 |      0 |    0 |          0 |
|       GEN_NORM_LANE[23].u_mul                             |            fp32_mul_ip__parameterized0__xdcDup__24 |        154 |        139 |       0 |   15 |   315 |      0 |      0 |    0 |          2 |
|         GEN_MUL2.u_fp_mul                                 |                            floating_point_2_HD7480 |        154 |        139 |       0 |   15 |   315 |      0 |      0 |    0 |          2 |
|           U0                                              |     floating_point_2_floating_point_v7_1_21_HD7481 |        154 |        139 |       0 |   15 |   315 |      0 |      0 |    0 |          2 |
|             i_synth                                       | floating_point_2_floating_point_v7_1_21_viv_HD7482 |        154 |        139 |       0 |   15 |   315 |      0 |      0 |    0 |          2 |
|               need_combiner.use_2to1.skid_buffer_combiner |             floating_point_2_axi_slave_2to1_HD7554 |         59 |         59 |       0 |    0 |   135 |      0 |      0 |    0 |          0 |
|               MULT.OP                                     |                   floating_point_2_flt_mult_HD7483 |         93 |         78 |       0 |   15 |   171 |      0 |      0 |    0 |          2 |
|                 i_non_prim.EXP                            |               floating_point_2_flt_mult_exp_HD7484 |         55 |         48 |       0 |    7 |    48 |      0 |      0 |    0 |          0 |
|                 i_non_prim.R_AND_R                        |             floating_point_2_flt_mult_round_HD7532 |         22 |         14 |       0 |    8 |    62 |      0 |      0 |    0 |          0 |
|                   LOGIC.R_AND_R                           |     floating_point_2_renorm_and_round_logic_HD7533 |         22 |         14 |       0 |    8 |    62 |      0 |      0 |    0 |          0 |
|       GEN_NORM_LANE[24].u_mul                             |            fp32_mul_ip__parameterized0__xdcDup__25 |        154 |        139 |       0 |   15 |   315 |      0 |      0 |    0 |          2 |
|         GEN_MUL2.u_fp_mul                                 |                            floating_point_2_HD7555 |        154 |        139 |       0 |   15 |   315 |      0 |      0 |    0 |          2 |
|           U0                                              |     floating_point_2_floating_point_v7_1_21_HD7556 |        154 |        139 |       0 |   15 |   315 |      0 |      0 |    0 |          2 |
|             i_synth                                       | floating_point_2_floating_point_v7_1_21_viv_HD7557 |        154 |        139 |       0 |   15 |   315 |      0 |      0 |    0 |          2 |
|               need_combiner.use_2to1.skid_buffer_combiner |             floating_point_2_axi_slave_2to1_HD7629 |         59 |         59 |       0 |    0 |   135 |      0 |      0 |    0 |          0 |
|               MULT.OP                                     |                   floating_point_2_flt_mult_HD7558 |         93 |         78 |       0 |   15 |   171 |      0 |      0 |    0 |          2 |
|                 i_non_prim.EXP                            |               floating_point_2_flt_mult_exp_HD7559 |         55 |         48 |       0 |    7 |    48 |      0 |      0 |    0 |          0 |
|                 i_non_prim.R_AND_R                        |             floating_point_2_flt_mult_round_HD7607 |         22 |         14 |       0 |    8 |    62 |      0 |      0 |    0 |          0 |
|                   LOGIC.R_AND_R                           |     floating_point_2_renorm_and_round_logic_HD7608 |         22 |         14 |       0 |    8 |    62 |      0 |      0 |    0 |          0 |
|       GEN_NORM_LANE[25].u_mul                             |            fp32_mul_ip__parameterized0__xdcDup__26 |        154 |        139 |       0 |   15 |   315 |      0 |      0 |    0 |          2 |
|         GEN_MUL2.u_fp_mul                                 |                            floating_point_2_HD7630 |        154 |        139 |       0 |   15 |   315 |      0 |      0 |    0 |          2 |
|           U0                                              |     floating_point_2_floating_point_v7_1_21_HD7631 |        154 |        139 |       0 |   15 |   315 |      0 |      0 |    0 |          2 |
|             i_synth                                       | floating_point_2_floating_point_v7_1_21_viv_HD7632 |        154 |        139 |       0 |   15 |   315 |      0 |      0 |    0 |          2 |
|               need_combiner.use_2to1.skid_buffer_combiner |             floating_point_2_axi_slave_2to1_HD7704 |         59 |         59 |       0 |    0 |   135 |      0 |      0 |    0 |          0 |
|               MULT.OP                                     |                   floating_point_2_flt_mult_HD7633 |         93 |         78 |       0 |   15 |   171 |      0 |      0 |    0 |          2 |
|                 i_non_prim.EXP                            |               floating_point_2_flt_mult_exp_HD7634 |         55 |         48 |       0 |    7 |    48 |      0 |      0 |    0 |          0 |
|                 i_non_prim.R_AND_R                        |             floating_point_2_flt_mult_round_HD7682 |         22 |         14 |       0 |    8 |    62 |      0 |      0 |    0 |          0 |
|                   LOGIC.R_AND_R                           |     floating_point_2_renorm_and_round_logic_HD7683 |         22 |         14 |       0 |    8 |    62 |      0 |      0 |    0 |          0 |
|       GEN_NORM_LANE[26].u_mul                             |            fp32_mul_ip__parameterized0__xdcDup__27 |        154 |        139 |       0 |   15 |   315 |      0 |      0 |    0 |          2 |
|         GEN_MUL2.u_fp_mul                                 |                            floating_point_2_HD7705 |        154 |        139 |       0 |   15 |   315 |      0 |      0 |    0 |          2 |
|           U0                                              |     floating_point_2_floating_point_v7_1_21_HD7706 |        154 |        139 |       0 |   15 |   315 |      0 |      0 |    0 |          2 |
|             i_synth                                       | floating_point_2_floating_point_v7_1_21_viv_HD7707 |        154 |        139 |       0 |   15 |   315 |      0 |      0 |    0 |          2 |
|               need_combiner.use_2to1.skid_buffer_combiner |             floating_point_2_axi_slave_2to1_HD7779 |         59 |         59 |       0 |    0 |   135 |      0 |      0 |    0 |          0 |
|               MULT.OP                                     |                   floating_point_2_flt_mult_HD7708 |         93 |         78 |       0 |   15 |   171 |      0 |      0 |    0 |          2 |
|                 i_non_prim.EXP                            |               floating_point_2_flt_mult_exp_HD7709 |         55 |         48 |       0 |    7 |    48 |      0 |      0 |    0 |          0 |
|                 i_non_prim.R_AND_R                        |             floating_point_2_flt_mult_round_HD7757 |         22 |         14 |       0 |    8 |    62 |      0 |      0 |    0 |          0 |
|                   LOGIC.R_AND_R                           |     floating_point_2_renorm_and_round_logic_HD7758 |         22 |         14 |       0 |    8 |    62 |      0 |      0 |    0 |          0 |
|       GEN_NORM_LANE[27].u_mul                             |            fp32_mul_ip__parameterized0__xdcDup__28 |        154 |        139 |       0 |   15 |   315 |      0 |      0 |    0 |          2 |
|         GEN_MUL2.u_fp_mul                                 |                            floating_point_2_HD7780 |        154 |        139 |       0 |   15 |   315 |      0 |      0 |    0 |          2 |
|           U0                                              |     floating_point_2_floating_point_v7_1_21_HD7781 |        154 |        139 |       0 |   15 |   315 |      0 |      0 |    0 |          2 |
|             i_synth                                       | floating_point_2_floating_point_v7_1_21_viv_HD7782 |        154 |        139 |       0 |   15 |   315 |      0 |      0 |    0 |          2 |
|               need_combiner.use_2to1.skid_buffer_combiner |             floating_point_2_axi_slave_2to1_HD7854 |         59 |         59 |       0 |    0 |   135 |      0 |      0 |    0 |          0 |
|               MULT.OP                                     |                   floating_point_2_flt_mult_HD7783 |         93 |         78 |       0 |   15 |   171 |      0 |      0 |    0 |          2 |
|                 i_non_prim.EXP                            |               floating_point_2_flt_mult_exp_HD7784 |         55 |         48 |       0 |    7 |    48 |      0 |      0 |    0 |          0 |
|                 i_non_prim.R_AND_R                        |             floating_point_2_flt_mult_round_HD7832 |         22 |         14 |       0 |    8 |    62 |      0 |      0 |    0 |          0 |
|                   LOGIC.R_AND_R                           |     floating_point_2_renorm_and_round_logic_HD7833 |         22 |         14 |       0 |    8 |    62 |      0 |      0 |    0 |          0 |
|       GEN_NORM_LANE[28].u_mul                             |            fp32_mul_ip__parameterized0__xdcDup__29 |        154 |        139 |       0 |   15 |   315 |      0 |      0 |    0 |          2 |
|         GEN_MUL2.u_fp_mul                                 |                            floating_point_2_HD7855 |        154 |        139 |       0 |   15 |   315 |      0 |      0 |    0 |          2 |
|           U0                                              |     floating_point_2_floating_point_v7_1_21_HD7856 |        154 |        139 |       0 |   15 |   315 |      0 |      0 |    0 |          2 |
|             i_synth                                       | floating_point_2_floating_point_v7_1_21_viv_HD7857 |        154 |        139 |       0 |   15 |   315 |      0 |      0 |    0 |          2 |
|               need_combiner.use_2to1.skid_buffer_combiner |             floating_point_2_axi_slave_2to1_HD7929 |         59 |         59 |       0 |    0 |   135 |      0 |      0 |    0 |          0 |
|               MULT.OP                                     |                   floating_point_2_flt_mult_HD7858 |         93 |         78 |       0 |   15 |   171 |      0 |      0 |    0 |          2 |
|                 i_non_prim.EXP                            |               floating_point_2_flt_mult_exp_HD7859 |         55 |         48 |       0 |    7 |    48 |      0 |      0 |    0 |          0 |
|                 i_non_prim.R_AND_R                        |             floating_point_2_flt_mult_round_HD7907 |         22 |         14 |       0 |    8 |    62 |      0 |      0 |    0 |          0 |
|                   LOGIC.R_AND_R                           |     floating_point_2_renorm_and_round_logic_HD7908 |         22 |         14 |       0 |    8 |    62 |      0 |      0 |    0 |          0 |
|       GEN_NORM_LANE[29].u_mul                             |            fp32_mul_ip__parameterized0__xdcDup__30 |        154 |        139 |       0 |   15 |   315 |      0 |      0 |    0 |          2 |
|         GEN_MUL2.u_fp_mul                                 |                            floating_point_2_HD7930 |        154 |        139 |       0 |   15 |   315 |      0 |      0 |    0 |          2 |
|           U0                                              |     floating_point_2_floating_point_v7_1_21_HD7931 |        154 |        139 |       0 |   15 |   315 |      0 |      0 |    0 |          2 |
|             i_synth                                       | floating_point_2_floating_point_v7_1_21_viv_HD7932 |        154 |        139 |       0 |   15 |   315 |      0 |      0 |    0 |          2 |
|               need_combiner.use_2to1.skid_buffer_combiner |             floating_point_2_axi_slave_2to1_HD8004 |         59 |         59 |       0 |    0 |   135 |      0 |      0 |    0 |          0 |
|               MULT.OP                                     |                   floating_point_2_flt_mult_HD7933 |         93 |         78 |       0 |   15 |   171 |      0 |      0 |    0 |          2 |
|                 i_non_prim.EXP                            |               floating_point_2_flt_mult_exp_HD7934 |         55 |         48 |       0 |    7 |    48 |      0 |      0 |    0 |          0 |
|                 i_non_prim.R_AND_R                        |             floating_point_2_flt_mult_round_HD7982 |         22 |         14 |       0 |    8 |    62 |      0 |      0 |    0 |          0 |
|                   LOGIC.R_AND_R                           |     floating_point_2_renorm_and_round_logic_HD7983 |         22 |         14 |       0 |    8 |    62 |      0 |      0 |    0 |          0 |
|       GEN_NORM_LANE[2].u_mul                              |             fp32_mul_ip__parameterized0__xdcDup__3 |        154 |        139 |       0 |   15 |   315 |      0 |      0 |    0 |          2 |
|         GEN_MUL2.u_fp_mul                                 |                            floating_point_2_HD5905 |        154 |        139 |       0 |   15 |   315 |      0 |      0 |    0 |          2 |
|           U0                                              |     floating_point_2_floating_point_v7_1_21_HD5906 |        154 |        139 |       0 |   15 |   315 |      0 |      0 |    0 |          2 |
|             i_synth                                       | floating_point_2_floating_point_v7_1_21_viv_HD5907 |        154 |        139 |       0 |   15 |   315 |      0 |      0 |    0 |          2 |
|               need_combiner.use_2to1.skid_buffer_combiner |             floating_point_2_axi_slave_2to1_HD5979 |         59 |         59 |       0 |    0 |   135 |      0 |      0 |    0 |          0 |
|               MULT.OP                                     |                   floating_point_2_flt_mult_HD5908 |         93 |         78 |       0 |   15 |   171 |      0 |      0 |    0 |          2 |
|                 i_non_prim.EXP                            |               floating_point_2_flt_mult_exp_HD5909 |         55 |         48 |       0 |    7 |    48 |      0 |      0 |    0 |          0 |
|                 i_non_prim.R_AND_R                        |             floating_point_2_flt_mult_round_HD5957 |         22 |         14 |       0 |    8 |    62 |      0 |      0 |    0 |          0 |
|                   LOGIC.R_AND_R                           |     floating_point_2_renorm_and_round_logic_HD5958 |         22 |         14 |       0 |    8 |    62 |      0 |      0 |    0 |          0 |
|       GEN_NORM_LANE[30].u_mul                             |            fp32_mul_ip__parameterized0__xdcDup__31 |        154 |        139 |       0 |   15 |   315 |      0 |      0 |    0 |          2 |
|         GEN_MUL2.u_fp_mul                                 |                            floating_point_2_HD8005 |        154 |        139 |       0 |   15 |   315 |      0 |      0 |    0 |          2 |
|           U0                                              |     floating_point_2_floating_point_v7_1_21_HD8006 |        154 |        139 |       0 |   15 |   315 |      0 |      0 |    0 |          2 |
|             i_synth                                       | floating_point_2_floating_point_v7_1_21_viv_HD8007 |        154 |        139 |       0 |   15 |   315 |      0 |      0 |    0 |          2 |
|               need_combiner.use_2to1.skid_buffer_combiner |             floating_point_2_axi_slave_2to1_HD8079 |         59 |         59 |       0 |    0 |   135 |      0 |      0 |    0 |          0 |
|               MULT.OP                                     |                   floating_point_2_flt_mult_HD8008 |         93 |         78 |       0 |   15 |   171 |      0 |      0 |    0 |          2 |
|                 i_non_prim.EXP                            |               floating_point_2_flt_mult_exp_HD8009 |         55 |         48 |       0 |    7 |    48 |      0 |      0 |    0 |          0 |
|                 i_non_prim.R_AND_R                        |             floating_point_2_flt_mult_round_HD8057 |         22 |         14 |       0 |    8 |    62 |      0 |      0 |    0 |          0 |
|                   LOGIC.R_AND_R                           |     floating_point_2_renorm_and_round_logic_HD8058 |         22 |         14 |       0 |    8 |    62 |      0 |      0 |    0 |          0 |
|       GEN_NORM_LANE[31].u_mul                             |                        fp32_mul_ip__parameterized0 |        154 |        139 |       0 |   15 |   315 |      0 |      0 |    0 |          2 |
|         GEN_MUL2.u_fp_mul                                 |                            floating_point_2_HD8080 |        154 |        139 |       0 |   15 |   315 |      0 |      0 |    0 |          2 |
|           U0                                              |     floating_point_2_floating_point_v7_1_21_HD8081 |        154 |        139 |       0 |   15 |   315 |      0 |      0 |    0 |          2 |
|             i_synth                                       | floating_point_2_floating_point_v7_1_21_viv_HD8082 |        154 |        139 |       0 |   15 |   315 |      0 |      0 |    0 |          2 |
|               need_combiner.use_2to1.skid_buffer_combiner |             floating_point_2_axi_slave_2to1_HD8154 |         59 |         59 |       0 |    0 |   135 |      0 |      0 |    0 |          0 |
|               MULT.OP                                     |                   floating_point_2_flt_mult_HD8083 |         93 |         78 |       0 |   15 |   171 |      0 |      0 |    0 |          2 |
|                 i_non_prim.EXP                            |               floating_point_2_flt_mult_exp_HD8084 |         55 |         48 |       0 |    7 |    48 |      0 |      0 |    0 |          0 |
|                 i_non_prim.R_AND_R                        |             floating_point_2_flt_mult_round_HD8132 |         22 |         14 |       0 |    8 |    62 |      0 |      0 |    0 |          0 |
|                   LOGIC.R_AND_R                           |     floating_point_2_renorm_and_round_logic_HD8133 |         22 |         14 |       0 |    8 |    62 |      0 |      0 |    0 |          0 |
|       GEN_NORM_LANE[3].u_mul                              |             fp32_mul_ip__parameterized0__xdcDup__4 |        154 |        139 |       0 |   15 |   315 |      0 |      0 |    0 |          2 |
|         GEN_MUL2.u_fp_mul                                 |                            floating_point_2_HD5980 |        154 |        139 |       0 |   15 |   315 |      0 |      0 |    0 |          2 |
|           U0                                              |     floating_point_2_floating_point_v7_1_21_HD5981 |        154 |        139 |       0 |   15 |   315 |      0 |      0 |    0 |          2 |
|             i_synth                                       | floating_point_2_floating_point_v7_1_21_viv_HD5982 |        154 |        139 |       0 |   15 |   315 |      0 |      0 |    0 |          2 |
|               need_combiner.use_2to1.skid_buffer_combiner |             floating_point_2_axi_slave_2to1_HD6054 |         59 |         59 |       0 |    0 |   135 |      0 |      0 |    0 |          0 |
|               MULT.OP                                     |                   floating_point_2_flt_mult_HD5983 |         93 |         78 |       0 |   15 |   171 |      0 |      0 |    0 |          2 |
|                 i_non_prim.EXP                            |               floating_point_2_flt_mult_exp_HD5984 |         55 |         48 |       0 |    7 |    48 |      0 |      0 |    0 |          0 |
|                 i_non_prim.R_AND_R                        |             floating_point_2_flt_mult_round_HD6032 |         22 |         14 |       0 |    8 |    62 |      0 |      0 |    0 |          0 |
|                   LOGIC.R_AND_R                           |     floating_point_2_renorm_and_round_logic_HD6033 |         22 |         14 |       0 |    8 |    62 |      0 |      0 |    0 |          0 |
|       GEN_NORM_LANE[4].u_mul                              |             fp32_mul_ip__parameterized0__xdcDup__5 |        154 |        139 |       0 |   15 |   315 |      0 |      0 |    0 |          2 |
|         GEN_MUL2.u_fp_mul                                 |                            floating_point_2_HD6055 |        154 |        139 |       0 |   15 |   315 |      0 |      0 |    0 |          2 |
|           U0                                              |     floating_point_2_floating_point_v7_1_21_HD6056 |        154 |        139 |       0 |   15 |   315 |      0 |      0 |    0 |          2 |
|             i_synth                                       | floating_point_2_floating_point_v7_1_21_viv_HD6057 |        154 |        139 |       0 |   15 |   315 |      0 |      0 |    0 |          2 |
|               need_combiner.use_2to1.skid_buffer_combiner |             floating_point_2_axi_slave_2to1_HD6129 |         59 |         59 |       0 |    0 |   135 |      0 |      0 |    0 |          0 |
|               MULT.OP                                     |                   floating_point_2_flt_mult_HD6058 |         93 |         78 |       0 |   15 |   171 |      0 |      0 |    0 |          2 |
|                 i_non_prim.EXP                            |               floating_point_2_flt_mult_exp_HD6059 |         55 |         48 |       0 |    7 |    48 |      0 |      0 |    0 |          0 |
|                 i_non_prim.R_AND_R                        |             floating_point_2_flt_mult_round_HD6107 |         22 |         14 |       0 |    8 |    62 |      0 |      0 |    0 |          0 |
|                   LOGIC.R_AND_R                           |     floating_point_2_renorm_and_round_logic_HD6108 |         22 |         14 |       0 |    8 |    62 |      0 |      0 |    0 |          0 |
|       GEN_NORM_LANE[5].u_mul                              |             fp32_mul_ip__parameterized0__xdcDup__6 |        154 |        139 |       0 |   15 |   315 |      0 |      0 |    0 |          2 |
|         GEN_MUL2.u_fp_mul                                 |                            floating_point_2_HD6130 |        154 |        139 |       0 |   15 |   315 |      0 |      0 |    0 |          2 |
|           U0                                              |     floating_point_2_floating_point_v7_1_21_HD6131 |        154 |        139 |       0 |   15 |   315 |      0 |      0 |    0 |          2 |
|             i_synth                                       | floating_point_2_floating_point_v7_1_21_viv_HD6132 |        154 |        139 |       0 |   15 |   315 |      0 |      0 |    0 |          2 |
|               need_combiner.use_2to1.skid_buffer_combiner |             floating_point_2_axi_slave_2to1_HD6204 |         59 |         59 |       0 |    0 |   135 |      0 |      0 |    0 |          0 |
|               MULT.OP                                     |                   floating_point_2_flt_mult_HD6133 |         93 |         78 |       0 |   15 |   171 |      0 |      0 |    0 |          2 |
|                 i_non_prim.EXP                            |               floating_point_2_flt_mult_exp_HD6134 |         55 |         48 |       0 |    7 |    48 |      0 |      0 |    0 |          0 |
|                 i_non_prim.R_AND_R                        |             floating_point_2_flt_mult_round_HD6182 |         22 |         14 |       0 |    8 |    62 |      0 |      0 |    0 |          0 |
|                   LOGIC.R_AND_R                           |     floating_point_2_renorm_and_round_logic_HD6183 |         22 |         14 |       0 |    8 |    62 |      0 |      0 |    0 |          0 |
|       GEN_NORM_LANE[6].u_mul                              |             fp32_mul_ip__parameterized0__xdcDup__7 |        154 |        139 |       0 |   15 |   315 |      0 |      0 |    0 |          2 |
|         GEN_MUL2.u_fp_mul                                 |                            floating_point_2_HD6205 |        154 |        139 |       0 |   15 |   315 |      0 |      0 |    0 |          2 |
|           U0                                              |     floating_point_2_floating_point_v7_1_21_HD6206 |        154 |        139 |       0 |   15 |   315 |      0 |      0 |    0 |          2 |
|             i_synth                                       | floating_point_2_floating_point_v7_1_21_viv_HD6207 |        154 |        139 |       0 |   15 |   315 |      0 |      0 |    0 |          2 |
|               need_combiner.use_2to1.skid_buffer_combiner |             floating_point_2_axi_slave_2to1_HD6279 |         59 |         59 |       0 |    0 |   135 |      0 |      0 |    0 |          0 |
|               MULT.OP                                     |                   floating_point_2_flt_mult_HD6208 |         93 |         78 |       0 |   15 |   171 |      0 |      0 |    0 |          2 |
|                 i_non_prim.EXP                            |               floating_point_2_flt_mult_exp_HD6209 |         55 |         48 |       0 |    7 |    48 |      0 |      0 |    0 |          0 |
|                 i_non_prim.R_AND_R                        |             floating_point_2_flt_mult_round_HD6257 |         22 |         14 |       0 |    8 |    62 |      0 |      0 |    0 |          0 |
|                   LOGIC.R_AND_R                           |     floating_point_2_renorm_and_round_logic_HD6258 |         22 |         14 |       0 |    8 |    62 |      0 |      0 |    0 |          0 |
|       GEN_NORM_LANE[7].u_mul                              |             fp32_mul_ip__parameterized0__xdcDup__8 |        154 |        139 |       0 |   15 |   315 |      0 |      0 |    0 |          2 |
|         GEN_MUL2.u_fp_mul                                 |                            floating_point_2_HD6280 |        154 |        139 |       0 |   15 |   315 |      0 |      0 |    0 |          2 |
|           U0                                              |     floating_point_2_floating_point_v7_1_21_HD6281 |        154 |        139 |       0 |   15 |   315 |      0 |      0 |    0 |          2 |
|             i_synth                                       | floating_point_2_floating_point_v7_1_21_viv_HD6282 |        154 |        139 |       0 |   15 |   315 |      0 |      0 |    0 |          2 |
|               need_combiner.use_2to1.skid_buffer_combiner |             floating_point_2_axi_slave_2to1_HD6354 |         59 |         59 |       0 |    0 |   135 |      0 |      0 |    0 |          0 |
|               MULT.OP                                     |                   floating_point_2_flt_mult_HD6283 |         93 |         78 |       0 |   15 |   171 |      0 |      0 |    0 |          2 |
|                 i_non_prim.EXP                            |               floating_point_2_flt_mult_exp_HD6284 |         55 |         48 |       0 |    7 |    48 |      0 |      0 |    0 |          0 |
|                 i_non_prim.R_AND_R                        |             floating_point_2_flt_mult_round_HD6332 |         22 |         14 |       0 |    8 |    62 |      0 |      0 |    0 |          0 |
|                   LOGIC.R_AND_R                           |     floating_point_2_renorm_and_round_logic_HD6333 |         22 |         14 |       0 |    8 |    62 |      0 |      0 |    0 |          0 |
|       GEN_NORM_LANE[8].u_mul                              |             fp32_mul_ip__parameterized0__xdcDup__9 |        154 |        139 |       0 |   15 |   315 |      0 |      0 |    0 |          2 |
|         GEN_MUL2.u_fp_mul                                 |                            floating_point_2_HD6355 |        154 |        139 |       0 |   15 |   315 |      0 |      0 |    0 |          2 |
|           U0                                              |     floating_point_2_floating_point_v7_1_21_HD6356 |        154 |        139 |       0 |   15 |   315 |      0 |      0 |    0 |          2 |
|             i_synth                                       | floating_point_2_floating_point_v7_1_21_viv_HD6357 |        154 |        139 |       0 |   15 |   315 |      0 |      0 |    0 |          2 |
|               need_combiner.use_2to1.skid_buffer_combiner |             floating_point_2_axi_slave_2to1_HD6429 |         59 |         59 |       0 |    0 |   135 |      0 |      0 |    0 |          0 |
|               MULT.OP                                     |                   floating_point_2_flt_mult_HD6358 |         93 |         78 |       0 |   15 |   171 |      0 |      0 |    0 |          2 |
|                 i_non_prim.EXP                            |               floating_point_2_flt_mult_exp_HD6359 |         55 |         48 |       0 |    7 |    48 |      0 |      0 |    0 |          0 |
|                 i_non_prim.R_AND_R                        |             floating_point_2_flt_mult_round_HD6407 |         22 |         14 |       0 |    8 |    62 |      0 |      0 |    0 |          0 |
|                   LOGIC.R_AND_R                           |     floating_point_2_renorm_and_round_logic_HD6408 |         22 |         14 |       0 |    8 |    62 |      0 |      0 |    0 |          0 |
|       GEN_NORM_LANE[9].u_mul                              |            fp32_mul_ip__parameterized0__xdcDup__10 |        154 |        139 |       0 |   15 |   315 |      0 |      0 |    0 |          2 |
|         GEN_MUL2.u_fp_mul                                 |                            floating_point_2_HD6430 |        154 |        139 |       0 |   15 |   315 |      0 |      0 |    0 |          2 |
|           U0                                              |     floating_point_2_floating_point_v7_1_21_HD6431 |        154 |        139 |       0 |   15 |   315 |      0 |      0 |    0 |          2 |
|             i_synth                                       | floating_point_2_floating_point_v7_1_21_viv_HD6432 |        154 |        139 |       0 |   15 |   315 |      0 |      0 |    0 |          2 |
|               need_combiner.use_2to1.skid_buffer_combiner |             floating_point_2_axi_slave_2to1_HD6504 |         59 |         59 |       0 |    0 |   135 |      0 |      0 |    0 |          0 |
|               MULT.OP                                     |                   floating_point_2_flt_mult_HD6433 |         93 |         78 |       0 |   15 |   171 |      0 |      0 |    0 |          2 |
|                 i_non_prim.EXP                            |               floating_point_2_flt_mult_exp_HD6434 |         55 |         48 |       0 |    7 |    48 |      0 |      0 |    0 |          0 |
|                 i_non_prim.R_AND_R                        |             floating_point_2_flt_mult_round_HD6482 |         22 |         14 |       0 |    8 |    62 |      0 |      0 |    0 |          0 |
|                   LOGIC.R_AND_R                           |     floating_point_2_renorm_and_round_logic_HD6483 |         22 |         14 |       0 |    8 |    62 |      0 |      0 |    0 |          0 |
|     u_controller                                          |                           cats_r4_b3_pv_controller |       2802 |       2178 |     624 |    0 |  2352 |      0 |      0 |    0 |          0 |
|     u_mac                                                 |                           cats_r4_b3_pv_mac_32lane |      13989 |      12515 |     610 |  864 | 25993 |      0 |      0 |    0 |        128 |
|       (u_mac)                                             |                           cats_r4_b3_pv_mac_32lane |       1349 |        739 |     610 |    0 |  1193 |      0 |      0 |    0 |          0 |
|       GEN_PV_LANE[0].u_add                                |                             fp32_add_ip__xdcDup__1 |        241 |        229 |       0 |   12 |   460 |      0 |      0 |    0 |          2 |
|         u_fp_add                                          |                                   floating_point_1 |        241 |        229 |       0 |   12 |   460 |      0 |      0 |    0 |          2 |
|           U0                                              |            floating_point_1_floating_point_v7_1_21 |        241 |        229 |       0 |   12 |   460 |      0 |      0 |    0 |          2 |
|             i_synth                                       |        floating_point_1_floating_point_v7_1_21_viv |        241 |        229 |       0 |   12 |   460 |      0 |      0 |    0 |          2 |
|               need_combiner.use_2to1.skid_buffer_combiner |                    floating_point_1_axi_slave_2to1 |         75 |         75 |       0 |    0 |   135 |      0 |      0 |    0 |          0 |
|               ADDSUB_OP.ADDSUB                            |                           floating_point_1_flt_add |        164 |        152 |       0 |   12 |   313 |      0 |      0 |    0 |          2 |
|                 DSP.OP                                    |                       floating_point_1_flt_add_dsp |        164 |        152 |       0 |   12 |   313 |      0 |      0 |    0 |          2 |
|                   DSP48E1_BODY.ALIGN_ADD                  |             floating_point_1_align_add_dsp48e1_sgl |         13 |         12 |       0 |    1 |    73 |      0 |      0 |    0 |          1 |
|                   DSP48E1_BODY.EXP                        |                    floating_point_1_flt_add_exp_sp |         69 |         58 |       0 |   11 |    92 |      0 |      0 |    0 |          0 |
|                   DSP48E1_BODY.NORM_RND                   |        floating_point_1_norm_and_round_dsp48e1_sgl |         36 |         36 |       0 |    0 |    70 |      0 |      0 |    0 |          1 |
|       GEN_PV_LANE[0].u_mul                                |                             fp32_mul_ip__xdcDup__1 |        154 |        139 |       0 |   15 |   315 |      0 |      0 |    0 |          2 |
|         GEN_MUL0.u_fp_mul                                 |                                   floating_point_0 |        154 |        139 |       0 |   15 |   315 |      0 |      0 |    0 |          2 |
|           U0                                              |            floating_point_0_floating_point_v7_1_21 |        154 |        139 |       0 |   15 |   315 |      0 |      0 |    0 |          2 |
|             i_synth                                       |        floating_point_0_floating_point_v7_1_21_viv |        154 |        139 |       0 |   15 |   315 |      0 |      0 |    0 |          2 |
|               need_combiner.use_2to1.skid_buffer_combiner |                    floating_point_0_axi_slave_2to1 |         59 |         59 |       0 |    0 |   135 |      0 |      0 |    0 |          0 |
|               MULT.OP                                     |                          floating_point_0_flt_mult |         93 |         78 |       0 |   15 |   171 |      0 |      0 |    0 |          2 |
|                 i_non_prim.EXP                            |                      floating_point_0_flt_mult_exp |         55 |         48 |       0 |    7 |    48 |      0 |      0 |    0 |          0 |
|                 i_non_prim.R_AND_R                        |                    floating_point_0_flt_mult_round |         22 |         14 |       0 |    8 |    62 |      0 |      0 |    0 |          0 |
|                   LOGIC.R_AND_R                           |            floating_point_0_renorm_and_round_logic |         22 |         14 |       0 |    8 |    62 |      0 |      0 |    0 |          0 |
|       GEN_PV_LANE[10].u_add                               |                            fp32_add_ip__xdcDup__11 |        241 |        229 |       0 |   12 |   460 |      0 |      0 |    0 |          2 |
|         u_fp_add                                          |                            floating_point_1_HD3467 |        241 |        229 |       0 |   12 |   460 |      0 |      0 |    0 |          2 |
|           U0                                              |     floating_point_1_floating_point_v7_1_21_HD3468 |        241 |        229 |       0 |   12 |   460 |      0 |      0 |    0 |          2 |
|             i_synth                                       | floating_point_1_floating_point_v7_1_21_viv_HD3469 |        241 |        229 |       0 |   12 |   460 |      0 |      0 |    0 |          2 |
|               need_combiner.use_2to1.skid_buffer_combiner |             floating_point_1_axi_slave_2to1_HD3572 |         75 |         75 |       0 |    0 |   135 |      0 |      0 |    0 |          0 |
|               ADDSUB_OP.ADDSUB                            |                    floating_point_1_flt_add_HD3470 |        164 |        152 |       0 |   12 |   313 |      0 |      0 |    0 |          2 |
|                 DSP.OP                                    |                floating_point_1_flt_add_dsp_HD3471 |        164 |        152 |       0 |   12 |   313 |      0 |      0 |    0 |          2 |
|                   DSP48E1_BODY.ALIGN_ADD                  |      floating_point_1_align_add_dsp48e1_sgl_HD3476 |         13 |         12 |       0 |    1 |    73 |      0 |      0 |    0 |          1 |
|                   DSP48E1_BODY.EXP                        |             floating_point_1_flt_add_exp_sp_HD3495 |         69 |         58 |       0 |   11 |    92 |      0 |      0 |    0 |          0 |
|                   DSP48E1_BODY.NORM_RND                   | floating_point_1_norm_and_round_dsp48e1_sgl_HD3549 |         36 |         36 |       0 |    0 |    70 |      0 |      0 |    0 |          1 |
|       GEN_PV_LANE[10].u_mul                               |                            fp32_mul_ip__xdcDup__11 |        154 |        139 |       0 |   15 |   315 |      0 |      0 |    0 |          2 |
|         GEN_MUL0.u_fp_mul                                 |                             floating_point_0_HD832 |        154 |        139 |       0 |   15 |   315 |      0 |      0 |    0 |          2 |
|           U0                                              |      floating_point_0_floating_point_v7_1_21_HD833 |        154 |        139 |       0 |   15 |   315 |      0 |      0 |    0 |          2 |
|             i_synth                                       |  floating_point_0_floating_point_v7_1_21_viv_HD834 |        154 |        139 |       0 |   15 |   315 |      0 |      0 |    0 |          2 |
|               need_combiner.use_2to1.skid_buffer_combiner |              floating_point_0_axi_slave_2to1_HD906 |         59 |         59 |       0 |    0 |   135 |      0 |      0 |    0 |          0 |
|               MULT.OP                                     |                    floating_point_0_flt_mult_HD835 |         93 |         78 |       0 |   15 |   171 |      0 |      0 |    0 |          2 |
|                 i_non_prim.EXP                            |                floating_point_0_flt_mult_exp_HD836 |         55 |         48 |       0 |    7 |    48 |      0 |      0 |    0 |          0 |
|                 i_non_prim.R_AND_R                        |              floating_point_0_flt_mult_round_HD884 |         22 |         14 |       0 |    8 |    62 |      0 |      0 |    0 |          0 |
|                   LOGIC.R_AND_R                           |      floating_point_0_renorm_and_round_logic_HD885 |         22 |         14 |       0 |    8 |    62 |      0 |      0 |    0 |          0 |
|       GEN_PV_LANE[11].u_add                               |                            fp32_add_ip__xdcDup__12 |        241 |        229 |       0 |   12 |   460 |      0 |      0 |    0 |          2 |
|         u_fp_add                                          |                            floating_point_1_HD3573 |        241 |        229 |       0 |   12 |   460 |      0 |      0 |    0 |          2 |
|           U0                                              |     floating_point_1_floating_point_v7_1_21_HD3574 |        241 |        229 |       0 |   12 |   460 |      0 |      0 |    0 |          2 |
|             i_synth                                       | floating_point_1_floating_point_v7_1_21_viv_HD3575 |        241 |        229 |       0 |   12 |   460 |      0 |      0 |    0 |          2 |
|               need_combiner.use_2to1.skid_buffer_combiner |             floating_point_1_axi_slave_2to1_HD3678 |         75 |         75 |       0 |    0 |   135 |      0 |      0 |    0 |          0 |
|               ADDSUB_OP.ADDSUB                            |                    floating_point_1_flt_add_HD3576 |        164 |        152 |       0 |   12 |   313 |      0 |      0 |    0 |          2 |
|                 DSP.OP                                    |                floating_point_1_flt_add_dsp_HD3577 |        164 |        152 |       0 |   12 |   313 |      0 |      0 |    0 |          2 |
|                   DSP48E1_BODY.ALIGN_ADD                  |      floating_point_1_align_add_dsp48e1_sgl_HD3582 |         13 |         12 |       0 |    1 |    73 |      0 |      0 |    0 |          1 |
|                   DSP48E1_BODY.EXP                        |             floating_point_1_flt_add_exp_sp_HD3601 |         69 |         58 |       0 |   11 |    92 |      0 |      0 |    0 |          0 |
|                   DSP48E1_BODY.NORM_RND                   | floating_point_1_norm_and_round_dsp48e1_sgl_HD3655 |         36 |         36 |       0 |    0 |    70 |      0 |      0 |    0 |          1 |
|       GEN_PV_LANE[11].u_mul                               |                            fp32_mul_ip__xdcDup__12 |        154 |        139 |       0 |   15 |   315 |      0 |      0 |    0 |          2 |
|         GEN_MUL0.u_fp_mul                                 |                             floating_point_0_HD907 |        154 |        139 |       0 |   15 |   315 |      0 |      0 |    0 |          2 |
|           U0                                              |      floating_point_0_floating_point_v7_1_21_HD908 |        154 |        139 |       0 |   15 |   315 |      0 |      0 |    0 |          2 |
|             i_synth                                       |  floating_point_0_floating_point_v7_1_21_viv_HD909 |        154 |        139 |       0 |   15 |   315 |      0 |      0 |    0 |          2 |
|               need_combiner.use_2to1.skid_buffer_combiner |              floating_point_0_axi_slave_2to1_HD981 |         59 |         59 |       0 |    0 |   135 |      0 |      0 |    0 |          0 |
|               MULT.OP                                     |                    floating_point_0_flt_mult_HD910 |         93 |         78 |       0 |   15 |   171 |      0 |      0 |    0 |          2 |
|                 i_non_prim.EXP                            |                floating_point_0_flt_mult_exp_HD911 |         55 |         48 |       0 |    7 |    48 |      0 |      0 |    0 |          0 |
|                 i_non_prim.R_AND_R                        |              floating_point_0_flt_mult_round_HD959 |         22 |         14 |       0 |    8 |    62 |      0 |      0 |    0 |          0 |
|                   LOGIC.R_AND_R                           |      floating_point_0_renorm_and_round_logic_HD960 |         22 |         14 |       0 |    8 |    62 |      0 |      0 |    0 |          0 |
|       GEN_PV_LANE[12].u_add                               |                            fp32_add_ip__xdcDup__13 |        241 |        229 |       0 |   12 |   460 |      0 |      0 |    0 |          2 |
|         u_fp_add                                          |                            floating_point_1_HD3679 |        241 |        229 |       0 |   12 |   460 |      0 |      0 |    0 |          2 |
|           U0                                              |     floating_point_1_floating_point_v7_1_21_HD3680 |        241 |        229 |       0 |   12 |   460 |      0 |      0 |    0 |          2 |
|             i_synth                                       | floating_point_1_floating_point_v7_1_21_viv_HD3681 |        241 |        229 |       0 |   12 |   460 |      0 |      0 |    0 |          2 |
|               need_combiner.use_2to1.skid_buffer_combiner |             floating_point_1_axi_slave_2to1_HD3784 |         75 |         75 |       0 |    0 |   135 |      0 |      0 |    0 |          0 |
|               ADDSUB_OP.ADDSUB                            |                    floating_point_1_flt_add_HD3682 |        164 |        152 |       0 |   12 |   313 |      0 |      0 |    0 |          2 |
|                 DSP.OP                                    |                floating_point_1_flt_add_dsp_HD3683 |        164 |        152 |       0 |   12 |   313 |      0 |      0 |    0 |          2 |
|                   DSP48E1_BODY.ALIGN_ADD                  |      floating_point_1_align_add_dsp48e1_sgl_HD3688 |         13 |         12 |       0 |    1 |    73 |      0 |      0 |    0 |          1 |
|                   DSP48E1_BODY.EXP                        |             floating_point_1_flt_add_exp_sp_HD3707 |         69 |         58 |       0 |   11 |    92 |      0 |      0 |    0 |          0 |
|                   DSP48E1_BODY.NORM_RND                   | floating_point_1_norm_and_round_dsp48e1_sgl_HD3761 |         36 |         36 |       0 |    0 |    70 |      0 |      0 |    0 |          1 |
|       GEN_PV_LANE[12].u_mul                               |                            fp32_mul_ip__xdcDup__13 |        154 |        139 |       0 |   15 |   315 |      0 |      0 |    0 |          2 |
|         GEN_MUL0.u_fp_mul                                 |                             floating_point_0_HD982 |        154 |        139 |       0 |   15 |   315 |      0 |      0 |    0 |          2 |
|           U0                                              |      floating_point_0_floating_point_v7_1_21_HD983 |        154 |        139 |       0 |   15 |   315 |      0 |      0 |    0 |          2 |
|             i_synth                                       |  floating_point_0_floating_point_v7_1_21_viv_HD984 |        154 |        139 |       0 |   15 |   315 |      0 |      0 |    0 |          2 |
|               need_combiner.use_2to1.skid_buffer_combiner |             floating_point_0_axi_slave_2to1_HD1056 |         59 |         59 |       0 |    0 |   135 |      0 |      0 |    0 |          0 |
|               MULT.OP                                     |                    floating_point_0_flt_mult_HD985 |         93 |         78 |       0 |   15 |   171 |      0 |      0 |    0 |          2 |
|                 i_non_prim.EXP                            |                floating_point_0_flt_mult_exp_HD986 |         55 |         48 |       0 |    7 |    48 |      0 |      0 |    0 |          0 |
|                 i_non_prim.R_AND_R                        |             floating_point_0_flt_mult_round_HD1034 |         22 |         14 |       0 |    8 |    62 |      0 |      0 |    0 |          0 |
|                   LOGIC.R_AND_R                           |     floating_point_0_renorm_and_round_logic_HD1035 |         22 |         14 |       0 |    8 |    62 |      0 |      0 |    0 |          0 |
|       GEN_PV_LANE[13].u_add                               |                            fp32_add_ip__xdcDup__14 |        241 |        229 |       0 |   12 |   460 |      0 |      0 |    0 |          2 |
|         u_fp_add                                          |                            floating_point_1_HD3785 |        241 |        229 |       0 |   12 |   460 |      0 |      0 |    0 |          2 |
|           U0                                              |     floating_point_1_floating_point_v7_1_21_HD3786 |        241 |        229 |       0 |   12 |   460 |      0 |      0 |    0 |          2 |
|             i_synth                                       | floating_point_1_floating_point_v7_1_21_viv_HD3787 |        241 |        229 |       0 |   12 |   460 |      0 |      0 |    0 |          2 |
|               need_combiner.use_2to1.skid_buffer_combiner |             floating_point_1_axi_slave_2to1_HD3890 |         75 |         75 |       0 |    0 |   135 |      0 |      0 |    0 |          0 |
|               ADDSUB_OP.ADDSUB                            |                    floating_point_1_flt_add_HD3788 |        164 |        152 |       0 |   12 |   313 |      0 |      0 |    0 |          2 |
|                 DSP.OP                                    |                floating_point_1_flt_add_dsp_HD3789 |        164 |        152 |       0 |   12 |   313 |      0 |      0 |    0 |          2 |
|                   DSP48E1_BODY.ALIGN_ADD                  |      floating_point_1_align_add_dsp48e1_sgl_HD3794 |         13 |         12 |       0 |    1 |    73 |      0 |      0 |    0 |          1 |
|                   DSP48E1_BODY.EXP                        |             floating_point_1_flt_add_exp_sp_HD3813 |         69 |         58 |       0 |   11 |    92 |      0 |      0 |    0 |          0 |
|                   DSP48E1_BODY.NORM_RND                   | floating_point_1_norm_and_round_dsp48e1_sgl_HD3867 |         36 |         36 |       0 |    0 |    70 |      0 |      0 |    0 |          1 |
|       GEN_PV_LANE[13].u_mul                               |                            fp32_mul_ip__xdcDup__14 |        154 |        139 |       0 |   15 |   315 |      0 |      0 |    0 |          2 |
|         GEN_MUL0.u_fp_mul                                 |                            floating_point_0_HD1057 |        154 |        139 |       0 |   15 |   315 |      0 |      0 |    0 |          2 |
|           U0                                              |     floating_point_0_floating_point_v7_1_21_HD1058 |        154 |        139 |       0 |   15 |   315 |      0 |      0 |    0 |          2 |
|             i_synth                                       | floating_point_0_floating_point_v7_1_21_viv_HD1059 |        154 |        139 |       0 |   15 |   315 |      0 |      0 |    0 |          2 |
|               need_combiner.use_2to1.skid_buffer_combiner |             floating_point_0_axi_slave_2to1_HD1131 |         59 |         59 |       0 |    0 |   135 |      0 |      0 |    0 |          0 |
|               MULT.OP                                     |                   floating_point_0_flt_mult_HD1060 |         93 |         78 |       0 |   15 |   171 |      0 |      0 |    0 |          2 |
|                 i_non_prim.EXP                            |               floating_point_0_flt_mult_exp_HD1061 |         55 |         48 |       0 |    7 |    48 |      0 |      0 |    0 |          0 |
|                 i_non_prim.R_AND_R                        |             floating_point_0_flt_mult_round_HD1109 |         22 |         14 |       0 |    8 |    62 |      0 |      0 |    0 |          0 |
|                   LOGIC.R_AND_R                           |     floating_point_0_renorm_and_round_logic_HD1110 |         22 |         14 |       0 |    8 |    62 |      0 |      0 |    0 |          0 |
|       GEN_PV_LANE[14].u_add                               |                            fp32_add_ip__xdcDup__15 |        241 |        229 |       0 |   12 |   460 |      0 |      0 |    0 |          2 |
|         u_fp_add                                          |                            floating_point_1_HD3891 |        241 |        229 |       0 |   12 |   460 |      0 |      0 |    0 |          2 |
|           U0                                              |     floating_point_1_floating_point_v7_1_21_HD3892 |        241 |        229 |       0 |   12 |   460 |      0 |      0 |    0 |          2 |
|             i_synth                                       | floating_point_1_floating_point_v7_1_21_viv_HD3893 |        241 |        229 |       0 |   12 |   460 |      0 |      0 |    0 |          2 |
|               need_combiner.use_2to1.skid_buffer_combiner |             floating_point_1_axi_slave_2to1_HD3996 |         75 |         75 |       0 |    0 |   135 |      0 |      0 |    0 |          0 |
|               ADDSUB_OP.ADDSUB                            |                    floating_point_1_flt_add_HD3894 |        164 |        152 |       0 |   12 |   313 |      0 |      0 |    0 |          2 |
|                 DSP.OP                                    |                floating_point_1_flt_add_dsp_HD3895 |        164 |        152 |       0 |   12 |   313 |      0 |      0 |    0 |          2 |
|                   DSP48E1_BODY.ALIGN_ADD                  |      floating_point_1_align_add_dsp48e1_sgl_HD3900 |         13 |         12 |       0 |    1 |    73 |      0 |      0 |    0 |          1 |
|                   DSP48E1_BODY.EXP                        |             floating_point_1_flt_add_exp_sp_HD3919 |         69 |         58 |       0 |   11 |    92 |      0 |      0 |    0 |          0 |
|                   DSP48E1_BODY.NORM_RND                   | floating_point_1_norm_and_round_dsp48e1_sgl_HD3973 |         36 |         36 |       0 |    0 |    70 |      0 |      0 |    0 |          1 |
|       GEN_PV_LANE[14].u_mul                               |                            fp32_mul_ip__xdcDup__15 |        154 |        139 |       0 |   15 |   315 |      0 |      0 |    0 |          2 |
|         GEN_MUL0.u_fp_mul                                 |                            floating_point_0_HD1132 |        154 |        139 |       0 |   15 |   315 |      0 |      0 |    0 |          2 |
|           U0                                              |     floating_point_0_floating_point_v7_1_21_HD1133 |        154 |        139 |       0 |   15 |   315 |      0 |      0 |    0 |          2 |
|             i_synth                                       | floating_point_0_floating_point_v7_1_21_viv_HD1134 |        154 |        139 |       0 |   15 |   315 |      0 |      0 |    0 |          2 |
|               need_combiner.use_2to1.skid_buffer_combiner |             floating_point_0_axi_slave_2to1_HD1206 |         59 |         59 |       0 |    0 |   135 |      0 |      0 |    0 |          0 |
|               MULT.OP                                     |                   floating_point_0_flt_mult_HD1135 |         93 |         78 |       0 |   15 |   171 |      0 |      0 |    0 |          2 |
|                 i_non_prim.EXP                            |               floating_point_0_flt_mult_exp_HD1136 |         55 |         48 |       0 |    7 |    48 |      0 |      0 |    0 |          0 |
|                 i_non_prim.R_AND_R                        |             floating_point_0_flt_mult_round_HD1184 |         22 |         14 |       0 |    8 |    62 |      0 |      0 |    0 |          0 |
|                   LOGIC.R_AND_R                           |     floating_point_0_renorm_and_round_logic_HD1185 |         22 |         14 |       0 |    8 |    62 |      0 |      0 |    0 |          0 |
|       GEN_PV_LANE[15].u_add                               |                            fp32_add_ip__xdcDup__16 |        241 |        229 |       0 |   12 |   460 |      0 |      0 |    0 |          2 |
|         u_fp_add                                          |                            floating_point_1_HD3997 |        241 |        229 |       0 |   12 |   460 |      0 |      0 |    0 |          2 |
|           U0                                              |     floating_point_1_floating_point_v7_1_21_HD3998 |        241 |        229 |       0 |   12 |   460 |      0 |      0 |    0 |          2 |
|             i_synth                                       | floating_point_1_floating_point_v7_1_21_viv_HD3999 |        241 |        229 |       0 |   12 |   460 |      0 |      0 |    0 |          2 |
|               need_combiner.use_2to1.skid_buffer_combiner |             floating_point_1_axi_slave_2to1_HD4102 |         75 |         75 |       0 |    0 |   135 |      0 |      0 |    0 |          0 |
|               ADDSUB_OP.ADDSUB                            |                    floating_point_1_flt_add_HD4000 |        164 |        152 |       0 |   12 |   313 |      0 |      0 |    0 |          2 |
|                 DSP.OP                                    |                floating_point_1_flt_add_dsp_HD4001 |        164 |        152 |       0 |   12 |   313 |      0 |      0 |    0 |          2 |
|                   DSP48E1_BODY.ALIGN_ADD                  |      floating_point_1_align_add_dsp48e1_sgl_HD4006 |         13 |         12 |       0 |    1 |    73 |      0 |      0 |    0 |          1 |
|                   DSP48E1_BODY.EXP                        |             floating_point_1_flt_add_exp_sp_HD4025 |         69 |         58 |       0 |   11 |    92 |      0 |      0 |    0 |          0 |
|                   DSP48E1_BODY.NORM_RND                   | floating_point_1_norm_and_round_dsp48e1_sgl_HD4079 |         36 |         36 |       0 |    0 |    70 |      0 |      0 |    0 |          1 |
|       GEN_PV_LANE[15].u_mul                               |                            fp32_mul_ip__xdcDup__16 |        154 |        139 |       0 |   15 |   315 |      0 |      0 |    0 |          2 |
|         GEN_MUL0.u_fp_mul                                 |                            floating_point_0_HD1207 |        154 |        139 |       0 |   15 |   315 |      0 |      0 |    0 |          2 |
|           U0                                              |     floating_point_0_floating_point_v7_1_21_HD1208 |        154 |        139 |       0 |   15 |   315 |      0 |      0 |    0 |          2 |
|             i_synth                                       | floating_point_0_floating_point_v7_1_21_viv_HD1209 |        154 |        139 |       0 |   15 |   315 |      0 |      0 |    0 |          2 |
|               need_combiner.use_2to1.skid_buffer_combiner |             floating_point_0_axi_slave_2to1_HD1281 |         59 |         59 |       0 |    0 |   135 |      0 |      0 |    0 |          0 |
|               MULT.OP                                     |                   floating_point_0_flt_mult_HD1210 |         93 |         78 |       0 |   15 |   171 |      0 |      0 |    0 |          2 |
|                 i_non_prim.EXP                            |               floating_point_0_flt_mult_exp_HD1211 |         55 |         48 |       0 |    7 |    48 |      0 |      0 |    0 |          0 |
|                 i_non_prim.R_AND_R                        |             floating_point_0_flt_mult_round_HD1259 |         22 |         14 |       0 |    8 |    62 |      0 |      0 |    0 |          0 |
|                   LOGIC.R_AND_R                           |     floating_point_0_renorm_and_round_logic_HD1260 |         22 |         14 |       0 |    8 |    62 |      0 |      0 |    0 |          0 |
|       GEN_PV_LANE[16].u_add                               |                            fp32_add_ip__xdcDup__17 |        241 |        229 |       0 |   12 |   460 |      0 |      0 |    0 |          2 |
|         u_fp_add                                          |                            floating_point_1_HD4103 |        241 |        229 |       0 |   12 |   460 |      0 |      0 |    0 |          2 |
|           U0                                              |     floating_point_1_floating_point_v7_1_21_HD4104 |        241 |        229 |       0 |   12 |   460 |      0 |      0 |    0 |          2 |
|             i_synth                                       | floating_point_1_floating_point_v7_1_21_viv_HD4105 |        241 |        229 |       0 |   12 |   460 |      0 |      0 |    0 |          2 |
|               need_combiner.use_2to1.skid_buffer_combiner |             floating_point_1_axi_slave_2to1_HD4208 |         75 |         75 |       0 |    0 |   135 |      0 |      0 |    0 |          0 |
|               ADDSUB_OP.ADDSUB                            |                    floating_point_1_flt_add_HD4106 |        164 |        152 |       0 |   12 |   313 |      0 |      0 |    0 |          2 |
|                 DSP.OP                                    |                floating_point_1_flt_add_dsp_HD4107 |        164 |        152 |       0 |   12 |   313 |      0 |      0 |    0 |          2 |
|                   DSP48E1_BODY.ALIGN_ADD                  |      floating_point_1_align_add_dsp48e1_sgl_HD4112 |         13 |         12 |       0 |    1 |    73 |      0 |      0 |    0 |          1 |
|                   DSP48E1_BODY.EXP                        |             floating_point_1_flt_add_exp_sp_HD4131 |         69 |         58 |       0 |   11 |    92 |      0 |      0 |    0 |          0 |
|                   DSP48E1_BODY.NORM_RND                   | floating_point_1_norm_and_round_dsp48e1_sgl_HD4185 |         36 |         36 |       0 |    0 |    70 |      0 |      0 |    0 |          1 |
|       GEN_PV_LANE[16].u_mul                               |                            fp32_mul_ip__xdcDup__17 |        154 |        139 |       0 |   15 |   315 |      0 |      0 |    0 |          2 |
|         GEN_MUL0.u_fp_mul                                 |                            floating_point_0_HD1282 |        154 |        139 |       0 |   15 |   315 |      0 |      0 |    0 |          2 |
|           U0                                              |     floating_point_0_floating_point_v7_1_21_HD1283 |        154 |        139 |       0 |   15 |   315 |      0 |      0 |    0 |          2 |
|             i_synth                                       | floating_point_0_floating_point_v7_1_21_viv_HD1284 |        154 |        139 |       0 |   15 |   315 |      0 |      0 |    0 |          2 |
|               need_combiner.use_2to1.skid_buffer_combiner |             floating_point_0_axi_slave_2to1_HD1356 |         59 |         59 |       0 |    0 |   135 |      0 |      0 |    0 |          0 |
|               MULT.OP                                     |                   floating_point_0_flt_mult_HD1285 |         93 |         78 |       0 |   15 |   171 |      0 |      0 |    0 |          2 |
|                 i_non_prim.EXP                            |               floating_point_0_flt_mult_exp_HD1286 |         55 |         48 |       0 |    7 |    48 |      0 |      0 |    0 |          0 |
|                 i_non_prim.R_AND_R                        |             floating_point_0_flt_mult_round_HD1334 |         22 |         14 |       0 |    8 |    62 |      0 |      0 |    0 |          0 |
|                   LOGIC.R_AND_R                           |     floating_point_0_renorm_and_round_logic_HD1335 |         22 |         14 |       0 |    8 |    62 |      0 |      0 |    0 |          0 |
|       GEN_PV_LANE[17].u_add                               |                            fp32_add_ip__xdcDup__18 |        241 |        229 |       0 |   12 |   460 |      0 |      0 |    0 |          2 |
|         u_fp_add                                          |                            floating_point_1_HD4209 |        241 |        229 |       0 |   12 |   460 |      0 |      0 |    0 |          2 |
|           U0                                              |     floating_point_1_floating_point_v7_1_21_HD4210 |        241 |        229 |       0 |   12 |   460 |      0 |      0 |    0 |          2 |
|             i_synth                                       | floating_point_1_floating_point_v7_1_21_viv_HD4211 |        241 |        229 |       0 |   12 |   460 |      0 |      0 |    0 |          2 |
|               need_combiner.use_2to1.skid_buffer_combiner |             floating_point_1_axi_slave_2to1_HD4314 |         75 |         75 |       0 |    0 |   135 |      0 |      0 |    0 |          0 |
|               ADDSUB_OP.ADDSUB                            |                    floating_point_1_flt_add_HD4212 |        164 |        152 |       0 |   12 |   313 |      0 |      0 |    0 |          2 |
|                 DSP.OP                                    |                floating_point_1_flt_add_dsp_HD4213 |        164 |        152 |       0 |   12 |   313 |      0 |      0 |    0 |          2 |
|                   DSP48E1_BODY.ALIGN_ADD                  |      floating_point_1_align_add_dsp48e1_sgl_HD4218 |         13 |         12 |       0 |    1 |    73 |      0 |      0 |    0 |          1 |
|                   DSP48E1_BODY.EXP                        |             floating_point_1_flt_add_exp_sp_HD4237 |         69 |         58 |       0 |   11 |    92 |      0 |      0 |    0 |          0 |
|                   DSP48E1_BODY.NORM_RND                   | floating_point_1_norm_and_round_dsp48e1_sgl_HD4291 |         36 |         36 |       0 |    0 |    70 |      0 |      0 |    0 |          1 |
|       GEN_PV_LANE[17].u_mul                               |                            fp32_mul_ip__xdcDup__18 |        154 |        139 |       0 |   15 |   315 |      0 |      0 |    0 |          2 |
|         GEN_MUL0.u_fp_mul                                 |                            floating_point_0_HD1357 |        154 |        139 |       0 |   15 |   315 |      0 |      0 |    0 |          2 |
|           U0                                              |     floating_point_0_floating_point_v7_1_21_HD1358 |        154 |        139 |       0 |   15 |   315 |      0 |      0 |    0 |          2 |
|             i_synth                                       | floating_point_0_floating_point_v7_1_21_viv_HD1359 |        154 |        139 |       0 |   15 |   315 |      0 |      0 |    0 |          2 |
|               need_combiner.use_2to1.skid_buffer_combiner |             floating_point_0_axi_slave_2to1_HD1431 |         59 |         59 |       0 |    0 |   135 |      0 |      0 |    0 |          0 |
|               MULT.OP                                     |                   floating_point_0_flt_mult_HD1360 |         93 |         78 |       0 |   15 |   171 |      0 |      0 |    0 |          2 |
|                 i_non_prim.EXP                            |               floating_point_0_flt_mult_exp_HD1361 |         55 |         48 |       0 |    7 |    48 |      0 |      0 |    0 |          0 |
|                 i_non_prim.R_AND_R                        |             floating_point_0_flt_mult_round_HD1409 |         22 |         14 |       0 |    8 |    62 |      0 |      0 |    0 |          0 |
|                   LOGIC.R_AND_R                           |     floating_point_0_renorm_and_round_logic_HD1410 |         22 |         14 |       0 |    8 |    62 |      0 |      0 |    0 |          0 |
|       GEN_PV_LANE[18].u_add                               |                            fp32_add_ip__xdcDup__19 |        241 |        229 |       0 |   12 |   460 |      0 |      0 |    0 |          2 |
|         u_fp_add                                          |                            floating_point_1_HD4315 |        241 |        229 |       0 |   12 |   460 |      0 |      0 |    0 |          2 |
|           U0                                              |     floating_point_1_floating_point_v7_1_21_HD4316 |        241 |        229 |       0 |   12 |   460 |      0 |      0 |    0 |          2 |
|             i_synth                                       | floating_point_1_floating_point_v7_1_21_viv_HD4317 |        241 |        229 |       0 |   12 |   460 |      0 |      0 |    0 |          2 |
|               need_combiner.use_2to1.skid_buffer_combiner |             floating_point_1_axi_slave_2to1_HD4420 |         75 |         75 |       0 |    0 |   135 |      0 |      0 |    0 |          0 |
|               ADDSUB_OP.ADDSUB                            |                    floating_point_1_flt_add_HD4318 |        164 |        152 |       0 |   12 |   313 |      0 |      0 |    0 |          2 |
|                 DSP.OP                                    |                floating_point_1_flt_add_dsp_HD4319 |        164 |        152 |       0 |   12 |   313 |      0 |      0 |    0 |          2 |
|                   DSP48E1_BODY.ALIGN_ADD                  |      floating_point_1_align_add_dsp48e1_sgl_HD4324 |         13 |         12 |       0 |    1 |    73 |      0 |      0 |    0 |          1 |
|                   DSP48E1_BODY.EXP                        |             floating_point_1_flt_add_exp_sp_HD4343 |         69 |         58 |       0 |   11 |    92 |      0 |      0 |    0 |          0 |
|                   DSP48E1_BODY.NORM_RND                   | floating_point_1_norm_and_round_dsp48e1_sgl_HD4397 |         36 |         36 |       0 |    0 |    70 |      0 |      0 |    0 |          1 |
|       GEN_PV_LANE[18].u_mul                               |                            fp32_mul_ip__xdcDup__19 |        154 |        139 |       0 |   15 |   315 |      0 |      0 |    0 |          2 |
|         GEN_MUL0.u_fp_mul                                 |                            floating_point_0_HD1432 |        154 |        139 |       0 |   15 |   315 |      0 |      0 |    0 |          2 |
|           U0                                              |     floating_point_0_floating_point_v7_1_21_HD1433 |        154 |        139 |       0 |   15 |   315 |      0 |      0 |    0 |          2 |
|             i_synth                                       | floating_point_0_floating_point_v7_1_21_viv_HD1434 |        154 |        139 |       0 |   15 |   315 |      0 |      0 |    0 |          2 |
|               need_combiner.use_2to1.skid_buffer_combiner |             floating_point_0_axi_slave_2to1_HD1506 |         59 |         59 |       0 |    0 |   135 |      0 |      0 |    0 |          0 |
|               MULT.OP                                     |                   floating_point_0_flt_mult_HD1435 |         93 |         78 |       0 |   15 |   171 |      0 |      0 |    0 |          2 |
|                 i_non_prim.EXP                            |               floating_point_0_flt_mult_exp_HD1436 |         55 |         48 |       0 |    7 |    48 |      0 |      0 |    0 |          0 |
|                 i_non_prim.R_AND_R                        |             floating_point_0_flt_mult_round_HD1484 |         22 |         14 |       0 |    8 |    62 |      0 |      0 |    0 |          0 |
|                   LOGIC.R_AND_R                           |     floating_point_0_renorm_and_round_logic_HD1485 |         22 |         14 |       0 |    8 |    62 |      0 |      0 |    0 |          0 |
|       GEN_PV_LANE[19].u_add                               |                            fp32_add_ip__xdcDup__20 |        241 |        229 |       0 |   12 |   460 |      0 |      0 |    0 |          2 |
|         u_fp_add                                          |                            floating_point_1_HD4421 |        241 |        229 |       0 |   12 |   460 |      0 |      0 |    0 |          2 |
|           U0                                              |     floating_point_1_floating_point_v7_1_21_HD4422 |        241 |        229 |       0 |   12 |   460 |      0 |      0 |    0 |          2 |
|             i_synth                                       | floating_point_1_floating_point_v7_1_21_viv_HD4423 |        241 |        229 |       0 |   12 |   460 |      0 |      0 |    0 |          2 |
|               need_combiner.use_2to1.skid_buffer_combiner |             floating_point_1_axi_slave_2to1_HD4526 |         75 |         75 |       0 |    0 |   135 |      0 |      0 |    0 |          0 |
|               ADDSUB_OP.ADDSUB                            |                    floating_point_1_flt_add_HD4424 |        164 |        152 |       0 |   12 |   313 |      0 |      0 |    0 |          2 |
|                 DSP.OP                                    |                floating_point_1_flt_add_dsp_HD4425 |        164 |        152 |       0 |   12 |   313 |      0 |      0 |    0 |          2 |
|                   DSP48E1_BODY.ALIGN_ADD                  |      floating_point_1_align_add_dsp48e1_sgl_HD4430 |         13 |         12 |       0 |    1 |    73 |      0 |      0 |    0 |          1 |
|                   DSP48E1_BODY.EXP                        |             floating_point_1_flt_add_exp_sp_HD4449 |         69 |         58 |       0 |   11 |    92 |      0 |      0 |    0 |          0 |
|                   DSP48E1_BODY.NORM_RND                   | floating_point_1_norm_and_round_dsp48e1_sgl_HD4503 |         36 |         36 |       0 |    0 |    70 |      0 |      0 |    0 |          1 |
|       GEN_PV_LANE[19].u_mul                               |                            fp32_mul_ip__xdcDup__20 |        154 |        139 |       0 |   15 |   315 |      0 |      0 |    0 |          2 |
|         GEN_MUL0.u_fp_mul                                 |                            floating_point_0_HD1507 |        154 |        139 |       0 |   15 |   315 |      0 |      0 |    0 |          2 |
|           U0                                              |     floating_point_0_floating_point_v7_1_21_HD1508 |        154 |        139 |       0 |   15 |   315 |      0 |      0 |    0 |          2 |
|             i_synth                                       | floating_point_0_floating_point_v7_1_21_viv_HD1509 |        154 |        139 |       0 |   15 |   315 |      0 |      0 |    0 |          2 |
|               need_combiner.use_2to1.skid_buffer_combiner |             floating_point_0_axi_slave_2to1_HD1581 |         59 |         59 |       0 |    0 |   135 |      0 |      0 |    0 |          0 |
|               MULT.OP                                     |                   floating_point_0_flt_mult_HD1510 |         93 |         78 |       0 |   15 |   171 |      0 |      0 |    0 |          2 |
|                 i_non_prim.EXP                            |               floating_point_0_flt_mult_exp_HD1511 |         55 |         48 |       0 |    7 |    48 |      0 |      0 |    0 |          0 |
|                 i_non_prim.R_AND_R                        |             floating_point_0_flt_mult_round_HD1559 |         22 |         14 |       0 |    8 |    62 |      0 |      0 |    0 |          0 |
|                   LOGIC.R_AND_R                           |     floating_point_0_renorm_and_round_logic_HD1560 |         22 |         14 |       0 |    8 |    62 |      0 |      0 |    0 |          0 |
|       GEN_PV_LANE[1].u_add                                |                             fp32_add_ip__xdcDup__2 |        241 |        229 |       0 |   12 |   460 |      0 |      0 |    0 |          2 |
|         u_fp_add                                          |                            floating_point_1_HD2513 |        241 |        229 |       0 |   12 |   460 |      0 |      0 |    0 |          2 |
|           U0                                              |     floating_point_1_floating_point_v7_1_21_HD2514 |        241 |        229 |       0 |   12 |   460 |      0 |      0 |    0 |          2 |
|             i_synth                                       | floating_point_1_floating_point_v7_1_21_viv_HD2515 |        241 |        229 |       0 |   12 |   460 |      0 |      0 |    0 |          2 |
|               need_combiner.use_2to1.skid_buffer_combiner |             floating_point_1_axi_slave_2to1_HD2618 |         75 |         75 |       0 |    0 |   135 |      0 |      0 |    0 |          0 |
|               ADDSUB_OP.ADDSUB                            |                    floating_point_1_flt_add_HD2516 |        164 |        152 |       0 |   12 |   313 |      0 |      0 |    0 |          2 |
|                 DSP.OP                                    |                floating_point_1_flt_add_dsp_HD2517 |        164 |        152 |       0 |   12 |   313 |      0 |      0 |    0 |          2 |
|                   DSP48E1_BODY.ALIGN_ADD                  |      floating_point_1_align_add_dsp48e1_sgl_HD2522 |         13 |         12 |       0 |    1 |    73 |      0 |      0 |    0 |          1 |
|                   DSP48E1_BODY.EXP                        |             floating_point_1_flt_add_exp_sp_HD2541 |         69 |         58 |       0 |   11 |    92 |      0 |      0 |    0 |          0 |
|                   DSP48E1_BODY.NORM_RND                   | floating_point_1_norm_and_round_dsp48e1_sgl_HD2595 |         36 |         36 |       0 |    0 |    70 |      0 |      0 |    0 |          1 |
|       GEN_PV_LANE[1].u_mul                                |                             fp32_mul_ip__xdcDup__2 |        154 |        139 |       0 |   15 |   315 |      0 |      0 |    0 |          2 |
|         GEN_MUL0.u_fp_mul                                 |                             floating_point_0_HD157 |        154 |        139 |       0 |   15 |   315 |      0 |      0 |    0 |          2 |
|           U0                                              |      floating_point_0_floating_point_v7_1_21_HD158 |        154 |        139 |       0 |   15 |   315 |      0 |      0 |    0 |          2 |
|             i_synth                                       |  floating_point_0_floating_point_v7_1_21_viv_HD159 |        154 |        139 |       0 |   15 |   315 |      0 |      0 |    0 |          2 |
|               need_combiner.use_2to1.skid_buffer_combiner |              floating_point_0_axi_slave_2to1_HD231 |         59 |         59 |       0 |    0 |   135 |      0 |      0 |    0 |          0 |
|               MULT.OP                                     |                    floating_point_0_flt_mult_HD160 |         93 |         78 |       0 |   15 |   171 |      0 |      0 |    0 |          2 |
|                 i_non_prim.EXP                            |                floating_point_0_flt_mult_exp_HD161 |         55 |         48 |       0 |    7 |    48 |      0 |      0 |    0 |          0 |
|                 i_non_prim.R_AND_R                        |              floating_point_0_flt_mult_round_HD209 |         22 |         14 |       0 |    8 |    62 |      0 |      0 |    0 |          0 |
|                   LOGIC.R_AND_R                           |      floating_point_0_renorm_and_round_logic_HD210 |         22 |         14 |       0 |    8 |    62 |      0 |      0 |    0 |          0 |
|       GEN_PV_LANE[20].u_add                               |                            fp32_add_ip__xdcDup__21 |        241 |        229 |       0 |   12 |   460 |      0 |      0 |    0 |          2 |
|         u_fp_add                                          |                            floating_point_1_HD4527 |        241 |        229 |       0 |   12 |   460 |      0 |      0 |    0 |          2 |
|           U0                                              |     floating_point_1_floating_point_v7_1_21_HD4528 |        241 |        229 |       0 |   12 |   460 |      0 |      0 |    0 |          2 |
|             i_synth                                       | floating_point_1_floating_point_v7_1_21_viv_HD4529 |        241 |        229 |       0 |   12 |   460 |      0 |      0 |    0 |          2 |
|               need_combiner.use_2to1.skid_buffer_combiner |             floating_point_1_axi_slave_2to1_HD4632 |         75 |         75 |       0 |    0 |   135 |      0 |      0 |    0 |          0 |
|               ADDSUB_OP.ADDSUB                            |                    floating_point_1_flt_add_HD4530 |        164 |        152 |       0 |   12 |   313 |      0 |      0 |    0 |          2 |
|                 DSP.OP                                    |                floating_point_1_flt_add_dsp_HD4531 |        164 |        152 |       0 |   12 |   313 |      0 |      0 |    0 |          2 |
|                   DSP48E1_BODY.ALIGN_ADD                  |      floating_point_1_align_add_dsp48e1_sgl_HD4536 |         13 |         12 |       0 |    1 |    73 |      0 |      0 |    0 |          1 |
|                   DSP48E1_BODY.EXP                        |             floating_point_1_flt_add_exp_sp_HD4555 |         69 |         58 |       0 |   11 |    92 |      0 |      0 |    0 |          0 |
|                   DSP48E1_BODY.NORM_RND                   | floating_point_1_norm_and_round_dsp48e1_sgl_HD4609 |         36 |         36 |       0 |    0 |    70 |      0 |      0 |    0 |          1 |
|       GEN_PV_LANE[20].u_mul                               |                            fp32_mul_ip__xdcDup__21 |        154 |        139 |       0 |   15 |   315 |      0 |      0 |    0 |          2 |
|         GEN_MUL0.u_fp_mul                                 |                            floating_point_0_HD1582 |        154 |        139 |       0 |   15 |   315 |      0 |      0 |    0 |          2 |
|           U0                                              |     floating_point_0_floating_point_v7_1_21_HD1583 |        154 |        139 |       0 |   15 |   315 |      0 |      0 |    0 |          2 |
|             i_synth                                       | floating_point_0_floating_point_v7_1_21_viv_HD1584 |        154 |        139 |       0 |   15 |   315 |      0 |      0 |    0 |          2 |
|               need_combiner.use_2to1.skid_buffer_combiner |             floating_point_0_axi_slave_2to1_HD1656 |         59 |         59 |       0 |    0 |   135 |      0 |      0 |    0 |          0 |
|               MULT.OP                                     |                   floating_point_0_flt_mult_HD1585 |         93 |         78 |       0 |   15 |   171 |      0 |      0 |    0 |          2 |
|                 i_non_prim.EXP                            |               floating_point_0_flt_mult_exp_HD1586 |         55 |         48 |       0 |    7 |    48 |      0 |      0 |    0 |          0 |
|                 i_non_prim.R_AND_R                        |             floating_point_0_flt_mult_round_HD1634 |         22 |         14 |       0 |    8 |    62 |      0 |      0 |    0 |          0 |
|                   LOGIC.R_AND_R                           |     floating_point_0_renorm_and_round_logic_HD1635 |         22 |         14 |       0 |    8 |    62 |      0 |      0 |    0 |          0 |
|       GEN_PV_LANE[21].u_add                               |                            fp32_add_ip__xdcDup__22 |        241 |        229 |       0 |   12 |   460 |      0 |      0 |    0 |          2 |
|         u_fp_add                                          |                            floating_point_1_HD4633 |        241 |        229 |       0 |   12 |   460 |      0 |      0 |    0 |          2 |
|           U0                                              |     floating_point_1_floating_point_v7_1_21_HD4634 |        241 |        229 |       0 |   12 |   460 |      0 |      0 |    0 |          2 |
|             i_synth                                       | floating_point_1_floating_point_v7_1_21_viv_HD4635 |        241 |        229 |       0 |   12 |   460 |      0 |      0 |    0 |          2 |
|               need_combiner.use_2to1.skid_buffer_combiner |             floating_point_1_axi_slave_2to1_HD4738 |         75 |         75 |       0 |    0 |   135 |      0 |      0 |    0 |          0 |
|               ADDSUB_OP.ADDSUB                            |                    floating_point_1_flt_add_HD4636 |        164 |        152 |       0 |   12 |   313 |      0 |      0 |    0 |          2 |
|                 DSP.OP                                    |                floating_point_1_flt_add_dsp_HD4637 |        164 |        152 |       0 |   12 |   313 |      0 |      0 |    0 |          2 |
|                   DSP48E1_BODY.ALIGN_ADD                  |      floating_point_1_align_add_dsp48e1_sgl_HD4642 |         13 |         12 |       0 |    1 |    73 |      0 |      0 |    0 |          1 |
|                   DSP48E1_BODY.EXP                        |             floating_point_1_flt_add_exp_sp_HD4661 |         69 |         58 |       0 |   11 |    92 |      0 |      0 |    0 |          0 |
|                   DSP48E1_BODY.NORM_RND                   | floating_point_1_norm_and_round_dsp48e1_sgl_HD4715 |         36 |         36 |       0 |    0 |    70 |      0 |      0 |    0 |          1 |
|       GEN_PV_LANE[21].u_mul                               |                            fp32_mul_ip__xdcDup__22 |        154 |        139 |       0 |   15 |   315 |      0 |      0 |    0 |          2 |
|         GEN_MUL0.u_fp_mul                                 |                            floating_point_0_HD1657 |        154 |        139 |       0 |   15 |   315 |      0 |      0 |    0 |          2 |
|           U0                                              |     floating_point_0_floating_point_v7_1_21_HD1658 |        154 |        139 |       0 |   15 |   315 |      0 |      0 |    0 |          2 |
|             i_synth                                       | floating_point_0_floating_point_v7_1_21_viv_HD1659 |        154 |        139 |       0 |   15 |   315 |      0 |      0 |    0 |          2 |
|               need_combiner.use_2to1.skid_buffer_combiner |             floating_point_0_axi_slave_2to1_HD1731 |         59 |         59 |       0 |    0 |   135 |      0 |      0 |    0 |          0 |
|               MULT.OP                                     |                   floating_point_0_flt_mult_HD1660 |         93 |         78 |       0 |   15 |   171 |      0 |      0 |    0 |          2 |
|                 i_non_prim.EXP                            |               floating_point_0_flt_mult_exp_HD1661 |         55 |         48 |       0 |    7 |    48 |      0 |      0 |    0 |          0 |
|                 i_non_prim.R_AND_R                        |             floating_point_0_flt_mult_round_HD1709 |         22 |         14 |       0 |    8 |    62 |      0 |      0 |    0 |          0 |
|                   LOGIC.R_AND_R                           |     floating_point_0_renorm_and_round_logic_HD1710 |         22 |         14 |       0 |    8 |    62 |      0 |      0 |    0 |          0 |
|       GEN_PV_LANE[22].u_add                               |                            fp32_add_ip__xdcDup__23 |        241 |        229 |       0 |   12 |   460 |      0 |      0 |    0 |          2 |
|         u_fp_add                                          |                            floating_point_1_HD4739 |        241 |        229 |       0 |   12 |   460 |      0 |      0 |    0 |          2 |
|           U0                                              |     floating_point_1_floating_point_v7_1_21_HD4740 |        241 |        229 |       0 |   12 |   460 |      0 |      0 |    0 |          2 |
|             i_synth                                       | floating_point_1_floating_point_v7_1_21_viv_HD4741 |        241 |        229 |       0 |   12 |   460 |      0 |      0 |    0 |          2 |
|               need_combiner.use_2to1.skid_buffer_combiner |             floating_point_1_axi_slave_2to1_HD4844 |         75 |         75 |       0 |    0 |   135 |      0 |      0 |    0 |          0 |
|               ADDSUB_OP.ADDSUB                            |                    floating_point_1_flt_add_HD4742 |        164 |        152 |       0 |   12 |   313 |      0 |      0 |    0 |          2 |
|                 DSP.OP                                    |                floating_point_1_flt_add_dsp_HD4743 |        164 |        152 |       0 |   12 |   313 |      0 |      0 |    0 |          2 |
|                   DSP48E1_BODY.ALIGN_ADD                  |      floating_point_1_align_add_dsp48e1_sgl_HD4748 |         13 |         12 |       0 |    1 |    73 |      0 |      0 |    0 |          1 |
|                   DSP48E1_BODY.EXP                        |             floating_point_1_flt_add_exp_sp_HD4767 |         69 |         58 |       0 |   11 |    92 |      0 |      0 |    0 |          0 |
|                   DSP48E1_BODY.NORM_RND                   | floating_point_1_norm_and_round_dsp48e1_sgl_HD4821 |         36 |         36 |       0 |    0 |    70 |      0 |      0 |    0 |          1 |
|       GEN_PV_LANE[22].u_mul                               |                            fp32_mul_ip__xdcDup__23 |        154 |        139 |       0 |   15 |   315 |      0 |      0 |    0 |          2 |
|         GEN_MUL0.u_fp_mul                                 |                            floating_point_0_HD1732 |        154 |        139 |       0 |   15 |   315 |      0 |      0 |    0 |          2 |
|           U0                                              |     floating_point_0_floating_point_v7_1_21_HD1733 |        154 |        139 |       0 |   15 |   315 |      0 |      0 |    0 |          2 |
|             i_synth                                       | floating_point_0_floating_point_v7_1_21_viv_HD1734 |        154 |        139 |       0 |   15 |   315 |      0 |      0 |    0 |          2 |
|               need_combiner.use_2to1.skid_buffer_combiner |             floating_point_0_axi_slave_2to1_HD1806 |         59 |         59 |       0 |    0 |   135 |      0 |      0 |    0 |          0 |
|               MULT.OP                                     |                   floating_point_0_flt_mult_HD1735 |         93 |         78 |       0 |   15 |   171 |      0 |      0 |    0 |          2 |
|                 i_non_prim.EXP                            |               floating_point_0_flt_mult_exp_HD1736 |         55 |         48 |       0 |    7 |    48 |      0 |      0 |    0 |          0 |
|                 i_non_prim.R_AND_R                        |             floating_point_0_flt_mult_round_HD1784 |         22 |         14 |       0 |    8 |    62 |      0 |      0 |    0 |          0 |
|                   LOGIC.R_AND_R                           |     floating_point_0_renorm_and_round_logic_HD1785 |         22 |         14 |       0 |    8 |    62 |      0 |      0 |    0 |          0 |
|       GEN_PV_LANE[23].u_add                               |                            fp32_add_ip__xdcDup__24 |        241 |        229 |       0 |   12 |   460 |      0 |      0 |    0 |          2 |
|         u_fp_add                                          |                            floating_point_1_HD4845 |        241 |        229 |       0 |   12 |   460 |      0 |      0 |    0 |          2 |
|           U0                                              |     floating_point_1_floating_point_v7_1_21_HD4846 |        241 |        229 |       0 |   12 |   460 |      0 |      0 |    0 |          2 |
|             i_synth                                       | floating_point_1_floating_point_v7_1_21_viv_HD4847 |        241 |        229 |       0 |   12 |   460 |      0 |      0 |    0 |          2 |
|               need_combiner.use_2to1.skid_buffer_combiner |             floating_point_1_axi_slave_2to1_HD4950 |         75 |         75 |       0 |    0 |   135 |      0 |      0 |    0 |          0 |
|               ADDSUB_OP.ADDSUB                            |                    floating_point_1_flt_add_HD4848 |        164 |        152 |       0 |   12 |   313 |      0 |      0 |    0 |          2 |
|                 DSP.OP                                    |                floating_point_1_flt_add_dsp_HD4849 |        164 |        152 |       0 |   12 |   313 |      0 |      0 |    0 |          2 |
|                   DSP48E1_BODY.ALIGN_ADD                  |      floating_point_1_align_add_dsp48e1_sgl_HD4854 |         13 |         12 |       0 |    1 |    73 |      0 |      0 |    0 |          1 |
|                   DSP48E1_BODY.EXP                        |             floating_point_1_flt_add_exp_sp_HD4873 |         69 |         58 |       0 |   11 |    92 |      0 |      0 |    0 |          0 |
|                   DSP48E1_BODY.NORM_RND                   | floating_point_1_norm_and_round_dsp48e1_sgl_HD4927 |         36 |         36 |       0 |    0 |    70 |      0 |      0 |    0 |          1 |
|       GEN_PV_LANE[23].u_mul                               |                            fp32_mul_ip__xdcDup__24 |        154 |        139 |       0 |   15 |   315 |      0 |      0 |    0 |          2 |
|         GEN_MUL0.u_fp_mul                                 |                            floating_point_0_HD1807 |        154 |        139 |       0 |   15 |   315 |      0 |      0 |    0 |          2 |
|           U0                                              |     floating_point_0_floating_point_v7_1_21_HD1808 |        154 |        139 |       0 |   15 |   315 |      0 |      0 |    0 |          2 |
|             i_synth                                       | floating_point_0_floating_point_v7_1_21_viv_HD1809 |        154 |        139 |       0 |   15 |   315 |      0 |      0 |    0 |          2 |
|               need_combiner.use_2to1.skid_buffer_combiner |             floating_point_0_axi_slave_2to1_HD1881 |         59 |         59 |       0 |    0 |   135 |      0 |      0 |    0 |          0 |
|               MULT.OP                                     |                   floating_point_0_flt_mult_HD1810 |         93 |         78 |       0 |   15 |   171 |      0 |      0 |    0 |          2 |
|                 i_non_prim.EXP                            |               floating_point_0_flt_mult_exp_HD1811 |         55 |         48 |       0 |    7 |    48 |      0 |      0 |    0 |          0 |
|                 i_non_prim.R_AND_R                        |             floating_point_0_flt_mult_round_HD1859 |         22 |         14 |       0 |    8 |    62 |      0 |      0 |    0 |          0 |
|                   LOGIC.R_AND_R                           |     floating_point_0_renorm_and_round_logic_HD1860 |         22 |         14 |       0 |    8 |    62 |      0 |      0 |    0 |          0 |
|       GEN_PV_LANE[24].u_add                               |                            fp32_add_ip__xdcDup__25 |        241 |        229 |       0 |   12 |   460 |      0 |      0 |    0 |          2 |
|         u_fp_add                                          |                            floating_point_1_HD4951 |        241 |        229 |       0 |   12 |   460 |      0 |      0 |    0 |          2 |
|           U0                                              |     floating_point_1_floating_point_v7_1_21_HD4952 |        241 |        229 |       0 |   12 |   460 |      0 |      0 |    0 |          2 |
|             i_synth                                       | floating_point_1_floating_point_v7_1_21_viv_HD4953 |        241 |        229 |       0 |   12 |   460 |      0 |      0 |    0 |          2 |
|               need_combiner.use_2to1.skid_buffer_combiner |             floating_point_1_axi_slave_2to1_HD5056 |         75 |         75 |       0 |    0 |   135 |      0 |      0 |    0 |          0 |
|               ADDSUB_OP.ADDSUB                            |                    floating_point_1_flt_add_HD4954 |        164 |        152 |       0 |   12 |   313 |      0 |      0 |    0 |          2 |
|                 DSP.OP                                    |                floating_point_1_flt_add_dsp_HD4955 |        164 |        152 |       0 |   12 |   313 |      0 |      0 |    0 |          2 |
|                   DSP48E1_BODY.ALIGN_ADD                  |      floating_point_1_align_add_dsp48e1_sgl_HD4960 |         13 |         12 |       0 |    1 |    73 |      0 |      0 |    0 |          1 |
|                   DSP48E1_BODY.EXP                        |             floating_point_1_flt_add_exp_sp_HD4979 |         69 |         58 |       0 |   11 |    92 |      0 |      0 |    0 |          0 |
|                   DSP48E1_BODY.NORM_RND                   | floating_point_1_norm_and_round_dsp48e1_sgl_HD5033 |         36 |         36 |       0 |    0 |    70 |      0 |      0 |    0 |          1 |
|       GEN_PV_LANE[24].u_mul                               |                            fp32_mul_ip__xdcDup__25 |        154 |        139 |       0 |   15 |   315 |      0 |      0 |    0 |          2 |
|         GEN_MUL0.u_fp_mul                                 |                            floating_point_0_HD1882 |        154 |        139 |       0 |   15 |   315 |      0 |      0 |    0 |          2 |
|           U0                                              |     floating_point_0_floating_point_v7_1_21_HD1883 |        154 |        139 |       0 |   15 |   315 |      0 |      0 |    0 |          2 |
|             i_synth                                       | floating_point_0_floating_point_v7_1_21_viv_HD1884 |        154 |        139 |       0 |   15 |   315 |      0 |      0 |    0 |          2 |
|               need_combiner.use_2to1.skid_buffer_combiner |             floating_point_0_axi_slave_2to1_HD1956 |         59 |         59 |       0 |    0 |   135 |      0 |      0 |    0 |          0 |
|               MULT.OP                                     |                   floating_point_0_flt_mult_HD1885 |         93 |         78 |       0 |   15 |   171 |      0 |      0 |    0 |          2 |
|                 i_non_prim.EXP                            |               floating_point_0_flt_mult_exp_HD1886 |         55 |         48 |       0 |    7 |    48 |      0 |      0 |    0 |          0 |
|                 i_non_prim.R_AND_R                        |             floating_point_0_flt_mult_round_HD1934 |         22 |         14 |       0 |    8 |    62 |      0 |      0 |    0 |          0 |
|                   LOGIC.R_AND_R                           |     floating_point_0_renorm_and_round_logic_HD1935 |         22 |         14 |       0 |    8 |    62 |      0 |      0 |    0 |          0 |
|       GEN_PV_LANE[25].u_add                               |                            fp32_add_ip__xdcDup__26 |        241 |        229 |       0 |   12 |   460 |      0 |      0 |    0 |          2 |
|         u_fp_add                                          |                            floating_point_1_HD5057 |        241 |        229 |       0 |   12 |   460 |      0 |      0 |    0 |          2 |
|           U0                                              |     floating_point_1_floating_point_v7_1_21_HD5058 |        241 |        229 |       0 |   12 |   460 |      0 |      0 |    0 |          2 |
|             i_synth                                       | floating_point_1_floating_point_v7_1_21_viv_HD5059 |        241 |        229 |       0 |   12 |   460 |      0 |      0 |    0 |          2 |
|               need_combiner.use_2to1.skid_buffer_combiner |             floating_point_1_axi_slave_2to1_HD5162 |         75 |         75 |       0 |    0 |   135 |      0 |      0 |    0 |          0 |
|               ADDSUB_OP.ADDSUB                            |                    floating_point_1_flt_add_HD5060 |        164 |        152 |       0 |   12 |   313 |      0 |      0 |    0 |          2 |
|                 DSP.OP                                    |                floating_point_1_flt_add_dsp_HD5061 |        164 |        152 |       0 |   12 |   313 |      0 |      0 |    0 |          2 |
|                   DSP48E1_BODY.ALIGN_ADD                  |      floating_point_1_align_add_dsp48e1_sgl_HD5066 |         13 |         12 |       0 |    1 |    73 |      0 |      0 |    0 |          1 |
|                   DSP48E1_BODY.EXP                        |             floating_point_1_flt_add_exp_sp_HD5085 |         69 |         58 |       0 |   11 |    92 |      0 |      0 |    0 |          0 |
|                   DSP48E1_BODY.NORM_RND                   | floating_point_1_norm_and_round_dsp48e1_sgl_HD5139 |         36 |         36 |       0 |    0 |    70 |      0 |      0 |    0 |          1 |
|       GEN_PV_LANE[25].u_mul                               |                            fp32_mul_ip__xdcDup__26 |        154 |        139 |       0 |   15 |   315 |      0 |      0 |    0 |          2 |
|         GEN_MUL0.u_fp_mul                                 |                            floating_point_0_HD1957 |        154 |        139 |       0 |   15 |   315 |      0 |      0 |    0 |          2 |
|           U0                                              |     floating_point_0_floating_point_v7_1_21_HD1958 |        154 |        139 |       0 |   15 |   315 |      0 |      0 |    0 |          2 |
|             i_synth                                       | floating_point_0_floating_point_v7_1_21_viv_HD1959 |        154 |        139 |       0 |   15 |   315 |      0 |      0 |    0 |          2 |
|               need_combiner.use_2to1.skid_buffer_combiner |             floating_point_0_axi_slave_2to1_HD2031 |         59 |         59 |       0 |    0 |   135 |      0 |      0 |    0 |          0 |
|               MULT.OP                                     |                   floating_point_0_flt_mult_HD1960 |         93 |         78 |       0 |   15 |   171 |      0 |      0 |    0 |          2 |
|                 i_non_prim.EXP                            |               floating_point_0_flt_mult_exp_HD1961 |         55 |         48 |       0 |    7 |    48 |      0 |      0 |    0 |          0 |
|                 i_non_prim.R_AND_R                        |             floating_point_0_flt_mult_round_HD2009 |         22 |         14 |       0 |    8 |    62 |      0 |      0 |    0 |          0 |
|                   LOGIC.R_AND_R                           |     floating_point_0_renorm_and_round_logic_HD2010 |         22 |         14 |       0 |    8 |    62 |      0 |      0 |    0 |          0 |
|       GEN_PV_LANE[26].u_add                               |                            fp32_add_ip__xdcDup__27 |        241 |        229 |       0 |   12 |   460 |      0 |      0 |    0 |          2 |
|         u_fp_add                                          |                            floating_point_1_HD5163 |        241 |        229 |       0 |   12 |   460 |      0 |      0 |    0 |          2 |
|           U0                                              |     floating_point_1_floating_point_v7_1_21_HD5164 |        241 |        229 |       0 |   12 |   460 |      0 |      0 |    0 |          2 |
|             i_synth                                       | floating_point_1_floating_point_v7_1_21_viv_HD5165 |        241 |        229 |       0 |   12 |   460 |      0 |      0 |    0 |          2 |
|               need_combiner.use_2to1.skid_buffer_combiner |             floating_point_1_axi_slave_2to1_HD5268 |         75 |         75 |       0 |    0 |   135 |      0 |      0 |    0 |          0 |
|               ADDSUB_OP.ADDSUB                            |                    floating_point_1_flt_add_HD5166 |        164 |        152 |       0 |   12 |   313 |      0 |      0 |    0 |          2 |
|                 DSP.OP                                    |                floating_point_1_flt_add_dsp_HD5167 |        164 |        152 |       0 |   12 |   313 |      0 |      0 |    0 |          2 |
|                   DSP48E1_BODY.ALIGN_ADD                  |      floating_point_1_align_add_dsp48e1_sgl_HD5172 |         13 |         12 |       0 |    1 |    73 |      0 |      0 |    0 |          1 |
|                   DSP48E1_BODY.EXP                        |             floating_point_1_flt_add_exp_sp_HD5191 |         69 |         58 |       0 |   11 |    92 |      0 |      0 |    0 |          0 |
|                   DSP48E1_BODY.NORM_RND                   | floating_point_1_norm_and_round_dsp48e1_sgl_HD5245 |         36 |         36 |       0 |    0 |    70 |      0 |      0 |    0 |          1 |
|       GEN_PV_LANE[26].u_mul                               |                            fp32_mul_ip__xdcDup__27 |        154 |        139 |       0 |   15 |   315 |      0 |      0 |    0 |          2 |
|         GEN_MUL0.u_fp_mul                                 |                            floating_point_0_HD2032 |        154 |        139 |       0 |   15 |   315 |      0 |      0 |    0 |          2 |
|           U0                                              |     floating_point_0_floating_point_v7_1_21_HD2033 |        154 |        139 |       0 |   15 |   315 |      0 |      0 |    0 |          2 |
|             i_synth                                       | floating_point_0_floating_point_v7_1_21_viv_HD2034 |        154 |        139 |       0 |   15 |   315 |      0 |      0 |    0 |          2 |
|               need_combiner.use_2to1.skid_buffer_combiner |             floating_point_0_axi_slave_2to1_HD2106 |         59 |         59 |       0 |    0 |   135 |      0 |      0 |    0 |          0 |
|               MULT.OP                                     |                   floating_point_0_flt_mult_HD2035 |         93 |         78 |       0 |   15 |   171 |      0 |      0 |    0 |          2 |
|                 i_non_prim.EXP                            |               floating_point_0_flt_mult_exp_HD2036 |         55 |         48 |       0 |    7 |    48 |      0 |      0 |    0 |          0 |
|                 i_non_prim.R_AND_R                        |             floating_point_0_flt_mult_round_HD2084 |         22 |         14 |       0 |    8 |    62 |      0 |      0 |    0 |          0 |
|                   LOGIC.R_AND_R                           |     floating_point_0_renorm_and_round_logic_HD2085 |         22 |         14 |       0 |    8 |    62 |      0 |      0 |    0 |          0 |
|       GEN_PV_LANE[27].u_add                               |                            fp32_add_ip__xdcDup__28 |        241 |        229 |       0 |   12 |   460 |      0 |      0 |    0 |          2 |
|         u_fp_add                                          |                            floating_point_1_HD5269 |        241 |        229 |       0 |   12 |   460 |      0 |      0 |    0 |          2 |
|           U0                                              |     floating_point_1_floating_point_v7_1_21_HD5270 |        241 |        229 |       0 |   12 |   460 |      0 |      0 |    0 |          2 |
|             i_synth                                       | floating_point_1_floating_point_v7_1_21_viv_HD5271 |        241 |        229 |       0 |   12 |   460 |      0 |      0 |    0 |          2 |
|               need_combiner.use_2to1.skid_buffer_combiner |             floating_point_1_axi_slave_2to1_HD5374 |         75 |         75 |       0 |    0 |   135 |      0 |      0 |    0 |          0 |
|               ADDSUB_OP.ADDSUB                            |                    floating_point_1_flt_add_HD5272 |        164 |        152 |       0 |   12 |   313 |      0 |      0 |    0 |          2 |
|                 DSP.OP                                    |                floating_point_1_flt_add_dsp_HD5273 |        164 |        152 |       0 |   12 |   313 |      0 |      0 |    0 |          2 |
|                   DSP48E1_BODY.ALIGN_ADD                  |      floating_point_1_align_add_dsp48e1_sgl_HD5278 |         13 |         12 |       0 |    1 |    73 |      0 |      0 |    0 |          1 |
|                   DSP48E1_BODY.EXP                        |             floating_point_1_flt_add_exp_sp_HD5297 |         69 |         58 |       0 |   11 |    92 |      0 |      0 |    0 |          0 |
|                   DSP48E1_BODY.NORM_RND                   | floating_point_1_norm_and_round_dsp48e1_sgl_HD5351 |         36 |         36 |       0 |    0 |    70 |      0 |      0 |    0 |          1 |
|       GEN_PV_LANE[27].u_mul                               |                            fp32_mul_ip__xdcDup__28 |        154 |        139 |       0 |   15 |   315 |      0 |      0 |    0 |          2 |
|         GEN_MUL0.u_fp_mul                                 |                            floating_point_0_HD2107 |        154 |        139 |       0 |   15 |   315 |      0 |      0 |    0 |          2 |
|           U0                                              |     floating_point_0_floating_point_v7_1_21_HD2108 |        154 |        139 |       0 |   15 |   315 |      0 |      0 |    0 |          2 |
|             i_synth                                       | floating_point_0_floating_point_v7_1_21_viv_HD2109 |        154 |        139 |       0 |   15 |   315 |      0 |      0 |    0 |          2 |
|               need_combiner.use_2to1.skid_buffer_combiner |             floating_point_0_axi_slave_2to1_HD2181 |         59 |         59 |       0 |    0 |   135 |      0 |      0 |    0 |          0 |
|               MULT.OP                                     |                   floating_point_0_flt_mult_HD2110 |         93 |         78 |       0 |   15 |   171 |      0 |      0 |    0 |          2 |
|                 i_non_prim.EXP                            |               floating_point_0_flt_mult_exp_HD2111 |         55 |         48 |       0 |    7 |    48 |      0 |      0 |    0 |          0 |
|                 i_non_prim.R_AND_R                        |             floating_point_0_flt_mult_round_HD2159 |         22 |         14 |       0 |    8 |    62 |      0 |      0 |    0 |          0 |
|                   LOGIC.R_AND_R                           |     floating_point_0_renorm_and_round_logic_HD2160 |         22 |         14 |       0 |    8 |    62 |      0 |      0 |    0 |          0 |
|       GEN_PV_LANE[28].u_add                               |                            fp32_add_ip__xdcDup__29 |        241 |        229 |       0 |   12 |   460 |      0 |      0 |    0 |          2 |
|         u_fp_add                                          |                            floating_point_1_HD5375 |        241 |        229 |       0 |   12 |   460 |      0 |      0 |    0 |          2 |
|           U0                                              |     floating_point_1_floating_point_v7_1_21_HD5376 |        241 |        229 |       0 |   12 |   460 |      0 |      0 |    0 |          2 |
|             i_synth                                       | floating_point_1_floating_point_v7_1_21_viv_HD5377 |        241 |        229 |       0 |   12 |   460 |      0 |      0 |    0 |          2 |
|               need_combiner.use_2to1.skid_buffer_combiner |             floating_point_1_axi_slave_2to1_HD5480 |         75 |         75 |       0 |    0 |   135 |      0 |      0 |    0 |          0 |
|               ADDSUB_OP.ADDSUB                            |                    floating_point_1_flt_add_HD5378 |        164 |        152 |       0 |   12 |   313 |      0 |      0 |    0 |          2 |
|                 DSP.OP                                    |                floating_point_1_flt_add_dsp_HD5379 |        164 |        152 |       0 |   12 |   313 |      0 |      0 |    0 |          2 |
|                   DSP48E1_BODY.ALIGN_ADD                  |      floating_point_1_align_add_dsp48e1_sgl_HD5384 |         13 |         12 |       0 |    1 |    73 |      0 |      0 |    0 |          1 |
|                   DSP48E1_BODY.EXP                        |             floating_point_1_flt_add_exp_sp_HD5403 |         69 |         58 |       0 |   11 |    92 |      0 |      0 |    0 |          0 |
|                   DSP48E1_BODY.NORM_RND                   | floating_point_1_norm_and_round_dsp48e1_sgl_HD5457 |         36 |         36 |       0 |    0 |    70 |      0 |      0 |    0 |          1 |
|       GEN_PV_LANE[28].u_mul                               |                            fp32_mul_ip__xdcDup__29 |        154 |        139 |       0 |   15 |   315 |      0 |      0 |    0 |          2 |
|         GEN_MUL0.u_fp_mul                                 |                            floating_point_0_HD2182 |        154 |        139 |       0 |   15 |   315 |      0 |      0 |    0 |          2 |
|           U0                                              |     floating_point_0_floating_point_v7_1_21_HD2183 |        154 |        139 |       0 |   15 |   315 |      0 |      0 |    0 |          2 |
|             i_synth                                       | floating_point_0_floating_point_v7_1_21_viv_HD2184 |        154 |        139 |       0 |   15 |   315 |      0 |      0 |    0 |          2 |
|               need_combiner.use_2to1.skid_buffer_combiner |             floating_point_0_axi_slave_2to1_HD2256 |         59 |         59 |       0 |    0 |   135 |      0 |      0 |    0 |          0 |
|               MULT.OP                                     |                   floating_point_0_flt_mult_HD2185 |         93 |         78 |       0 |   15 |   171 |      0 |      0 |    0 |          2 |
|                 i_non_prim.EXP                            |               floating_point_0_flt_mult_exp_HD2186 |         55 |         48 |       0 |    7 |    48 |      0 |      0 |    0 |          0 |
|                 i_non_prim.R_AND_R                        |             floating_point_0_flt_mult_round_HD2234 |         22 |         14 |       0 |    8 |    62 |      0 |      0 |    0 |          0 |
|                   LOGIC.R_AND_R                           |     floating_point_0_renorm_and_round_logic_HD2235 |         22 |         14 |       0 |    8 |    62 |      0 |      0 |    0 |          0 |
|       GEN_PV_LANE[29].u_add                               |                            fp32_add_ip__xdcDup__30 |        241 |        229 |       0 |   12 |   460 |      0 |      0 |    0 |          2 |
|         u_fp_add                                          |                            floating_point_1_HD5481 |        241 |        229 |       0 |   12 |   460 |      0 |      0 |    0 |          2 |
|           U0                                              |     floating_point_1_floating_point_v7_1_21_HD5482 |        241 |        229 |       0 |   12 |   460 |      0 |      0 |    0 |          2 |
|             i_synth                                       | floating_point_1_floating_point_v7_1_21_viv_HD5483 |        241 |        229 |       0 |   12 |   460 |      0 |      0 |    0 |          2 |
|               need_combiner.use_2to1.skid_buffer_combiner |             floating_point_1_axi_slave_2to1_HD5586 |         75 |         75 |       0 |    0 |   135 |      0 |      0 |    0 |          0 |
|               ADDSUB_OP.ADDSUB                            |                    floating_point_1_flt_add_HD5484 |        164 |        152 |       0 |   12 |   313 |      0 |      0 |    0 |          2 |
|                 DSP.OP                                    |                floating_point_1_flt_add_dsp_HD5485 |        164 |        152 |       0 |   12 |   313 |      0 |      0 |    0 |          2 |
|                   DSP48E1_BODY.ALIGN_ADD                  |      floating_point_1_align_add_dsp48e1_sgl_HD5490 |         13 |         12 |       0 |    1 |    73 |      0 |      0 |    0 |          1 |
|                   DSP48E1_BODY.EXP                        |             floating_point_1_flt_add_exp_sp_HD5509 |         69 |         58 |       0 |   11 |    92 |      0 |      0 |    0 |          0 |
|                   DSP48E1_BODY.NORM_RND                   | floating_point_1_norm_and_round_dsp48e1_sgl_HD5563 |         36 |         36 |       0 |    0 |    70 |      0 |      0 |    0 |          1 |
|       GEN_PV_LANE[29].u_mul                               |                            fp32_mul_ip__xdcDup__30 |        154 |        139 |       0 |   15 |   315 |      0 |      0 |    0 |          2 |
|         GEN_MUL0.u_fp_mul                                 |                            floating_point_0_HD2257 |        154 |        139 |       0 |   15 |   315 |      0 |      0 |    0 |          2 |
|           U0                                              |     floating_point_0_floating_point_v7_1_21_HD2258 |        154 |        139 |       0 |   15 |   315 |      0 |      0 |    0 |          2 |
|             i_synth                                       | floating_point_0_floating_point_v7_1_21_viv_HD2259 |        154 |        139 |       0 |   15 |   315 |      0 |      0 |    0 |          2 |
|               need_combiner.use_2to1.skid_buffer_combiner |             floating_point_0_axi_slave_2to1_HD2331 |         59 |         59 |       0 |    0 |   135 |      0 |      0 |    0 |          0 |
|               MULT.OP                                     |                   floating_point_0_flt_mult_HD2260 |         93 |         78 |       0 |   15 |   171 |      0 |      0 |    0 |          2 |
|                 i_non_prim.EXP                            |               floating_point_0_flt_mult_exp_HD2261 |         55 |         48 |       0 |    7 |    48 |      0 |      0 |    0 |          0 |
|                 i_non_prim.R_AND_R                        |             floating_point_0_flt_mult_round_HD2309 |         22 |         14 |       0 |    8 |    62 |      0 |      0 |    0 |          0 |
|                   LOGIC.R_AND_R                           |     floating_point_0_renorm_and_round_logic_HD2310 |         22 |         14 |       0 |    8 |    62 |      0 |      0 |    0 |          0 |
|       GEN_PV_LANE[2].u_add                                |                             fp32_add_ip__xdcDup__3 |        241 |        229 |       0 |   12 |   460 |      0 |      0 |    0 |          2 |
|         u_fp_add                                          |                            floating_point_1_HD2619 |        241 |        229 |       0 |   12 |   460 |      0 |      0 |    0 |          2 |
|           U0                                              |     floating_point_1_floating_point_v7_1_21_HD2620 |        241 |        229 |       0 |   12 |   460 |      0 |      0 |    0 |          2 |
|             i_synth                                       | floating_point_1_floating_point_v7_1_21_viv_HD2621 |        241 |        229 |       0 |   12 |   460 |      0 |      0 |    0 |          2 |
|               need_combiner.use_2to1.skid_buffer_combiner |             floating_point_1_axi_slave_2to1_HD2724 |         75 |         75 |       0 |    0 |   135 |      0 |      0 |    0 |          0 |
|               ADDSUB_OP.ADDSUB                            |                    floating_point_1_flt_add_HD2622 |        164 |        152 |       0 |   12 |   313 |      0 |      0 |    0 |          2 |
|                 DSP.OP                                    |                floating_point_1_flt_add_dsp_HD2623 |        164 |        152 |       0 |   12 |   313 |      0 |      0 |    0 |          2 |
|                   DSP48E1_BODY.ALIGN_ADD                  |      floating_point_1_align_add_dsp48e1_sgl_HD2628 |         13 |         12 |       0 |    1 |    73 |      0 |      0 |    0 |          1 |
|                   DSP48E1_BODY.EXP                        |             floating_point_1_flt_add_exp_sp_HD2647 |         69 |         58 |       0 |   11 |    92 |      0 |      0 |    0 |          0 |
|                   DSP48E1_BODY.NORM_RND                   | floating_point_1_norm_and_round_dsp48e1_sgl_HD2701 |         36 |         36 |       0 |    0 |    70 |      0 |      0 |    0 |          1 |
|       GEN_PV_LANE[2].u_mul                                |                             fp32_mul_ip__xdcDup__3 |        154 |        139 |       0 |   15 |   315 |      0 |      0 |    0 |          2 |
|         GEN_MUL0.u_fp_mul                                 |                             floating_point_0_HD232 |        154 |        139 |       0 |   15 |   315 |      0 |      0 |    0 |          2 |
|           U0                                              |      floating_point_0_floating_point_v7_1_21_HD233 |        154 |        139 |       0 |   15 |   315 |      0 |      0 |    0 |          2 |
|             i_synth                                       |  floating_point_0_floating_point_v7_1_21_viv_HD234 |        154 |        139 |       0 |   15 |   315 |      0 |      0 |    0 |          2 |
|               need_combiner.use_2to1.skid_buffer_combiner |              floating_point_0_axi_slave_2to1_HD306 |         59 |         59 |       0 |    0 |   135 |      0 |      0 |    0 |          0 |
|               MULT.OP                                     |                    floating_point_0_flt_mult_HD235 |         93 |         78 |       0 |   15 |   171 |      0 |      0 |    0 |          2 |
|                 i_non_prim.EXP                            |                floating_point_0_flt_mult_exp_HD236 |         55 |         48 |       0 |    7 |    48 |      0 |      0 |    0 |          0 |
|                 i_non_prim.R_AND_R                        |              floating_point_0_flt_mult_round_HD284 |         22 |         14 |       0 |    8 |    62 |      0 |      0 |    0 |          0 |
|                   LOGIC.R_AND_R                           |      floating_point_0_renorm_and_round_logic_HD285 |         22 |         14 |       0 |    8 |    62 |      0 |      0 |    0 |          0 |
|       GEN_PV_LANE[30].u_add                               |                            fp32_add_ip__xdcDup__31 |        241 |        229 |       0 |   12 |   460 |      0 |      0 |    0 |          2 |
|         u_fp_add                                          |                            floating_point_1_HD5587 |        241 |        229 |       0 |   12 |   460 |      0 |      0 |    0 |          2 |
|           U0                                              |     floating_point_1_floating_point_v7_1_21_HD5588 |        241 |        229 |       0 |   12 |   460 |      0 |      0 |    0 |          2 |
|             i_synth                                       | floating_point_1_floating_point_v7_1_21_viv_HD5589 |        241 |        229 |       0 |   12 |   460 |      0 |      0 |    0 |          2 |
|               need_combiner.use_2to1.skid_buffer_combiner |             floating_point_1_axi_slave_2to1_HD5692 |         75 |         75 |       0 |    0 |   135 |      0 |      0 |    0 |          0 |
|               ADDSUB_OP.ADDSUB                            |                    floating_point_1_flt_add_HD5590 |        164 |        152 |       0 |   12 |   313 |      0 |      0 |    0 |          2 |
|                 DSP.OP                                    |                floating_point_1_flt_add_dsp_HD5591 |        164 |        152 |       0 |   12 |   313 |      0 |      0 |    0 |          2 |
|                   DSP48E1_BODY.ALIGN_ADD                  |      floating_point_1_align_add_dsp48e1_sgl_HD5596 |         13 |         12 |       0 |    1 |    73 |      0 |      0 |    0 |          1 |
|                   DSP48E1_BODY.EXP                        |             floating_point_1_flt_add_exp_sp_HD5615 |         69 |         58 |       0 |   11 |    92 |      0 |      0 |    0 |          0 |
|                   DSP48E1_BODY.NORM_RND                   | floating_point_1_norm_and_round_dsp48e1_sgl_HD5669 |         36 |         36 |       0 |    0 |    70 |      0 |      0 |    0 |          1 |
|       GEN_PV_LANE[30].u_mul                               |                            fp32_mul_ip__xdcDup__31 |        154 |        139 |       0 |   15 |   315 |      0 |      0 |    0 |          2 |
|         GEN_MUL0.u_fp_mul                                 |                            floating_point_0_HD2332 |        154 |        139 |       0 |   15 |   315 |      0 |      0 |    0 |          2 |
|           U0                                              |     floating_point_0_floating_point_v7_1_21_HD2333 |        154 |        139 |       0 |   15 |   315 |      0 |      0 |    0 |          2 |
|             i_synth                                       | floating_point_0_floating_point_v7_1_21_viv_HD2334 |        154 |        139 |       0 |   15 |   315 |      0 |      0 |    0 |          2 |
|               need_combiner.use_2to1.skid_buffer_combiner |             floating_point_0_axi_slave_2to1_HD2406 |         59 |         59 |       0 |    0 |   135 |      0 |      0 |    0 |          0 |
|               MULT.OP                                     |                   floating_point_0_flt_mult_HD2335 |         93 |         78 |       0 |   15 |   171 |      0 |      0 |    0 |          2 |
|                 i_non_prim.EXP                            |               floating_point_0_flt_mult_exp_HD2336 |         55 |         48 |       0 |    7 |    48 |      0 |      0 |    0 |          0 |
|                 i_non_prim.R_AND_R                        |             floating_point_0_flt_mult_round_HD2384 |         22 |         14 |       0 |    8 |    62 |      0 |      0 |    0 |          0 |
|                   LOGIC.R_AND_R                           |     floating_point_0_renorm_and_round_logic_HD2385 |         22 |         14 |       0 |    8 |    62 |      0 |      0 |    0 |          0 |
|       GEN_PV_LANE[31].u_add                               |                                        fp32_add_ip |        241 |        229 |       0 |   12 |   460 |      0 |      0 |    0 |          2 |
|         u_fp_add                                          |                            floating_point_1_HD5693 |        241 |        229 |       0 |   12 |   460 |      0 |      0 |    0 |          2 |
|           U0                                              |     floating_point_1_floating_point_v7_1_21_HD5694 |        241 |        229 |       0 |   12 |   460 |      0 |      0 |    0 |          2 |
|             i_synth                                       | floating_point_1_floating_point_v7_1_21_viv_HD5695 |        241 |        229 |       0 |   12 |   460 |      0 |      0 |    0 |          2 |
|               need_combiner.use_2to1.skid_buffer_combiner |             floating_point_1_axi_slave_2to1_HD5798 |         75 |         75 |       0 |    0 |   135 |      0 |      0 |    0 |          0 |
|               ADDSUB_OP.ADDSUB                            |                    floating_point_1_flt_add_HD5696 |        164 |        152 |       0 |   12 |   313 |      0 |      0 |    0 |          2 |
|                 DSP.OP                                    |                floating_point_1_flt_add_dsp_HD5697 |        164 |        152 |       0 |   12 |   313 |      0 |      0 |    0 |          2 |
|                   DSP48E1_BODY.ALIGN_ADD                  |      floating_point_1_align_add_dsp48e1_sgl_HD5702 |         13 |         12 |       0 |    1 |    73 |      0 |      0 |    0 |          1 |
|                   DSP48E1_BODY.EXP                        |             floating_point_1_flt_add_exp_sp_HD5721 |         69 |         58 |       0 |   11 |    92 |      0 |      0 |    0 |          0 |
|                   DSP48E1_BODY.NORM_RND                   | floating_point_1_norm_and_round_dsp48e1_sgl_HD5775 |         36 |         36 |       0 |    0 |    70 |      0 |      0 |    0 |          1 |
|       GEN_PV_LANE[31].u_mul                               |                                        fp32_mul_ip |        154 |        139 |       0 |   15 |   315 |      0 |      0 |    0 |          2 |
|         GEN_MUL0.u_fp_mul                                 |                            floating_point_0_HD2407 |        154 |        139 |       0 |   15 |   315 |      0 |      0 |    0 |          2 |
|           U0                                              |     floating_point_0_floating_point_v7_1_21_HD2408 |        154 |        139 |       0 |   15 |   315 |      0 |      0 |    0 |          2 |
|             i_synth                                       | floating_point_0_floating_point_v7_1_21_viv_HD2409 |        154 |        139 |       0 |   15 |   315 |      0 |      0 |    0 |          2 |
|               need_combiner.use_2to1.skid_buffer_combiner |             floating_point_0_axi_slave_2to1_HD2481 |         59 |         59 |       0 |    0 |   135 |      0 |      0 |    0 |          0 |
|               MULT.OP                                     |                   floating_point_0_flt_mult_HD2410 |         93 |         78 |       0 |   15 |   171 |      0 |      0 |    0 |          2 |
|                 i_non_prim.EXP                            |               floating_point_0_flt_mult_exp_HD2411 |         55 |         48 |       0 |    7 |    48 |      0 |      0 |    0 |          0 |
|                 i_non_prim.R_AND_R                        |             floating_point_0_flt_mult_round_HD2459 |         22 |         14 |       0 |    8 |    62 |      0 |      0 |    0 |          0 |
|                   LOGIC.R_AND_R                           |     floating_point_0_renorm_and_round_logic_HD2460 |         22 |         14 |       0 |    8 |    62 |      0 |      0 |    0 |          0 |
|       GEN_PV_LANE[3].u_add                                |                             fp32_add_ip__xdcDup__4 |        241 |        229 |       0 |   12 |   460 |      0 |      0 |    0 |          2 |
|         u_fp_add                                          |                            floating_point_1_HD2725 |        241 |        229 |       0 |   12 |   460 |      0 |      0 |    0 |          2 |
|           U0                                              |     floating_point_1_floating_point_v7_1_21_HD2726 |        241 |        229 |       0 |   12 |   460 |      0 |      0 |    0 |          2 |
|             i_synth                                       | floating_point_1_floating_point_v7_1_21_viv_HD2727 |        241 |        229 |       0 |   12 |   460 |      0 |      0 |    0 |          2 |
|               need_combiner.use_2to1.skid_buffer_combiner |             floating_point_1_axi_slave_2to1_HD2830 |         75 |         75 |       0 |    0 |   135 |      0 |      0 |    0 |          0 |
|               ADDSUB_OP.ADDSUB                            |                    floating_point_1_flt_add_HD2728 |        164 |        152 |       0 |   12 |   313 |      0 |      0 |    0 |          2 |
|                 DSP.OP                                    |                floating_point_1_flt_add_dsp_HD2729 |        164 |        152 |       0 |   12 |   313 |      0 |      0 |    0 |          2 |
|                   DSP48E1_BODY.ALIGN_ADD                  |      floating_point_1_align_add_dsp48e1_sgl_HD2734 |         13 |         12 |       0 |    1 |    73 |      0 |      0 |    0 |          1 |
|                   DSP48E1_BODY.EXP                        |             floating_point_1_flt_add_exp_sp_HD2753 |         69 |         58 |       0 |   11 |    92 |      0 |      0 |    0 |          0 |
|                   DSP48E1_BODY.NORM_RND                   | floating_point_1_norm_and_round_dsp48e1_sgl_HD2807 |         36 |         36 |       0 |    0 |    70 |      0 |      0 |    0 |          1 |
|       GEN_PV_LANE[3].u_mul                                |                             fp32_mul_ip__xdcDup__4 |        154 |        139 |       0 |   15 |   315 |      0 |      0 |    0 |          2 |
|         GEN_MUL0.u_fp_mul                                 |                             floating_point_0_HD307 |        154 |        139 |       0 |   15 |   315 |      0 |      0 |    0 |          2 |
|           U0                                              |      floating_point_0_floating_point_v7_1_21_HD308 |        154 |        139 |       0 |   15 |   315 |      0 |      0 |    0 |          2 |
|             i_synth                                       |  floating_point_0_floating_point_v7_1_21_viv_HD309 |        154 |        139 |       0 |   15 |   315 |      0 |      0 |    0 |          2 |
|               need_combiner.use_2to1.skid_buffer_combiner |              floating_point_0_axi_slave_2to1_HD381 |         59 |         59 |       0 |    0 |   135 |      0 |      0 |    0 |          0 |
|               MULT.OP                                     |                    floating_point_0_flt_mult_HD310 |         93 |         78 |       0 |   15 |   171 |      0 |      0 |    0 |          2 |
|                 i_non_prim.EXP                            |                floating_point_0_flt_mult_exp_HD311 |         55 |         48 |       0 |    7 |    48 |      0 |      0 |    0 |          0 |
|                 i_non_prim.R_AND_R                        |              floating_point_0_flt_mult_round_HD359 |         22 |         14 |       0 |    8 |    62 |      0 |      0 |    0 |          0 |
|                   LOGIC.R_AND_R                           |      floating_point_0_renorm_and_round_logic_HD360 |         22 |         14 |       0 |    8 |    62 |      0 |      0 |    0 |          0 |
|       GEN_PV_LANE[4].u_add                                |                             fp32_add_ip__xdcDup__5 |        241 |        229 |       0 |   12 |   460 |      0 |      0 |    0 |          2 |
|         u_fp_add                                          |                            floating_point_1_HD2831 |        241 |        229 |       0 |   12 |   460 |      0 |      0 |    0 |          2 |
|           U0                                              |     floating_point_1_floating_point_v7_1_21_HD2832 |        241 |        229 |       0 |   12 |   460 |      0 |      0 |    0 |          2 |
|             i_synth                                       | floating_point_1_floating_point_v7_1_21_viv_HD2833 |        241 |        229 |       0 |   12 |   460 |      0 |      0 |    0 |          2 |
|               need_combiner.use_2to1.skid_buffer_combiner |             floating_point_1_axi_slave_2to1_HD2936 |         75 |         75 |       0 |    0 |   135 |      0 |      0 |    0 |          0 |
|               ADDSUB_OP.ADDSUB                            |                    floating_point_1_flt_add_HD2834 |        164 |        152 |       0 |   12 |   313 |      0 |      0 |    0 |          2 |
|                 DSP.OP                                    |                floating_point_1_flt_add_dsp_HD2835 |        164 |        152 |       0 |   12 |   313 |      0 |      0 |    0 |          2 |
|                   DSP48E1_BODY.ALIGN_ADD                  |      floating_point_1_align_add_dsp48e1_sgl_HD2840 |         13 |         12 |       0 |    1 |    73 |      0 |      0 |    0 |          1 |
|                   DSP48E1_BODY.EXP                        |             floating_point_1_flt_add_exp_sp_HD2859 |         69 |         58 |       0 |   11 |    92 |      0 |      0 |    0 |          0 |
|                   DSP48E1_BODY.NORM_RND                   | floating_point_1_norm_and_round_dsp48e1_sgl_HD2913 |         36 |         36 |       0 |    0 |    70 |      0 |      0 |    0 |          1 |
|       GEN_PV_LANE[4].u_mul                                |                             fp32_mul_ip__xdcDup__5 |        154 |        139 |       0 |   15 |   315 |      0 |      0 |    0 |          2 |
|         GEN_MUL0.u_fp_mul                                 |                             floating_point_0_HD382 |        154 |        139 |       0 |   15 |   315 |      0 |      0 |    0 |          2 |
|           U0                                              |      floating_point_0_floating_point_v7_1_21_HD383 |        154 |        139 |       0 |   15 |   315 |      0 |      0 |    0 |          2 |
|             i_synth                                       |  floating_point_0_floating_point_v7_1_21_viv_HD384 |        154 |        139 |       0 |   15 |   315 |      0 |      0 |    0 |          2 |
|               need_combiner.use_2to1.skid_buffer_combiner |              floating_point_0_axi_slave_2to1_HD456 |         59 |         59 |       0 |    0 |   135 |      0 |      0 |    0 |          0 |
|               MULT.OP                                     |                    floating_point_0_flt_mult_HD385 |         93 |         78 |       0 |   15 |   171 |      0 |      0 |    0 |          2 |
|                 i_non_prim.EXP                            |                floating_point_0_flt_mult_exp_HD386 |         55 |         48 |       0 |    7 |    48 |      0 |      0 |    0 |          0 |
|                 i_non_prim.R_AND_R                        |              floating_point_0_flt_mult_round_HD434 |         22 |         14 |       0 |    8 |    62 |      0 |      0 |    0 |          0 |
|                   LOGIC.R_AND_R                           |      floating_point_0_renorm_and_round_logic_HD435 |         22 |         14 |       0 |    8 |    62 |      0 |      0 |    0 |          0 |
|       GEN_PV_LANE[5].u_add                                |                             fp32_add_ip__xdcDup__6 |        241 |        229 |       0 |   12 |   460 |      0 |      0 |    0 |          2 |
|         u_fp_add                                          |                            floating_point_1_HD2937 |        241 |        229 |       0 |   12 |   460 |      0 |      0 |    0 |          2 |
|           U0                                              |     floating_point_1_floating_point_v7_1_21_HD2938 |        241 |        229 |       0 |   12 |   460 |      0 |      0 |    0 |          2 |
|             i_synth                                       | floating_point_1_floating_point_v7_1_21_viv_HD2939 |        241 |        229 |       0 |   12 |   460 |      0 |      0 |    0 |          2 |
|               need_combiner.use_2to1.skid_buffer_combiner |             floating_point_1_axi_slave_2to1_HD3042 |         75 |         75 |       0 |    0 |   135 |      0 |      0 |    0 |          0 |
|               ADDSUB_OP.ADDSUB                            |                    floating_point_1_flt_add_HD2940 |        164 |        152 |       0 |   12 |   313 |      0 |      0 |    0 |          2 |
|                 DSP.OP                                    |                floating_point_1_flt_add_dsp_HD2941 |        164 |        152 |       0 |   12 |   313 |      0 |      0 |    0 |          2 |
|                   DSP48E1_BODY.ALIGN_ADD                  |      floating_point_1_align_add_dsp48e1_sgl_HD2946 |         13 |         12 |       0 |    1 |    73 |      0 |      0 |    0 |          1 |
|                   DSP48E1_BODY.EXP                        |             floating_point_1_flt_add_exp_sp_HD2965 |         69 |         58 |       0 |   11 |    92 |      0 |      0 |    0 |          0 |
|                   DSP48E1_BODY.NORM_RND                   | floating_point_1_norm_and_round_dsp48e1_sgl_HD3019 |         36 |         36 |       0 |    0 |    70 |      0 |      0 |    0 |          1 |
|       GEN_PV_LANE[5].u_mul                                |                             fp32_mul_ip__xdcDup__6 |        154 |        139 |       0 |   15 |   315 |      0 |      0 |    0 |          2 |
|         GEN_MUL0.u_fp_mul                                 |                             floating_point_0_HD457 |        154 |        139 |       0 |   15 |   315 |      0 |      0 |    0 |          2 |
|           U0                                              |      floating_point_0_floating_point_v7_1_21_HD458 |        154 |        139 |       0 |   15 |   315 |      0 |      0 |    0 |          2 |
|             i_synth                                       |  floating_point_0_floating_point_v7_1_21_viv_HD459 |        154 |        139 |       0 |   15 |   315 |      0 |      0 |    0 |          2 |
|               need_combiner.use_2to1.skid_buffer_combiner |              floating_point_0_axi_slave_2to1_HD531 |         59 |         59 |       0 |    0 |   135 |      0 |      0 |    0 |          0 |
|               MULT.OP                                     |                    floating_point_0_flt_mult_HD460 |         93 |         78 |       0 |   15 |   171 |      0 |      0 |    0 |          2 |
|                 i_non_prim.EXP                            |                floating_point_0_flt_mult_exp_HD461 |         55 |         48 |       0 |    7 |    48 |      0 |      0 |    0 |          0 |
|                 i_non_prim.R_AND_R                        |              floating_point_0_flt_mult_round_HD509 |         22 |         14 |       0 |    8 |    62 |      0 |      0 |    0 |          0 |
|                   LOGIC.R_AND_R                           |      floating_point_0_renorm_and_round_logic_HD510 |         22 |         14 |       0 |    8 |    62 |      0 |      0 |    0 |          0 |
|       GEN_PV_LANE[6].u_add                                |                             fp32_add_ip__xdcDup__7 |        241 |        229 |       0 |   12 |   460 |      0 |      0 |    0 |          2 |
|         u_fp_add                                          |                            floating_point_1_HD3043 |        241 |        229 |       0 |   12 |   460 |      0 |      0 |    0 |          2 |
|           U0                                              |     floating_point_1_floating_point_v7_1_21_HD3044 |        241 |        229 |       0 |   12 |   460 |      0 |      0 |    0 |          2 |
|             i_synth                                       | floating_point_1_floating_point_v7_1_21_viv_HD3045 |        241 |        229 |       0 |   12 |   460 |      0 |      0 |    0 |          2 |
|               need_combiner.use_2to1.skid_buffer_combiner |             floating_point_1_axi_slave_2to1_HD3148 |         75 |         75 |       0 |    0 |   135 |      0 |      0 |    0 |          0 |
|               ADDSUB_OP.ADDSUB                            |                    floating_point_1_flt_add_HD3046 |        164 |        152 |       0 |   12 |   313 |      0 |      0 |    0 |          2 |
|                 DSP.OP                                    |                floating_point_1_flt_add_dsp_HD3047 |        164 |        152 |       0 |   12 |   313 |      0 |      0 |    0 |          2 |
|                   DSP48E1_BODY.ALIGN_ADD                  |      floating_point_1_align_add_dsp48e1_sgl_HD3052 |         13 |         12 |       0 |    1 |    73 |      0 |      0 |    0 |          1 |
|                   DSP48E1_BODY.EXP                        |             floating_point_1_flt_add_exp_sp_HD3071 |         69 |         58 |       0 |   11 |    92 |      0 |      0 |    0 |          0 |
|                   DSP48E1_BODY.NORM_RND                   | floating_point_1_norm_and_round_dsp48e1_sgl_HD3125 |         36 |         36 |       0 |    0 |    70 |      0 |      0 |    0 |          1 |
|       GEN_PV_LANE[6].u_mul                                |                             fp32_mul_ip__xdcDup__7 |        154 |        139 |       0 |   15 |   315 |      0 |      0 |    0 |          2 |
|         GEN_MUL0.u_fp_mul                                 |                             floating_point_0_HD532 |        154 |        139 |       0 |   15 |   315 |      0 |      0 |    0 |          2 |
|           U0                                              |      floating_point_0_floating_point_v7_1_21_HD533 |        154 |        139 |       0 |   15 |   315 |      0 |      0 |    0 |          2 |
|             i_synth                                       |  floating_point_0_floating_point_v7_1_21_viv_HD534 |        154 |        139 |       0 |   15 |   315 |      0 |      0 |    0 |          2 |
|               need_combiner.use_2to1.skid_buffer_combiner |              floating_point_0_axi_slave_2to1_HD606 |         59 |         59 |       0 |    0 |   135 |      0 |      0 |    0 |          0 |
|               MULT.OP                                     |                    floating_point_0_flt_mult_HD535 |         93 |         78 |       0 |   15 |   171 |      0 |      0 |    0 |          2 |
|                 i_non_prim.EXP                            |                floating_point_0_flt_mult_exp_HD536 |         55 |         48 |       0 |    7 |    48 |      0 |      0 |    0 |          0 |
|                 i_non_prim.R_AND_R                        |              floating_point_0_flt_mult_round_HD584 |         22 |         14 |       0 |    8 |    62 |      0 |      0 |    0 |          0 |
|                   LOGIC.R_AND_R                           |      floating_point_0_renorm_and_round_logic_HD585 |         22 |         14 |       0 |    8 |    62 |      0 |      0 |    0 |          0 |
|       GEN_PV_LANE[7].u_add                                |                             fp32_add_ip__xdcDup__8 |        241 |        229 |       0 |   12 |   460 |      0 |      0 |    0 |          2 |
|         u_fp_add                                          |                            floating_point_1_HD3149 |        241 |        229 |       0 |   12 |   460 |      0 |      0 |    0 |          2 |
|           U0                                              |     floating_point_1_floating_point_v7_1_21_HD3150 |        241 |        229 |       0 |   12 |   460 |      0 |      0 |    0 |          2 |
|             i_synth                                       | floating_point_1_floating_point_v7_1_21_viv_HD3151 |        241 |        229 |       0 |   12 |   460 |      0 |      0 |    0 |          2 |
|               need_combiner.use_2to1.skid_buffer_combiner |             floating_point_1_axi_slave_2to1_HD3254 |         75 |         75 |       0 |    0 |   135 |      0 |      0 |    0 |          0 |
|               ADDSUB_OP.ADDSUB                            |                    floating_point_1_flt_add_HD3152 |        164 |        152 |       0 |   12 |   313 |      0 |      0 |    0 |          2 |
|                 DSP.OP                                    |                floating_point_1_flt_add_dsp_HD3153 |        164 |        152 |       0 |   12 |   313 |      0 |      0 |    0 |          2 |
|                   DSP48E1_BODY.ALIGN_ADD                  |      floating_point_1_align_add_dsp48e1_sgl_HD3158 |         13 |         12 |       0 |    1 |    73 |      0 |      0 |    0 |          1 |
|                   DSP48E1_BODY.EXP                        |             floating_point_1_flt_add_exp_sp_HD3177 |         69 |         58 |       0 |   11 |    92 |      0 |      0 |    0 |          0 |
|                   DSP48E1_BODY.NORM_RND                   | floating_point_1_norm_and_round_dsp48e1_sgl_HD3231 |         36 |         36 |       0 |    0 |    70 |      0 |      0 |    0 |          1 |
|       GEN_PV_LANE[7].u_mul                                |                             fp32_mul_ip__xdcDup__8 |        154 |        139 |       0 |   15 |   315 |      0 |      0 |    0 |          2 |
|         GEN_MUL0.u_fp_mul                                 |                             floating_point_0_HD607 |        154 |        139 |       0 |   15 |   315 |      0 |      0 |    0 |          2 |
|           U0                                              |      floating_point_0_floating_point_v7_1_21_HD608 |        154 |        139 |       0 |   15 |   315 |      0 |      0 |    0 |          2 |
|             i_synth                                       |  floating_point_0_floating_point_v7_1_21_viv_HD609 |        154 |        139 |       0 |   15 |   315 |      0 |      0 |    0 |          2 |
|               need_combiner.use_2to1.skid_buffer_combiner |              floating_point_0_axi_slave_2to1_HD681 |         59 |         59 |       0 |    0 |   135 |      0 |      0 |    0 |          0 |
|               MULT.OP                                     |                    floating_point_0_flt_mult_HD610 |         93 |         78 |       0 |   15 |   171 |      0 |      0 |    0 |          2 |
|                 i_non_prim.EXP                            |                floating_point_0_flt_mult_exp_HD611 |         55 |         48 |       0 |    7 |    48 |      0 |      0 |    0 |          0 |
|                 i_non_prim.R_AND_R                        |              floating_point_0_flt_mult_round_HD659 |         22 |         14 |       0 |    8 |    62 |      0 |      0 |    0 |          0 |
|                   LOGIC.R_AND_R                           |      floating_point_0_renorm_and_round_logic_HD660 |         22 |         14 |       0 |    8 |    62 |      0 |      0 |    0 |          0 |
|       GEN_PV_LANE[8].u_add                                |                             fp32_add_ip__xdcDup__9 |        241 |        229 |       0 |   12 |   460 |      0 |      0 |    0 |          2 |
|         u_fp_add                                          |                            floating_point_1_HD3255 |        241 |        229 |       0 |   12 |   460 |      0 |      0 |    0 |          2 |
|           U0                                              |     floating_point_1_floating_point_v7_1_21_HD3256 |        241 |        229 |       0 |   12 |   460 |      0 |      0 |    0 |          2 |
|             i_synth                                       | floating_point_1_floating_point_v7_1_21_viv_HD3257 |        241 |        229 |       0 |   12 |   460 |      0 |      0 |    0 |          2 |
|               need_combiner.use_2to1.skid_buffer_combiner |             floating_point_1_axi_slave_2to1_HD3360 |         75 |         75 |       0 |    0 |   135 |      0 |      0 |    0 |          0 |
|               ADDSUB_OP.ADDSUB                            |                    floating_point_1_flt_add_HD3258 |        164 |        152 |       0 |   12 |   313 |      0 |      0 |    0 |          2 |
|                 DSP.OP                                    |                floating_point_1_flt_add_dsp_HD3259 |        164 |        152 |       0 |   12 |   313 |      0 |      0 |    0 |          2 |
|                   DSP48E1_BODY.ALIGN_ADD                  |      floating_point_1_align_add_dsp48e1_sgl_HD3264 |         13 |         12 |       0 |    1 |    73 |      0 |      0 |    0 |          1 |
|                   DSP48E1_BODY.EXP                        |             floating_point_1_flt_add_exp_sp_HD3283 |         69 |         58 |       0 |   11 |    92 |      0 |      0 |    0 |          0 |
|                   DSP48E1_BODY.NORM_RND                   | floating_point_1_norm_and_round_dsp48e1_sgl_HD3337 |         36 |         36 |       0 |    0 |    70 |      0 |      0 |    0 |          1 |
|       GEN_PV_LANE[8].u_mul                                |                             fp32_mul_ip__xdcDup__9 |        154 |        139 |       0 |   15 |   315 |      0 |      0 |    0 |          2 |
|         GEN_MUL0.u_fp_mul                                 |                             floating_point_0_HD682 |        154 |        139 |       0 |   15 |   315 |      0 |      0 |    0 |          2 |
|           U0                                              |      floating_point_0_floating_point_v7_1_21_HD683 |        154 |        139 |       0 |   15 |   315 |      0 |      0 |    0 |          2 |
|             i_synth                                       |  floating_point_0_floating_point_v7_1_21_viv_HD684 |        154 |        139 |       0 |   15 |   315 |      0 |      0 |    0 |          2 |
|               need_combiner.use_2to1.skid_buffer_combiner |              floating_point_0_axi_slave_2to1_HD756 |         59 |         59 |       0 |    0 |   135 |      0 |      0 |    0 |          0 |
|               MULT.OP                                     |                    floating_point_0_flt_mult_HD685 |         93 |         78 |       0 |   15 |   171 |      0 |      0 |    0 |          2 |
|                 i_non_prim.EXP                            |                floating_point_0_flt_mult_exp_HD686 |         55 |         48 |       0 |    7 |    48 |      0 |      0 |    0 |          0 |
|                 i_non_prim.R_AND_R                        |              floating_point_0_flt_mult_round_HD734 |         22 |         14 |       0 |    8 |    62 |      0 |      0 |    0 |          0 |
|                   LOGIC.R_AND_R                           |      floating_point_0_renorm_and_round_logic_HD735 |         22 |         14 |       0 |    8 |    62 |      0 |      0 |    0 |          0 |
|       GEN_PV_LANE[9].u_add                                |                            fp32_add_ip__xdcDup__10 |        241 |        229 |       0 |   12 |   460 |      0 |      0 |    0 |          2 |
|         u_fp_add                                          |                            floating_point_1_HD3361 |        241 |        229 |       0 |   12 |   460 |      0 |      0 |    0 |          2 |
|           U0                                              |     floating_point_1_floating_point_v7_1_21_HD3362 |        241 |        229 |       0 |   12 |   460 |      0 |      0 |    0 |          2 |
|             i_synth                                       | floating_point_1_floating_point_v7_1_21_viv_HD3363 |        241 |        229 |       0 |   12 |   460 |      0 |      0 |    0 |          2 |
|               need_combiner.use_2to1.skid_buffer_combiner |             floating_point_1_axi_slave_2to1_HD3466 |         75 |         75 |       0 |    0 |   135 |      0 |      0 |    0 |          0 |
|               ADDSUB_OP.ADDSUB                            |                    floating_point_1_flt_add_HD3364 |        164 |        152 |       0 |   12 |   313 |      0 |      0 |    0 |          2 |
|                 DSP.OP                                    |                floating_point_1_flt_add_dsp_HD3365 |        164 |        152 |       0 |   12 |   313 |      0 |      0 |    0 |          2 |
|                   DSP48E1_BODY.ALIGN_ADD                  |      floating_point_1_align_add_dsp48e1_sgl_HD3370 |         13 |         12 |       0 |    1 |    73 |      0 |      0 |    0 |          1 |
|                   DSP48E1_BODY.EXP                        |             floating_point_1_flt_add_exp_sp_HD3389 |         69 |         58 |       0 |   11 |    92 |      0 |      0 |    0 |          0 |
|                   DSP48E1_BODY.NORM_RND                   | floating_point_1_norm_and_round_dsp48e1_sgl_HD3443 |         36 |         36 |       0 |    0 |    70 |      0 |      0 |    0 |          1 |
|       GEN_PV_LANE[9].u_mul                                |                            fp32_mul_ip__xdcDup__10 |        154 |        139 |       0 |   15 |   315 |      0 |      0 |    0 |          2 |
|         GEN_MUL0.u_fp_mul                                 |                             floating_point_0_HD757 |        154 |        139 |       0 |   15 |   315 |      0 |      0 |    0 |          2 |
|           U0                                              |      floating_point_0_floating_point_v7_1_21_HD758 |        154 |        139 |       0 |   15 |   315 |      0 |      0 |    0 |          2 |
|             i_synth                                       |  floating_point_0_floating_point_v7_1_21_viv_HD759 |        154 |        139 |       0 |   15 |   315 |      0 |      0 |    0 |          2 |
|               need_combiner.use_2to1.skid_buffer_combiner |              floating_point_0_axi_slave_2to1_HD831 |         59 |         59 |       0 |    0 |   135 |      0 |      0 |    0 |          0 |
|               MULT.OP                                     |                    floating_point_0_flt_mult_HD760 |         93 |         78 |       0 |   15 |   171 |      0 |      0 |    0 |          2 |
|                 i_non_prim.EXP                            |                floating_point_0_flt_mult_exp_HD761 |         55 |         48 |       0 |    7 |    48 |      0 |      0 |    0 |          0 |
|                 i_non_prim.R_AND_R                        |              floating_point_0_flt_mult_round_HD809 |         22 |         14 |       0 |    8 |    62 |      0 |      0 |    0 |          0 |
|                   LOGIC.R_AND_R                           |      floating_point_0_renorm_and_round_logic_HD810 |         22 |         14 |       0 |    8 |    62 |      0 |      0 |    0 |          0 |
|   u_softmax                                               |                cats_r4_b2_shared_stager_v3_wrapper |      10743 |      10743 |       0 |    0 | 15573 |      0 |      0 |    0 |          3 |
|     (u_softmax)                                           |                cats_r4_b2_shared_stager_v3_wrapper |        665 |        665 |       0 |    0 |   171 |      0 |      0 |    0 |          0 |
|     u_accuracy                                            |                       cats_r4_row_softmax_accuracy |       2593 |       2593 |       0 |    0 |  1588 |      0 |      0 |    0 |          3 |
|       (u_accuracy)                                        |                       cats_r4_row_softmax_accuracy |        669 |        669 |       0 |    0 |   465 |      0 |      0 |    0 |          0 |
|       u_exp                                               |                         cats_r4_accuracy_exp_fixed |       1215 |       1215 |       0 |    0 |   626 |      0 |      0 |    0 |          3 |
|       u_reciprocal                                        |                        cats_r4_fp32_row_reciprocal |        274 |        274 |       0 |    0 |   363 |      0 |      0 |    0 |          0 |
|         (u_reciprocal)                                    |                        cats_r4_fp32_row_reciprocal |        214 |        214 |       0 |    0 |   233 |      0 |      0 |    0 |          0 |
|         u_divider                                         |         unsigned_restoring_divider__parameterized0 |         60 |         60 |       0 |    0 |   130 |      0 |      0 |    0 |          0 |
|       u_sum                                               |                          cats_r4_fp32_positive_add |        435 |        435 |       0 |    0 |   134 |      0 |      0 |    0 |          0 |
|     u_compatibility                                       |              cats_r4_b2_compatibility_core_adapter |       1592 |       1592 |       0 |    0 |  1127 |      0 |      0 |    0 |          0 |
|       (u_compatibility)                                   |              cats_r4_b2_compatibility_core_adapter |         87 |         87 |       0 |    0 |     0 |      0 |      0 |    0 |          0 |
|       u_core                                              |                  cats_r4_row_softmax_compatibility |       1505 |       1505 |       0 |    0 |  1127 |      0 |      0 |    0 |          0 |
|         (u_core)                                          |                  cats_r4_row_softmax_compatibility |       1241 |       1241 |       0 |    0 |  1010 |      0 |      0 |    0 |          0 |
|         u_exp_lut                                         |                                            exp_lut |        182 |        182 |       0 |    0 |     0 |      0 |      0 |    0 |          0 |
|         u_reciprocal                                      |                         unsigned_restoring_divider |         82 |         82 |       0 |    0 |   117 |      0 |      0 |    0 |          0 |
|     u_stager                                              |                           cats_r4_b2_weight_stager |       5875 |       5875 |       0 |    0 | 12681 |      0 |      0 |    0 |          0 |
+-----------------------------------------------------------+----------------------------------------------------+------------+------------+---------+------+-------+--------+--------+------+------------+


