Copyright 1986-2022 Xilinx, Inc. All Rights Reserved. Copyright 2022-2025 Advanced Micro Devices, Inc. All Rights Reserved.
-----------------------------------------------------------------------------------------------------------------------------------------------------------------------------------------------------
| Tool Version      : Vivado v.2025.2 (win64) Build 6299465 Fri Nov 14 19:35:11 GMT 2025
| Date              : Sat Sep 12 23:36:50 2026
| Host              : zhangxuanhao running 64-bit major release  (build 9200)
| Command           : report_timing_summary -delay_type max -max_paths 20 -report_unconstrained -file C:/Users/zhangxuanhao/AppData/Local/Temp/b4v_5d455469/ooc_results/synthesis_timing_summary.rpt
| Design            : cats_r4_b4_softmax_pv_cluster
| Device            : xczu15eg-ffvb1156
| Speed File        : -2  PRODUCTION 1.30 05-15-2022
| Design State      : Synthesized
| Temperature Grade : I
-----------------------------------------------------------------------------------------------------------------------------------------------------------------------------------------------------

Timing Summary Report

------------------------------------------------------------------------------------------------
| Timer Settings
| --------------
------------------------------------------------------------------------------------------------

  Enable Multi Corner Analysis               :  Yes
  Enable Pessimism Removal                   :  Yes
  Pessimism Removal Resolution               :  Nearest Common Node
  Enable Input Delay Default Clock           :  No
  Enable Preset / Clear Arcs                 :  No
  Disable Flight Delays                      :  No
  Ignore I/O Paths                           :  No
  Timing Early Launch at Borrowing Latches   :  No
  Borrow Time for Max Delay Exceptions       :  Yes
  Merge Timing Exceptions                    :  Yes
  Inter-SLR Compensation                     :  Conservative

  Corner  Analyze    Analyze    
  Name    Max Paths  Min Paths  
  ------  ---------  ---------  
  Slow    Yes        Yes        
  Fast    Yes        Yes        


------------------------------------------------------------------------------------------------
| Report Methodology
| ------------------
------------------------------------------------------------------------------------------------

No report available as report_methodology has not been run prior. Run report_methodology on the current design for the summary of methodology violations.



check_timing report

Table of Contents
-----------------
1. checking no_clock (0)
2. checking constant_clock (0)
3. checking pulse_width_clock (0)
4. checking unconstrained_internal_endpoints (0)
5. checking no_input_delay (816)
6. checking no_output_delay (2554)
7. checking multiple_clock (0)
8. checking generated_clocks (0)
9. checking loops (0)
10. checking partial_input_delay (0)
11. checking partial_output_delay (0)
12. checking latch_loops (0)

1. checking no_clock (0)
------------------------
 There are 0 register/latch pins with no clock.


2. checking constant_clock (0)
------------------------------
 There are 0 register/latch pins with constant_clock.


3. checking pulse_width_clock (0)
---------------------------------
 There are 0 register/latch pins which need pulse_width check


4. checking unconstrained_internal_endpoints (0)
------------------------------------------------
 There are 0 pins that are not constrained for maximum delay.

 There are 0 pins that are not constrained for maximum delay due to constant clock.


5. checking no_input_delay (816)
--------------------------------
 There are 0 input ports with no input delay specified.

 There are 816 input ports with no input delay but user has a false path constraint. (MEDIUM)


6. checking no_output_delay (2554)
----------------------------------
 There are 0 ports with no output delay specified.

 There are 2554 ports with no output delay but user has a false path constraint (MEDIUM)

 There are 0 ports with no output delay but with a timing clock defined on it or propagating through it


7. checking multiple_clock (0)
------------------------------
 There are 0 register/latch pins with multiple clocks.


8. checking generated_clocks (0)
--------------------------------
 There are 0 generated clocks that are not connected to a clock source.


9. checking loops (0)
---------------------
 There are 0 combinational loops in the design.


10. checking partial_input_delay (0)
------------------------------------
 There are 0 input ports with partial input delay specified.


11. checking partial_output_delay (0)
-------------------------------------
 There are 0 ports with partial output delay specified.


12. checking latch_loops (0)
----------------------------
 There are 0 combinational latch loops in the design through latch input



------------------------------------------------------------------------------------------------
| Design Timing Summary
| ---------------------
------------------------------------------------------------------------------------------------

    WNS(ns)      TNS(ns)  TNS Failing Endpoints  TNS Total Endpoints     WPWS(ns)     TPWS(ns)  TPWS Failing Endpoints  TPWS Total Endpoints  
    -------      -------  ---------------------  -------------------     --------     --------  ----------------------  --------------------  
     -0.164       -5.079                     32               163322        2.801        0.000                       0                 58787  


Timing constraints are not met.


------------------------------------------------------------------------------------------------
| Clock Summary
| -------------
------------------------------------------------------------------------------------------------

Clock     Waveform(ns)         Period(ns)      Frequency(MHz)
-----     ------------         ----------      --------------
core_clk  {0.000 3.333}        6.666           150.015         


------------------------------------------------------------------------------------------------
| Intra Clock Table
| -----------------
------------------------------------------------------------------------------------------------

Clock             WNS(ns)      TNS(ns)  TNS Failing Endpoints  TNS Total Endpoints     WPWS(ns)     TPWS(ns)  TPWS Failing Endpoints  TPWS Total Endpoints  
-----             -------      -------  ---------------------  -------------------     --------     --------  ----------------------  --------------------  
core_clk           -0.164       -5.079                     32               163322        2.801        0.000                       0                 58787  


------------------------------------------------------------------------------------------------
| Inter Clock Table
| -----------------
------------------------------------------------------------------------------------------------

From Clock    To Clock          WNS(ns)      TNS(ns)  TNS Failing Endpoints  TNS Total Endpoints  
----------    --------          -------      -------  ---------------------  -------------------  


------------------------------------------------------------------------------------------------
| Other Path Groups Table
| -----------------------
------------------------------------------------------------------------------------------------

Path Group    From Clock    To Clock          WNS(ns)      TNS(ns)  TNS Failing Endpoints  TNS Total Endpoints  
----------    ----------    --------          -------      -------  ---------------------  -------------------  


------------------------------------------------------------------------------------------------
| User Ignored Path Table
| -----------------------
------------------------------------------------------------------------------------------------

Path Group    From Clock    To Clock    
----------    ----------    --------    
(none)                                    
(none)        core_clk                    
(none)                      core_clk      


------------------------------------------------------------------------------------------------
| Unconstrained Path Table
| ------------------------
------------------------------------------------------------------------------------------------

Path Group    From Clock    To Clock    
----------    ----------    --------    


------------------------------------------------------------------------------------------------
| Timing Details
| --------------
------------------------------------------------------------------------------------------------


---------------------------------------------------------------------------------------------------
From Clock:  core_clk
  To Clock:  core_clk

Setup :           32  Failing Endpoints,  Worst Slack       -0.164ns,  Total Violation       -5.079ns
Hold  :           NA  Failing Endpoints,  Worst Slack           NA  ,  Total Violation           NA
PW    :            0  Failing Endpoints,  Worst Slack        2.801ns,  Total Violation        0.000ns
---------------------------------------------------------------------------------------------------


Max Delay Paths
--------------------------------------------------------------------------------------
Slack (VIOLATED) :        -0.164ns  (required time - arrival time)
  Source:                 u_softmax/u_accuracy/u_sum/out_valid_reg_reg/C
                            (rising edge-triggered cell FDCE clocked by core_clk  {rise@0.000ns fall@3.333ns period=6.666ns})
  Destination:            u_softmax/u_accuracy/u_sum/out_sum_reg_reg[10]/D
                            (rising edge-triggered cell FDCE clocked by core_clk  {rise@0.000ns fall@3.333ns period=6.666ns})
  Path Group:             core_clk
  Path Type:              Setup (Max at Slow Process Corner)
  Requirement:            6.666ns  (core_clk rise@6.666ns - core_clk rise@0.000ns)
  Data Path Delay:        6.820ns  (logic 1.507ns (22.097%)  route 5.313ns (77.903%))
  Logic Levels:           26  (CARRY8=5 LUT2=2 LUT3=3 LUT4=1 LUT5=4 LUT6=11)
  Clock Uncertainty:      0.035ns  ((TSJ^2 + TIJ^2)^1/2 + DJ) / 2 + PE
    Total System Jitter     (TSJ):    0.071ns
    Total Input Jitter      (TIJ):    0.000ns
    Discrete Jitter          (DJ):    0.000ns
    Phase Error              (PE):    0.000ns

    Location             Delay type                Incr(ns)  Path(ns)    Netlist Resource(s)
  -------------------------------------------------------------------    -------------------
                         (clock core_clk rise edge)
                                                      0.000     0.000 r  
                                                      0.000     0.000 r  clk (IN)
                         net (fo=59650, unset)        0.000     0.000    u_softmax/u_accuracy/u_sum/clk
                         FDCE                                         r  u_softmax/u_accuracy/u_sum/out_valid_reg_reg/C
  -------------------------------------------------------------------    -------------------
                         FDCE (Prop_FDCE_C_Q)         0.077     0.077 r  u_softmax/u_accuracy/u_sum/out_valid_reg_reg/Q
                         net (fo=11, unplaced)        0.181     0.258    u_softmax/u_accuracy/add_out_valid
                         LUT5 (Prop_LUT5_I0_O)        0.125     0.383 r  u_softmax/u_accuracy/u_sum_i_34/O
                         net (fo=31, unplaced)        0.242     0.625    u_softmax/u_accuracy/add_bypass_same_slot
                         LUT3 (Prop_LUT3_I1_O)        0.053     0.678 r  u_softmax/u_accuracy/u_sum_i_8/O
                         net (fo=41, unplaced)        0.297     0.975    u_softmax/u_accuracy/u_sum/in_a_fp32[24]
                         LUT4 (Prop_LUT4_I3_O)        0.038     1.013 r  u_softmax/u_accuracy/u_sum/out_sum_reg[25]_i_11/O
                         net (fo=2, unplaced)         0.232     1.245    u_softmax/u_accuracy/u_sum/out_sum_reg[25]_i_11_n_0
                         LUT5 (Prop_LUT5_I1_O)        0.038     1.283 r  u_softmax/u_accuracy/u_sum/out_sum_reg[25]_i_6/O
                         net (fo=6, unplaced)         0.254     1.537    u_softmax/u_accuracy/u_sum/out_sum_reg[25]_i_6_n_0
                         LUT2 (Prop_LUT2_I0_O)        0.038     1.575 f  u_softmax/u_accuracy/u_sum/out_sum_reg[30]_i_74/O
                         net (fo=109, unplaced)       0.320     1.895    u_softmax/u_accuracy/u_sum/out_sum_reg[30]_i_74_n_0
                         LUT3 (Prop_LUT3_I2_O)        0.038     1.933 r  u_softmax/u_accuracy/u_sum/out_sum_reg[30]_i_57/O
                         net (fo=1, unplaced)         0.020     1.953    u_softmax/u_accuracy/u_sum/out_sum_reg[30]_i_57_n_0
                         CARRY8 (Prop_CARRY8_S[0]_CO[3])
                                                      0.186     2.139 r  u_softmax/u_accuracy/u_sum/out_sum_reg_reg[30]_i_23/CO[3]
                         net (fo=118, unplaced)       0.227     2.366    u_softmax/u_accuracy/u_sum/larger_significand1
                         LUT5 (Prop_LUT5_I4_O)        0.038     2.404 f  u_softmax/u_accuracy/u_sum/out_sum_reg[30]_i_115/O
                         net (fo=3, unplaced)         0.238     2.642    u_softmax/u_accuracy/u_sum/out_sum_reg[30]_i_115_n_0
                         LUT6 (Prop_LUT6_I2_O)        0.038     2.680 r  u_softmax/u_accuracy/u_sum/out_sum_reg[30]_i_117/O
                         net (fo=2, unplaced)         0.232     2.912    u_softmax/u_accuracy/u_sum/out_sum_reg[30]_i_117_n_0
                         LUT6 (Prop_LUT6_I1_O)        0.038     2.950 f  u_softmax/u_accuracy/u_sum/out_sum_reg[30]_i_72/O
                         net (fo=40, unplaced)        0.297     3.247    u_softmax/u_accuracy/u_sum/out_sum_reg[30]_i_72_n_0
                         LUT6 (Prop_LUT6_I2_O)        0.038     3.285 f  u_softmax/u_accuracy/u_sum/out_sum_reg[25]_i_40/O
                         net (fo=4, unplaced)         0.245     3.530    u_softmax/u_accuracy/u_sum/out_sum_reg[25]_i_40_n_0
                         LUT6 (Prop_LUT6_I0_O)        0.038     3.568 f  u_softmax/u_accuracy/u_sum/out_sum_reg[14]_i_22/O
                         net (fo=3, unplaced)         0.238     3.806    u_softmax/u_accuracy/u_sum/out_sum_reg[14]_i_22_n_0
                         LUT3 (Prop_LUT3_I0_O)        0.038     3.844 f  u_softmax/u_accuracy/u_sum/out_sum_reg[14]_i_31/O
                         net (fo=2, unplaced)         0.232     4.076    u_softmax/u_accuracy/u_sum/out_sum_reg[14]_i_31_n_0
                         LUT2 (Prop_LUT2_I1_O)        0.038     4.114 r  u_softmax/u_accuracy/u_sum/out_sum_reg[25]_i_38/O
                         net (fo=2, unplaced)         0.232     4.346    u_softmax/u_accuracy/u_sum/out_sum_reg[25]_i_38_n_0
                         LUT6 (Prop_LUT6_I5_O)        0.037     4.383 r  u_softmax/u_accuracy/u_sum/out_sum_reg[6]_i_17/O
                         net (fo=1, unplaced)         0.023     4.406    u_softmax/u_accuracy/u_sum/out_sum_reg[6]_i_17_n_0
                         CARRY8 (Prop_CARRY8_S[1]_CO[7])
                                                      0.197     4.603 r  u_softmax/u_accuracy/u_sum/out_sum_reg_reg[6]_i_3/CO[7]
                         net (fo=1, unplaced)         0.005     4.608    u_softmax/u_accuracy/u_sum/out_sum_reg_reg[6]_i_3_n_0
                         CARRY8 (Prop_CARRY8_CI_CO[7])
                                                      0.022     4.630 r  u_softmax/u_accuracy/u_sum/out_sum_reg_reg[14]_i_3/CO[7]
                         net (fo=1, unplaced)         0.005     4.635    u_softmax/u_accuracy/u_sum/out_sum_reg_reg[14]_i_3_n_0
                         CARRY8 (Prop_CARRY8_CI_CO[7])
                                                      0.022     4.657 r  u_softmax/u_accuracy/u_sum/out_sum_reg_reg[25]_i_8/CO[7]
                         net (fo=1, unplaced)         0.005     4.662    u_softmax/u_accuracy/u_sum/out_sum_reg_reg[25]_i_8_n_0
                         CARRY8 (Prop_CARRY8_CI_CO[0])
                                                      0.052     4.714 r  u_softmax/u_accuracy/u_sum/out_sum_reg_reg[25]_i_4/CO[0]
                         net (fo=63, unplaced)        0.307     5.021    u_softmax/u_accuracy/u_sum/p_0_in
                         LUT5 (Prop_LUT5_I4_O)        0.038     5.059 r  u_softmax/u_accuracy/u_sum/out_sum_reg[27]_i_5/O
                         net (fo=2, unplaced)         0.232     5.291    u_softmax/u_accuracy/u_sum/out_sum_reg[27]_i_5_n_0
                         LUT6 (Prop_LUT6_I2_O)        0.038     5.329 r  u_softmax/u_accuracy/u_sum/out_sum_reg[27]_i_2/O
                         net (fo=4, unplaced)         0.245     5.574    u_softmax/u_accuracy/u_sum/out_sum_reg[27]_i_2_n_0
                         LUT6 (Prop_LUT6_I2_O)        0.038     5.612 r  u_softmax/u_accuracy/u_sum/out_sum_reg[30]_i_22/O
                         net (fo=3, unplaced)         0.238     5.850    u_softmax/u_accuracy/u_sum/out_sum_reg[30]_i_22_n_0
                         LUT6 (Prop_LUT6_I2_O)        0.038     5.888 r  u_softmax/u_accuracy/u_sum/out_sum_reg[30]_i_5/O
                         net (fo=3, unplaced)         0.192     6.080    u_softmax/u_accuracy/u_sum/out_sum_reg[30]_i_5_n_0
                         LUT6 (Prop_LUT6_I2_O)        0.090     6.170 r  u_softmax/u_accuracy/u_sum/out_sum_reg[30]_i_29/O
                         net (fo=3, unplaced)         0.238     6.408    u_softmax/u_accuracy/u_sum/out_sum_reg[30]_i_29_n_0
                         LUT6 (Prop_LUT6_I5_O)        0.038     6.446 f  u_softmax/u_accuracy/u_sum/out_sum_reg[30]_i_8/O
                         net (fo=27, unplaced)        0.288     6.734    u_softmax/u_accuracy/u_sum/out_sum_reg[30]_i_8_n_0
                         LUT6 (Prop_LUT6_I5_O)        0.038     6.772 r  u_softmax/u_accuracy/u_sum/out_sum_reg[10]_i_1/O
                         net (fo=1, unplaced)         0.048     6.820    u_softmax/u_accuracy/u_sum/out_sum_reg__0[10]
                         FDCE                                         r  u_softmax/u_accuracy/u_sum/out_sum_reg_reg[10]/D
  -------------------------------------------------------------------    -------------------

                         (clock core_clk rise edge)
                                                      6.666     6.666 r  
                                                      0.000     6.666 r  clk (IN)
                         net (fo=59650, unset)        0.000     6.666    u_softmax/u_accuracy/u_sum/clk
                         FDCE                                         r  u_softmax/u_accuracy/u_sum/out_sum_reg_reg[10]/C
                         clock pessimism              0.000     6.666    
                         clock uncertainty           -0.035     6.631    
                         FDCE (Setup_FDCE_C_D)        0.025     6.656    u_softmax/u_accuracy/u_sum/out_sum_reg_reg[10]
  -------------------------------------------------------------------
                         required time                          6.656    
                         arrival time                          -6.820    
  -------------------------------------------------------------------
                         slack                                 -0.164    

Slack (VIOLATED) :        -0.164ns  (required time - arrival time)
  Source:                 u_softmax/u_accuracy/u_sum/out_valid_reg_reg/C
                            (rising edge-triggered cell FDCE clocked by core_clk  {rise@0.000ns fall@3.333ns period=6.666ns})
  Destination:            u_softmax/u_accuracy/u_sum/out_sum_reg_reg[11]/D
                            (rising edge-triggered cell FDCE clocked by core_clk  {rise@0.000ns fall@3.333ns period=6.666ns})
  Path Group:             core_clk
  Path Type:              Setup (Max at Slow Process Corner)
  Requirement:            6.666ns  (core_clk rise@6.666ns - core_clk rise@0.000ns)
  Data Path Delay:        6.820ns  (logic 1.507ns (22.097%)  route 5.313ns (77.903%))
  Logic Levels:           26  (CARRY8=5 LUT2=2 LUT3=3 LUT4=1 LUT5=4 LUT6=11)
  Clock Uncertainty:      0.035ns  ((TSJ^2 + TIJ^2)^1/2 + DJ) / 2 + PE
    Total System Jitter     (TSJ):    0.071ns
    Total Input Jitter      (TIJ):    0.000ns
    Discrete Jitter          (DJ):    0.000ns
    Phase Error              (PE):    0.000ns

    Location             Delay type                Incr(ns)  Path(ns)    Netlist Resource(s)
  -------------------------------------------------------------------    -------------------
                         (clock core_clk rise edge)
                                                      0.000     0.000 r  
                                                      0.000     0.000 r  clk (IN)
                         net (fo=59650, unset)        0.000     0.000    u_softmax/u_accuracy/u_sum/clk
                         FDCE                                         r  u_softmax/u_accuracy/u_sum/out_valid_reg_reg/C
  -------------------------------------------------------------------    -------------------
                         FDCE (Prop_FDCE_C_Q)         0.077     0.077 r  u_softmax/u_accuracy/u_sum/out_valid_reg_reg/Q
                         net (fo=11, unplaced)        0.181     0.258    u_softmax/u_accuracy/add_out_valid
                         LUT5 (Prop_LUT5_I0_O)        0.125     0.383 r  u_softmax/u_accuracy/u_sum_i_34/O
                         net (fo=31, unplaced)        0.242     0.625    u_softmax/u_accuracy/add_bypass_same_slot
                         LUT3 (Prop_LUT3_I1_O)        0.053     0.678 r  u_softmax/u_accuracy/u_sum_i_8/O
                         net (fo=41, unplaced)        0.297     0.975    u_softmax/u_accuracy/u_sum/in_a_fp32[24]
                         LUT4 (Prop_LUT4_I3_O)        0.038     1.013 r  u_softmax/u_accuracy/u_sum/out_sum_reg[25]_i_11/O
                         net (fo=2, unplaced)         0.232     1.245    u_softmax/u_accuracy/u_sum/out_sum_reg[25]_i_11_n_0
                         LUT5 (Prop_LUT5_I1_O)        0.038     1.283 r  u_softmax/u_accuracy/u_sum/out_sum_reg[25]_i_6/O
                         net (fo=6, unplaced)         0.254     1.537    u_softmax/u_accuracy/u_sum/out_sum_reg[25]_i_6_n_0
                         LUT2 (Prop_LUT2_I0_O)        0.038     1.575 f  u_softmax/u_accuracy/u_sum/out_sum_reg[30]_i_74/O
                         net (fo=109, unplaced)       0.320     1.895    u_softmax/u_accuracy/u_sum/out_sum_reg[30]_i_74_n_0
                         LUT3 (Prop_LUT3_I2_O)        0.038     1.933 r  u_softmax/u_accuracy/u_sum/out_sum_reg[30]_i_57/O
                         net (fo=1, unplaced)         0.020     1.953    u_softmax/u_accuracy/u_sum/out_sum_reg[30]_i_57_n_0
                         CARRY8 (Prop_CARRY8_S[0]_CO[3])
                                                      0.186     2.139 r  u_softmax/u_accuracy/u_sum/out_sum_reg_reg[30]_i_23/CO[3]
                         net (fo=118, unplaced)       0.227     2.366    u_softmax/u_accuracy/u_sum/larger_significand1
                         LUT5 (Prop_LUT5_I4_O)        0.038     2.404 f  u_softmax/u_accuracy/u_sum/out_sum_reg[30]_i_115/O
                         net (fo=3, unplaced)         0.238     2.642    u_softmax/u_accuracy/u_sum/out_sum_reg[30]_i_115_n_0
                         LUT6 (Prop_LUT6_I2_O)        0.038     2.680 r  u_softmax/u_accuracy/u_sum/out_sum_reg[30]_i_117/O
                         net (fo=2, unplaced)         0.232     2.912    u_softmax/u_accuracy/u_sum/out_sum_reg[30]_i_117_n_0
                         LUT6 (Prop_LUT6_I1_O)        0.038     2.950 f  u_softmax/u_accuracy/u_sum/out_sum_reg[30]_i_72/O
                         net (fo=40, unplaced)        0.297     3.247    u_softmax/u_accuracy/u_sum/out_sum_reg[30]_i_72_n_0
                         LUT6 (Prop_LUT6_I2_O)        0.038     3.285 f  u_softmax/u_accuracy/u_sum/out_sum_reg[25]_i_40/O
                         net (fo=4, unplaced)         0.245     3.530    u_softmax/u_accuracy/u_sum/out_sum_reg[25]_i_40_n_0
                         LUT6 (Prop_LUT6_I0_O)        0.038     3.568 f  u_softmax/u_accuracy/u_sum/out_sum_reg[14]_i_22/O
                         net (fo=3, unplaced)         0.238     3.806    u_softmax/u_accuracy/u_sum/out_sum_reg[14]_i_22_n_0
                         LUT3 (Prop_LUT3_I0_O)        0.038     3.844 f  u_softmax/u_accuracy/u_sum/out_sum_reg[14]_i_31/O
                         net (fo=2, unplaced)         0.232     4.076    u_softmax/u_accuracy/u_sum/out_sum_reg[14]_i_31_n_0
                         LUT2 (Prop_LUT2_I1_O)        0.038     4.114 r  u_softmax/u_accuracy/u_sum/out_sum_reg[25]_i_38/O
                         net (fo=2, unplaced)         0.232     4.346    u_softmax/u_accuracy/u_sum/out_sum_reg[25]_i_38_n_0
                         LUT6 (Prop_LUT6_I5_O)        0.037     4.383 r  u_softmax/u_accuracy/u_sum/out_sum_reg[6]_i_17/O
                         net (fo=1, unplaced)         0.023     4.406    u_softmax/u_accuracy/u_sum/out_sum_reg[6]_i_17_n_0
                         CARRY8 (Prop_CARRY8_S[1]_CO[7])
                                                      0.197     4.603 r  u_softmax/u_accuracy/u_sum/out_sum_reg_reg[6]_i_3/CO[7]
                         net (fo=1, unplaced)         0.005     4.608    u_softmax/u_accuracy/u_sum/out_sum_reg_reg[6]_i_3_n_0
                         CARRY8 (Prop_CARRY8_CI_CO[7])
                                                      0.022     4.630 r  u_softmax/u_accuracy/u_sum/out_sum_reg_reg[14]_i_3/CO[7]
                         net (fo=1, unplaced)         0.005     4.635    u_softmax/u_accuracy/u_sum/out_sum_reg_reg[14]_i_3_n_0
                         CARRY8 (Prop_CARRY8_CI_CO[7])
                                                      0.022     4.657 r  u_softmax/u_accuracy/u_sum/out_sum_reg_reg[25]_i_8/CO[7]
                         net (fo=1, unplaced)         0.005     4.662    u_softmax/u_accuracy/u_sum/out_sum_reg_reg[25]_i_8_n_0
                         CARRY8 (Prop_CARRY8_CI_CO[0])
                                                      0.052     4.714 r  u_softmax/u_accuracy/u_sum/out_sum_reg_reg[25]_i_4/CO[0]
                         net (fo=63, unplaced)        0.307     5.021    u_softmax/u_accuracy/u_sum/p_0_in
                         LUT5 (Prop_LUT5_I4_O)        0.038     5.059 r  u_softmax/u_accuracy/u_sum/out_sum_reg[27]_i_5/O
                         net (fo=2, unplaced)         0.232     5.291    u_softmax/u_accuracy/u_sum/out_sum_reg[27]_i_5_n_0
                         LUT6 (Prop_LUT6_I2_O)        0.038     5.329 r  u_softmax/u_accuracy/u_sum/out_sum_reg[27]_i_2/O
                         net (fo=4, unplaced)         0.245     5.574    u_softmax/u_accuracy/u_sum/out_sum_reg[27]_i_2_n_0
                         LUT6 (Prop_LUT6_I2_O)        0.038     5.612 r  u_softmax/u_accuracy/u_sum/out_sum_reg[30]_i_22/O
                         net (fo=3, unplaced)         0.238     5.850    u_softmax/u_accuracy/u_sum/out_sum_reg[30]_i_22_n_0
                         LUT6 (Prop_LUT6_I2_O)        0.038     5.888 r  u_softmax/u_accuracy/u_sum/out_sum_reg[30]_i_5/O
                         net (fo=3, unplaced)         0.192     6.080    u_softmax/u_accuracy/u_sum/out_sum_reg[30]_i_5_n_0
                         LUT6 (Prop_LUT6_I2_O)        0.090     6.170 r  u_softmax/u_accuracy/u_sum/out_sum_reg[30]_i_29/O
                         net (fo=3, unplaced)         0.238     6.408    u_softmax/u_accuracy/u_sum/out_sum_reg[30]_i_29_n_0
                         LUT6 (Prop_LUT6_I5_O)        0.038     6.446 f  u_softmax/u_accuracy/u_sum/out_sum_reg[30]_i_8/O
                         net (fo=27, unplaced)        0.288     6.734    u_softmax/u_accuracy/u_sum/out_sum_reg[30]_i_8_n_0
                         LUT6 (Prop_LUT6_I5_O)        0.038     6.772 r  u_softmax/u_accuracy/u_sum/out_sum_reg[11]_i_1/O
                         net (fo=1, unplaced)         0.048     6.820    u_softmax/u_accuracy/u_sum/out_sum_reg__0[11]
                         FDCE                                         r  u_softmax/u_accuracy/u_sum/out_sum_reg_reg[11]/D
  -------------------------------------------------------------------    -------------------

                         (clock core_clk rise edge)
                                                      6.666     6.666 r  
                                                      0.000     6.666 r  clk (IN)
                         net (fo=59650, unset)        0.000     6.666    u_softmax/u_accuracy/u_sum/clk
                         FDCE                                         r  u_softmax/u_accuracy/u_sum/out_sum_reg_reg[11]/C
                         clock pessimism              0.000     6.666    
                         clock uncertainty           -0.035     6.631    
                         FDCE (Setup_FDCE_C_D)        0.025     6.656    u_softmax/u_accuracy/u_sum/out_sum_reg_reg[11]
  -------------------------------------------------------------------
                         required time                          6.656    
                         arrival time                          -6.820    
  -------------------------------------------------------------------
                         slack                                 -0.164    

Slack (VIOLATED) :        -0.164ns  (required time - arrival time)
  Source:                 u_softmax/u_accuracy/u_sum/out_valid_reg_reg/C
                            (rising edge-triggered cell FDCE clocked by core_clk  {rise@0.000ns fall@3.333ns period=6.666ns})
  Destination:            u_softmax/u_accuracy/u_sum/out_sum_reg_reg[12]/D
                            (rising edge-triggered cell FDCE clocked by core_clk  {rise@0.000ns fall@3.333ns period=6.666ns})
  Path Group:             core_clk
  Path Type:              Setup (Max at Slow Process Corner)
  Requirement:            6.666ns  (core_clk rise@6.666ns - core_clk rise@0.000ns)
  Data Path Delay:        6.820ns  (logic 1.507ns (22.097%)  route 5.313ns (77.903%))
  Logic Levels:           26  (CARRY8=5 LUT2=2 LUT3=3 LUT4=1 LUT5=4 LUT6=11)
  Clock Uncertainty:      0.035ns  ((TSJ^2 + TIJ^2)^1/2 + DJ) / 2 + PE
    Total System Jitter     (TSJ):    0.071ns
    Total Input Jitter      (TIJ):    0.000ns
    Discrete Jitter          (DJ):    0.000ns
    Phase Error              (PE):    0.000ns

    Location             Delay type                Incr(ns)  Path(ns)    Netlist Resource(s)
  -------------------------------------------------------------------    -------------------
                         (clock core_clk rise edge)
                                                      0.000     0.000 r  
                                                      0.000     0.000 r  clk (IN)
                         net (fo=59650, unset)        0.000     0.000    u_softmax/u_accuracy/u_sum/clk
                         FDCE                                         r  u_softmax/u_accuracy/u_sum/out_valid_reg_reg/C
  -------------------------------------------------------------------    -------------------
                         FDCE (Prop_FDCE_C_Q)         0.077     0.077 r  u_softmax/u_accuracy/u_sum/out_valid_reg_reg/Q
                         net (fo=11, unplaced)        0.181     0.258    u_softmax/u_accuracy/add_out_valid
                         LUT5 (Prop_LUT5_I0_O)        0.125     0.383 r  u_softmax/u_accuracy/u_sum_i_34/O
                         net (fo=31, unplaced)        0.242     0.625    u_softmax/u_accuracy/add_bypass_same_slot
                         LUT3 (Prop_LUT3_I1_O)        0.053     0.678 r  u_softmax/u_accuracy/u_sum_i_8/O
                         net (fo=41, unplaced)        0.297     0.975    u_softmax/u_accuracy/u_sum/in_a_fp32[24]
                         LUT4 (Prop_LUT4_I3_O)        0.038     1.013 r  u_softmax/u_accuracy/u_sum/out_sum_reg[25]_i_11/O
                         net (fo=2, unplaced)         0.232     1.245    u_softmax/u_accuracy/u_sum/out_sum_reg[25]_i_11_n_0
                         LUT5 (Prop_LUT5_I1_O)        0.038     1.283 r  u_softmax/u_accuracy/u_sum/out_sum_reg[25]_i_6/O
                         net (fo=6, unplaced)         0.254     1.537    u_softmax/u_accuracy/u_sum/out_sum_reg[25]_i_6_n_0
                         LUT2 (Prop_LUT2_I0_O)        0.038     1.575 f  u_softmax/u_accuracy/u_sum/out_sum_reg[30]_i_74/O
                         net (fo=109, unplaced)       0.320     1.895    u_softmax/u_accuracy/u_sum/out_sum_reg[30]_i_74_n_0
                         LUT3 (Prop_LUT3_I2_O)        0.038     1.933 r  u_softmax/u_accuracy/u_sum/out_sum_reg[30]_i_57/O
                         net (fo=1, unplaced)         0.020     1.953    u_softmax/u_accuracy/u_sum/out_sum_reg[30]_i_57_n_0
                         CARRY8 (Prop_CARRY8_S[0]_CO[3])
                                                      0.186     2.139 r  u_softmax/u_accuracy/u_sum/out_sum_reg_reg[30]_i_23/CO[3]
                         net (fo=118, unplaced)       0.227     2.366    u_softmax/u_accuracy/u_sum/larger_significand1
                         LUT5 (Prop_LUT5_I4_O)        0.038     2.404 f  u_softmax/u_accuracy/u_sum/out_sum_reg[30]_i_115/O
                         net (fo=3, unplaced)         0.238     2.642    u_softmax/u_accuracy/u_sum/out_sum_reg[30]_i_115_n_0
                         LUT6 (Prop_LUT6_I2_O)        0.038     2.680 r  u_softmax/u_accuracy/u_sum/out_sum_reg[30]_i_117/O
                         net (fo=2, unplaced)         0.232     2.912    u_softmax/u_accuracy/u_sum/out_sum_reg[30]_i_117_n_0
                         LUT6 (Prop_LUT6_I1_O)        0.038     2.950 f  u_softmax/u_accuracy/u_sum/out_sum_reg[30]_i_72/O
                         net (fo=40, unplaced)        0.297     3.247    u_softmax/u_accuracy/u_sum/out_sum_reg[30]_i_72_n_0
                         LUT6 (Prop_LUT6_I2_O)        0.038     3.285 f  u_softmax/u_accuracy/u_sum/out_sum_reg[25]_i_40/O
                         net (fo=4, unplaced)         0.245     3.530    u_softmax/u_accuracy/u_sum/out_sum_reg[25]_i_40_n_0
                         LUT6 (Prop_LUT6_I0_O)        0.038     3.568 f  u_softmax/u_accuracy/u_sum/out_sum_reg[14]_i_22/O
                         net (fo=3, unplaced)         0.238     3.806    u_softmax/u_accuracy/u_sum/out_sum_reg[14]_i_22_n_0
                         LUT3 (Prop_LUT3_I0_O)        0.038     3.844 f  u_softmax/u_accuracy/u_sum/out_sum_reg[14]_i_31/O
                         net (fo=2, unplaced)         0.232     4.076    u_softmax/u_accuracy/u_sum/out_sum_reg[14]_i_31_n_0
                         LUT2 (Prop_LUT2_I1_O)        0.038     4.114 r  u_softmax/u_accuracy/u_sum/out_sum_reg[25]_i_38/O
                         net (fo=2, unplaced)         0.232     4.346    u_softmax/u_accuracy/u_sum/out_sum_reg[25]_i_38_n_0
                         LUT6 (Prop_LUT6_I5_O)        0.037     4.383 r  u_softmax/u_accuracy/u_sum/out_sum_reg[6]_i_17/O
                         net (fo=1, unplaced)         0.023     4.406    u_softmax/u_accuracy/u_sum/out_sum_reg[6]_i_17_n_0
                         CARRY8 (Prop_CARRY8_S[1]_CO[7])
                                                      0.197     4.603 r  u_softmax/u_accuracy/u_sum/out_sum_reg_reg[6]_i_3/CO[7]
                         net (fo=1, unplaced)         0.005     4.608    u_softmax/u_accuracy/u_sum/out_sum_reg_reg[6]_i_3_n_0
                         CARRY8 (Prop_CARRY8_CI_CO[7])
                                                      0.022     4.630 r  u_softmax/u_accuracy/u_sum/out_sum_reg_reg[14]_i_3/CO[7]
                         net (fo=1, unplaced)         0.005     4.635    u_softmax/u_accuracy/u_sum/out_sum_reg_reg[14]_i_3_n_0
                         CARRY8 (Prop_CARRY8_CI_CO[7])
                                                      0.022     4.657 r  u_softmax/u_accuracy/u_sum/out_sum_reg_reg[25]_i_8/CO[7]
                         net (fo=1, unplaced)         0.005     4.662    u_softmax/u_accuracy/u_sum/out_sum_reg_reg[25]_i_8_n_0
                         CARRY8 (Prop_CARRY8_CI_CO[0])
                                                      0.052     4.714 r  u_softmax/u_accuracy/u_sum/out_sum_reg_reg[25]_i_4/CO[0]
                         net (fo=63, unplaced)        0.307     5.021    u_softmax/u_accuracy/u_sum/p_0_in
                         LUT5 (Prop_LUT5_I4_O)        0.038     5.059 r  u_softmax/u_accuracy/u_sum/out_sum_reg[27]_i_5/O
                         net (fo=2, unplaced)         0.232     5.291    u_softmax/u_accuracy/u_sum/out_sum_reg[27]_i_5_n_0
                         LUT6 (Prop_LUT6_I2_O)        0.038     5.329 r  u_softmax/u_accuracy/u_sum/out_sum_reg[27]_i_2/O
                         net (fo=4, unplaced)         0.245     5.574    u_softmax/u_accuracy/u_sum/out_sum_reg[27]_i_2_n_0
                         LUT6 (Prop_LUT6_I2_O)        0.038     5.612 r  u_softmax/u_accuracy/u_sum/out_sum_reg[30]_i_22/O
                         net (fo=3, unplaced)         0.238     5.850    u_softmax/u_accuracy/u_sum/out_sum_reg[30]_i_22_n_0
                         LUT6 (Prop_LUT6_I2_O)        0.038     5.888 r  u_softmax/u_accuracy/u_sum/out_sum_reg[30]_i_5/O
                         net (fo=3, unplaced)         0.192     6.080    u_softmax/u_accuracy/u_sum/out_sum_reg[30]_i_5_n_0
                         LUT6 (Prop_LUT6_I2_O)        0.090     6.170 r  u_softmax/u_accuracy/u_sum/out_sum_reg[30]_i_29/O
                         net (fo=3, unplaced)         0.238     6.408    u_softmax/u_accuracy/u_sum/out_sum_reg[30]_i_29_n_0
                         LUT6 (Prop_LUT6_I5_O)        0.038     6.446 f  u_softmax/u_accuracy/u_sum/out_sum_reg[30]_i_8/O
                         net (fo=27, unplaced)        0.288     6.734    u_softmax/u_accuracy/u_sum/out_sum_reg[30]_i_8_n_0
                         LUT6 (Prop_LUT6_I5_O)        0.038     6.772 r  u_softmax/u_accuracy/u_sum/out_sum_reg[12]_i_1/O
                         net (fo=1, unplaced)         0.048     6.820    u_softmax/u_accuracy/u_sum/out_sum_reg__0[12]
                         FDCE                                         r  u_softmax/u_accuracy/u_sum/out_sum_reg_reg[12]/D
  -------------------------------------------------------------------    -------------------

                         (clock core_clk rise edge)
                                                      6.666     6.666 r  
                                                      0.000     6.666 r  clk (IN)
                         net (fo=59650, unset)        0.000     6.666    u_softmax/u_accuracy/u_sum/clk
                         FDCE                                         r  u_softmax/u_accuracy/u_sum/out_sum_reg_reg[12]/C
                         clock pessimism              0.000     6.666    
                         clock uncertainty           -0.035     6.631    
                         FDCE (Setup_FDCE_C_D)        0.025     6.656    u_softmax/u_accuracy/u_sum/out_sum_reg_reg[12]
  -------------------------------------------------------------------
                         required time                          6.656    
                         arrival time                          -6.820    
  -------------------------------------------------------------------
                         slack                                 -0.164    

Slack (VIOLATED) :        -0.164ns  (required time - arrival time)
  Source:                 u_softmax/u_accuracy/u_sum/out_valid_reg_reg/C
                            (rising edge-triggered cell FDCE clocked by core_clk  {rise@0.000ns fall@3.333ns period=6.666ns})
  Destination:            u_softmax/u_accuracy/u_sum/out_sum_reg_reg[13]/D
                            (rising edge-triggered cell FDCE clocked by core_clk  {rise@0.000ns fall@3.333ns period=6.666ns})
  Path Group:             core_clk
  Path Type:              Setup (Max at Slow Process Corner)
  Requirement:            6.666ns  (core_clk rise@6.666ns - core_clk rise@0.000ns)
  Data Path Delay:        6.820ns  (logic 1.507ns (22.097%)  route 5.313ns (77.903%))
  Logic Levels:           26  (CARRY8=5 LUT2=2 LUT3=3 LUT4=1 LUT5=4 LUT6=11)
  Clock Uncertainty:      0.035ns  ((TSJ^2 + TIJ^2)^1/2 + DJ) / 2 + PE
    Total System Jitter     (TSJ):    0.071ns
    Total Input Jitter      (TIJ):    0.000ns
    Discrete Jitter          (DJ):    0.000ns
    Phase Error              (PE):    0.000ns

    Location             Delay type                Incr(ns)  Path(ns)    Netlist Resource(s)
  -------------------------------------------------------------------    -------------------
                         (clock core_clk rise edge)
                                                      0.000     0.000 r  
                                                      0.000     0.000 r  clk (IN)
                         net (fo=59650, unset)        0.000     0.000    u_softmax/u_accuracy/u_sum/clk
                         FDCE                                         r  u_softmax/u_accuracy/u_sum/out_valid_reg_reg/C
  -------------------------------------------------------------------    -------------------
                         FDCE (Prop_FDCE_C_Q)         0.077     0.077 r  u_softmax/u_accuracy/u_sum/out_valid_reg_reg/Q
                         net (fo=11, unplaced)        0.181     0.258    u_softmax/u_accuracy/add_out_valid
                         LUT5 (Prop_LUT5_I0_O)        0.125     0.383 r  u_softmax/u_accuracy/u_sum_i_34/O
                         net (fo=31, unplaced)        0.242     0.625    u_softmax/u_accuracy/add_bypass_same_slot
                         LUT3 (Prop_LUT3_I1_O)        0.053     0.678 r  u_softmax/u_accuracy/u_sum_i_8/O
                         net (fo=41, unplaced)        0.297     0.975    u_softmax/u_accuracy/u_sum/in_a_fp32[24]
                         LUT4 (Prop_LUT4_I3_O)        0.038     1.013 r  u_softmax/u_accuracy/u_sum/out_sum_reg[25]_i_11/O
                         net (fo=2, unplaced)         0.232     1.245    u_softmax/u_accuracy/u_sum/out_sum_reg[25]_i_11_n_0
                         LUT5 (Prop_LUT5_I1_O)        0.038     1.283 r  u_softmax/u_accuracy/u_sum/out_sum_reg[25]_i_6/O
                         net (fo=6, unplaced)         0.254     1.537    u_softmax/u_accuracy/u_sum/out_sum_reg[25]_i_6_n_0
                         LUT2 (Prop_LUT2_I0_O)        0.038     1.575 f  u_softmax/u_accuracy/u_sum/out_sum_reg[30]_i_74/O
                         net (fo=109, unplaced)       0.320     1.895    u_softmax/u_accuracy/u_sum/out_sum_reg[30]_i_74_n_0
                         LUT3 (Prop_LUT3_I2_O)        0.038     1.933 r  u_softmax/u_accuracy/u_sum/out_sum_reg[30]_i_57/O
                         net (fo=1, unplaced)         0.020     1.953    u_softmax/u_accuracy/u_sum/out_sum_reg[30]_i_57_n_0
                         CARRY8 (Prop_CARRY8_S[0]_CO[3])
                                                      0.186     2.139 r  u_softmax/u_accuracy/u_sum/out_sum_reg_reg[30]_i_23/CO[3]
                         net (fo=118, unplaced)       0.227     2.366    u_softmax/u_accuracy/u_sum/larger_significand1
                         LUT5 (Prop_LUT5_I4_O)        0.038     2.404 f  u_softmax/u_accuracy/u_sum/out_sum_reg[30]_i_115/O
                         net (fo=3, unplaced)         0.238     2.642    u_softmax/u_accuracy/u_sum/out_sum_reg[30]_i_115_n_0
                         LUT6 (Prop_LUT6_I2_O)        0.038     2.680 r  u_softmax/u_accuracy/u_sum/out_sum_reg[30]_i_117/O
                         net (fo=2, unplaced)         0.232     2.912    u_softmax/u_accuracy/u_sum/out_sum_reg[30]_i_117_n_0
                         LUT6 (Prop_LUT6_I1_O)        0.038     2.950 f  u_softmax/u_accuracy/u_sum/out_sum_reg[30]_i_72/O
                         net (fo=40, unplaced)        0.297     3.247    u_softmax/u_accuracy/u_sum/out_sum_reg[30]_i_72_n_0
                         LUT6 (Prop_LUT6_I2_O)        0.038     3.285 f  u_softmax/u_accuracy/u_sum/out_sum_reg[25]_i_40/O
                         net (fo=4, unplaced)         0.245     3.530    u_softmax/u_accuracy/u_sum/out_sum_reg[25]_i_40_n_0
                         LUT6 (Prop_LUT6_I0_O)        0.038     3.568 f  u_softmax/u_accuracy/u_sum/out_sum_reg[14]_i_22/O
                         net (fo=3, unplaced)         0.238     3.806    u_softmax/u_accuracy/u_sum/out_sum_reg[14]_i_22_n_0
                         LUT3 (Prop_LUT3_I0_O)        0.038     3.844 f  u_softmax/u_accuracy/u_sum/out_sum_reg[14]_i_31/O
                         net (fo=2, unplaced)         0.232     4.076    u_softmax/u_accuracy/u_sum/out_sum_reg[14]_i_31_n_0
                         LUT2 (Prop_LUT2_I1_O)        0.038     4.114 r  u_softmax/u_accuracy/u_sum/out_sum_reg[25]_i_38/O
                         net (fo=2, unplaced)         0.232     4.346    u_softmax/u_accuracy/u_sum/out_sum_reg[25]_i_38_n_0
                         LUT6 (Prop_LUT6_I5_O)        0.037     4.383 r  u_softmax/u_accuracy/u_sum/out_sum_reg[6]_i_17/O
                         net (fo=1, unplaced)         0.023     4.406    u_softmax/u_accuracy/u_sum/out_sum_reg[6]_i_17_n_0
                         CARRY8 (Prop_CARRY8_S[1]_CO[7])
                                                      0.197     4.603 r  u_softmax/u_accuracy/u_sum/out_sum_reg_reg[6]_i_3/CO[7]
                         net (fo=1, unplaced)         0.005     4.608    u_softmax/u_accuracy/u_sum/out_sum_reg_reg[6]_i_3_n_0
                         CARRY8 (Prop_CARRY8_CI_CO[7])
                                                      0.022     4.630 r  u_softmax/u_accuracy/u_sum/out_sum_reg_reg[14]_i_3/CO[7]
                         net (fo=1, unplaced)         0.005     4.635    u_softmax/u_accuracy/u_sum/out_sum_reg_reg[14]_i_3_n_0
                         CARRY8 (Prop_CARRY8_CI_CO[7])
                                                      0.022     4.657 r  u_softmax/u_accuracy/u_sum/out_sum_reg_reg[25]_i_8/CO[7]
                         net (fo=1, unplaced)         0.005     4.662    u_softmax/u_accuracy/u_sum/out_sum_reg_reg[25]_i_8_n_0
                         CARRY8 (Prop_CARRY8_CI_CO[0])
                                                      0.052     4.714 r  u_softmax/u_accuracy/u_sum/out_sum_reg_reg[25]_i_4/CO[0]
                         net (fo=63, unplaced)        0.307     5.021    u_softmax/u_accuracy/u_sum/p_0_in
                         LUT5 (Prop_LUT5_I4_O)        0.038     5.059 r  u_softmax/u_accuracy/u_sum/out_sum_reg[27]_i_5/O
                         net (fo=2, unplaced)         0.232     5.291    u_softmax/u_accuracy/u_sum/out_sum_reg[27]_i_5_n_0
                         LUT6 (Prop_LUT6_I2_O)        0.038     5.329 r  u_softmax/u_accuracy/u_sum/out_sum_reg[27]_i_2/O
                         net (fo=4, unplaced)         0.245     5.574    u_softmax/u_accuracy/u_sum/out_sum_reg[27]_i_2_n_0
                         LUT6 (Prop_LUT6_I2_O)        0.038     5.612 r  u_softmax/u_accuracy/u_sum/out_sum_reg[30]_i_22/O
                         net (fo=3, unplaced)         0.238     5.850    u_softmax/u_accuracy/u_sum/out_sum_reg[30]_i_22_n_0
                         LUT6 (Prop_LUT6_I2_O)        0.038     5.888 r  u_softmax/u_accuracy/u_sum/out_sum_reg[30]_i_5/O
                         net (fo=3, unplaced)         0.192     6.080    u_softmax/u_accuracy/u_sum/out_sum_reg[30]_i_5_n_0
                         LUT6 (Prop_LUT6_I2_O)        0.090     6.170 r  u_softmax/u_accuracy/u_sum/out_sum_reg[30]_i_29/O
                         net (fo=3, unplaced)         0.238     6.408    u_softmax/u_accuracy/u_sum/out_sum_reg[30]_i_29_n_0
                         LUT6 (Prop_LUT6_I5_O)        0.038     6.446 f  u_softmax/u_accuracy/u_sum/out_sum_reg[30]_i_8/O
                         net (fo=27, unplaced)        0.288     6.734    u_softmax/u_accuracy/u_sum/out_sum_reg[30]_i_8_n_0
                         LUT6 (Prop_LUT6_I5_O)        0.038     6.772 r  u_softmax/u_accuracy/u_sum/out_sum_reg[13]_i_1/O
                         net (fo=1, unplaced)         0.048     6.820    u_softmax/u_accuracy/u_sum/out_sum_reg__0[13]
                         FDCE                                         r  u_softmax/u_accuracy/u_sum/out_sum_reg_reg[13]/D
  -------------------------------------------------------------------    -------------------

                         (clock core_clk rise edge)
                                                      6.666     6.666 r  
                                                      0.000     6.666 r  clk (IN)
                         net (fo=59650, unset)        0.000     6.666    u_softmax/u_accuracy/u_sum/clk
                         FDCE                                         r  u_softmax/u_accuracy/u_sum/out_sum_reg_reg[13]/C
                         clock pessimism              0.000     6.666    
                         clock uncertainty           -0.035     6.631    
                         FDCE (Setup_FDCE_C_D)        0.025     6.656    u_softmax/u_accuracy/u_sum/out_sum_reg_reg[13]
  -------------------------------------------------------------------
                         required time                          6.656    
                         arrival time                          -6.820    
  -------------------------------------------------------------------
                         slack                                 -0.164    

Slack (VIOLATED) :        -0.164ns  (required time - arrival time)
  Source:                 u_softmax/u_accuracy/u_sum/out_valid_reg_reg/C
                            (rising edge-triggered cell FDCE clocked by core_clk  {rise@0.000ns fall@3.333ns period=6.666ns})
  Destination:            u_softmax/u_accuracy/u_sum/out_sum_reg_reg[14]/D
                            (rising edge-triggered cell FDCE clocked by core_clk  {rise@0.000ns fall@3.333ns period=6.666ns})
  Path Group:             core_clk
  Path Type:              Setup (Max at Slow Process Corner)
  Requirement:            6.666ns  (core_clk rise@6.666ns - core_clk rise@0.000ns)
  Data Path Delay:        6.820ns  (logic 1.507ns (22.097%)  route 5.313ns (77.903%))
  Logic Levels:           26  (CARRY8=5 LUT2=2 LUT3=3 LUT4=1 LUT5=4 LUT6=11)
  Clock Uncertainty:      0.035ns  ((TSJ^2 + TIJ^2)^1/2 + DJ) / 2 + PE
    Total System Jitter     (TSJ):    0.071ns
    Total Input Jitter      (TIJ):    0.000ns
    Discrete Jitter          (DJ):    0.000ns
    Phase Error              (PE):    0.000ns

    Location             Delay type                Incr(ns)  Path(ns)    Netlist Resource(s)
  -------------------------------------------------------------------    -------------------
                         (clock core_clk rise edge)
                                                      0.000     0.000 r  
                                                      0.000     0.000 r  clk (IN)
                         net (fo=59650, unset)        0.000     0.000    u_softmax/u_accuracy/u_sum/clk
                         FDCE                                         r  u_softmax/u_accuracy/u_sum/out_valid_reg_reg/C
  -------------------------------------------------------------------    -------------------
                         FDCE (Prop_FDCE_C_Q)         0.077     0.077 r  u_softmax/u_accuracy/u_sum/out_valid_reg_reg/Q
                         net (fo=11, unplaced)        0.181     0.258    u_softmax/u_accuracy/add_out_valid
                         LUT5 (Prop_LUT5_I0_O)        0.125     0.383 r  u_softmax/u_accuracy/u_sum_i_34/O
                         net (fo=31, unplaced)        0.242     0.625    u_softmax/u_accuracy/add_bypass_same_slot
                         LUT3 (Prop_LUT3_I1_O)        0.053     0.678 r  u_softmax/u_accuracy/u_sum_i_8/O
                         net (fo=41, unplaced)        0.297     0.975    u_softmax/u_accuracy/u_sum/in_a_fp32[24]
                         LUT4 (Prop_LUT4_I3_O)        0.038     1.013 r  u_softmax/u_accuracy/u_sum/out_sum_reg[25]_i_11/O
                         net (fo=2, unplaced)         0.232     1.245    u_softmax/u_accuracy/u_sum/out_sum_reg[25]_i_11_n_0
                         LUT5 (Prop_LUT5_I1_O)        0.038     1.283 r  u_softmax/u_accuracy/u_sum/out_sum_reg[25]_i_6/O
                         net (fo=6, unplaced)         0.254     1.537    u_softmax/u_accuracy/u_sum/out_sum_reg[25]_i_6_n_0
                         LUT2 (Prop_LUT2_I0_O)        0.038     1.575 f  u_softmax/u_accuracy/u_sum/out_sum_reg[30]_i_74/O
                         net (fo=109, unplaced)       0.320     1.895    u_softmax/u_accuracy/u_sum/out_sum_reg[30]_i_74_n_0
                         LUT3 (Prop_LUT3_I2_O)        0.038     1.933 r  u_softmax/u_accuracy/u_sum/out_sum_reg[30]_i_57/O
                         net (fo=1, unplaced)         0.020     1.953    u_softmax/u_accuracy/u_sum/out_sum_reg[30]_i_57_n_0
                         CARRY8 (Prop_CARRY8_S[0]_CO[3])
                                                      0.186     2.139 r  u_softmax/u_accuracy/u_sum/out_sum_reg_reg[30]_i_23/CO[3]
                         net (fo=118, unplaced)       0.227     2.366    u_softmax/u_accuracy/u_sum/larger_significand1
                         LUT5 (Prop_LUT5_I4_O)        0.038     2.404 f  u_softmax/u_accuracy/u_sum/out_sum_reg[30]_i_115/O
                         net (fo=3, unplaced)         0.238     2.642    u_softmax/u_accuracy/u_sum/out_sum_reg[30]_i_115_n_0
                         LUT6 (Prop_LUT6_I2_O)        0.038     2.680 r  u_softmax/u_accuracy/u_sum/out_sum_reg[30]_i_117/O
                         net (fo=2, unplaced)         0.232     2.912    u_softmax/u_accuracy/u_sum/out_sum_reg[30]_i_117_n_0
                         LUT6 (Prop_LUT6_I1_O)        0.038     2.950 f  u_softmax/u_accuracy/u_sum/out_sum_reg[30]_i_72/O
                         net (fo=40, unplaced)        0.297     3.247    u_softmax/u_accuracy/u_sum/out_sum_reg[30]_i_72_n_0
                         LUT6 (Prop_LUT6_I2_O)        0.038     3.285 f  u_softmax/u_accuracy/u_sum/out_sum_reg[25]_i_40/O
                         net (fo=4, unplaced)         0.245     3.530    u_softmax/u_accuracy/u_sum/out_sum_reg[25]_i_40_n_0
                         LUT6 (Prop_LUT6_I0_O)        0.038     3.568 f  u_softmax/u_accuracy/u_sum/out_sum_reg[14]_i_22/O
                         net (fo=3, unplaced)         0.238     3.806    u_softmax/u_accuracy/u_sum/out_sum_reg[14]_i_22_n_0
                         LUT3 (Prop_LUT3_I0_O)        0.038     3.844 f  u_softmax/u_accuracy/u_sum/out_sum_reg[14]_i_31/O
                         net (fo=2, unplaced)         0.232     4.076    u_softmax/u_accuracy/u_sum/out_sum_reg[14]_i_31_n_0
                         LUT2 (Prop_LUT2_I1_O)        0.038     4.114 r  u_softmax/u_accuracy/u_sum/out_sum_reg[25]_i_38/O
                         net (fo=2, unplaced)         0.232     4.346    u_softmax/u_accuracy/u_sum/out_sum_reg[25]_i_38_n_0
                         LUT6 (Prop_LUT6_I5_O)        0.037     4.383 r  u_softmax/u_accuracy/u_sum/out_sum_reg[6]_i_17/O
                         net (fo=1, unplaced)         0.023     4.406    u_softmax/u_accuracy/u_sum/out_sum_reg[6]_i_17_n_0
                         CARRY8 (Prop_CARRY8_S[1]_CO[7])
                                                      0.197     4.603 r  u_softmax/u_accuracy/u_sum/out_sum_reg_reg[6]_i_3/CO[7]
                         net (fo=1, unplaced)         0.005     4.608    u_softmax/u_accuracy/u_sum/out_sum_reg_reg[6]_i_3_n_0
                         CARRY8 (Prop_CARRY8_CI_CO[7])
                                                      0.022     4.630 r  u_softmax/u_accuracy/u_sum/out_sum_reg_reg[14]_i_3/CO[7]
                         net (fo=1, unplaced)         0.005     4.635    u_softmax/u_accuracy/u_sum/out_sum_reg_reg[14]_i_3_n_0
                         CARRY8 (Prop_CARRY8_CI_CO[7])
                                                      0.022     4.657 r  u_softmax/u_accuracy/u_sum/out_sum_reg_reg[25]_i_8/CO[7]
                         net (fo=1, unplaced)         0.005     4.662    u_softmax/u_accuracy/u_sum/out_sum_reg_reg[25]_i_8_n_0
                         CARRY8 (Prop_CARRY8_CI_CO[0])
                                                      0.052     4.714 r  u_softmax/u_accuracy/u_sum/out_sum_reg_reg[25]_i_4/CO[0]
                         net (fo=63, unplaced)        0.307     5.021    u_softmax/u_accuracy/u_sum/p_0_in
                         LUT5 (Prop_LUT5_I4_O)        0.038     5.059 r  u_softmax/u_accuracy/u_sum/out_sum_reg[27]_i_5/O
                         net (fo=2, unplaced)         0.232     5.291    u_softmax/u_accuracy/u_sum/out_sum_reg[27]_i_5_n_0
                         LUT6 (Prop_LUT6_I2_O)        0.038     5.329 r  u_softmax/u_accuracy/u_sum/out_sum_reg[27]_i_2/O
                         net (fo=4, unplaced)         0.245     5.574    u_softmax/u_accuracy/u_sum/out_sum_reg[27]_i_2_n_0
                         LUT6 (Prop_LUT6_I2_O)        0.038     5.612 r  u_softmax/u_accuracy/u_sum/out_sum_reg[30]_i_22/O
                         net (fo=3, unplaced)         0.238     5.850    u_softmax/u_accuracy/u_sum/out_sum_reg[30]_i_22_n_0
                         LUT6 (Prop_LUT6_I2_O)        0.038     5.888 r  u_softmax/u_accuracy/u_sum/out_sum_reg[30]_i_5/O
                         net (fo=3, unplaced)         0.192     6.080    u_softmax/u_accuracy/u_sum/out_sum_reg[30]_i_5_n_0
                         LUT6 (Prop_LUT6_I2_O)        0.090     6.170 r  u_softmax/u_accuracy/u_sum/out_sum_reg[30]_i_29/O
                         net (fo=3, unplaced)         0.238     6.408    u_softmax/u_accuracy/u_sum/out_sum_reg[30]_i_29_n_0
                         LUT6 (Prop_LUT6_I5_O)        0.038     6.446 f  u_softmax/u_accuracy/u_sum/out_sum_reg[30]_i_8/O
                         net (fo=27, unplaced)        0.288     6.734    u_softmax/u_accuracy/u_sum/out_sum_reg[30]_i_8_n_0
                         LUT6 (Prop_LUT6_I5_O)        0.038     6.772 r  u_softmax/u_accuracy/u_sum/out_sum_reg[14]_i_1/O
                         net (fo=1, unplaced)         0.048     6.820    u_softmax/u_accuracy/u_sum/out_sum_reg__0[14]
                         FDCE                                         r  u_softmax/u_accuracy/u_sum/out_sum_reg_reg[14]/D
  -------------------------------------------------------------------    -------------------

                         (clock core_clk rise edge)
                                                      6.666     6.666 r  
                                                      0.000     6.666 r  clk (IN)
                         net (fo=59650, unset)        0.000     6.666    u_softmax/u_accuracy/u_sum/clk
                         FDCE                                         r  u_softmax/u_accuracy/u_sum/out_sum_reg_reg[14]/C
                         clock pessimism              0.000     6.666    
                         clock uncertainty           -0.035     6.631    
                         FDCE (Setup_FDCE_C_D)        0.025     6.656    u_softmax/u_accuracy/u_sum/out_sum_reg_reg[14]
  -------------------------------------------------------------------
                         required time                          6.656    
                         arrival time                          -6.820    
  -------------------------------------------------------------------
                         slack                                 -0.164    

Slack (VIOLATED) :        -0.164ns  (required time - arrival time)
  Source:                 u_softmax/u_accuracy/u_sum/out_valid_reg_reg/C
                            (rising edge-triggered cell FDCE clocked by core_clk  {rise@0.000ns fall@3.333ns period=6.666ns})
  Destination:            u_softmax/u_accuracy/u_sum/out_sum_reg_reg[15]/D
                            (rising edge-triggered cell FDCE clocked by core_clk  {rise@0.000ns fall@3.333ns period=6.666ns})
  Path Group:             core_clk
  Path Type:              Setup (Max at Slow Process Corner)
  Requirement:            6.666ns  (core_clk rise@6.666ns - core_clk rise@0.000ns)
  Data Path Delay:        6.820ns  (logic 1.507ns (22.097%)  route 5.313ns (77.903%))
  Logic Levels:           26  (CARRY8=5 LUT2=2 LUT3=3 LUT4=1 LUT5=4 LUT6=11)
  Clock Uncertainty:      0.035ns  ((TSJ^2 + TIJ^2)^1/2 + DJ) / 2 + PE
    Total System Jitter     (TSJ):    0.071ns
    Total Input Jitter      (TIJ):    0.000ns
    Discrete Jitter          (DJ):    0.000ns
    Phase Error              (PE):    0.000ns

    Location             Delay type                Incr(ns)  Path(ns)    Netlist Resource(s)
  -------------------------------------------------------------------    -------------------
                         (clock core_clk rise edge)
                                                      0.000     0.000 r  
                                                      0.000     0.000 r  clk (IN)
                         net (fo=59650, unset)        0.000     0.000    u_softmax/u_accuracy/u_sum/clk
                         FDCE                                         r  u_softmax/u_accuracy/u_sum/out_valid_reg_reg/C
  -------------------------------------------------------------------    -------------------
                         FDCE (Prop_FDCE_C_Q)         0.077     0.077 r  u_softmax/u_accuracy/u_sum/out_valid_reg_reg/Q
                         net (fo=11, unplaced)        0.181     0.258    u_softmax/u_accuracy/add_out_valid
                         LUT5 (Prop_LUT5_I0_O)        0.125     0.383 r  u_softmax/u_accuracy/u_sum_i_34/O
                         net (fo=31, unplaced)        0.242     0.625    u_softmax/u_accuracy/add_bypass_same_slot
                         LUT3 (Prop_LUT3_I1_O)        0.053     0.678 r  u_softmax/u_accuracy/u_sum_i_8/O
                         net (fo=41, unplaced)        0.297     0.975    u_softmax/u_accuracy/u_sum/in_a_fp32[24]
                         LUT4 (Prop_LUT4_I3_O)        0.038     1.013 r  u_softmax/u_accuracy/u_sum/out_sum_reg[25]_i_11/O
                         net (fo=2, unplaced)         0.232     1.245    u_softmax/u_accuracy/u_sum/out_sum_reg[25]_i_11_n_0
                         LUT5 (Prop_LUT5_I1_O)        0.038     1.283 r  u_softmax/u_accuracy/u_sum/out_sum_reg[25]_i_6/O
                         net (fo=6, unplaced)         0.254     1.537    u_softmax/u_accuracy/u_sum/out_sum_reg[25]_i_6_n_0
                         LUT2 (Prop_LUT2_I0_O)        0.038     1.575 f  u_softmax/u_accuracy/u_sum/out_sum_reg[30]_i_74/O
                         net (fo=109, unplaced)       0.320     1.895    u_softmax/u_accuracy/u_sum/out_sum_reg[30]_i_74_n_0
                         LUT3 (Prop_LUT3_I2_O)        0.038     1.933 r  u_softmax/u_accuracy/u_sum/out_sum_reg[30]_i_57/O
                         net (fo=1, unplaced)         0.020     1.953    u_softmax/u_accuracy/u_sum/out_sum_reg[30]_i_57_n_0
                         CARRY8 (Prop_CARRY8_S[0]_CO[3])
                                                      0.186     2.139 r  u_softmax/u_accuracy/u_sum/out_sum_reg_reg[30]_i_23/CO[3]
                         net (fo=118, unplaced)       0.227     2.366    u_softmax/u_accuracy/u_sum/larger_significand1
                         LUT5 (Prop_LUT5_I4_O)        0.038     2.404 f  u_softmax/u_accuracy/u_sum/out_sum_reg[30]_i_115/O
                         net (fo=3, unplaced)         0.238     2.642    u_softmax/u_accuracy/u_sum/out_sum_reg[30]_i_115_n_0
                         LUT6 (Prop_LUT6_I2_O)        0.038     2.680 r  u_softmax/u_accuracy/u_sum/out_sum_reg[30]_i_117/O
                         net (fo=2, unplaced)         0.232     2.912    u_softmax/u_accuracy/u_sum/out_sum_reg[30]_i_117_n_0
                         LUT6 (Prop_LUT6_I1_O)        0.038     2.950 f  u_softmax/u_accuracy/u_sum/out_sum_reg[30]_i_72/O
                         net (fo=40, unplaced)        0.297     3.247    u_softmax/u_accuracy/u_sum/out_sum_reg[30]_i_72_n_0
                         LUT6 (Prop_LUT6_I2_O)        0.038     3.285 f  u_softmax/u_accuracy/u_sum/out_sum_reg[25]_i_40/O
                         net (fo=4, unplaced)         0.245     3.530    u_softmax/u_accuracy/u_sum/out_sum_reg[25]_i_40_n_0
                         LUT6 (Prop_LUT6_I0_O)        0.038     3.568 f  u_softmax/u_accuracy/u_sum/out_sum_reg[14]_i_22/O
                         net (fo=3, unplaced)         0.238     3.806    u_softmax/u_accuracy/u_sum/out_sum_reg[14]_i_22_n_0
                         LUT3 (Prop_LUT3_I0_O)        0.038     3.844 f  u_softmax/u_accuracy/u_sum/out_sum_reg[14]_i_31/O
                         net (fo=2, unplaced)         0.232     4.076    u_softmax/u_accuracy/u_sum/out_sum_reg[14]_i_31_n_0
                         LUT2 (Prop_LUT2_I1_O)        0.038     4.114 r  u_softmax/u_accuracy/u_sum/out_sum_reg[25]_i_38/O
                         net (fo=2, unplaced)         0.232     4.346    u_softmax/u_accuracy/u_sum/out_sum_reg[25]_i_38_n_0
                         LUT6 (Prop_LUT6_I5_O)        0.037     4.383 r  u_softmax/u_accuracy/u_sum/out_sum_reg[6]_i_17/O
                         net (fo=1, unplaced)         0.023     4.406    u_softmax/u_accuracy/u_sum/out_sum_reg[6]_i_17_n_0
                         CARRY8 (Prop_CARRY8_S[1]_CO[7])
                                                      0.197     4.603 r  u_softmax/u_accuracy/u_sum/out_sum_reg_reg[6]_i_3/CO[7]
                         net (fo=1, unplaced)         0.005     4.608    u_softmax/u_accuracy/u_sum/out_sum_reg_reg[6]_i_3_n_0
                         CARRY8 (Prop_CARRY8_CI_CO[7])
                                                      0.022     4.630 r  u_softmax/u_accuracy/u_sum/out_sum_reg_reg[14]_i_3/CO[7]
                         net (fo=1, unplaced)         0.005     4.635    u_softmax/u_accuracy/u_sum/out_sum_reg_reg[14]_i_3_n_0
                         CARRY8 (Prop_CARRY8_CI_CO[7])
                                                      0.022     4.657 r  u_softmax/u_accuracy/u_sum/out_sum_reg_reg[25]_i_8/CO[7]
                         net (fo=1, unplaced)         0.005     4.662    u_softmax/u_accuracy/u_sum/out_sum_reg_reg[25]_i_8_n_0
                         CARRY8 (Prop_CARRY8_CI_CO[0])
                                                      0.052     4.714 r  u_softmax/u_accuracy/u_sum/out_sum_reg_reg[25]_i_4/CO[0]
                         net (fo=63, unplaced)        0.307     5.021    u_softmax/u_accuracy/u_sum/p_0_in
                         LUT5 (Prop_LUT5_I4_O)        0.038     5.059 r  u_softmax/u_accuracy/u_sum/out_sum_reg[27]_i_5/O
                         net (fo=2, unplaced)         0.232     5.291    u_softmax/u_accuracy/u_sum/out_sum_reg[27]_i_5_n_0
                         LUT6 (Prop_LUT6_I2_O)        0.038     5.329 r  u_softmax/u_accuracy/u_sum/out_sum_reg[27]_i_2/O
                         net (fo=4, unplaced)         0.245     5.574    u_softmax/u_accuracy/u_sum/out_sum_reg[27]_i_2_n_0
                         LUT6 (Prop_LUT6_I2_O)        0.038     5.612 r  u_softmax/u_accuracy/u_sum/out_sum_reg[30]_i_22/O
                         net (fo=3, unplaced)         0.238     5.850    u_softmax/u_accuracy/u_sum/out_sum_reg[30]_i_22_n_0
                         LUT6 (Prop_LUT6_I2_O)        0.038     5.888 r  u_softmax/u_accuracy/u_sum/out_sum_reg[30]_i_5/O
                         net (fo=3, unplaced)         0.192     6.080    u_softmax/u_accuracy/u_sum/out_sum_reg[30]_i_5_n_0
                         LUT6 (Prop_LUT6_I2_O)        0.090     6.170 r  u_softmax/u_accuracy/u_sum/out_sum_reg[30]_i_29/O
                         net (fo=3, unplaced)         0.238     6.408    u_softmax/u_accuracy/u_sum/out_sum_reg[30]_i_29_n_0
                         LUT6 (Prop_LUT6_I5_O)        0.038     6.446 f  u_softmax/u_accuracy/u_sum/out_sum_reg[30]_i_8/O
                         net (fo=27, unplaced)        0.288     6.734    u_softmax/u_accuracy/u_sum/out_sum_reg[30]_i_8_n_0
                         LUT6 (Prop_LUT6_I5_O)        0.038     6.772 r  u_softmax/u_accuracy/u_sum/out_sum_reg[15]_i_1/O
                         net (fo=1, unplaced)         0.048     6.820    u_softmax/u_accuracy/u_sum/out_sum_reg__0[15]
                         FDCE                                         r  u_softmax/u_accuracy/u_sum/out_sum_reg_reg[15]/D
  -------------------------------------------------------------------    -------------------

                         (clock core_clk rise edge)
                                                      6.666     6.666 r  
                                                      0.000     6.666 r  clk (IN)
                         net (fo=59650, unset)        0.000     6.666    u_softmax/u_accuracy/u_sum/clk
                         FDCE                                         r  u_softmax/u_accuracy/u_sum/out_sum_reg_reg[15]/C
                         clock pessimism              0.000     6.666    
                         clock uncertainty           -0.035     6.631    
                         FDCE (Setup_FDCE_C_D)        0.025     6.656    u_softmax/u_accuracy/u_sum/out_sum_reg_reg[15]
  -------------------------------------------------------------------
                         required time                          6.656    
                         arrival time                          -6.820    
  -------------------------------------------------------------------
                         slack                                 -0.164    

Slack (VIOLATED) :        -0.164ns  (required time - arrival time)
  Source:                 u_softmax/u_accuracy/u_sum/out_valid_reg_reg/C
                            (rising edge-triggered cell FDCE clocked by core_clk  {rise@0.000ns fall@3.333ns period=6.666ns})
  Destination:            u_softmax/u_accuracy/u_sum/out_sum_reg_reg[16]/D
                            (rising edge-triggered cell FDCE clocked by core_clk  {rise@0.000ns fall@3.333ns period=6.666ns})
  Path Group:             core_clk
  Path Type:              Setup (Max at Slow Process Corner)
  Requirement:            6.666ns  (core_clk rise@6.666ns - core_clk rise@0.000ns)
  Data Path Delay:        6.820ns  (logic 1.507ns (22.097%)  route 5.313ns (77.903%))
  Logic Levels:           26  (CARRY8=5 LUT2=2 LUT3=3 LUT4=1 LUT5=4 LUT6=11)
  Clock Uncertainty:      0.035ns  ((TSJ^2 + TIJ^2)^1/2 + DJ) / 2 + PE
    Total System Jitter     (TSJ):    0.071ns
    Total Input Jitter      (TIJ):    0.000ns
    Discrete Jitter          (DJ):    0.000ns
    Phase Error              (PE):    0.000ns

    Location             Delay type                Incr(ns)  Path(ns)    Netlist Resource(s)
  -------------------------------------------------------------------    -------------------
                         (clock core_clk rise edge)
                                                      0.000     0.000 r  
                                                      0.000     0.000 r  clk (IN)
                         net (fo=59650, unset)        0.000     0.000    u_softmax/u_accuracy/u_sum/clk
                         FDCE                                         r  u_softmax/u_accuracy/u_sum/out_valid_reg_reg/C
  -------------------------------------------------------------------    -------------------
                         FDCE (Prop_FDCE_C_Q)         0.077     0.077 r  u_softmax/u_accuracy/u_sum/out_valid_reg_reg/Q
                         net (fo=11, unplaced)        0.181     0.258    u_softmax/u_accuracy/add_out_valid
                         LUT5 (Prop_LUT5_I0_O)        0.125     0.383 r  u_softmax/u_accuracy/u_sum_i_34/O
                         net (fo=31, unplaced)        0.242     0.625    u_softmax/u_accuracy/add_bypass_same_slot
                         LUT3 (Prop_LUT3_I1_O)        0.053     0.678 r  u_softmax/u_accuracy/u_sum_i_8/O
                         net (fo=41, unplaced)        0.297     0.975    u_softmax/u_accuracy/u_sum/in_a_fp32[24]
                         LUT4 (Prop_LUT4_I3_O)        0.038     1.013 r  u_softmax/u_accuracy/u_sum/out_sum_reg[25]_i_11/O
                         net (fo=2, unplaced)         0.232     1.245    u_softmax/u_accuracy/u_sum/out_sum_reg[25]_i_11_n_0
                         LUT5 (Prop_LUT5_I1_O)        0.038     1.283 r  u_softmax/u_accuracy/u_sum/out_sum_reg[25]_i_6/O
                         net (fo=6, unplaced)         0.254     1.537    u_softmax/u_accuracy/u_sum/out_sum_reg[25]_i_6_n_0
                         LUT2 (Prop_LUT2_I0_O)        0.038     1.575 f  u_softmax/u_accuracy/u_sum/out_sum_reg[30]_i_74/O
                         net (fo=109, unplaced)       0.320     1.895    u_softmax/u_accuracy/u_sum/out_sum_reg[30]_i_74_n_0
                         LUT3 (Prop_LUT3_I2_O)        0.038     1.933 r  u_softmax/u_accuracy/u_sum/out_sum_reg[30]_i_57/O
                         net (fo=1, unplaced)         0.020     1.953    u_softmax/u_accuracy/u_sum/out_sum_reg[30]_i_57_n_0
                         CARRY8 (Prop_CARRY8_S[0]_CO[3])
                                                      0.186     2.139 r  u_softmax/u_accuracy/u_sum/out_sum_reg_reg[30]_i_23/CO[3]
                         net (fo=118, unplaced)       0.227     2.366    u_softmax/u_accuracy/u_sum/larger_significand1
                         LUT5 (Prop_LUT5_I4_O)        0.038     2.404 f  u_softmax/u_accuracy/u_sum/out_sum_reg[30]_i_115/O
                         net (fo=3, unplaced)         0.238     2.642    u_softmax/u_accuracy/u_sum/out_sum_reg[30]_i_115_n_0
                         LUT6 (Prop_LUT6_I2_O)        0.038     2.680 r  u_softmax/u_accuracy/u_sum/out_sum_reg[30]_i_117/O
                         net (fo=2, unplaced)         0.232     2.912    u_softmax/u_accuracy/u_sum/out_sum_reg[30]_i_117_n_0
                         LUT6 (Prop_LUT6_I1_O)        0.038     2.950 f  u_softmax/u_accuracy/u_sum/out_sum_reg[30]_i_72/O
                         net (fo=40, unplaced)        0.297     3.247    u_softmax/u_accuracy/u_sum/out_sum_reg[30]_i_72_n_0
                         LUT6 (Prop_LUT6_I2_O)        0.038     3.285 f  u_softmax/u_accuracy/u_sum/out_sum_reg[25]_i_40/O
                         net (fo=4, unplaced)         0.245     3.530    u_softmax/u_accuracy/u_sum/out_sum_reg[25]_i_40_n_0
                         LUT6 (Prop_LUT6_I0_O)        0.038     3.568 f  u_softmax/u_accuracy/u_sum/out_sum_reg[14]_i_22/O
                         net (fo=3, unplaced)         0.238     3.806    u_softmax/u_accuracy/u_sum/out_sum_reg[14]_i_22_n_0
                         LUT3 (Prop_LUT3_I0_O)        0.038     3.844 f  u_softmax/u_accuracy/u_sum/out_sum_reg[14]_i_31/O
                         net (fo=2, unplaced)         0.232     4.076    u_softmax/u_accuracy/u_sum/out_sum_reg[14]_i_31_n_0
                         LUT2 (Prop_LUT2_I1_O)        0.038     4.114 r  u_softmax/u_accuracy/u_sum/out_sum_reg[25]_i_38/O
                         net (fo=2, unplaced)         0.232     4.346    u_softmax/u_accuracy/u_sum/out_sum_reg[25]_i_38_n_0
                         LUT6 (Prop_LUT6_I5_O)        0.037     4.383 r  u_softmax/u_accuracy/u_sum/out_sum_reg[6]_i_17/O
                         net (fo=1, unplaced)         0.023     4.406    u_softmax/u_accuracy/u_sum/out_sum_reg[6]_i_17_n_0
                         CARRY8 (Prop_CARRY8_S[1]_CO[7])
                                                      0.197     4.603 r  u_softmax/u_accuracy/u_sum/out_sum_reg_reg[6]_i_3/CO[7]
                         net (fo=1, unplaced)         0.005     4.608    u_softmax/u_accuracy/u_sum/out_sum_reg_reg[6]_i_3_n_0
                         CARRY8 (Prop_CARRY8_CI_CO[7])
                                                      0.022     4.630 r  u_softmax/u_accuracy/u_sum/out_sum_reg_reg[14]_i_3/CO[7]
                         net (fo=1, unplaced)         0.005     4.635    u_softmax/u_accuracy/u_sum/out_sum_reg_reg[14]_i_3_n_0
                         CARRY8 (Prop_CARRY8_CI_CO[7])
                                                      0.022     4.657 r  u_softmax/u_accuracy/u_sum/out_sum_reg_reg[25]_i_8/CO[7]
                         net (fo=1, unplaced)         0.005     4.662    u_softmax/u_accuracy/u_sum/out_sum_reg_reg[25]_i_8_n_0
                         CARRY8 (Prop_CARRY8_CI_CO[0])
                                                      0.052     4.714 r  u_softmax/u_accuracy/u_sum/out_sum_reg_reg[25]_i_4/CO[0]
                         net (fo=63, unplaced)        0.307     5.021    u_softmax/u_accuracy/u_sum/p_0_in
                         LUT5 (Prop_LUT5_I4_O)        0.038     5.059 r  u_softmax/u_accuracy/u_sum/out_sum_reg[27]_i_5/O
                         net (fo=2, unplaced)         0.232     5.291    u_softmax/u_accuracy/u_sum/out_sum_reg[27]_i_5_n_0
                         LUT6 (Prop_LUT6_I2_O)        0.038     5.329 r  u_softmax/u_accuracy/u_sum/out_sum_reg[27]_i_2/O
                         net (fo=4, unplaced)         0.245     5.574    u_softmax/u_accuracy/u_sum/out_sum_reg[27]_i_2_n_0
                         LUT6 (Prop_LUT6_I2_O)        0.038     5.612 r  u_softmax/u_accuracy/u_sum/out_sum_reg[30]_i_22/O
                         net (fo=3, unplaced)         0.238     5.850    u_softmax/u_accuracy/u_sum/out_sum_reg[30]_i_22_n_0
                         LUT6 (Prop_LUT6_I2_O)        0.038     5.888 r  u_softmax/u_accuracy/u_sum/out_sum_reg[30]_i_5/O
                         net (fo=3, unplaced)         0.192     6.080    u_softmax/u_accuracy/u_sum/out_sum_reg[30]_i_5_n_0
                         LUT6 (Prop_LUT6_I2_O)        0.090     6.170 r  u_softmax/u_accuracy/u_sum/out_sum_reg[30]_i_29/O
                         net (fo=3, unplaced)         0.238     6.408    u_softmax/u_accuracy/u_sum/out_sum_reg[30]_i_29_n_0
                         LUT6 (Prop_LUT6_I5_O)        0.038     6.446 f  u_softmax/u_accuracy/u_sum/out_sum_reg[30]_i_8/O
                         net (fo=27, unplaced)        0.288     6.734    u_softmax/u_accuracy/u_sum/out_sum_reg[30]_i_8_n_0
                         LUT6 (Prop_LUT6_I5_O)        0.038     6.772 r  u_softmax/u_accuracy/u_sum/out_sum_reg[16]_i_1/O
                         net (fo=1, unplaced)         0.048     6.820    u_softmax/u_accuracy/u_sum/out_sum_reg__0[16]
                         FDCE                                         r  u_softmax/u_accuracy/u_sum/out_sum_reg_reg[16]/D
  -------------------------------------------------------------------    -------------------

                         (clock core_clk rise edge)
                                                      6.666     6.666 r  
                                                      0.000     6.666 r  clk (IN)
                         net (fo=59650, unset)        0.000     6.666    u_softmax/u_accuracy/u_sum/clk
                         FDCE                                         r  u_softmax/u_accuracy/u_sum/out_sum_reg_reg[16]/C
                         clock pessimism              0.000     6.666    
                         clock uncertainty           -0.035     6.631    
                         FDCE (Setup_FDCE_C_D)        0.025     6.656    u_softmax/u_accuracy/u_sum/out_sum_reg_reg[16]
  -------------------------------------------------------------------
                         required time                          6.656    
                         arrival time                          -6.820    
  -------------------------------------------------------------------
                         slack                                 -0.164    

Slack (VIOLATED) :        -0.164ns  (required time - arrival time)
  Source:                 u_softmax/u_accuracy/u_sum/out_valid_reg_reg/C
                            (rising edge-triggered cell FDCE clocked by core_clk  {rise@0.000ns fall@3.333ns period=6.666ns})
  Destination:            u_softmax/u_accuracy/u_sum/out_sum_reg_reg[17]/D
                            (rising edge-triggered cell FDCE clocked by core_clk  {rise@0.000ns fall@3.333ns period=6.666ns})
  Path Group:             core_clk
  Path Type:              Setup (Max at Slow Process Corner)
  Requirement:            6.666ns  (core_clk rise@6.666ns - core_clk rise@0.000ns)
  Data Path Delay:        6.820ns  (logic 1.507ns (22.097%)  route 5.313ns (77.903%))
  Logic Levels:           26  (CARRY8=5 LUT2=2 LUT3=3 LUT4=1 LUT5=4 LUT6=11)
  Clock Uncertainty:      0.035ns  ((TSJ^2 + TIJ^2)^1/2 + DJ) / 2 + PE
    Total System Jitter     (TSJ):    0.071ns
    Total Input Jitter      (TIJ):    0.000ns
    Discrete Jitter          (DJ):    0.000ns
    Phase Error              (PE):    0.000ns

    Location             Delay type                Incr(ns)  Path(ns)    Netlist Resource(s)
  -------------------------------------------------------------------    -------------------
                         (clock core_clk rise edge)
                                                      0.000     0.000 r  
                                                      0.000     0.000 r  clk (IN)
                         net (fo=59650, unset)        0.000     0.000    u_softmax/u_accuracy/u_sum/clk
                         FDCE                                         r  u_softmax/u_accuracy/u_sum/out_valid_reg_reg/C
  -------------------------------------------------------------------    -------------------
                         FDCE (Prop_FDCE_C_Q)         0.077     0.077 r  u_softmax/u_accuracy/u_sum/out_valid_reg_reg/Q
                         net (fo=11, unplaced)        0.181     0.258    u_softmax/u_accuracy/add_out_valid
                         LUT5 (Prop_LUT5_I0_O)        0.125     0.383 r  u_softmax/u_accuracy/u_sum_i_34/O
                         net (fo=31, unplaced)        0.242     0.625    u_softmax/u_accuracy/add_bypass_same_slot
                         LUT3 (Prop_LUT3_I1_O)        0.053     0.678 r  u_softmax/u_accuracy/u_sum_i_8/O
                         net (fo=41, unplaced)        0.297     0.975    u_softmax/u_accuracy/u_sum/in_a_fp32[24]
                         LUT4 (Prop_LUT4_I3_O)        0.038     1.013 r  u_softmax/u_accuracy/u_sum/out_sum_reg[25]_i_11/O
                         net (fo=2, unplaced)         0.232     1.245    u_softmax/u_accuracy/u_sum/out_sum_reg[25]_i_11_n_0
                         LUT5 (Prop_LUT5_I1_O)        0.038     1.283 r  u_softmax/u_accuracy/u_sum/out_sum_reg[25]_i_6/O
                         net (fo=6, unplaced)         0.254     1.537    u_softmax/u_accuracy/u_sum/out_sum_reg[25]_i_6_n_0
                         LUT2 (Prop_LUT2_I0_O)        0.038     1.575 f  u_softmax/u_accuracy/u_sum/out_sum_reg[30]_i_74/O
                         net (fo=109, unplaced)       0.320     1.895    u_softmax/u_accuracy/u_sum/out_sum_reg[30]_i_74_n_0
                         LUT3 (Prop_LUT3_I2_O)        0.038     1.933 r  u_softmax/u_accuracy/u_sum/out_sum_reg[30]_i_57/O
                         net (fo=1, unplaced)         0.020     1.953    u_softmax/u_accuracy/u_sum/out_sum_reg[30]_i_57_n_0
                         CARRY8 (Prop_CARRY8_S[0]_CO[3])
                                                      0.186     2.139 r  u_softmax/u_accuracy/u_sum/out_sum_reg_reg[30]_i_23/CO[3]
                         net (fo=118, unplaced)       0.227     2.366    u_softmax/u_accuracy/u_sum/larger_significand1
                         LUT5 (Prop_LUT5_I4_O)        0.038     2.404 f  u_softmax/u_accuracy/u_sum/out_sum_reg[30]_i_115/O
                         net (fo=3, unplaced)         0.238     2.642    u_softmax/u_accuracy/u_sum/out_sum_reg[30]_i_115_n_0
                         LUT6 (Prop_LUT6_I2_O)        0.038     2.680 r  u_softmax/u_accuracy/u_sum/out_sum_reg[30]_i_117/O
                         net (fo=2, unplaced)         0.232     2.912    u_softmax/u_accuracy/u_sum/out_sum_reg[30]_i_117_n_0
                         LUT6 (Prop_LUT6_I1_O)        0.038     2.950 f  u_softmax/u_accuracy/u_sum/out_sum_reg[30]_i_72/O
                         net (fo=40, unplaced)        0.297     3.247    u_softmax/u_accuracy/u_sum/out_sum_reg[30]_i_72_n_0
                         LUT6 (Prop_LUT6_I2_O)        0.038     3.285 f  u_softmax/u_accuracy/u_sum/out_sum_reg[25]_i_40/O
                         net (fo=4, unplaced)         0.245     3.530    u_softmax/u_accuracy/u_sum/out_sum_reg[25]_i_40_n_0
                         LUT6 (Prop_LUT6_I0_O)        0.038     3.568 f  u_softmax/u_accuracy/u_sum/out_sum_reg[14]_i_22/O
                         net (fo=3, unplaced)         0.238     3.806    u_softmax/u_accuracy/u_sum/out_sum_reg[14]_i_22_n_0
                         LUT3 (Prop_LUT3_I0_O)        0.038     3.844 f  u_softmax/u_accuracy/u_sum/out_sum_reg[14]_i_31/O
                         net (fo=2, unplaced)         0.232     4.076    u_softmax/u_accuracy/u_sum/out_sum_reg[14]_i_31_n_0
                         LUT2 (Prop_LUT2_I1_O)        0.038     4.114 r  u_softmax/u_accuracy/u_sum/out_sum_reg[25]_i_38/O
                         net (fo=2, unplaced)         0.232     4.346    u_softmax/u_accuracy/u_sum/out_sum_reg[25]_i_38_n_0
                         LUT6 (Prop_LUT6_I5_O)        0.037     4.383 r  u_softmax/u_accuracy/u_sum/out_sum_reg[6]_i_17/O
                         net (fo=1, unplaced)         0.023     4.406    u_softmax/u_accuracy/u_sum/out_sum_reg[6]_i_17_n_0
                         CARRY8 (Prop_CARRY8_S[1]_CO[7])
                                                      0.197     4.603 r  u_softmax/u_accuracy/u_sum/out_sum_reg_reg[6]_i_3/CO[7]
                         net (fo=1, unplaced)         0.005     4.608    u_softmax/u_accuracy/u_sum/out_sum_reg_reg[6]_i_3_n_0
                         CARRY8 (Prop_CARRY8_CI_CO[7])
                                                      0.022     4.630 r  u_softmax/u_accuracy/u_sum/out_sum_reg_reg[14]_i_3/CO[7]
                         net (fo=1, unplaced)         0.005     4.635    u_softmax/u_accuracy/u_sum/out_sum_reg_reg[14]_i_3_n_0
                         CARRY8 (Prop_CARRY8_CI_CO[7])
                                                      0.022     4.657 r  u_softmax/u_accuracy/u_sum/out_sum_reg_reg[25]_i_8/CO[7]
                         net (fo=1, unplaced)         0.005     4.662    u_softmax/u_accuracy/u_sum/out_sum_reg_reg[25]_i_8_n_0
                         CARRY8 (Prop_CARRY8_CI_CO[0])
                                                      0.052     4.714 r  u_softmax/u_accuracy/u_sum/out_sum_reg_reg[25]_i_4/CO[0]
                         net (fo=63, unplaced)        0.307     5.021    u_softmax/u_accuracy/u_sum/p_0_in
                         LUT5 (Prop_LUT5_I4_O)        0.038     5.059 r  u_softmax/u_accuracy/u_sum/out_sum_reg[27]_i_5/O
                         net (fo=2, unplaced)         0.232     5.291    u_softmax/u_accuracy/u_sum/out_sum_reg[27]_i_5_n_0
                         LUT6 (Prop_LUT6_I2_O)        0.038     5.329 r  u_softmax/u_accuracy/u_sum/out_sum_reg[27]_i_2/O
                         net (fo=4, unplaced)         0.245     5.574    u_softmax/u_accuracy/u_sum/out_sum_reg[27]_i_2_n_0
                         LUT6 (Prop_LUT6_I2_O)        0.038     5.612 r  u_softmax/u_accuracy/u_sum/out_sum_reg[30]_i_22/O
                         net (fo=3, unplaced)         0.238     5.850    u_softmax/u_accuracy/u_sum/out_sum_reg[30]_i_22_n_0
                         LUT6 (Prop_LUT6_I2_O)        0.038     5.888 r  u_softmax/u_accuracy/u_sum/out_sum_reg[30]_i_5/O
                         net (fo=3, unplaced)         0.192     6.080    u_softmax/u_accuracy/u_sum/out_sum_reg[30]_i_5_n_0
                         LUT6 (Prop_LUT6_I2_O)        0.090     6.170 r  u_softmax/u_accuracy/u_sum/out_sum_reg[30]_i_29/O
                         net (fo=3, unplaced)         0.238     6.408    u_softmax/u_accuracy/u_sum/out_sum_reg[30]_i_29_n_0
                         LUT6 (Prop_LUT6_I5_O)        0.038     6.446 f  u_softmax/u_accuracy/u_sum/out_sum_reg[30]_i_8/O
                         net (fo=27, unplaced)        0.288     6.734    u_softmax/u_accuracy/u_sum/out_sum_reg[30]_i_8_n_0
                         LUT6 (Prop_LUT6_I5_O)        0.038     6.772 r  u_softmax/u_accuracy/u_sum/out_sum_reg[17]_i_1/O
                         net (fo=1, unplaced)         0.048     6.820    u_softmax/u_accuracy/u_sum/out_sum_reg__0[17]
                         FDCE                                         r  u_softmax/u_accuracy/u_sum/out_sum_reg_reg[17]/D
  -------------------------------------------------------------------    -------------------

                         (clock core_clk rise edge)
                                                      6.666     6.666 r  
                                                      0.000     6.666 r  clk (IN)
                         net (fo=59650, unset)        0.000     6.666    u_softmax/u_accuracy/u_sum/clk
                         FDCE                                         r  u_softmax/u_accuracy/u_sum/out_sum_reg_reg[17]/C
                         clock pessimism              0.000     6.666    
                         clock uncertainty           -0.035     6.631    
                         FDCE (Setup_FDCE_C_D)        0.025     6.656    u_softmax/u_accuracy/u_sum/out_sum_reg_reg[17]
  -------------------------------------------------------------------
                         required time                          6.656    
                         arrival time                          -6.820    
  -------------------------------------------------------------------
                         slack                                 -0.164    

Slack (VIOLATED) :        -0.164ns  (required time - arrival time)
  Source:                 u_softmax/u_accuracy/u_sum/out_valid_reg_reg/C
                            (rising edge-triggered cell FDCE clocked by core_clk  {rise@0.000ns fall@3.333ns period=6.666ns})
  Destination:            u_softmax/u_accuracy/u_sum/out_sum_reg_reg[18]/D
                            (rising edge-triggered cell FDCE clocked by core_clk  {rise@0.000ns fall@3.333ns period=6.666ns})
  Path Group:             core_clk
  Path Type:              Setup (Max at Slow Process Corner)
  Requirement:            6.666ns  (core_clk rise@6.666ns - core_clk rise@0.000ns)
  Data Path Delay:        6.820ns  (logic 1.507ns (22.097%)  route 5.313ns (77.903%))
  Logic Levels:           26  (CARRY8=5 LUT2=2 LUT3=3 LUT4=1 LUT5=4 LUT6=11)
  Clock Uncertainty:      0.035ns  ((TSJ^2 + TIJ^2)^1/2 + DJ) / 2 + PE
    Total System Jitter     (TSJ):    0.071ns
    Total Input Jitter      (TIJ):    0.000ns
    Discrete Jitter          (DJ):    0.000ns
    Phase Error              (PE):    0.000ns

    Location             Delay type                Incr(ns)  Path(ns)    Netlist Resource(s)
  -------------------------------------------------------------------    -------------------
                         (clock core_clk rise edge)
                                                      0.000     0.000 r  
                                                      0.000     0.000 r  clk (IN)
                         net (fo=59650, unset)        0.000     0.000    u_softmax/u_accuracy/u_sum/clk
                         FDCE                                         r  u_softmax/u_accuracy/u_sum/out_valid_reg_reg/C
  -------------------------------------------------------------------    -------------------
                         FDCE (Prop_FDCE_C_Q)         0.077     0.077 r  u_softmax/u_accuracy/u_sum/out_valid_reg_reg/Q
                         net (fo=11, unplaced)        0.181     0.258    u_softmax/u_accuracy/add_out_valid
                         LUT5 (Prop_LUT5_I0_O)        0.125     0.383 r  u_softmax/u_accuracy/u_sum_i_34/O
                         net (fo=31, unplaced)        0.242     0.625    u_softmax/u_accuracy/add_bypass_same_slot
                         LUT3 (Prop_LUT3_I1_O)        0.053     0.678 r  u_softmax/u_accuracy/u_sum_i_8/O
                         net (fo=41, unplaced)        0.297     0.975    u_softmax/u_accuracy/u_sum/in_a_fp32[24]
                         LUT4 (Prop_LUT4_I3_O)        0.038     1.013 r  u_softmax/u_accuracy/u_sum/out_sum_reg[25]_i_11/O
                         net (fo=2, unplaced)         0.232     1.245    u_softmax/u_accuracy/u_sum/out_sum_reg[25]_i_11_n_0
                         LUT5 (Prop_LUT5_I1_O)        0.038     1.283 r  u_softmax/u_accuracy/u_sum/out_sum_reg[25]_i_6/O
                         net (fo=6, unplaced)         0.254     1.537    u_softmax/u_accuracy/u_sum/out_sum_reg[25]_i_6_n_0
                         LUT2 (Prop_LUT2_I0_O)        0.038     1.575 f  u_softmax/u_accuracy/u_sum/out_sum_reg[30]_i_74/O
                         net (fo=109, unplaced)       0.320     1.895    u_softmax/u_accuracy/u_sum/out_sum_reg[30]_i_74_n_0
                         LUT3 (Prop_LUT3_I2_O)        0.038     1.933 r  u_softmax/u_accuracy/u_sum/out_sum_reg[30]_i_57/O
                         net (fo=1, unplaced)         0.020     1.953    u_softmax/u_accuracy/u_sum/out_sum_reg[30]_i_57_n_0
                         CARRY8 (Prop_CARRY8_S[0]_CO[3])
                                                      0.186     2.139 r  u_softmax/u_accuracy/u_sum/out_sum_reg_reg[30]_i_23/CO[3]
                         net (fo=118, unplaced)       0.227     2.366    u_softmax/u_accuracy/u_sum/larger_significand1
                         LUT5 (Prop_LUT5_I4_O)        0.038     2.404 f  u_softmax/u_accuracy/u_sum/out_sum_reg[30]_i_115/O
                         net (fo=3, unplaced)         0.238     2.642    u_softmax/u_accuracy/u_sum/out_sum_reg[30]_i_115_n_0
                         LUT6 (Prop_LUT6_I2_O)        0.038     2.680 r  u_softmax/u_accuracy/u_sum/out_sum_reg[30]_i_117/O
                         net (fo=2, unplaced)         0.232     2.912    u_softmax/u_accuracy/u_sum/out_sum_reg[30]_i_117_n_0
                         LUT6 (Prop_LUT6_I1_O)        0.038     2.950 f  u_softmax/u_accuracy/u_sum/out_sum_reg[30]_i_72/O
                         net (fo=40, unplaced)        0.297     3.247    u_softmax/u_accuracy/u_sum/out_sum_reg[30]_i_72_n_0
                         LUT6 (Prop_LUT6_I2_O)        0.038     3.285 f  u_softmax/u_accuracy/u_sum/out_sum_reg[25]_i_40/O
                         net (fo=4, unplaced)         0.245     3.530    u_softmax/u_accuracy/u_sum/out_sum_reg[25]_i_40_n_0
                         LUT6 (Prop_LUT6_I0_O)        0.038     3.568 f  u_softmax/u_accuracy/u_sum/out_sum_reg[14]_i_22/O
                         net (fo=3, unplaced)         0.238     3.806    u_softmax/u_accuracy/u_sum/out_sum_reg[14]_i_22_n_0
                         LUT3 (Prop_LUT3_I0_O)        0.038     3.844 f  u_softmax/u_accuracy/u_sum/out_sum_reg[14]_i_31/O
                         net (fo=2, unplaced)         0.232     4.076    u_softmax/u_accuracy/u_sum/out_sum_reg[14]_i_31_n_0
                         LUT2 (Prop_LUT2_I1_O)        0.038     4.114 r  u_softmax/u_accuracy/u_sum/out_sum_reg[25]_i_38/O
                         net (fo=2, unplaced)         0.232     4.346    u_softmax/u_accuracy/u_sum/out_sum_reg[25]_i_38_n_0
                         LUT6 (Prop_LUT6_I5_O)        0.037     4.383 r  u_softmax/u_accuracy/u_sum/out_sum_reg[6]_i_17/O
                         net (fo=1, unplaced)         0.023     4.406    u_softmax/u_accuracy/u_sum/out_sum_reg[6]_i_17_n_0
                         CARRY8 (Prop_CARRY8_S[1]_CO[7])
                                                      0.197     4.603 r  u_softmax/u_accuracy/u_sum/out_sum_reg_reg[6]_i_3/CO[7]
                         net (fo=1, unplaced)         0.005     4.608    u_softmax/u_accuracy/u_sum/out_sum_reg_reg[6]_i_3_n_0
                         CARRY8 (Prop_CARRY8_CI_CO[7])
                                                      0.022     4.630 r  u_softmax/u_accuracy/u_sum/out_sum_reg_reg[14]_i_3/CO[7]
                         net (fo=1, unplaced)         0.005     4.635    u_softmax/u_accuracy/u_sum/out_sum_reg_reg[14]_i_3_n_0
                         CARRY8 (Prop_CARRY8_CI_CO[7])
                                                      0.022     4.657 r  u_softmax/u_accuracy/u_sum/out_sum_reg_reg[25]_i_8/CO[7]
                         net (fo=1, unplaced)         0.005     4.662    u_softmax/u_accuracy/u_sum/out_sum_reg_reg[25]_i_8_n_0
                         CARRY8 (Prop_CARRY8_CI_CO[0])
                                                      0.052     4.714 r  u_softmax/u_accuracy/u_sum/out_sum_reg_reg[25]_i_4/CO[0]
                         net (fo=63, unplaced)        0.307     5.021    u_softmax/u_accuracy/u_sum/p_0_in
                         LUT5 (Prop_LUT5_I4_O)        0.038     5.059 r  u_softmax/u_accuracy/u_sum/out_sum_reg[27]_i_5/O
                         net (fo=2, unplaced)         0.232     5.291    u_softmax/u_accuracy/u_sum/out_sum_reg[27]_i_5_n_0
                         LUT6 (Prop_LUT6_I2_O)        0.038     5.329 r  u_softmax/u_accuracy/u_sum/out_sum_reg[27]_i_2/O
                         net (fo=4, unplaced)         0.245     5.574    u_softmax/u_accuracy/u_sum/out_sum_reg[27]_i_2_n_0
                         LUT6 (Prop_LUT6_I2_O)        0.038     5.612 r  u_softmax/u_accuracy/u_sum/out_sum_reg[30]_i_22/O
                         net (fo=3, unplaced)         0.238     5.850    u_softmax/u_accuracy/u_sum/out_sum_reg[30]_i_22_n_0
                         LUT6 (Prop_LUT6_I2_O)        0.038     5.888 r  u_softmax/u_accuracy/u_sum/out_sum_reg[30]_i_5/O
                         net (fo=3, unplaced)         0.192     6.080    u_softmax/u_accuracy/u_sum/out_sum_reg[30]_i_5_n_0
                         LUT6 (Prop_LUT6_I2_O)        0.090     6.170 r  u_softmax/u_accuracy/u_sum/out_sum_reg[30]_i_29/O
                         net (fo=3, unplaced)         0.238     6.408    u_softmax/u_accuracy/u_sum/out_sum_reg[30]_i_29_n_0
                         LUT6 (Prop_LUT6_I5_O)        0.038     6.446 f  u_softmax/u_accuracy/u_sum/out_sum_reg[30]_i_8/O
                         net (fo=27, unplaced)        0.288     6.734    u_softmax/u_accuracy/u_sum/out_sum_reg[30]_i_8_n_0
                         LUT6 (Prop_LUT6_I5_O)        0.038     6.772 r  u_softmax/u_accuracy/u_sum/out_sum_reg[18]_i_1/O
                         net (fo=1, unplaced)         0.048     6.820    u_softmax/u_accuracy/u_sum/out_sum_reg__0[18]
                         FDCE                                         r  u_softmax/u_accuracy/u_sum/out_sum_reg_reg[18]/D
  -------------------------------------------------------------------    -------------------

                         (clock core_clk rise edge)
                                                      6.666     6.666 r  
                                                      0.000     6.666 r  clk (IN)
                         net (fo=59650, unset)        0.000     6.666    u_softmax/u_accuracy/u_sum/clk
                         FDCE                                         r  u_softmax/u_accuracy/u_sum/out_sum_reg_reg[18]/C
                         clock pessimism              0.000     6.666    
                         clock uncertainty           -0.035     6.631    
                         FDCE (Setup_FDCE_C_D)        0.025     6.656    u_softmax/u_accuracy/u_sum/out_sum_reg_reg[18]
  -------------------------------------------------------------------
                         required time                          6.656    
                         arrival time                          -6.820    
  -------------------------------------------------------------------
                         slack                                 -0.164    

Slack (VIOLATED) :        -0.164ns  (required time - arrival time)
  Source:                 u_softmax/u_accuracy/u_sum/out_valid_reg_reg/C
                            (rising edge-triggered cell FDCE clocked by core_clk  {rise@0.000ns fall@3.333ns period=6.666ns})
  Destination:            u_softmax/u_accuracy/u_sum/out_sum_reg_reg[19]/D
                            (rising edge-triggered cell FDCE clocked by core_clk  {rise@0.000ns fall@3.333ns period=6.666ns})
  Path Group:             core_clk
  Path Type:              Setup (Max at Slow Process Corner)
  Requirement:            6.666ns  (core_clk rise@6.666ns - core_clk rise@0.000ns)
  Data Path Delay:        6.820ns  (logic 1.507ns (22.097%)  route 5.313ns (77.903%))
  Logic Levels:           26  (CARRY8=5 LUT2=2 LUT3=3 LUT4=1 LUT5=4 LUT6=11)
  Clock Uncertainty:      0.035ns  ((TSJ^2 + TIJ^2)^1/2 + DJ) / 2 + PE
    Total System Jitter     (TSJ):    0.071ns
    Total Input Jitter      (TIJ):    0.000ns
    Discrete Jitter          (DJ):    0.000ns
    Phase Error              (PE):    0.000ns

    Location             Delay type                Incr(ns)  Path(ns)    Netlist Resource(s)
  -------------------------------------------------------------------    -------------------
                         (clock core_clk rise edge)
                                                      0.000     0.000 r  
                                                      0.000     0.000 r  clk (IN)
                         net (fo=59650, unset)        0.000     0.000    u_softmax/u_accuracy/u_sum/clk
                         FDCE                                         r  u_softmax/u_accuracy/u_sum/out_valid_reg_reg/C
  -------------------------------------------------------------------    -------------------
                         FDCE (Prop_FDCE_C_Q)         0.077     0.077 r  u_softmax/u_accuracy/u_sum/out_valid_reg_reg/Q
                         net (fo=11, unplaced)        0.181     0.258    u_softmax/u_accuracy/add_out_valid
                         LUT5 (Prop_LUT5_I0_O)        0.125     0.383 r  u_softmax/u_accuracy/u_sum_i_34/O
                         net (fo=31, unplaced)        0.242     0.625    u_softmax/u_accuracy/add_bypass_same_slot
                         LUT3 (Prop_LUT3_I1_O)        0.053     0.678 r  u_softmax/u_accuracy/u_sum_i_8/O
                         net (fo=41, unplaced)        0.297     0.975    u_softmax/u_accuracy/u_sum/in_a_fp32[24]
                         LUT4 (Prop_LUT4_I3_O)        0.038     1.013 r  u_softmax/u_accuracy/u_sum/out_sum_reg[25]_i_11/O
                         net (fo=2, unplaced)         0.232     1.245    u_softmax/u_accuracy/u_sum/out_sum_reg[25]_i_11_n_0
                         LUT5 (Prop_LUT5_I1_O)        0.038     1.283 r  u_softmax/u_accuracy/u_sum/out_sum_reg[25]_i_6/O
                         net (fo=6, unplaced)         0.254     1.537    u_softmax/u_accuracy/u_sum/out_sum_reg[25]_i_6_n_0
                         LUT2 (Prop_LUT2_I0_O)        0.038     1.575 f  u_softmax/u_accuracy/u_sum/out_sum_reg[30]_i_74/O
                         net (fo=109, unplaced)       0.320     1.895    u_softmax/u_accuracy/u_sum/out_sum_reg[30]_i_74_n_0
                         LUT3 (Prop_LUT3_I2_O)        0.038     1.933 r  u_softmax/u_accuracy/u_sum/out_sum_reg[30]_i_57/O
                         net (fo=1, unplaced)         0.020     1.953    u_softmax/u_accuracy/u_sum/out_sum_reg[30]_i_57_n_0
                         CARRY8 (Prop_CARRY8_S[0]_CO[3])
                                                      0.186     2.139 r  u_softmax/u_accuracy/u_sum/out_sum_reg_reg[30]_i_23/CO[3]
                         net (fo=118, unplaced)       0.227     2.366    u_softmax/u_accuracy/u_sum/larger_significand1
                         LUT5 (Prop_LUT5_I4_O)        0.038     2.404 f  u_softmax/u_accuracy/u_sum/out_sum_reg[30]_i_115/O
                         net (fo=3, unplaced)         0.238     2.642    u_softmax/u_accuracy/u_sum/out_sum_reg[30]_i_115_n_0
                         LUT6 (Prop_LUT6_I2_O)        0.038     2.680 r  u_softmax/u_accuracy/u_sum/out_sum_reg[30]_i_117/O
                         net (fo=2, unplaced)         0.232     2.912    u_softmax/u_accuracy/u_sum/out_sum_reg[30]_i_117_n_0
                         LUT6 (Prop_LUT6_I1_O)        0.038     2.950 f  u_softmax/u_accuracy/u_sum/out_sum_reg[30]_i_72/O
                         net (fo=40, unplaced)        0.297     3.247    u_softmax/u_accuracy/u_sum/out_sum_reg[30]_i_72_n_0
                         LUT6 (Prop_LUT6_I2_O)        0.038     3.285 f  u_softmax/u_accuracy/u_sum/out_sum_reg[25]_i_40/O
                         net (fo=4, unplaced)         0.245     3.530    u_softmax/u_accuracy/u_sum/out_sum_reg[25]_i_40_n_0
                         LUT6 (Prop_LUT6_I0_O)        0.038     3.568 f  u_softmax/u_accuracy/u_sum/out_sum_reg[14]_i_22/O
                         net (fo=3, unplaced)         0.238     3.806    u_softmax/u_accuracy/u_sum/out_sum_reg[14]_i_22_n_0
                         LUT3 (Prop_LUT3_I0_O)        0.038     3.844 f  u_softmax/u_accuracy/u_sum/out_sum_reg[14]_i_31/O
                         net (fo=2, unplaced)         0.232     4.076    u_softmax/u_accuracy/u_sum/out_sum_reg[14]_i_31_n_0
                         LUT2 (Prop_LUT2_I1_O)        0.038     4.114 r  u_softmax/u_accuracy/u_sum/out_sum_reg[25]_i_38/O
                         net (fo=2, unplaced)         0.232     4.346    u_softmax/u_accuracy/u_sum/out_sum_reg[25]_i_38_n_0
                         LUT6 (Prop_LUT6_I5_O)        0.037     4.383 r  u_softmax/u_accuracy/u_sum/out_sum_reg[6]_i_17/O
                         net (fo=1, unplaced)         0.023     4.406    u_softmax/u_accuracy/u_sum/out_sum_reg[6]_i_17_n_0
                         CARRY8 (Prop_CARRY8_S[1]_CO[7])
                                                      0.197     4.603 r  u_softmax/u_accuracy/u_sum/out_sum_reg_reg[6]_i_3/CO[7]
                         net (fo=1, unplaced)         0.005     4.608    u_softmax/u_accuracy/u_sum/out_sum_reg_reg[6]_i_3_n_0
                         CARRY8 (Prop_CARRY8_CI_CO[7])
                                                      0.022     4.630 r  u_softmax/u_accuracy/u_sum/out_sum_reg_reg[14]_i_3/CO[7]
                         net (fo=1, unplaced)         0.005     4.635    u_softmax/u_accuracy/u_sum/out_sum_reg_reg[14]_i_3_n_0
                         CARRY8 (Prop_CARRY8_CI_CO[7])
                                                      0.022     4.657 r  u_softmax/u_accuracy/u_sum/out_sum_reg_reg[25]_i_8/CO[7]
                         net (fo=1, unplaced)         0.005     4.662    u_softmax/u_accuracy/u_sum/out_sum_reg_reg[25]_i_8_n_0
                         CARRY8 (Prop_CARRY8_CI_CO[0])
                                                      0.052     4.714 r  u_softmax/u_accuracy/u_sum/out_sum_reg_reg[25]_i_4/CO[0]
                         net (fo=63, unplaced)        0.307     5.021    u_softmax/u_accuracy/u_sum/p_0_in
                         LUT5 (Prop_LUT5_I4_O)        0.038     5.059 r  u_softmax/u_accuracy/u_sum/out_sum_reg[27]_i_5/O
                         net (fo=2, unplaced)         0.232     5.291    u_softmax/u_accuracy/u_sum/out_sum_reg[27]_i_5_n_0
                         LUT6 (Prop_LUT6_I2_O)        0.038     5.329 r  u_softmax/u_accuracy/u_sum/out_sum_reg[27]_i_2/O
                         net (fo=4, unplaced)         0.245     5.574    u_softmax/u_accuracy/u_sum/out_sum_reg[27]_i_2_n_0
                         LUT6 (Prop_LUT6_I2_O)        0.038     5.612 r  u_softmax/u_accuracy/u_sum/out_sum_reg[30]_i_22/O
                         net (fo=3, unplaced)         0.238     5.850    u_softmax/u_accuracy/u_sum/out_sum_reg[30]_i_22_n_0
                         LUT6 (Prop_LUT6_I2_O)        0.038     5.888 r  u_softmax/u_accuracy/u_sum/out_sum_reg[30]_i_5/O
                         net (fo=3, unplaced)         0.192     6.080    u_softmax/u_accuracy/u_sum/out_sum_reg[30]_i_5_n_0
                         LUT6 (Prop_LUT6_I2_O)        0.090     6.170 r  u_softmax/u_accuracy/u_sum/out_sum_reg[30]_i_29/O
                         net (fo=3, unplaced)         0.238     6.408    u_softmax/u_accuracy/u_sum/out_sum_reg[30]_i_29_n_0
                         LUT6 (Prop_LUT6_I5_O)        0.038     6.446 f  u_softmax/u_accuracy/u_sum/out_sum_reg[30]_i_8/O
                         net (fo=27, unplaced)        0.288     6.734    u_softmax/u_accuracy/u_sum/out_sum_reg[30]_i_8_n_0
                         LUT6 (Prop_LUT6_I5_O)        0.038     6.772 r  u_softmax/u_accuracy/u_sum/out_sum_reg[19]_i_1/O
                         net (fo=1, unplaced)         0.048     6.820    u_softmax/u_accuracy/u_sum/out_sum_reg__0[19]
                         FDCE                                         r  u_softmax/u_accuracy/u_sum/out_sum_reg_reg[19]/D
  -------------------------------------------------------------------    -------------------

                         (clock core_clk rise edge)
                                                      6.666     6.666 r  
                                                      0.000     6.666 r  clk (IN)
                         net (fo=59650, unset)        0.000     6.666    u_softmax/u_accuracy/u_sum/clk
                         FDCE                                         r  u_softmax/u_accuracy/u_sum/out_sum_reg_reg[19]/C
                         clock pessimism              0.000     6.666    
                         clock uncertainty           -0.035     6.631    
                         FDCE (Setup_FDCE_C_D)        0.025     6.656    u_softmax/u_accuracy/u_sum/out_sum_reg_reg[19]
  -------------------------------------------------------------------
                         required time                          6.656    
                         arrival time                          -6.820    
  -------------------------------------------------------------------
                         slack                                 -0.164    

Slack (VIOLATED) :        -0.164ns  (required time - arrival time)
  Source:                 u_softmax/u_accuracy/u_sum/out_valid_reg_reg/C
                            (rising edge-triggered cell FDCE clocked by core_clk  {rise@0.000ns fall@3.333ns period=6.666ns})
  Destination:            u_softmax/u_accuracy/u_sum/out_sum_reg_reg[1]/D
                            (rising edge-triggered cell FDCE clocked by core_clk  {rise@0.000ns fall@3.333ns period=6.666ns})
  Path Group:             core_clk
  Path Type:              Setup (Max at Slow Process Corner)
  Requirement:            6.666ns  (core_clk rise@6.666ns - core_clk rise@0.000ns)
  Data Path Delay:        6.820ns  (logic 1.507ns (22.097%)  route 5.313ns (77.903%))
  Logic Levels:           26  (CARRY8=5 LUT2=2 LUT3=3 LUT4=1 LUT5=5 LUT6=10)
  Clock Uncertainty:      0.035ns  ((TSJ^2 + TIJ^2)^1/2 + DJ) / 2 + PE
    Total System Jitter     (TSJ):    0.071ns
    Total Input Jitter      (TIJ):    0.000ns
    Discrete Jitter          (DJ):    0.000ns
    Phase Error              (PE):    0.000ns

    Location             Delay type                Incr(ns)  Path(ns)    Netlist Resource(s)
  -------------------------------------------------------------------    -------------------
                         (clock core_clk rise edge)
                                                      0.000     0.000 r  
                                                      0.000     0.000 r  clk (IN)
                         net (fo=59650, unset)        0.000     0.000    u_softmax/u_accuracy/u_sum/clk
                         FDCE                                         r  u_softmax/u_accuracy/u_sum/out_valid_reg_reg/C
  -------------------------------------------------------------------    -------------------
                         FDCE (Prop_FDCE_C_Q)         0.077     0.077 r  u_softmax/u_accuracy/u_sum/out_valid_reg_reg/Q
                         net (fo=11, unplaced)        0.181     0.258    u_softmax/u_accuracy/add_out_valid
                         LUT5 (Prop_LUT5_I0_O)        0.125     0.383 r  u_softmax/u_accuracy/u_sum_i_34/O
                         net (fo=31, unplaced)        0.242     0.625    u_softmax/u_accuracy/add_bypass_same_slot
                         LUT3 (Prop_LUT3_I1_O)        0.053     0.678 r  u_softmax/u_accuracy/u_sum_i_8/O
                         net (fo=41, unplaced)        0.297     0.975    u_softmax/u_accuracy/u_sum/in_a_fp32[24]
                         LUT4 (Prop_LUT4_I3_O)        0.038     1.013 r  u_softmax/u_accuracy/u_sum/out_sum_reg[25]_i_11/O
                         net (fo=2, unplaced)         0.232     1.245    u_softmax/u_accuracy/u_sum/out_sum_reg[25]_i_11_n_0
                         LUT5 (Prop_LUT5_I1_O)        0.038     1.283 r  u_softmax/u_accuracy/u_sum/out_sum_reg[25]_i_6/O
                         net (fo=6, unplaced)         0.254     1.537    u_softmax/u_accuracy/u_sum/out_sum_reg[25]_i_6_n_0
                         LUT2 (Prop_LUT2_I0_O)        0.038     1.575 f  u_softmax/u_accuracy/u_sum/out_sum_reg[30]_i_74/O
                         net (fo=109, unplaced)       0.320     1.895    u_softmax/u_accuracy/u_sum/out_sum_reg[30]_i_74_n_0
                         LUT3 (Prop_LUT3_I2_O)        0.038     1.933 r  u_softmax/u_accuracy/u_sum/out_sum_reg[30]_i_57/O
                         net (fo=1, unplaced)         0.020     1.953    u_softmax/u_accuracy/u_sum/out_sum_reg[30]_i_57_n_0
                         CARRY8 (Prop_CARRY8_S[0]_CO[3])
                                                      0.186     2.139 r  u_softmax/u_accuracy/u_sum/out_sum_reg_reg[30]_i_23/CO[3]
                         net (fo=118, unplaced)       0.227     2.366    u_softmax/u_accuracy/u_sum/larger_significand1
                         LUT5 (Prop_LUT5_I4_O)        0.038     2.404 f  u_softmax/u_accuracy/u_sum/out_sum_reg[30]_i_115/O
                         net (fo=3, unplaced)         0.238     2.642    u_softmax/u_accuracy/u_sum/out_sum_reg[30]_i_115_n_0
                         LUT6 (Prop_LUT6_I2_O)        0.038     2.680 r  u_softmax/u_accuracy/u_sum/out_sum_reg[30]_i_117/O
                         net (fo=2, unplaced)         0.232     2.912    u_softmax/u_accuracy/u_sum/out_sum_reg[30]_i_117_n_0
                         LUT6 (Prop_LUT6_I1_O)        0.038     2.950 f  u_softmax/u_accuracy/u_sum/out_sum_reg[30]_i_72/O
                         net (fo=40, unplaced)        0.297     3.247    u_softmax/u_accuracy/u_sum/out_sum_reg[30]_i_72_n_0
                         LUT6 (Prop_LUT6_I2_O)        0.038     3.285 f  u_softmax/u_accuracy/u_sum/out_sum_reg[25]_i_40/O
                         net (fo=4, unplaced)         0.245     3.530    u_softmax/u_accuracy/u_sum/out_sum_reg[25]_i_40_n_0
                         LUT6 (Prop_LUT6_I0_O)        0.038     3.568 f  u_softmax/u_accuracy/u_sum/out_sum_reg[14]_i_22/O
                         net (fo=3, unplaced)         0.238     3.806    u_softmax/u_accuracy/u_sum/out_sum_reg[14]_i_22_n_0
                         LUT3 (Prop_LUT3_I0_O)        0.038     3.844 f  u_softmax/u_accuracy/u_sum/out_sum_reg[14]_i_31/O
                         net (fo=2, unplaced)         0.232     4.076    u_softmax/u_accuracy/u_sum/out_sum_reg[14]_i_31_n_0
                         LUT2 (Prop_LUT2_I1_O)        0.038     4.114 r  u_softmax/u_accuracy/u_sum/out_sum_reg[25]_i_38/O
                         net (fo=2, unplaced)         0.232     4.346    u_softmax/u_accuracy/u_sum/out_sum_reg[25]_i_38_n_0
                         LUT6 (Prop_LUT6_I5_O)        0.037     4.383 r  u_softmax/u_accuracy/u_sum/out_sum_reg[6]_i_17/O
                         net (fo=1, unplaced)         0.023     4.406    u_softmax/u_accuracy/u_sum/out_sum_reg[6]_i_17_n_0
                         CARRY8 (Prop_CARRY8_S[1]_CO[7])
                                                      0.197     4.603 r  u_softmax/u_accuracy/u_sum/out_sum_reg_reg[6]_i_3/CO[7]
                         net (fo=1, unplaced)         0.005     4.608    u_softmax/u_accuracy/u_sum/out_sum_reg_reg[6]_i_3_n_0
                         CARRY8 (Prop_CARRY8_CI_CO[7])
                                                      0.022     4.630 r  u_softmax/u_accuracy/u_sum/out_sum_reg_reg[14]_i_3/CO[7]
                         net (fo=1, unplaced)         0.005     4.635    u_softmax/u_accuracy/u_sum/out_sum_reg_reg[14]_i_3_n_0
                         CARRY8 (Prop_CARRY8_CI_CO[7])
                                                      0.022     4.657 r  u_softmax/u_accuracy/u_sum/out_sum_reg_reg[25]_i_8/CO[7]
                         net (fo=1, unplaced)         0.005     4.662    u_softmax/u_accuracy/u_sum/out_sum_reg_reg[25]_i_8_n_0
                         CARRY8 (Prop_CARRY8_CI_CO[0])
                                                      0.052     4.714 r  u_softmax/u_accuracy/u_sum/out_sum_reg_reg[25]_i_4/CO[0]
                         net (fo=63, unplaced)        0.307     5.021    u_softmax/u_accuracy/u_sum/p_0_in
                         LUT5 (Prop_LUT5_I4_O)        0.038     5.059 r  u_softmax/u_accuracy/u_sum/out_sum_reg[27]_i_5/O
                         net (fo=2, unplaced)         0.232     5.291    u_softmax/u_accuracy/u_sum/out_sum_reg[27]_i_5_n_0
                         LUT6 (Prop_LUT6_I2_O)        0.038     5.329 r  u_softmax/u_accuracy/u_sum/out_sum_reg[27]_i_2/O
                         net (fo=4, unplaced)         0.245     5.574    u_softmax/u_accuracy/u_sum/out_sum_reg[27]_i_2_n_0
                         LUT6 (Prop_LUT6_I2_O)        0.038     5.612 r  u_softmax/u_accuracy/u_sum/out_sum_reg[30]_i_22/O
                         net (fo=3, unplaced)         0.238     5.850    u_softmax/u_accuracy/u_sum/out_sum_reg[30]_i_22_n_0
                         LUT6 (Prop_LUT6_I2_O)        0.038     5.888 r  u_softmax/u_accuracy/u_sum/out_sum_reg[30]_i_5/O
                         net (fo=3, unplaced)         0.192     6.080    u_softmax/u_accuracy/u_sum/out_sum_reg[30]_i_5_n_0
                         LUT6 (Prop_LUT6_I2_O)        0.090     6.170 r  u_softmax/u_accuracy/u_sum/out_sum_reg[30]_i_29/O
                         net (fo=3, unplaced)         0.238     6.408    u_softmax/u_accuracy/u_sum/out_sum_reg[30]_i_29_n_0
                         LUT6 (Prop_LUT6_I5_O)        0.038     6.446 f  u_softmax/u_accuracy/u_sum/out_sum_reg[30]_i_8/O
                         net (fo=27, unplaced)        0.288     6.734    u_softmax/u_accuracy/u_sum/out_sum_reg[30]_i_8_n_0
                         LUT5 (Prop_LUT5_I4_O)        0.038     6.772 r  u_softmax/u_accuracy/u_sum/out_sum_reg[1]_i_1/O
                         net (fo=1, unplaced)         0.048     6.820    u_softmax/u_accuracy/u_sum/out_sum_reg__0[1]
                         FDCE                                         r  u_softmax/u_accuracy/u_sum/out_sum_reg_reg[1]/D
  -------------------------------------------------------------------    -------------------

                         (clock core_clk rise edge)
                                                      6.666     6.666 r  
                                                      0.000     6.666 r  clk (IN)
                         net (fo=59650, unset)        0.000     6.666    u_softmax/u_accuracy/u_sum/clk
                         FDCE                                         r  u_softmax/u_accuracy/u_sum/out_sum_reg_reg[1]/C
                         clock pessimism              0.000     6.666    
                         clock uncertainty           -0.035     6.631    
                         FDCE (Setup_FDCE_C_D)        0.025     6.656    u_softmax/u_accuracy/u_sum/out_sum_reg_reg[1]
  -------------------------------------------------------------------
                         required time                          6.656    
                         arrival time                          -6.820    
  -------------------------------------------------------------------
                         slack                                 -0.164    

Slack (VIOLATED) :        -0.164ns  (required time - arrival time)
  Source:                 u_softmax/u_accuracy/u_sum/out_valid_reg_reg/C
                            (rising edge-triggered cell FDCE clocked by core_clk  {rise@0.000ns fall@3.333ns period=6.666ns})
  Destination:            u_softmax/u_accuracy/u_sum/out_sum_reg_reg[20]/D
                            (rising edge-triggered cell FDCE clocked by core_clk  {rise@0.000ns fall@3.333ns period=6.666ns})
  Path Group:             core_clk
  Path Type:              Setup (Max at Slow Process Corner)
  Requirement:            6.666ns  (core_clk rise@6.666ns - core_clk rise@0.000ns)
  Data Path Delay:        6.820ns  (logic 1.507ns (22.097%)  route 5.313ns (77.903%))
  Logic Levels:           26  (CARRY8=5 LUT2=2 LUT3=3 LUT4=1 LUT5=4 LUT6=11)
  Clock Uncertainty:      0.035ns  ((TSJ^2 + TIJ^2)^1/2 + DJ) / 2 + PE
    Total System Jitter     (TSJ):    0.071ns
    Total Input Jitter      (TIJ):    0.000ns
    Discrete Jitter          (DJ):    0.000ns
    Phase Error              (PE):    0.000ns

    Location             Delay type                Incr(ns)  Path(ns)    Netlist Resource(s)
  -------------------------------------------------------------------    -------------------
                         (clock core_clk rise edge)
                                                      0.000     0.000 r  
                                                      0.000     0.000 r  clk (IN)
                         net (fo=59650, unset)        0.000     0.000    u_softmax/u_accuracy/u_sum/clk
                         FDCE                                         r  u_softmax/u_accuracy/u_sum/out_valid_reg_reg/C
  -------------------------------------------------------------------    -------------------
                         FDCE (Prop_FDCE_C_Q)         0.077     0.077 r  u_softmax/u_accuracy/u_sum/out_valid_reg_reg/Q
                         net (fo=11, unplaced)        0.181     0.258    u_softmax/u_accuracy/add_out_valid
                         LUT5 (Prop_LUT5_I0_O)        0.125     0.383 r  u_softmax/u_accuracy/u_sum_i_34/O
                         net (fo=31, unplaced)        0.242     0.625    u_softmax/u_accuracy/add_bypass_same_slot
                         LUT3 (Prop_LUT3_I1_O)        0.053     0.678 r  u_softmax/u_accuracy/u_sum_i_8/O
                         net (fo=41, unplaced)        0.297     0.975    u_softmax/u_accuracy/u_sum/in_a_fp32[24]
                         LUT4 (Prop_LUT4_I3_O)        0.038     1.013 r  u_softmax/u_accuracy/u_sum/out_sum_reg[25]_i_11/O
                         net (fo=2, unplaced)         0.232     1.245    u_softmax/u_accuracy/u_sum/out_sum_reg[25]_i_11_n_0
                         LUT5 (Prop_LUT5_I1_O)        0.038     1.283 r  u_softmax/u_accuracy/u_sum/out_sum_reg[25]_i_6/O
                         net (fo=6, unplaced)         0.254     1.537    u_softmax/u_accuracy/u_sum/out_sum_reg[25]_i_6_n_0
                         LUT2 (Prop_LUT2_I0_O)        0.038     1.575 f  u_softmax/u_accuracy/u_sum/out_sum_reg[30]_i_74/O
                         net (fo=109, unplaced)       0.320     1.895    u_softmax/u_accuracy/u_sum/out_sum_reg[30]_i_74_n_0
                         LUT3 (Prop_LUT3_I2_O)        0.038     1.933 r  u_softmax/u_accuracy/u_sum/out_sum_reg[30]_i_57/O
                         net (fo=1, unplaced)         0.020     1.953    u_softmax/u_accuracy/u_sum/out_sum_reg[30]_i_57_n_0
                         CARRY8 (Prop_CARRY8_S[0]_CO[3])
                                                      0.186     2.139 r  u_softmax/u_accuracy/u_sum/out_sum_reg_reg[30]_i_23/CO[3]
                         net (fo=118, unplaced)       0.227     2.366    u_softmax/u_accuracy/u_sum/larger_significand1
                         LUT5 (Prop_LUT5_I4_O)        0.038     2.404 f  u_softmax/u_accuracy/u_sum/out_sum_reg[30]_i_115/O
                         net (fo=3, unplaced)         0.238     2.642    u_softmax/u_accuracy/u_sum/out_sum_reg[30]_i_115_n_0
                         LUT6 (Prop_LUT6_I2_O)        0.038     2.680 r  u_softmax/u_accuracy/u_sum/out_sum_reg[30]_i_117/O
                         net (fo=2, unplaced)         0.232     2.912    u_softmax/u_accuracy/u_sum/out_sum_reg[30]_i_117_n_0
                         LUT6 (Prop_LUT6_I1_O)        0.038     2.950 f  u_softmax/u_accuracy/u_sum/out_sum_reg[30]_i_72/O
                         net (fo=40, unplaced)        0.297     3.247    u_softmax/u_accuracy/u_sum/out_sum_reg[30]_i_72_n_0
                         LUT6 (Prop_LUT6_I2_O)        0.038     3.285 f  u_softmax/u_accuracy/u_sum/out_sum_reg[25]_i_40/O
                         net (fo=4, unplaced)         0.245     3.530    u_softmax/u_accuracy/u_sum/out_sum_reg[25]_i_40_n_0
                         LUT6 (Prop_LUT6_I0_O)        0.038     3.568 f  u_softmax/u_accuracy/u_sum/out_sum_reg[14]_i_22/O
                         net (fo=3, unplaced)         0.238     3.806    u_softmax/u_accuracy/u_sum/out_sum_reg[14]_i_22_n_0
                         LUT3 (Prop_LUT3_I0_O)        0.038     3.844 f  u_softmax/u_accuracy/u_sum/out_sum_reg[14]_i_31/O
                         net (fo=2, unplaced)         0.232     4.076    u_softmax/u_accuracy/u_sum/out_sum_reg[14]_i_31_n_0
                         LUT2 (Prop_LUT2_I1_O)        0.038     4.114 r  u_softmax/u_accuracy/u_sum/out_sum_reg[25]_i_38/O
                         net (fo=2, unplaced)         0.232     4.346    u_softmax/u_accuracy/u_sum/out_sum_reg[25]_i_38_n_0
                         LUT6 (Prop_LUT6_I5_O)        0.037     4.383 r  u_softmax/u_accuracy/u_sum/out_sum_reg[6]_i_17/O
                         net (fo=1, unplaced)         0.023     4.406    u_softmax/u_accuracy/u_sum/out_sum_reg[6]_i_17_n_0
                         CARRY8 (Prop_CARRY8_S[1]_CO[7])
                                                      0.197     4.603 r  u_softmax/u_accuracy/u_sum/out_sum_reg_reg[6]_i_3/CO[7]
                         net (fo=1, unplaced)         0.005     4.608    u_softmax/u_accuracy/u_sum/out_sum_reg_reg[6]_i_3_n_0
                         CARRY8 (Prop_CARRY8_CI_CO[7])
                                                      0.022     4.630 r  u_softmax/u_accuracy/u_sum/out_sum_reg_reg[14]_i_3/CO[7]
                         net (fo=1, unplaced)         0.005     4.635    u_softmax/u_accuracy/u_sum/out_sum_reg_reg[14]_i_3_n_0
                         CARRY8 (Prop_CARRY8_CI_CO[7])
                                                      0.022     4.657 r  u_softmax/u_accuracy/u_sum/out_sum_reg_reg[25]_i_8/CO[7]
                         net (fo=1, unplaced)         0.005     4.662    u_softmax/u_accuracy/u_sum/out_sum_reg_reg[25]_i_8_n_0
                         CARRY8 (Prop_CARRY8_CI_CO[0])
                                                      0.052     4.714 r  u_softmax/u_accuracy/u_sum/out_sum_reg_reg[25]_i_4/CO[0]
                         net (fo=63, unplaced)        0.307     5.021    u_softmax/u_accuracy/u_sum/p_0_in
                         LUT5 (Prop_LUT5_I4_O)        0.038     5.059 r  u_softmax/u_accuracy/u_sum/out_sum_reg[27]_i_5/O
                         net (fo=2, unplaced)         0.232     5.291    u_softmax/u_accuracy/u_sum/out_sum_reg[27]_i_5_n_0
                         LUT6 (Prop_LUT6_I2_O)        0.038     5.329 r  u_softmax/u_accuracy/u_sum/out_sum_reg[27]_i_2/O
                         net (fo=4, unplaced)         0.245     5.574    u_softmax/u_accuracy/u_sum/out_sum_reg[27]_i_2_n_0
                         LUT6 (Prop_LUT6_I2_O)        0.038     5.612 r  u_softmax/u_accuracy/u_sum/out_sum_reg[30]_i_22/O
                         net (fo=3, unplaced)         0.238     5.850    u_softmax/u_accuracy/u_sum/out_sum_reg[30]_i_22_n_0
                         LUT6 (Prop_LUT6_I2_O)        0.038     5.888 r  u_softmax/u_accuracy/u_sum/out_sum_reg[30]_i_5/O
                         net (fo=3, unplaced)         0.192     6.080    u_softmax/u_accuracy/u_sum/out_sum_reg[30]_i_5_n_0
                         LUT6 (Prop_LUT6_I2_O)        0.090     6.170 r  u_softmax/u_accuracy/u_sum/out_sum_reg[30]_i_29/O
                         net (fo=3, unplaced)         0.238     6.408    u_softmax/u_accuracy/u_sum/out_sum_reg[30]_i_29_n_0
                         LUT6 (Prop_LUT6_I5_O)        0.038     6.446 f  u_softmax/u_accuracy/u_sum/out_sum_reg[30]_i_8/O
                         net (fo=27, unplaced)        0.288     6.734    u_softmax/u_accuracy/u_sum/out_sum_reg[30]_i_8_n_0
                         LUT6 (Prop_LUT6_I5_O)        0.038     6.772 r  u_softmax/u_accuracy/u_sum/out_sum_reg[20]_i_1/O
                         net (fo=1, unplaced)         0.048     6.820    u_softmax/u_accuracy/u_sum/out_sum_reg__0[20]
                         FDCE                                         r  u_softmax/u_accuracy/u_sum/out_sum_reg_reg[20]/D
  -------------------------------------------------------------------    -------------------

                         (clock core_clk rise edge)
                                                      6.666     6.666 r  
                                                      0.000     6.666 r  clk (IN)
                         net (fo=59650, unset)        0.000     6.666    u_softmax/u_accuracy/u_sum/clk
                         FDCE                                         r  u_softmax/u_accuracy/u_sum/out_sum_reg_reg[20]/C
                         clock pessimism              0.000     6.666    
                         clock uncertainty           -0.035     6.631    
                         FDCE (Setup_FDCE_C_D)        0.025     6.656    u_softmax/u_accuracy/u_sum/out_sum_reg_reg[20]
  -------------------------------------------------------------------
                         required time                          6.656    
                         arrival time                          -6.820    
  -------------------------------------------------------------------
                         slack                                 -0.164    

Slack (VIOLATED) :        -0.164ns  (required time - arrival time)
  Source:                 u_softmax/u_accuracy/u_sum/out_valid_reg_reg/C
                            (rising edge-triggered cell FDCE clocked by core_clk  {rise@0.000ns fall@3.333ns period=6.666ns})
  Destination:            u_softmax/u_accuracy/u_sum/out_sum_reg_reg[21]/D
                            (rising edge-triggered cell FDCE clocked by core_clk  {rise@0.000ns fall@3.333ns period=6.666ns})
  Path Group:             core_clk
  Path Type:              Setup (Max at Slow Process Corner)
  Requirement:            6.666ns  (core_clk rise@6.666ns - core_clk rise@0.000ns)
  Data Path Delay:        6.820ns  (logic 1.507ns (22.097%)  route 5.313ns (77.903%))
  Logic Levels:           26  (CARRY8=5 LUT2=2 LUT3=3 LUT4=1 LUT5=4 LUT6=11)
  Clock Uncertainty:      0.035ns  ((TSJ^2 + TIJ^2)^1/2 + DJ) / 2 + PE
    Total System Jitter     (TSJ):    0.071ns
    Total Input Jitter      (TIJ):    0.000ns
    Discrete Jitter          (DJ):    0.000ns
    Phase Error              (PE):    0.000ns

    Location             Delay type                Incr(ns)  Path(ns)    Netlist Resource(s)
  -------------------------------------------------------------------    -------------------
                         (clock core_clk rise edge)
                                                      0.000     0.000 r  
                                                      0.000     0.000 r  clk (IN)
                         net (fo=59650, unset)        0.000     0.000    u_softmax/u_accuracy/u_sum/clk
                         FDCE                                         r  u_softmax/u_accuracy/u_sum/out_valid_reg_reg/C
  -------------------------------------------------------------------    -------------------
                         FDCE (Prop_FDCE_C_Q)         0.077     0.077 r  u_softmax/u_accuracy/u_sum/out_valid_reg_reg/Q
                         net (fo=11, unplaced)        0.181     0.258    u_softmax/u_accuracy/add_out_valid
                         LUT5 (Prop_LUT5_I0_O)        0.125     0.383 r  u_softmax/u_accuracy/u_sum_i_34/O
                         net (fo=31, unplaced)        0.242     0.625    u_softmax/u_accuracy/add_bypass_same_slot
                         LUT3 (Prop_LUT3_I1_O)        0.053     0.678 r  u_softmax/u_accuracy/u_sum_i_8/O
                         net (fo=41, unplaced)        0.297     0.975    u_softmax/u_accuracy/u_sum/in_a_fp32[24]
                         LUT4 (Prop_LUT4_I3_O)        0.038     1.013 r  u_softmax/u_accuracy/u_sum/out_sum_reg[25]_i_11/O
                         net (fo=2, unplaced)         0.232     1.245    u_softmax/u_accuracy/u_sum/out_sum_reg[25]_i_11_n_0
                         LUT5 (Prop_LUT5_I1_O)        0.038     1.283 r  u_softmax/u_accuracy/u_sum/out_sum_reg[25]_i_6/O
                         net (fo=6, unplaced)         0.254     1.537    u_softmax/u_accuracy/u_sum/out_sum_reg[25]_i_6_n_0
                         LUT2 (Prop_LUT2_I0_O)        0.038     1.575 f  u_softmax/u_accuracy/u_sum/out_sum_reg[30]_i_74/O
                         net (fo=109, unplaced)       0.320     1.895    u_softmax/u_accuracy/u_sum/out_sum_reg[30]_i_74_n_0
                         LUT3 (Prop_LUT3_I2_O)        0.038     1.933 r  u_softmax/u_accuracy/u_sum/out_sum_reg[30]_i_57/O
                         net (fo=1, unplaced)         0.020     1.953    u_softmax/u_accuracy/u_sum/out_sum_reg[30]_i_57_n_0
                         CARRY8 (Prop_CARRY8_S[0]_CO[3])
                                                      0.186     2.139 r  u_softmax/u_accuracy/u_sum/out_sum_reg_reg[30]_i_23/CO[3]
                         net (fo=118, unplaced)       0.227     2.366    u_softmax/u_accuracy/u_sum/larger_significand1
                         LUT5 (Prop_LUT5_I4_O)        0.038     2.404 f  u_softmax/u_accuracy/u_sum/out_sum_reg[30]_i_115/O
                         net (fo=3, unplaced)         0.238     2.642    u_softmax/u_accuracy/u_sum/out_sum_reg[30]_i_115_n_0
                         LUT6 (Prop_LUT6_I2_O)        0.038     2.680 r  u_softmax/u_accuracy/u_sum/out_sum_reg[30]_i_117/O
                         net (fo=2, unplaced)         0.232     2.912    u_softmax/u_accuracy/u_sum/out_sum_reg[30]_i_117_n_0
                         LUT6 (Prop_LUT6_I1_O)        0.038     2.950 f  u_softmax/u_accuracy/u_sum/out_sum_reg[30]_i_72/O
                         net (fo=40, unplaced)        0.297     3.247    u_softmax/u_accuracy/u_sum/out_sum_reg[30]_i_72_n_0
                         LUT6 (Prop_LUT6_I2_O)        0.038     3.285 f  u_softmax/u_accuracy/u_sum/out_sum_reg[25]_i_40/O
                         net (fo=4, unplaced)         0.245     3.530    u_softmax/u_accuracy/u_sum/out_sum_reg[25]_i_40_n_0
                         LUT6 (Prop_LUT6_I0_O)        0.038     3.568 f  u_softmax/u_accuracy/u_sum/out_sum_reg[14]_i_22/O
                         net (fo=3, unplaced)         0.238     3.806    u_softmax/u_accuracy/u_sum/out_sum_reg[14]_i_22_n_0
                         LUT3 (Prop_LUT3_I0_O)        0.038     3.844 f  u_softmax/u_accuracy/u_sum/out_sum_reg[14]_i_31/O
                         net (fo=2, unplaced)         0.232     4.076    u_softmax/u_accuracy/u_sum/out_sum_reg[14]_i_31_n_0
                         LUT2 (Prop_LUT2_I1_O)        0.038     4.114 r  u_softmax/u_accuracy/u_sum/out_sum_reg[25]_i_38/O
                         net (fo=2, unplaced)         0.232     4.346    u_softmax/u_accuracy/u_sum/out_sum_reg[25]_i_38_n_0
                         LUT6 (Prop_LUT6_I5_O)        0.037     4.383 r  u_softmax/u_accuracy/u_sum/out_sum_reg[6]_i_17/O
                         net (fo=1, unplaced)         0.023     4.406    u_softmax/u_accuracy/u_sum/out_sum_reg[6]_i_17_n_0
                         CARRY8 (Prop_CARRY8_S[1]_CO[7])
                                                      0.197     4.603 r  u_softmax/u_accuracy/u_sum/out_sum_reg_reg[6]_i_3/CO[7]
                         net (fo=1, unplaced)         0.005     4.608    u_softmax/u_accuracy/u_sum/out_sum_reg_reg[6]_i_3_n_0
                         CARRY8 (Prop_CARRY8_CI_CO[7])
                                                      0.022     4.630 r  u_softmax/u_accuracy/u_sum/out_sum_reg_reg[14]_i_3/CO[7]
                         net (fo=1, unplaced)         0.005     4.635    u_softmax/u_accuracy/u_sum/out_sum_reg_reg[14]_i_3_n_0
                         CARRY8 (Prop_CARRY8_CI_CO[7])
                                                      0.022     4.657 r  u_softmax/u_accuracy/u_sum/out_sum_reg_reg[25]_i_8/CO[7]
                         net (fo=1, unplaced)         0.005     4.662    u_softmax/u_accuracy/u_sum/out_sum_reg_reg[25]_i_8_n_0
                         CARRY8 (Prop_CARRY8_CI_CO[0])
                                                      0.052     4.714 r  u_softmax/u_accuracy/u_sum/out_sum_reg_reg[25]_i_4/CO[0]
                         net (fo=63, unplaced)        0.307     5.021    u_softmax/u_accuracy/u_sum/p_0_in
                         LUT5 (Prop_LUT5_I4_O)        0.038     5.059 r  u_softmax/u_accuracy/u_sum/out_sum_reg[27]_i_5/O
                         net (fo=2, unplaced)         0.232     5.291    u_softmax/u_accuracy/u_sum/out_sum_reg[27]_i_5_n_0
                         LUT6 (Prop_LUT6_I2_O)        0.038     5.329 r  u_softmax/u_accuracy/u_sum/out_sum_reg[27]_i_2/O
                         net (fo=4, unplaced)         0.245     5.574    u_softmax/u_accuracy/u_sum/out_sum_reg[27]_i_2_n_0
                         LUT6 (Prop_LUT6_I2_O)        0.038     5.612 r  u_softmax/u_accuracy/u_sum/out_sum_reg[30]_i_22/O
                         net (fo=3, unplaced)         0.238     5.850    u_softmax/u_accuracy/u_sum/out_sum_reg[30]_i_22_n_0
                         LUT6 (Prop_LUT6_I2_O)        0.038     5.888 r  u_softmax/u_accuracy/u_sum/out_sum_reg[30]_i_5/O
                         net (fo=3, unplaced)         0.192     6.080    u_softmax/u_accuracy/u_sum/out_sum_reg[30]_i_5_n_0
                         LUT6 (Prop_LUT6_I2_O)        0.090     6.170 r  u_softmax/u_accuracy/u_sum/out_sum_reg[30]_i_29/O
                         net (fo=3, unplaced)         0.238     6.408    u_softmax/u_accuracy/u_sum/out_sum_reg[30]_i_29_n_0
                         LUT6 (Prop_LUT6_I5_O)        0.038     6.446 f  u_softmax/u_accuracy/u_sum/out_sum_reg[30]_i_8/O
                         net (fo=27, unplaced)        0.288     6.734    u_softmax/u_accuracy/u_sum/out_sum_reg[30]_i_8_n_0
                         LUT6 (Prop_LUT6_I5_O)        0.038     6.772 r  u_softmax/u_accuracy/u_sum/out_sum_reg[21]_i_1/O
                         net (fo=1, unplaced)         0.048     6.820    u_softmax/u_accuracy/u_sum/out_sum_reg__0[21]
                         FDCE                                         r  u_softmax/u_accuracy/u_sum/out_sum_reg_reg[21]/D
  -------------------------------------------------------------------    -------------------

                         (clock core_clk rise edge)
                                                      6.666     6.666 r  
                                                      0.000     6.666 r  clk (IN)
                         net (fo=59650, unset)        0.000     6.666    u_softmax/u_accuracy/u_sum/clk
                         FDCE                                         r  u_softmax/u_accuracy/u_sum/out_sum_reg_reg[21]/C
                         clock pessimism              0.000     6.666    
                         clock uncertainty           -0.035     6.631    
                         FDCE (Setup_FDCE_C_D)        0.025     6.656    u_softmax/u_accuracy/u_sum/out_sum_reg_reg[21]
  -------------------------------------------------------------------
                         required time                          6.656    
                         arrival time                          -6.820    
  -------------------------------------------------------------------
                         slack                                 -0.164    

Slack (VIOLATED) :        -0.164ns  (required time - arrival time)
  Source:                 u_softmax/u_accuracy/u_sum/out_valid_reg_reg/C
                            (rising edge-triggered cell FDCE clocked by core_clk  {rise@0.000ns fall@3.333ns period=6.666ns})
  Destination:            u_softmax/u_accuracy/u_sum/out_sum_reg_reg[22]/D
                            (rising edge-triggered cell FDCE clocked by core_clk  {rise@0.000ns fall@3.333ns period=6.666ns})
  Path Group:             core_clk
  Path Type:              Setup (Max at Slow Process Corner)
  Requirement:            6.666ns  (core_clk rise@6.666ns - core_clk rise@0.000ns)
  Data Path Delay:        6.820ns  (logic 1.507ns (22.097%)  route 5.313ns (77.903%))
  Logic Levels:           26  (CARRY8=5 LUT2=2 LUT3=3 LUT4=1 LUT5=4 LUT6=11)
  Clock Uncertainty:      0.035ns  ((TSJ^2 + TIJ^2)^1/2 + DJ) / 2 + PE
    Total System Jitter     (TSJ):    0.071ns
    Total Input Jitter      (TIJ):    0.000ns
    Discrete Jitter          (DJ):    0.000ns
    Phase Error              (PE):    0.000ns

    Location             Delay type                Incr(ns)  Path(ns)    Netlist Resource(s)
  -------------------------------------------------------------------    -------------------
                         (clock core_clk rise edge)
                                                      0.000     0.000 r  
                                                      0.000     0.000 r  clk (IN)
                         net (fo=59650, unset)        0.000     0.000    u_softmax/u_accuracy/u_sum/clk
                         FDCE                                         r  u_softmax/u_accuracy/u_sum/out_valid_reg_reg/C
  -------------------------------------------------------------------    -------------------
                         FDCE (Prop_FDCE_C_Q)         0.077     0.077 r  u_softmax/u_accuracy/u_sum/out_valid_reg_reg/Q
                         net (fo=11, unplaced)        0.181     0.258    u_softmax/u_accuracy/add_out_valid
                         LUT5 (Prop_LUT5_I0_O)        0.125     0.383 r  u_softmax/u_accuracy/u_sum_i_34/O
                         net (fo=31, unplaced)        0.242     0.625    u_softmax/u_accuracy/add_bypass_same_slot
                         LUT3 (Prop_LUT3_I1_O)        0.053     0.678 r  u_softmax/u_accuracy/u_sum_i_8/O
                         net (fo=41, unplaced)        0.297     0.975    u_softmax/u_accuracy/u_sum/in_a_fp32[24]
                         LUT4 (Prop_LUT4_I3_O)        0.038     1.013 r  u_softmax/u_accuracy/u_sum/out_sum_reg[25]_i_11/O
                         net (fo=2, unplaced)         0.232     1.245    u_softmax/u_accuracy/u_sum/out_sum_reg[25]_i_11_n_0
                         LUT5 (Prop_LUT5_I1_O)        0.038     1.283 r  u_softmax/u_accuracy/u_sum/out_sum_reg[25]_i_6/O
                         net (fo=6, unplaced)         0.254     1.537    u_softmax/u_accuracy/u_sum/out_sum_reg[25]_i_6_n_0
                         LUT2 (Prop_LUT2_I0_O)        0.038     1.575 f  u_softmax/u_accuracy/u_sum/out_sum_reg[30]_i_74/O
                         net (fo=109, unplaced)       0.320     1.895    u_softmax/u_accuracy/u_sum/out_sum_reg[30]_i_74_n_0
                         LUT3 (Prop_LUT3_I2_O)        0.038     1.933 r  u_softmax/u_accuracy/u_sum/out_sum_reg[30]_i_57/O
                         net (fo=1, unplaced)         0.020     1.953    u_softmax/u_accuracy/u_sum/out_sum_reg[30]_i_57_n_0
                         CARRY8 (Prop_CARRY8_S[0]_CO[3])
                                                      0.186     2.139 r  u_softmax/u_accuracy/u_sum/out_sum_reg_reg[30]_i_23/CO[3]
                         net (fo=118, unplaced)       0.227     2.366    u_softmax/u_accuracy/u_sum/larger_significand1
                         LUT5 (Prop_LUT5_I4_O)        0.038     2.404 f  u_softmax/u_accuracy/u_sum/out_sum_reg[30]_i_115/O
                         net (fo=3, unplaced)         0.238     2.642    u_softmax/u_accuracy/u_sum/out_sum_reg[30]_i_115_n_0
                         LUT6 (Prop_LUT6_I2_O)        0.038     2.680 r  u_softmax/u_accuracy/u_sum/out_sum_reg[30]_i_117/O
                         net (fo=2, unplaced)         0.232     2.912    u_softmax/u_accuracy/u_sum/out_sum_reg[30]_i_117_n_0
                         LUT6 (Prop_LUT6_I1_O)        0.038     2.950 f  u_softmax/u_accuracy/u_sum/out_sum_reg[30]_i_72/O
                         net (fo=40, unplaced)        0.297     3.247    u_softmax/u_accuracy/u_sum/out_sum_reg[30]_i_72_n_0
                         LUT6 (Prop_LUT6_I2_O)        0.038     3.285 f  u_softmax/u_accuracy/u_sum/out_sum_reg[25]_i_40/O
                         net (fo=4, unplaced)         0.245     3.530    u_softmax/u_accuracy/u_sum/out_sum_reg[25]_i_40_n_0
                         LUT6 (Prop_LUT6_I0_O)        0.038     3.568 f  u_softmax/u_accuracy/u_sum/out_sum_reg[14]_i_22/O
                         net (fo=3, unplaced)         0.238     3.806    u_softmax/u_accuracy/u_sum/out_sum_reg[14]_i_22_n_0
                         LUT3 (Prop_LUT3_I0_O)        0.038     3.844 f  u_softmax/u_accuracy/u_sum/out_sum_reg[14]_i_31/O
                         net (fo=2, unplaced)         0.232     4.076    u_softmax/u_accuracy/u_sum/out_sum_reg[14]_i_31_n_0
                         LUT2 (Prop_LUT2_I1_O)        0.038     4.114 r  u_softmax/u_accuracy/u_sum/out_sum_reg[25]_i_38/O
                         net (fo=2, unplaced)         0.232     4.346    u_softmax/u_accuracy/u_sum/out_sum_reg[25]_i_38_n_0
                         LUT6 (Prop_LUT6_I5_O)        0.037     4.383 r  u_softmax/u_accuracy/u_sum/out_sum_reg[6]_i_17/O
                         net (fo=1, unplaced)         0.023     4.406    u_softmax/u_accuracy/u_sum/out_sum_reg[6]_i_17_n_0
                         CARRY8 (Prop_CARRY8_S[1]_CO[7])
                                                      0.197     4.603 r  u_softmax/u_accuracy/u_sum/out_sum_reg_reg[6]_i_3/CO[7]
                         net (fo=1, unplaced)         0.005     4.608    u_softmax/u_accuracy/u_sum/out_sum_reg_reg[6]_i_3_n_0
                         CARRY8 (Prop_CARRY8_CI_CO[7])
                                                      0.022     4.630 r  u_softmax/u_accuracy/u_sum/out_sum_reg_reg[14]_i_3/CO[7]
                         net (fo=1, unplaced)         0.005     4.635    u_softmax/u_accuracy/u_sum/out_sum_reg_reg[14]_i_3_n_0
                         CARRY8 (Prop_CARRY8_CI_CO[7])
                                                      0.022     4.657 r  u_softmax/u_accuracy/u_sum/out_sum_reg_reg[25]_i_8/CO[7]
                         net (fo=1, unplaced)         0.005     4.662    u_softmax/u_accuracy/u_sum/out_sum_reg_reg[25]_i_8_n_0
                         CARRY8 (Prop_CARRY8_CI_CO[0])
                                                      0.052     4.714 r  u_softmax/u_accuracy/u_sum/out_sum_reg_reg[25]_i_4/CO[0]
                         net (fo=63, unplaced)        0.307     5.021    u_softmax/u_accuracy/u_sum/p_0_in
                         LUT5 (Prop_LUT5_I4_O)        0.038     5.059 r  u_softmax/u_accuracy/u_sum/out_sum_reg[27]_i_5/O
                         net (fo=2, unplaced)         0.232     5.291    u_softmax/u_accuracy/u_sum/out_sum_reg[27]_i_5_n_0
                         LUT6 (Prop_LUT6_I2_O)        0.038     5.329 r  u_softmax/u_accuracy/u_sum/out_sum_reg[27]_i_2/O
                         net (fo=4, unplaced)         0.245     5.574    u_softmax/u_accuracy/u_sum/out_sum_reg[27]_i_2_n_0
                         LUT6 (Prop_LUT6_I2_O)        0.038     5.612 r  u_softmax/u_accuracy/u_sum/out_sum_reg[30]_i_22/O
                         net (fo=3, unplaced)         0.238     5.850    u_softmax/u_accuracy/u_sum/out_sum_reg[30]_i_22_n_0
                         LUT6 (Prop_LUT6_I2_O)        0.038     5.888 r  u_softmax/u_accuracy/u_sum/out_sum_reg[30]_i_5/O
                         net (fo=3, unplaced)         0.192     6.080    u_softmax/u_accuracy/u_sum/out_sum_reg[30]_i_5_n_0
                         LUT6 (Prop_LUT6_I2_O)        0.090     6.170 r  u_softmax/u_accuracy/u_sum/out_sum_reg[30]_i_29/O
                         net (fo=3, unplaced)         0.238     6.408    u_softmax/u_accuracy/u_sum/out_sum_reg[30]_i_29_n_0
                         LUT6 (Prop_LUT6_I5_O)        0.038     6.446 f  u_softmax/u_accuracy/u_sum/out_sum_reg[30]_i_8/O
                         net (fo=27, unplaced)        0.288     6.734    u_softmax/u_accuracy/u_sum/out_sum_reg[30]_i_8_n_0
                         LUT6 (Prop_LUT6_I5_O)        0.038     6.772 r  u_softmax/u_accuracy/u_sum/out_sum_reg[22]_i_1/O
                         net (fo=1, unplaced)         0.048     6.820    u_softmax/u_accuracy/u_sum/out_sum_reg__0[22]
                         FDCE                                         r  u_softmax/u_accuracy/u_sum/out_sum_reg_reg[22]/D
  -------------------------------------------------------------------    -------------------

                         (clock core_clk rise edge)
                                                      6.666     6.666 r  
                                                      0.000     6.666 r  clk (IN)
                         net (fo=59650, unset)        0.000     6.666    u_softmax/u_accuracy/u_sum/clk
                         FDCE                                         r  u_softmax/u_accuracy/u_sum/out_sum_reg_reg[22]/C
                         clock pessimism              0.000     6.666    
                         clock uncertainty           -0.035     6.631    
                         FDCE (Setup_FDCE_C_D)        0.025     6.656    u_softmax/u_accuracy/u_sum/out_sum_reg_reg[22]
  -------------------------------------------------------------------
                         required time                          6.656    
                         arrival time                          -6.820    
  -------------------------------------------------------------------
                         slack                                 -0.164    

Slack (VIOLATED) :        -0.164ns  (required time - arrival time)
  Source:                 u_softmax/u_accuracy/u_sum/out_valid_reg_reg/C
                            (rising edge-triggered cell FDCE clocked by core_clk  {rise@0.000ns fall@3.333ns period=6.666ns})
  Destination:            u_softmax/u_accuracy/u_sum/out_sum_reg_reg[25]/D
                            (rising edge-triggered cell FDCE clocked by core_clk  {rise@0.000ns fall@3.333ns period=6.666ns})
  Path Group:             core_clk
  Path Type:              Setup (Max at Slow Process Corner)
  Requirement:            6.666ns  (core_clk rise@6.666ns - core_clk rise@0.000ns)
  Data Path Delay:        6.820ns  (logic 1.507ns (22.097%)  route 5.313ns (77.903%))
  Logic Levels:           26  (CARRY8=5 LUT2=2 LUT3=3 LUT4=1 LUT5=4 LUT6=11)
  Clock Uncertainty:      0.035ns  ((TSJ^2 + TIJ^2)^1/2 + DJ) / 2 + PE
    Total System Jitter     (TSJ):    0.071ns
    Total Input Jitter      (TIJ):    0.000ns
    Discrete Jitter          (DJ):    0.000ns
    Phase Error              (PE):    0.000ns

    Location             Delay type                Incr(ns)  Path(ns)    Netlist Resource(s)
  -------------------------------------------------------------------    -------------------
                         (clock core_clk rise edge)
                                                      0.000     0.000 r  
                                                      0.000     0.000 r  clk (IN)
                         net (fo=59650, unset)        0.000     0.000    u_softmax/u_accuracy/u_sum/clk
                         FDCE                                         r  u_softmax/u_accuracy/u_sum/out_valid_reg_reg/C
  -------------------------------------------------------------------    -------------------
                         FDCE (Prop_FDCE_C_Q)         0.077     0.077 r  u_softmax/u_accuracy/u_sum/out_valid_reg_reg/Q
                         net (fo=11, unplaced)        0.181     0.258    u_softmax/u_accuracy/add_out_valid
                         LUT5 (Prop_LUT5_I0_O)        0.125     0.383 r  u_softmax/u_accuracy/u_sum_i_34/O
                         net (fo=31, unplaced)        0.242     0.625    u_softmax/u_accuracy/add_bypass_same_slot
                         LUT3 (Prop_LUT3_I1_O)        0.053     0.678 r  u_softmax/u_accuracy/u_sum_i_8/O
                         net (fo=41, unplaced)        0.297     0.975    u_softmax/u_accuracy/u_sum/in_a_fp32[24]
                         LUT4 (Prop_LUT4_I3_O)        0.038     1.013 r  u_softmax/u_accuracy/u_sum/out_sum_reg[25]_i_11/O
                         net (fo=2, unplaced)         0.232     1.245    u_softmax/u_accuracy/u_sum/out_sum_reg[25]_i_11_n_0
                         LUT5 (Prop_LUT5_I1_O)        0.038     1.283 r  u_softmax/u_accuracy/u_sum/out_sum_reg[25]_i_6/O
                         net (fo=6, unplaced)         0.254     1.537    u_softmax/u_accuracy/u_sum/out_sum_reg[25]_i_6_n_0
                         LUT2 (Prop_LUT2_I0_O)        0.038     1.575 f  u_softmax/u_accuracy/u_sum/out_sum_reg[30]_i_74/O
                         net (fo=109, unplaced)       0.320     1.895    u_softmax/u_accuracy/u_sum/out_sum_reg[30]_i_74_n_0
                         LUT3 (Prop_LUT3_I2_O)        0.038     1.933 r  u_softmax/u_accuracy/u_sum/out_sum_reg[30]_i_57/O
                         net (fo=1, unplaced)         0.020     1.953    u_softmax/u_accuracy/u_sum/out_sum_reg[30]_i_57_n_0
                         CARRY8 (Prop_CARRY8_S[0]_CO[3])
                                                      0.186     2.139 r  u_softmax/u_accuracy/u_sum/out_sum_reg_reg[30]_i_23/CO[3]
                         net (fo=118, unplaced)       0.227     2.366    u_softmax/u_accuracy/u_sum/larger_significand1
                         LUT5 (Prop_LUT5_I4_O)        0.038     2.404 f  u_softmax/u_accuracy/u_sum/out_sum_reg[30]_i_115/O
                         net (fo=3, unplaced)         0.238     2.642    u_softmax/u_accuracy/u_sum/out_sum_reg[30]_i_115_n_0
                         LUT6 (Prop_LUT6_I2_O)        0.038     2.680 r  u_softmax/u_accuracy/u_sum/out_sum_reg[30]_i_117/O
                         net (fo=2, unplaced)         0.232     2.912    u_softmax/u_accuracy/u_sum/out_sum_reg[30]_i_117_n_0
                         LUT6 (Prop_LUT6_I1_O)        0.038     2.950 f  u_softmax/u_accuracy/u_sum/out_sum_reg[30]_i_72/O
                         net (fo=40, unplaced)        0.297     3.247    u_softmax/u_accuracy/u_sum/out_sum_reg[30]_i_72_n_0
                         LUT6 (Prop_LUT6_I2_O)        0.038     3.285 f  u_softmax/u_accuracy/u_sum/out_sum_reg[25]_i_40/O
                         net (fo=4, unplaced)         0.245     3.530    u_softmax/u_accuracy/u_sum/out_sum_reg[25]_i_40_n_0
                         LUT6 (Prop_LUT6_I0_O)        0.038     3.568 f  u_softmax/u_accuracy/u_sum/out_sum_reg[14]_i_22/O
                         net (fo=3, unplaced)         0.238     3.806    u_softmax/u_accuracy/u_sum/out_sum_reg[14]_i_22_n_0
                         LUT3 (Prop_LUT3_I0_O)        0.038     3.844 f  u_softmax/u_accuracy/u_sum/out_sum_reg[14]_i_31/O
                         net (fo=2, unplaced)         0.232     4.076    u_softmax/u_accuracy/u_sum/out_sum_reg[14]_i_31_n_0
                         LUT2 (Prop_LUT2_I1_O)        0.038     4.114 r  u_softmax/u_accuracy/u_sum/out_sum_reg[25]_i_38/O
                         net (fo=2, unplaced)         0.232     4.346    u_softmax/u_accuracy/u_sum/out_sum_reg[25]_i_38_n_0
                         LUT6 (Prop_LUT6_I5_O)        0.037     4.383 r  u_softmax/u_accuracy/u_sum/out_sum_reg[6]_i_17/O
                         net (fo=1, unplaced)         0.023     4.406    u_softmax/u_accuracy/u_sum/out_sum_reg[6]_i_17_n_0
                         CARRY8 (Prop_CARRY8_S[1]_CO[7])
                                                      0.197     4.603 r  u_softmax/u_accuracy/u_sum/out_sum_reg_reg[6]_i_3/CO[7]
                         net (fo=1, unplaced)         0.005     4.608    u_softmax/u_accuracy/u_sum/out_sum_reg_reg[6]_i_3_n_0
                         CARRY8 (Prop_CARRY8_CI_CO[7])
                                                      0.022     4.630 r  u_softmax/u_accuracy/u_sum/out_sum_reg_reg[14]_i_3/CO[7]
                         net (fo=1, unplaced)         0.005     4.635    u_softmax/u_accuracy/u_sum/out_sum_reg_reg[14]_i_3_n_0
                         CARRY8 (Prop_CARRY8_CI_CO[7])
                                                      0.022     4.657 r  u_softmax/u_accuracy/u_sum/out_sum_reg_reg[25]_i_8/CO[7]
                         net (fo=1, unplaced)         0.005     4.662    u_softmax/u_accuracy/u_sum/out_sum_reg_reg[25]_i_8_n_0
                         CARRY8 (Prop_CARRY8_CI_CO[0])
                                                      0.052     4.714 r  u_softmax/u_accuracy/u_sum/out_sum_reg_reg[25]_i_4/CO[0]
                         net (fo=63, unplaced)        0.307     5.021    u_softmax/u_accuracy/u_sum/p_0_in
                         LUT5 (Prop_LUT5_I4_O)        0.038     5.059 r  u_softmax/u_accuracy/u_sum/out_sum_reg[27]_i_5/O
                         net (fo=2, unplaced)         0.232     5.291    u_softmax/u_accuracy/u_sum/out_sum_reg[27]_i_5_n_0
                         LUT6 (Prop_LUT6_I2_O)        0.038     5.329 r  u_softmax/u_accuracy/u_sum/out_sum_reg[27]_i_2/O
                         net (fo=4, unplaced)         0.245     5.574    u_softmax/u_accuracy/u_sum/out_sum_reg[27]_i_2_n_0
                         LUT6 (Prop_LUT6_I2_O)        0.038     5.612 r  u_softmax/u_accuracy/u_sum/out_sum_reg[30]_i_22/O
                         net (fo=3, unplaced)         0.238     5.850    u_softmax/u_accuracy/u_sum/out_sum_reg[30]_i_22_n_0
                         LUT6 (Prop_LUT6_I2_O)        0.038     5.888 r  u_softmax/u_accuracy/u_sum/out_sum_reg[30]_i_5/O
                         net (fo=3, unplaced)         0.192     6.080    u_softmax/u_accuracy/u_sum/out_sum_reg[30]_i_5_n_0
                         LUT6 (Prop_LUT6_I2_O)        0.090     6.170 r  u_softmax/u_accuracy/u_sum/out_sum_reg[30]_i_29/O
                         net (fo=3, unplaced)         0.238     6.408    u_softmax/u_accuracy/u_sum/out_sum_reg[30]_i_29_n_0
                         LUT6 (Prop_LUT6_I5_O)        0.038     6.446 f  u_softmax/u_accuracy/u_sum/out_sum_reg[30]_i_8/O
                         net (fo=27, unplaced)        0.288     6.734    u_softmax/u_accuracy/u_sum/out_sum_reg[30]_i_8_n_0
                         LUT6 (Prop_LUT6_I5_O)        0.038     6.772 r  u_softmax/u_accuracy/u_sum/out_sum_reg[25]_i_1/O
                         net (fo=1, unplaced)         0.048     6.820    u_softmax/u_accuracy/u_sum/out_sum_reg__0[25]
                         FDCE                                         r  u_softmax/u_accuracy/u_sum/out_sum_reg_reg[25]/D
  -------------------------------------------------------------------    -------------------

                         (clock core_clk rise edge)
                                                      6.666     6.666 r  
                                                      0.000     6.666 r  clk (IN)
                         net (fo=59650, unset)        0.000     6.666    u_softmax/u_accuracy/u_sum/clk
                         FDCE                                         r  u_softmax/u_accuracy/u_sum/out_sum_reg_reg[25]/C
                         clock pessimism              0.000     6.666    
                         clock uncertainty           -0.035     6.631    
                         FDCE (Setup_FDCE_C_D)        0.025     6.656    u_softmax/u_accuracy/u_sum/out_sum_reg_reg[25]
  -------------------------------------------------------------------
                         required time                          6.656    
                         arrival time                          -6.820    
  -------------------------------------------------------------------
                         slack                                 -0.164    

Slack (VIOLATED) :        -0.164ns  (required time - arrival time)
  Source:                 u_softmax/u_accuracy/u_sum/out_valid_reg_reg/C
                            (rising edge-triggered cell FDCE clocked by core_clk  {rise@0.000ns fall@3.333ns period=6.666ns})
  Destination:            u_softmax/u_accuracy/u_sum/out_sum_reg_reg[26]/D
                            (rising edge-triggered cell FDCE clocked by core_clk  {rise@0.000ns fall@3.333ns period=6.666ns})
  Path Group:             core_clk
  Path Type:              Setup (Max at Slow Process Corner)
  Requirement:            6.666ns  (core_clk rise@6.666ns - core_clk rise@0.000ns)
  Data Path Delay:        6.820ns  (logic 1.507ns (22.097%)  route 5.313ns (77.903%))
  Logic Levels:           26  (CARRY8=5 LUT2=2 LUT3=3 LUT4=1 LUT5=5 LUT6=10)
  Clock Uncertainty:      0.035ns  ((TSJ^2 + TIJ^2)^1/2 + DJ) / 2 + PE
    Total System Jitter     (TSJ):    0.071ns
    Total Input Jitter      (TIJ):    0.000ns
    Discrete Jitter          (DJ):    0.000ns
    Phase Error              (PE):    0.000ns

    Location             Delay type                Incr(ns)  Path(ns)    Netlist Resource(s)
  -------------------------------------------------------------------    -------------------
                         (clock core_clk rise edge)
                                                      0.000     0.000 r  
                                                      0.000     0.000 r  clk (IN)
                         net (fo=59650, unset)        0.000     0.000    u_softmax/u_accuracy/u_sum/clk
                         FDCE                                         r  u_softmax/u_accuracy/u_sum/out_valid_reg_reg/C
  -------------------------------------------------------------------    -------------------
                         FDCE (Prop_FDCE_C_Q)         0.077     0.077 r  u_softmax/u_accuracy/u_sum/out_valid_reg_reg/Q
                         net (fo=11, unplaced)        0.181     0.258    u_softmax/u_accuracy/add_out_valid
                         LUT5 (Prop_LUT5_I0_O)        0.125     0.383 r  u_softmax/u_accuracy/u_sum_i_34/O
                         net (fo=31, unplaced)        0.242     0.625    u_softmax/u_accuracy/add_bypass_same_slot
                         LUT3 (Prop_LUT3_I1_O)        0.053     0.678 r  u_softmax/u_accuracy/u_sum_i_8/O
                         net (fo=41, unplaced)        0.297     0.975    u_softmax/u_accuracy/u_sum/in_a_fp32[24]
                         LUT4 (Prop_LUT4_I3_O)        0.038     1.013 r  u_softmax/u_accuracy/u_sum/out_sum_reg[25]_i_11/O
                         net (fo=2, unplaced)         0.232     1.245    u_softmax/u_accuracy/u_sum/out_sum_reg[25]_i_11_n_0
                         LUT5 (Prop_LUT5_I1_O)        0.038     1.283 r  u_softmax/u_accuracy/u_sum/out_sum_reg[25]_i_6/O
                         net (fo=6, unplaced)         0.254     1.537    u_softmax/u_accuracy/u_sum/out_sum_reg[25]_i_6_n_0
                         LUT2 (Prop_LUT2_I0_O)        0.038     1.575 f  u_softmax/u_accuracy/u_sum/out_sum_reg[30]_i_74/O
                         net (fo=109, unplaced)       0.320     1.895    u_softmax/u_accuracy/u_sum/out_sum_reg[30]_i_74_n_0
                         LUT3 (Prop_LUT3_I2_O)        0.038     1.933 r  u_softmax/u_accuracy/u_sum/out_sum_reg[30]_i_57/O
                         net (fo=1, unplaced)         0.020     1.953    u_softmax/u_accuracy/u_sum/out_sum_reg[30]_i_57_n_0
                         CARRY8 (Prop_CARRY8_S[0]_CO[3])
                                                      0.186     2.139 r  u_softmax/u_accuracy/u_sum/out_sum_reg_reg[30]_i_23/CO[3]
                         net (fo=118, unplaced)       0.227     2.366    u_softmax/u_accuracy/u_sum/larger_significand1
                         LUT5 (Prop_LUT5_I4_O)        0.038     2.404 f  u_softmax/u_accuracy/u_sum/out_sum_reg[30]_i_115/O
                         net (fo=3, unplaced)         0.238     2.642    u_softmax/u_accuracy/u_sum/out_sum_reg[30]_i_115_n_0
                         LUT6 (Prop_LUT6_I2_O)        0.038     2.680 r  u_softmax/u_accuracy/u_sum/out_sum_reg[30]_i_117/O
                         net (fo=2, unplaced)         0.232     2.912    u_softmax/u_accuracy/u_sum/out_sum_reg[30]_i_117_n_0
                         LUT6 (Prop_LUT6_I1_O)        0.038     2.950 f  u_softmax/u_accuracy/u_sum/out_sum_reg[30]_i_72/O
                         net (fo=40, unplaced)        0.297     3.247    u_softmax/u_accuracy/u_sum/out_sum_reg[30]_i_72_n_0
                         LUT6 (Prop_LUT6_I2_O)        0.038     3.285 f  u_softmax/u_accuracy/u_sum/out_sum_reg[25]_i_40/O
                         net (fo=4, unplaced)         0.245     3.530    u_softmax/u_accuracy/u_sum/out_sum_reg[25]_i_40_n_0
                         LUT6 (Prop_LUT6_I0_O)        0.038     3.568 f  u_softmax/u_accuracy/u_sum/out_sum_reg[14]_i_22/O
                         net (fo=3, unplaced)         0.238     3.806    u_softmax/u_accuracy/u_sum/out_sum_reg[14]_i_22_n_0
                         LUT3 (Prop_LUT3_I0_O)        0.038     3.844 f  u_softmax/u_accuracy/u_sum/out_sum_reg[14]_i_31/O
                         net (fo=2, unplaced)         0.232     4.076    u_softmax/u_accuracy/u_sum/out_sum_reg[14]_i_31_n_0
                         LUT2 (Prop_LUT2_I1_O)        0.038     4.114 r  u_softmax/u_accuracy/u_sum/out_sum_reg[25]_i_38/O
                         net (fo=2, unplaced)         0.232     4.346    u_softmax/u_accuracy/u_sum/out_sum_reg[25]_i_38_n_0
                         LUT6 (Prop_LUT6_I5_O)        0.037     4.383 r  u_softmax/u_accuracy/u_sum/out_sum_reg[6]_i_17/O
                         net (fo=1, unplaced)         0.023     4.406    u_softmax/u_accuracy/u_sum/out_sum_reg[6]_i_17_n_0
                         CARRY8 (Prop_CARRY8_S[1]_CO[7])
                                                      0.197     4.603 r  u_softmax/u_accuracy/u_sum/out_sum_reg_reg[6]_i_3/CO[7]
                         net (fo=1, unplaced)         0.005     4.608    u_softmax/u_accuracy/u_sum/out_sum_reg_reg[6]_i_3_n_0
                         CARRY8 (Prop_CARRY8_CI_CO[7])
                                                      0.022     4.630 r  u_softmax/u_accuracy/u_sum/out_sum_reg_reg[14]_i_3/CO[7]
                         net (fo=1, unplaced)         0.005     4.635    u_softmax/u_accuracy/u_sum/out_sum_reg_reg[14]_i_3_n_0
                         CARRY8 (Prop_CARRY8_CI_CO[7])
                                                      0.022     4.657 r  u_softmax/u_accuracy/u_sum/out_sum_reg_reg[25]_i_8/CO[7]
                         net (fo=1, unplaced)         0.005     4.662    u_softmax/u_accuracy/u_sum/out_sum_reg_reg[25]_i_8_n_0
                         CARRY8 (Prop_CARRY8_CI_CO[0])
                                                      0.052     4.714 r  u_softmax/u_accuracy/u_sum/out_sum_reg_reg[25]_i_4/CO[0]
                         net (fo=63, unplaced)        0.307     5.021    u_softmax/u_accuracy/u_sum/p_0_in
                         LUT5 (Prop_LUT5_I4_O)        0.038     5.059 r  u_softmax/u_accuracy/u_sum/out_sum_reg[27]_i_5/O
                         net (fo=2, unplaced)         0.232     5.291    u_softmax/u_accuracy/u_sum/out_sum_reg[27]_i_5_n_0
                         LUT6 (Prop_LUT6_I2_O)        0.038     5.329 r  u_softmax/u_accuracy/u_sum/out_sum_reg[27]_i_2/O
                         net (fo=4, unplaced)         0.245     5.574    u_softmax/u_accuracy/u_sum/out_sum_reg[27]_i_2_n_0
                         LUT6 (Prop_LUT6_I2_O)        0.038     5.612 r  u_softmax/u_accuracy/u_sum/out_sum_reg[30]_i_22/O
                         net (fo=3, unplaced)         0.238     5.850    u_softmax/u_accuracy/u_sum/out_sum_reg[30]_i_22_n_0
                         LUT6 (Prop_LUT6_I2_O)        0.038     5.888 r  u_softmax/u_accuracy/u_sum/out_sum_reg[30]_i_5/O
                         net (fo=3, unplaced)         0.192     6.080    u_softmax/u_accuracy/u_sum/out_sum_reg[30]_i_5_n_0
                         LUT6 (Prop_LUT6_I2_O)        0.090     6.170 r  u_softmax/u_accuracy/u_sum/out_sum_reg[30]_i_29/O
                         net (fo=3, unplaced)         0.238     6.408    u_softmax/u_accuracy/u_sum/out_sum_reg[30]_i_29_n_0
                         LUT6 (Prop_LUT6_I5_O)        0.038     6.446 f  u_softmax/u_accuracy/u_sum/out_sum_reg[30]_i_8/O
                         net (fo=27, unplaced)        0.288     6.734    u_softmax/u_accuracy/u_sum/out_sum_reg[30]_i_8_n_0
                         LUT5 (Prop_LUT5_I4_O)        0.038     6.772 r  u_softmax/u_accuracy/u_sum/out_sum_reg[26]_i_1/O
                         net (fo=1, unplaced)         0.048     6.820    u_softmax/u_accuracy/u_sum/out_sum_reg[26]_i_1_n_0
                         FDCE                                         r  u_softmax/u_accuracy/u_sum/out_sum_reg_reg[26]/D
  -------------------------------------------------------------------    -------------------

                         (clock core_clk rise edge)
                                                      6.666     6.666 r  
                                                      0.000     6.666 r  clk (IN)
                         net (fo=59650, unset)        0.000     6.666    u_softmax/u_accuracy/u_sum/clk
                         FDCE                                         r  u_softmax/u_accuracy/u_sum/out_sum_reg_reg[26]/C
                         clock pessimism              0.000     6.666    
                         clock uncertainty           -0.035     6.631    
                         FDCE (Setup_FDCE_C_D)        0.025     6.656    u_softmax/u_accuracy/u_sum/out_sum_reg_reg[26]
  -------------------------------------------------------------------
                         required time                          6.656    
                         arrival time                          -6.820    
  -------------------------------------------------------------------
                         slack                                 -0.164    

Slack (VIOLATED) :        -0.164ns  (required time - arrival time)
  Source:                 u_softmax/u_accuracy/u_sum/out_valid_reg_reg/C
                            (rising edge-triggered cell FDCE clocked by core_clk  {rise@0.000ns fall@3.333ns period=6.666ns})
  Destination:            u_softmax/u_accuracy/u_sum/out_sum_reg_reg[27]/D
                            (rising edge-triggered cell FDCE clocked by core_clk  {rise@0.000ns fall@3.333ns period=6.666ns})
  Path Group:             core_clk
  Path Type:              Setup (Max at Slow Process Corner)
  Requirement:            6.666ns  (core_clk rise@6.666ns - core_clk rise@0.000ns)
  Data Path Delay:        6.820ns  (logic 1.507ns (22.097%)  route 5.313ns (77.903%))
  Logic Levels:           26  (CARRY8=5 LUT2=2 LUT3=3 LUT4=1 LUT5=5 LUT6=10)
  Clock Uncertainty:      0.035ns  ((TSJ^2 + TIJ^2)^1/2 + DJ) / 2 + PE
    Total System Jitter     (TSJ):    0.071ns
    Total Input Jitter      (TIJ):    0.000ns
    Discrete Jitter          (DJ):    0.000ns
    Phase Error              (PE):    0.000ns

    Location             Delay type                Incr(ns)  Path(ns)    Netlist Resource(s)
  -------------------------------------------------------------------    -------------------
                         (clock core_clk rise edge)
                                                      0.000     0.000 r  
                                                      0.000     0.000 r  clk (IN)
                         net (fo=59650, unset)        0.000     0.000    u_softmax/u_accuracy/u_sum/clk
                         FDCE                                         r  u_softmax/u_accuracy/u_sum/out_valid_reg_reg/C
  -------------------------------------------------------------------    -------------------
                         FDCE (Prop_FDCE_C_Q)         0.077     0.077 r  u_softmax/u_accuracy/u_sum/out_valid_reg_reg/Q
                         net (fo=11, unplaced)        0.181     0.258    u_softmax/u_accuracy/add_out_valid
                         LUT5 (Prop_LUT5_I0_O)        0.125     0.383 r  u_softmax/u_accuracy/u_sum_i_34/O
                         net (fo=31, unplaced)        0.242     0.625    u_softmax/u_accuracy/add_bypass_same_slot
                         LUT3 (Prop_LUT3_I1_O)        0.053     0.678 r  u_softmax/u_accuracy/u_sum_i_8/O
                         net (fo=41, unplaced)        0.297     0.975    u_softmax/u_accuracy/u_sum/in_a_fp32[24]
                         LUT4 (Prop_LUT4_I3_O)        0.038     1.013 r  u_softmax/u_accuracy/u_sum/out_sum_reg[25]_i_11/O
                         net (fo=2, unplaced)         0.232     1.245    u_softmax/u_accuracy/u_sum/out_sum_reg[25]_i_11_n_0
                         LUT5 (Prop_LUT5_I1_O)        0.038     1.283 r  u_softmax/u_accuracy/u_sum/out_sum_reg[25]_i_6/O
                         net (fo=6, unplaced)         0.254     1.537    u_softmax/u_accuracy/u_sum/out_sum_reg[25]_i_6_n_0
                         LUT2 (Prop_LUT2_I0_O)        0.038     1.575 f  u_softmax/u_accuracy/u_sum/out_sum_reg[30]_i_74/O
                         net (fo=109, unplaced)       0.320     1.895    u_softmax/u_accuracy/u_sum/out_sum_reg[30]_i_74_n_0
                         LUT3 (Prop_LUT3_I2_O)        0.038     1.933 r  u_softmax/u_accuracy/u_sum/out_sum_reg[30]_i_57/O
                         net (fo=1, unplaced)         0.020     1.953    u_softmax/u_accuracy/u_sum/out_sum_reg[30]_i_57_n_0
                         CARRY8 (Prop_CARRY8_S[0]_CO[3])
                                                      0.186     2.139 r  u_softmax/u_accuracy/u_sum/out_sum_reg_reg[30]_i_23/CO[3]
                         net (fo=118, unplaced)       0.227     2.366    u_softmax/u_accuracy/u_sum/larger_significand1
                         LUT5 (Prop_LUT5_I4_O)        0.038     2.404 f  u_softmax/u_accuracy/u_sum/out_sum_reg[30]_i_115/O
                         net (fo=3, unplaced)         0.238     2.642    u_softmax/u_accuracy/u_sum/out_sum_reg[30]_i_115_n_0
                         LUT6 (Prop_LUT6_I2_O)        0.038     2.680 r  u_softmax/u_accuracy/u_sum/out_sum_reg[30]_i_117/O
                         net (fo=2, unplaced)         0.232     2.912    u_softmax/u_accuracy/u_sum/out_sum_reg[30]_i_117_n_0
                         LUT6 (Prop_LUT6_I1_O)        0.038     2.950 f  u_softmax/u_accuracy/u_sum/out_sum_reg[30]_i_72/O
                         net (fo=40, unplaced)        0.297     3.247    u_softmax/u_accuracy/u_sum/out_sum_reg[30]_i_72_n_0
                         LUT6 (Prop_LUT6_I2_O)        0.038     3.285 f  u_softmax/u_accuracy/u_sum/out_sum_reg[25]_i_40/O
                         net (fo=4, unplaced)         0.245     3.530    u_softmax/u_accuracy/u_sum/out_sum_reg[25]_i_40_n_0
                         LUT6 (Prop_LUT6_I0_O)        0.038     3.568 f  u_softmax/u_accuracy/u_sum/out_sum_reg[14]_i_22/O
                         net (fo=3, unplaced)         0.238     3.806    u_softmax/u_accuracy/u_sum/out_sum_reg[14]_i_22_n_0
                         LUT3 (Prop_LUT3_I0_O)        0.038     3.844 f  u_softmax/u_accuracy/u_sum/out_sum_reg[14]_i_31/O
                         net (fo=2, unplaced)         0.232     4.076    u_softmax/u_accuracy/u_sum/out_sum_reg[14]_i_31_n_0
                         LUT2 (Prop_LUT2_I1_O)        0.038     4.114 r  u_softmax/u_accuracy/u_sum/out_sum_reg[25]_i_38/O
                         net (fo=2, unplaced)         0.232     4.346    u_softmax/u_accuracy/u_sum/out_sum_reg[25]_i_38_n_0
                         LUT6 (Prop_LUT6_I5_O)        0.037     4.383 r  u_softmax/u_accuracy/u_sum/out_sum_reg[6]_i_17/O
                         net (fo=1, unplaced)         0.023     4.406    u_softmax/u_accuracy/u_sum/out_sum_reg[6]_i_17_n_0
                         CARRY8 (Prop_CARRY8_S[1]_CO[7])
                                                      0.197     4.603 r  u_softmax/u_accuracy/u_sum/out_sum_reg_reg[6]_i_3/CO[7]
                         net (fo=1, unplaced)         0.005     4.608    u_softmax/u_accuracy/u_sum/out_sum_reg_reg[6]_i_3_n_0
                         CARRY8 (Prop_CARRY8_CI_CO[7])
                                                      0.022     4.630 r  u_softmax/u_accuracy/u_sum/out_sum_reg_reg[14]_i_3/CO[7]
                         net (fo=1, unplaced)         0.005     4.635    u_softmax/u_accuracy/u_sum/out_sum_reg_reg[14]_i_3_n_0
                         CARRY8 (Prop_CARRY8_CI_CO[7])
                                                      0.022     4.657 r  u_softmax/u_accuracy/u_sum/out_sum_reg_reg[25]_i_8/CO[7]
                         net (fo=1, unplaced)         0.005     4.662    u_softmax/u_accuracy/u_sum/out_sum_reg_reg[25]_i_8_n_0
                         CARRY8 (Prop_CARRY8_CI_CO[0])
                                                      0.052     4.714 r  u_softmax/u_accuracy/u_sum/out_sum_reg_reg[25]_i_4/CO[0]
                         net (fo=63, unplaced)        0.307     5.021    u_softmax/u_accuracy/u_sum/p_0_in
                         LUT5 (Prop_LUT5_I4_O)        0.038     5.059 r  u_softmax/u_accuracy/u_sum/out_sum_reg[27]_i_5/O
                         net (fo=2, unplaced)         0.232     5.291    u_softmax/u_accuracy/u_sum/out_sum_reg[27]_i_5_n_0
                         LUT6 (Prop_LUT6_I2_O)        0.038     5.329 r  u_softmax/u_accuracy/u_sum/out_sum_reg[27]_i_2/O
                         net (fo=4, unplaced)         0.245     5.574    u_softmax/u_accuracy/u_sum/out_sum_reg[27]_i_2_n_0
                         LUT6 (Prop_LUT6_I2_O)        0.038     5.612 r  u_softmax/u_accuracy/u_sum/out_sum_reg[30]_i_22/O
                         net (fo=3, unplaced)         0.238     5.850    u_softmax/u_accuracy/u_sum/out_sum_reg[30]_i_22_n_0
                         LUT6 (Prop_LUT6_I2_O)        0.038     5.888 r  u_softmax/u_accuracy/u_sum/out_sum_reg[30]_i_5/O
                         net (fo=3, unplaced)         0.192     6.080    u_softmax/u_accuracy/u_sum/out_sum_reg[30]_i_5_n_0
                         LUT6 (Prop_LUT6_I2_O)        0.090     6.170 r  u_softmax/u_accuracy/u_sum/out_sum_reg[30]_i_29/O
                         net (fo=3, unplaced)         0.238     6.408    u_softmax/u_accuracy/u_sum/out_sum_reg[30]_i_29_n_0
                         LUT6 (Prop_LUT6_I5_O)        0.038     6.446 f  u_softmax/u_accuracy/u_sum/out_sum_reg[30]_i_8/O
                         net (fo=27, unplaced)        0.288     6.734    u_softmax/u_accuracy/u_sum/out_sum_reg[30]_i_8_n_0
                         LUT5 (Prop_LUT5_I4_O)        0.038     6.772 r  u_softmax/u_accuracy/u_sum/out_sum_reg[27]_i_1/O
                         net (fo=1, unplaced)         0.048     6.820    u_softmax/u_accuracy/u_sum/out_sum_reg__0[27]
                         FDCE                                         r  u_softmax/u_accuracy/u_sum/out_sum_reg_reg[27]/D
  -------------------------------------------------------------------    -------------------

                         (clock core_clk rise edge)
                                                      6.666     6.666 r  
                                                      0.000     6.666 r  clk (IN)
                         net (fo=59650, unset)        0.000     6.666    u_softmax/u_accuracy/u_sum/clk
                         FDCE                                         r  u_softmax/u_accuracy/u_sum/out_sum_reg_reg[27]/C
                         clock pessimism              0.000     6.666    
                         clock uncertainty           -0.035     6.631    
                         FDCE (Setup_FDCE_C_D)        0.025     6.656    u_softmax/u_accuracy/u_sum/out_sum_reg_reg[27]
  -------------------------------------------------------------------
                         required time                          6.656    
                         arrival time                          -6.820    
  -------------------------------------------------------------------
                         slack                                 -0.164    

Slack (VIOLATED) :        -0.164ns  (required time - arrival time)
  Source:                 u_softmax/u_accuracy/u_sum/out_valid_reg_reg/C
                            (rising edge-triggered cell FDCE clocked by core_clk  {rise@0.000ns fall@3.333ns period=6.666ns})
  Destination:            u_softmax/u_accuracy/u_sum/out_sum_reg_reg[29]/D
                            (rising edge-triggered cell FDCE clocked by core_clk  {rise@0.000ns fall@3.333ns period=6.666ns})
  Path Group:             core_clk
  Path Type:              Setup (Max at Slow Process Corner)
  Requirement:            6.666ns  (core_clk rise@6.666ns - core_clk rise@0.000ns)
  Data Path Delay:        6.820ns  (logic 1.507ns (22.097%)  route 5.313ns (77.903%))
  Logic Levels:           26  (CARRY8=5 LUT2=3 LUT3=3 LUT4=1 LUT5=4 LUT6=10)
  Clock Uncertainty:      0.035ns  ((TSJ^2 + TIJ^2)^1/2 + DJ) / 2 + PE
    Total System Jitter     (TSJ):    0.071ns
    Total Input Jitter      (TIJ):    0.000ns
    Discrete Jitter          (DJ):    0.000ns
    Phase Error              (PE):    0.000ns

    Location             Delay type                Incr(ns)  Path(ns)    Netlist Resource(s)
  -------------------------------------------------------------------    -------------------
                         (clock core_clk rise edge)
                                                      0.000     0.000 r  
                                                      0.000     0.000 r  clk (IN)
                         net (fo=59650, unset)        0.000     0.000    u_softmax/u_accuracy/u_sum/clk
                         FDCE                                         r  u_softmax/u_accuracy/u_sum/out_valid_reg_reg/C
  -------------------------------------------------------------------    -------------------
                         FDCE (Prop_FDCE_C_Q)         0.077     0.077 r  u_softmax/u_accuracy/u_sum/out_valid_reg_reg/Q
                         net (fo=11, unplaced)        0.181     0.258    u_softmax/u_accuracy/add_out_valid
                         LUT5 (Prop_LUT5_I0_O)        0.125     0.383 r  u_softmax/u_accuracy/u_sum_i_34/O
                         net (fo=31, unplaced)        0.242     0.625    u_softmax/u_accuracy/add_bypass_same_slot
                         LUT3 (Prop_LUT3_I1_O)        0.053     0.678 r  u_softmax/u_accuracy/u_sum_i_8/O
                         net (fo=41, unplaced)        0.297     0.975    u_softmax/u_accuracy/u_sum/in_a_fp32[24]
                         LUT4 (Prop_LUT4_I3_O)        0.038     1.013 r  u_softmax/u_accuracy/u_sum/out_sum_reg[25]_i_11/O
                         net (fo=2, unplaced)         0.232     1.245    u_softmax/u_accuracy/u_sum/out_sum_reg[25]_i_11_n_0
                         LUT5 (Prop_LUT5_I1_O)        0.038     1.283 r  u_softmax/u_accuracy/u_sum/out_sum_reg[25]_i_6/O
                         net (fo=6, unplaced)         0.254     1.537    u_softmax/u_accuracy/u_sum/out_sum_reg[25]_i_6_n_0
                         LUT2 (Prop_LUT2_I0_O)        0.038     1.575 f  u_softmax/u_accuracy/u_sum/out_sum_reg[30]_i_74/O
                         net (fo=109, unplaced)       0.320     1.895    u_softmax/u_accuracy/u_sum/out_sum_reg[30]_i_74_n_0
                         LUT3 (Prop_LUT3_I2_O)        0.038     1.933 r  u_softmax/u_accuracy/u_sum/out_sum_reg[30]_i_57/O
                         net (fo=1, unplaced)         0.020     1.953    u_softmax/u_accuracy/u_sum/out_sum_reg[30]_i_57_n_0
                         CARRY8 (Prop_CARRY8_S[0]_CO[3])
                                                      0.186     2.139 r  u_softmax/u_accuracy/u_sum/out_sum_reg_reg[30]_i_23/CO[3]
                         net (fo=118, unplaced)       0.227     2.366    u_softmax/u_accuracy/u_sum/larger_significand1
                         LUT5 (Prop_LUT5_I4_O)        0.038     2.404 f  u_softmax/u_accuracy/u_sum/out_sum_reg[30]_i_115/O
                         net (fo=3, unplaced)         0.238     2.642    u_softmax/u_accuracy/u_sum/out_sum_reg[30]_i_115_n_0
                         LUT6 (Prop_LUT6_I2_O)        0.038     2.680 r  u_softmax/u_accuracy/u_sum/out_sum_reg[30]_i_117/O
                         net (fo=2, unplaced)         0.232     2.912    u_softmax/u_accuracy/u_sum/out_sum_reg[30]_i_117_n_0
                         LUT6 (Prop_LUT6_I1_O)        0.038     2.950 f  u_softmax/u_accuracy/u_sum/out_sum_reg[30]_i_72/O
                         net (fo=40, unplaced)        0.297     3.247    u_softmax/u_accuracy/u_sum/out_sum_reg[30]_i_72_n_0
                         LUT6 (Prop_LUT6_I2_O)        0.038     3.285 f  u_softmax/u_accuracy/u_sum/out_sum_reg[25]_i_40/O
                         net (fo=4, unplaced)         0.245     3.530    u_softmax/u_accuracy/u_sum/out_sum_reg[25]_i_40_n_0
                         LUT6 (Prop_LUT6_I0_O)        0.038     3.568 f  u_softmax/u_accuracy/u_sum/out_sum_reg[14]_i_22/O
                         net (fo=3, unplaced)         0.238     3.806    u_softmax/u_accuracy/u_sum/out_sum_reg[14]_i_22_n_0
                         LUT3 (Prop_LUT3_I0_O)        0.038     3.844 f  u_softmax/u_accuracy/u_sum/out_sum_reg[14]_i_31/O
                         net (fo=2, unplaced)         0.232     4.076    u_softmax/u_accuracy/u_sum/out_sum_reg[14]_i_31_n_0
                         LUT2 (Prop_LUT2_I1_O)        0.038     4.114 r  u_softmax/u_accuracy/u_sum/out_sum_reg[25]_i_38/O
                         net (fo=2, unplaced)         0.232     4.346    u_softmax/u_accuracy/u_sum/out_sum_reg[25]_i_38_n_0
                         LUT6 (Prop_LUT6_I5_O)        0.037     4.383 r  u_softmax/u_accuracy/u_sum/out_sum_reg[6]_i_17/O
                         net (fo=1, unplaced)         0.023     4.406    u_softmax/u_accuracy/u_sum/out_sum_reg[6]_i_17_n_0
                         CARRY8 (Prop_CARRY8_S[1]_CO[7])
                                                      0.197     4.603 r  u_softmax/u_accuracy/u_sum/out_sum_reg_reg[6]_i_3/CO[7]
                         net (fo=1, unplaced)         0.005     4.608    u_softmax/u_accuracy/u_sum/out_sum_reg_reg[6]_i_3_n_0
                         CARRY8 (Prop_CARRY8_CI_CO[7])
                                                      0.022     4.630 r  u_softmax/u_accuracy/u_sum/out_sum_reg_reg[14]_i_3/CO[7]
                         net (fo=1, unplaced)         0.005     4.635    u_softmax/u_accuracy/u_sum/out_sum_reg_reg[14]_i_3_n_0
                         CARRY8 (Prop_CARRY8_CI_CO[7])
                                                      0.022     4.657 r  u_softmax/u_accuracy/u_sum/out_sum_reg_reg[25]_i_8/CO[7]
                         net (fo=1, unplaced)         0.005     4.662    u_softmax/u_accuracy/u_sum/out_sum_reg_reg[25]_i_8_n_0
                         CARRY8 (Prop_CARRY8_CI_CO[0])
                                                      0.052     4.714 r  u_softmax/u_accuracy/u_sum/out_sum_reg_reg[25]_i_4/CO[0]
                         net (fo=63, unplaced)        0.307     5.021    u_softmax/u_accuracy/u_sum/p_0_in
                         LUT5 (Prop_LUT5_I4_O)        0.038     5.059 r  u_softmax/u_accuracy/u_sum/out_sum_reg[27]_i_5/O
                         net (fo=2, unplaced)         0.232     5.291    u_softmax/u_accuracy/u_sum/out_sum_reg[27]_i_5_n_0
                         LUT6 (Prop_LUT6_I2_O)        0.038     5.329 r  u_softmax/u_accuracy/u_sum/out_sum_reg[27]_i_2/O
                         net (fo=4, unplaced)         0.245     5.574    u_softmax/u_accuracy/u_sum/out_sum_reg[27]_i_2_n_0
                         LUT6 (Prop_LUT6_I2_O)        0.038     5.612 r  u_softmax/u_accuracy/u_sum/out_sum_reg[30]_i_22/O
                         net (fo=3, unplaced)         0.238     5.850    u_softmax/u_accuracy/u_sum/out_sum_reg[30]_i_22_n_0
                         LUT6 (Prop_LUT6_I2_O)        0.038     5.888 r  u_softmax/u_accuracy/u_sum/out_sum_reg[30]_i_5/O
                         net (fo=3, unplaced)         0.192     6.080    u_softmax/u_accuracy/u_sum/out_sum_reg[30]_i_5_n_0
                         LUT6 (Prop_LUT6_I2_O)        0.090     6.170 r  u_softmax/u_accuracy/u_sum/out_sum_reg[30]_i_29/O
                         net (fo=3, unplaced)         0.238     6.408    u_softmax/u_accuracy/u_sum/out_sum_reg[30]_i_29_n_0
                         LUT6 (Prop_LUT6_I5_O)        0.038     6.446 f  u_softmax/u_accuracy/u_sum/out_sum_reg[30]_i_8/O
                         net (fo=27, unplaced)        0.288     6.734    u_softmax/u_accuracy/u_sum/out_sum_reg[30]_i_8_n_0
                         LUT2 (Prop_LUT2_I1_O)        0.038     6.772 r  u_softmax/u_accuracy/u_sum/out_sum_reg[29]_i_1/O
                         net (fo=1, unplaced)         0.048     6.820    u_softmax/u_accuracy/u_sum/out_sum_reg__0[29]
                         FDCE                                         r  u_softmax/u_accuracy/u_sum/out_sum_reg_reg[29]/D
  -------------------------------------------------------------------    -------------------

                         (clock core_clk rise edge)
                                                      6.666     6.666 r  
                                                      0.000     6.666 r  clk (IN)
                         net (fo=59650, unset)        0.000     6.666    u_softmax/u_accuracy/u_sum/clk
                         FDCE                                         r  u_softmax/u_accuracy/u_sum/out_sum_reg_reg[29]/C
                         clock pessimism              0.000     6.666    
                         clock uncertainty           -0.035     6.631    
                         FDCE (Setup_FDCE_C_D)        0.025     6.656    u_softmax/u_accuracy/u_sum/out_sum_reg_reg[29]
  -------------------------------------------------------------------
                         required time                          6.656    
                         arrival time                          -6.820    
  -------------------------------------------------------------------
                         slack                                 -0.164    

Slack (VIOLATED) :        -0.164ns  (required time - arrival time)
  Source:                 u_softmax/u_accuracy/u_sum/out_valid_reg_reg/C
                            (rising edge-triggered cell FDCE clocked by core_clk  {rise@0.000ns fall@3.333ns period=6.666ns})
  Destination:            u_softmax/u_accuracy/u_sum/out_sum_reg_reg[2]/D
                            (rising edge-triggered cell FDCE clocked by core_clk  {rise@0.000ns fall@3.333ns period=6.666ns})
  Path Group:             core_clk
  Path Type:              Setup (Max at Slow Process Corner)
  Requirement:            6.666ns  (core_clk rise@6.666ns - core_clk rise@0.000ns)
  Data Path Delay:        6.820ns  (logic 1.507ns (22.097%)  route 5.313ns (77.903%))
  Logic Levels:           26  (CARRY8=5 LUT2=2 LUT3=3 LUT4=1 LUT5=4 LUT6=11)
  Clock Uncertainty:      0.035ns  ((TSJ^2 + TIJ^2)^1/2 + DJ) / 2 + PE
    Total System Jitter     (TSJ):    0.071ns
    Total Input Jitter      (TIJ):    0.000ns
    Discrete Jitter          (DJ):    0.000ns
    Phase Error              (PE):    0.000ns

    Location             Delay type                Incr(ns)  Path(ns)    Netlist Resource(s)
  -------------------------------------------------------------------    -------------------
                         (clock core_clk rise edge)
                                                      0.000     0.000 r  
                                                      0.000     0.000 r  clk (IN)
                         net (fo=59650, unset)        0.000     0.000    u_softmax/u_accuracy/u_sum/clk
                         FDCE                                         r  u_softmax/u_accuracy/u_sum/out_valid_reg_reg/C
  -------------------------------------------------------------------    -------------------
                         FDCE (Prop_FDCE_C_Q)         0.077     0.077 r  u_softmax/u_accuracy/u_sum/out_valid_reg_reg/Q
                         net (fo=11, unplaced)        0.181     0.258    u_softmax/u_accuracy/add_out_valid
                         LUT5 (Prop_LUT5_I0_O)        0.125     0.383 r  u_softmax/u_accuracy/u_sum_i_34/O
                         net (fo=31, unplaced)        0.242     0.625    u_softmax/u_accuracy/add_bypass_same_slot
                         LUT3 (Prop_LUT3_I1_O)        0.053     0.678 r  u_softmax/u_accuracy/u_sum_i_8/O
                         net (fo=41, unplaced)        0.297     0.975    u_softmax/u_accuracy/u_sum/in_a_fp32[24]
                         LUT4 (Prop_LUT4_I3_O)        0.038     1.013 r  u_softmax/u_accuracy/u_sum/out_sum_reg[25]_i_11/O
                         net (fo=2, unplaced)         0.232     1.245    u_softmax/u_accuracy/u_sum/out_sum_reg[25]_i_11_n_0
                         LUT5 (Prop_LUT5_I1_O)        0.038     1.283 r  u_softmax/u_accuracy/u_sum/out_sum_reg[25]_i_6/O
                         net (fo=6, unplaced)         0.254     1.537    u_softmax/u_accuracy/u_sum/out_sum_reg[25]_i_6_n_0
                         LUT2 (Prop_LUT2_I0_O)        0.038     1.575 f  u_softmax/u_accuracy/u_sum/out_sum_reg[30]_i_74/O
                         net (fo=109, unplaced)       0.320     1.895    u_softmax/u_accuracy/u_sum/out_sum_reg[30]_i_74_n_0
                         LUT3 (Prop_LUT3_I2_O)        0.038     1.933 r  u_softmax/u_accuracy/u_sum/out_sum_reg[30]_i_57/O
                         net (fo=1, unplaced)         0.020     1.953    u_softmax/u_accuracy/u_sum/out_sum_reg[30]_i_57_n_0
                         CARRY8 (Prop_CARRY8_S[0]_CO[3])
                                                      0.186     2.139 r  u_softmax/u_accuracy/u_sum/out_sum_reg_reg[30]_i_23/CO[3]
                         net (fo=118, unplaced)       0.227     2.366    u_softmax/u_accuracy/u_sum/larger_significand1
                         LUT5 (Prop_LUT5_I4_O)        0.038     2.404 f  u_softmax/u_accuracy/u_sum/out_sum_reg[30]_i_115/O
                         net (fo=3, unplaced)         0.238     2.642    u_softmax/u_accuracy/u_sum/out_sum_reg[30]_i_115_n_0
                         LUT6 (Prop_LUT6_I2_O)        0.038     2.680 r  u_softmax/u_accuracy/u_sum/out_sum_reg[30]_i_117/O
                         net (fo=2, unplaced)         0.232     2.912    u_softmax/u_accuracy/u_sum/out_sum_reg[30]_i_117_n_0
                         LUT6 (Prop_LUT6_I1_O)        0.038     2.950 f  u_softmax/u_accuracy/u_sum/out_sum_reg[30]_i_72/O
                         net (fo=40, unplaced)        0.297     3.247    u_softmax/u_accuracy/u_sum/out_sum_reg[30]_i_72_n_0
                         LUT6 (Prop_LUT6_I2_O)        0.038     3.285 f  u_softmax/u_accuracy/u_sum/out_sum_reg[25]_i_40/O
                         net (fo=4, unplaced)         0.245     3.530    u_softmax/u_accuracy/u_sum/out_sum_reg[25]_i_40_n_0
                         LUT6 (Prop_LUT6_I0_O)        0.038     3.568 f  u_softmax/u_accuracy/u_sum/out_sum_reg[14]_i_22/O
                         net (fo=3, unplaced)         0.238     3.806    u_softmax/u_accuracy/u_sum/out_sum_reg[14]_i_22_n_0
                         LUT3 (Prop_LUT3_I0_O)        0.038     3.844 f  u_softmax/u_accuracy/u_sum/out_sum_reg[14]_i_31/O
                         net (fo=2, unplaced)         0.232     4.076    u_softmax/u_accuracy/u_sum/out_sum_reg[14]_i_31_n_0
                         LUT2 (Prop_LUT2_I1_O)        0.038     4.114 r  u_softmax/u_accuracy/u_sum/out_sum_reg[25]_i_38/O
                         net (fo=2, unplaced)         0.232     4.346    u_softmax/u_accuracy/u_sum/out_sum_reg[25]_i_38_n_0
                         LUT6 (Prop_LUT6_I5_O)        0.037     4.383 r  u_softmax/u_accuracy/u_sum/out_sum_reg[6]_i_17/O
                         net (fo=1, unplaced)         0.023     4.406    u_softmax/u_accuracy/u_sum/out_sum_reg[6]_i_17_n_0
                         CARRY8 (Prop_CARRY8_S[1]_CO[7])
                                                      0.197     4.603 r  u_softmax/u_accuracy/u_sum/out_sum_reg_reg[6]_i_3/CO[7]
                         net (fo=1, unplaced)         0.005     4.608    u_softmax/u_accuracy/u_sum/out_sum_reg_reg[6]_i_3_n_0
                         CARRY8 (Prop_CARRY8_CI_CO[7])
                                                      0.022     4.630 r  u_softmax/u_accuracy/u_sum/out_sum_reg_reg[14]_i_3/CO[7]
                         net (fo=1, unplaced)         0.005     4.635    u_softmax/u_accuracy/u_sum/out_sum_reg_reg[14]_i_3_n_0
                         CARRY8 (Prop_CARRY8_CI_CO[7])
                                                      0.022     4.657 r  u_softmax/u_accuracy/u_sum/out_sum_reg_reg[25]_i_8/CO[7]
                         net (fo=1, unplaced)         0.005     4.662    u_softmax/u_accuracy/u_sum/out_sum_reg_reg[25]_i_8_n_0
                         CARRY8 (Prop_CARRY8_CI_CO[0])
                                                      0.052     4.714 r  u_softmax/u_accuracy/u_sum/out_sum_reg_reg[25]_i_4/CO[0]
                         net (fo=63, unplaced)        0.307     5.021    u_softmax/u_accuracy/u_sum/p_0_in
                         LUT5 (Prop_LUT5_I4_O)        0.038     5.059 r  u_softmax/u_accuracy/u_sum/out_sum_reg[27]_i_5/O
                         net (fo=2, unplaced)         0.232     5.291    u_softmax/u_accuracy/u_sum/out_sum_reg[27]_i_5_n_0
                         LUT6 (Prop_LUT6_I2_O)        0.038     5.329 r  u_softmax/u_accuracy/u_sum/out_sum_reg[27]_i_2/O
                         net (fo=4, unplaced)         0.245     5.574    u_softmax/u_accuracy/u_sum/out_sum_reg[27]_i_2_n_0
                         LUT6 (Prop_LUT6_I2_O)        0.038     5.612 r  u_softmax/u_accuracy/u_sum/out_sum_reg[30]_i_22/O
                         net (fo=3, unplaced)         0.238     5.850    u_softmax/u_accuracy/u_sum/out_sum_reg[30]_i_22_n_0
                         LUT6 (Prop_LUT6_I2_O)        0.038     5.888 r  u_softmax/u_accuracy/u_sum/out_sum_reg[30]_i_5/O
                         net (fo=3, unplaced)         0.192     6.080    u_softmax/u_accuracy/u_sum/out_sum_reg[30]_i_5_n_0
                         LUT6 (Prop_LUT6_I2_O)        0.090     6.170 r  u_softmax/u_accuracy/u_sum/out_sum_reg[30]_i_29/O
                         net (fo=3, unplaced)         0.238     6.408    u_softmax/u_accuracy/u_sum/out_sum_reg[30]_i_29_n_0
                         LUT6 (Prop_LUT6_I5_O)        0.038     6.446 f  u_softmax/u_accuracy/u_sum/out_sum_reg[30]_i_8/O
                         net (fo=27, unplaced)        0.288     6.734    u_softmax/u_accuracy/u_sum/out_sum_reg[30]_i_8_n_0
                         LUT6 (Prop_LUT6_I5_O)        0.038     6.772 r  u_softmax/u_accuracy/u_sum/out_sum_reg[2]_i_1/O
                         net (fo=1, unplaced)         0.048     6.820    u_softmax/u_accuracy/u_sum/out_sum_reg__0[2]
                         FDCE                                         r  u_softmax/u_accuracy/u_sum/out_sum_reg_reg[2]/D
  -------------------------------------------------------------------    -------------------

                         (clock core_clk rise edge)
                                                      6.666     6.666 r  
                                                      0.000     6.666 r  clk (IN)
                         net (fo=59650, unset)        0.000     6.666    u_softmax/u_accuracy/u_sum/clk
                         FDCE                                         r  u_softmax/u_accuracy/u_sum/out_sum_reg_reg[2]/C
                         clock pessimism              0.000     6.666    
                         clock uncertainty           -0.035     6.631    
                         FDCE (Setup_FDCE_C_D)        0.025     6.656    u_softmax/u_accuracy/u_sum/out_sum_reg_reg[2]
  -------------------------------------------------------------------
                         required time                          6.656    
                         arrival time                          -6.820    
  -------------------------------------------------------------------
                         slack                                 -0.164    

Slack (VIOLATED) :        -0.164ns  (required time - arrival time)
  Source:                 u_softmax/u_accuracy/u_sum/out_valid_reg_reg/C
                            (rising edge-triggered cell FDCE clocked by core_clk  {rise@0.000ns fall@3.333ns period=6.666ns})
  Destination:            u_softmax/u_accuracy/u_sum/out_sum_reg_reg[30]/D
                            (rising edge-triggered cell FDCE clocked by core_clk  {rise@0.000ns fall@3.333ns period=6.666ns})
  Path Group:             core_clk
  Path Type:              Setup (Max at Slow Process Corner)
  Requirement:            6.666ns  (core_clk rise@6.666ns - core_clk rise@0.000ns)
  Data Path Delay:        6.820ns  (logic 1.507ns (22.097%)  route 5.313ns (77.903%))
  Logic Levels:           26  (CARRY8=5 LUT2=2 LUT3=3 LUT4=1 LUT5=4 LUT6=11)
  Clock Uncertainty:      0.035ns  ((TSJ^2 + TIJ^2)^1/2 + DJ) / 2 + PE
    Total System Jitter     (TSJ):    0.071ns
    Total Input Jitter      (TIJ):    0.000ns
    Discrete Jitter          (DJ):    0.000ns
    Phase Error              (PE):    0.000ns

    Location             Delay type                Incr(ns)  Path(ns)    Netlist Resource(s)
  -------------------------------------------------------------------    -------------------
                         (clock core_clk rise edge)
                                                      0.000     0.000 r  
                                                      0.000     0.000 r  clk (IN)
                         net (fo=59650, unset)        0.000     0.000    u_softmax/u_accuracy/u_sum/clk
                         FDCE                                         r  u_softmax/u_accuracy/u_sum/out_valid_reg_reg/C
  -------------------------------------------------------------------    -------------------
                         FDCE (Prop_FDCE_C_Q)         0.077     0.077 r  u_softmax/u_accuracy/u_sum/out_valid_reg_reg/Q
                         net (fo=11, unplaced)        0.181     0.258    u_softmax/u_accuracy/add_out_valid
                         LUT5 (Prop_LUT5_I0_O)        0.125     0.383 r  u_softmax/u_accuracy/u_sum_i_34/O
                         net (fo=31, unplaced)        0.242     0.625    u_softmax/u_accuracy/add_bypass_same_slot
                         LUT3 (Prop_LUT3_I1_O)        0.053     0.678 r  u_softmax/u_accuracy/u_sum_i_8/O
                         net (fo=41, unplaced)        0.297     0.975    u_softmax/u_accuracy/u_sum/in_a_fp32[24]
                         LUT4 (Prop_LUT4_I3_O)        0.038     1.013 r  u_softmax/u_accuracy/u_sum/out_sum_reg[25]_i_11/O
                         net (fo=2, unplaced)         0.232     1.245    u_softmax/u_accuracy/u_sum/out_sum_reg[25]_i_11_n_0
                         LUT5 (Prop_LUT5_I1_O)        0.038     1.283 r  u_softmax/u_accuracy/u_sum/out_sum_reg[25]_i_6/O
                         net (fo=6, unplaced)         0.254     1.537    u_softmax/u_accuracy/u_sum/out_sum_reg[25]_i_6_n_0
                         LUT2 (Prop_LUT2_I0_O)        0.038     1.575 f  u_softmax/u_accuracy/u_sum/out_sum_reg[30]_i_74/O
                         net (fo=109, unplaced)       0.320     1.895    u_softmax/u_accuracy/u_sum/out_sum_reg[30]_i_74_n_0
                         LUT3 (Prop_LUT3_I2_O)        0.038     1.933 r  u_softmax/u_accuracy/u_sum/out_sum_reg[30]_i_57/O
                         net (fo=1, unplaced)         0.020     1.953    u_softmax/u_accuracy/u_sum/out_sum_reg[30]_i_57_n_0
                         CARRY8 (Prop_CARRY8_S[0]_CO[3])
                                                      0.186     2.139 r  u_softmax/u_accuracy/u_sum/out_sum_reg_reg[30]_i_23/CO[3]
                         net (fo=118, unplaced)       0.227     2.366    u_softmax/u_accuracy/u_sum/larger_significand1
                         LUT5 (Prop_LUT5_I4_O)        0.038     2.404 f  u_softmax/u_accuracy/u_sum/out_sum_reg[30]_i_115/O
                         net (fo=3, unplaced)         0.238     2.642    u_softmax/u_accuracy/u_sum/out_sum_reg[30]_i_115_n_0
                         LUT6 (Prop_LUT6_I2_O)        0.038     2.680 r  u_softmax/u_accuracy/u_sum/out_sum_reg[30]_i_117/O
                         net (fo=2, unplaced)         0.232     2.912    u_softmax/u_accuracy/u_sum/out_sum_reg[30]_i_117_n_0
                         LUT6 (Prop_LUT6_I1_O)        0.038     2.950 f  u_softmax/u_accuracy/u_sum/out_sum_reg[30]_i_72/O
                         net (fo=40, unplaced)        0.297     3.247    u_softmax/u_accuracy/u_sum/out_sum_reg[30]_i_72_n_0
                         LUT6 (Prop_LUT6_I2_O)        0.038     3.285 f  u_softmax/u_accuracy/u_sum/out_sum_reg[25]_i_40/O
                         net (fo=4, unplaced)         0.245     3.530    u_softmax/u_accuracy/u_sum/out_sum_reg[25]_i_40_n_0
                         LUT6 (Prop_LUT6_I0_O)        0.038     3.568 f  u_softmax/u_accuracy/u_sum/out_sum_reg[14]_i_22/O
                         net (fo=3, unplaced)         0.238     3.806    u_softmax/u_accuracy/u_sum/out_sum_reg[14]_i_22_n_0
                         LUT3 (Prop_LUT3_I0_O)        0.038     3.844 f  u_softmax/u_accuracy/u_sum/out_sum_reg[14]_i_31/O
                         net (fo=2, unplaced)         0.232     4.076    u_softmax/u_accuracy/u_sum/out_sum_reg[14]_i_31_n_0
                         LUT2 (Prop_LUT2_I1_O)        0.038     4.114 r  u_softmax/u_accuracy/u_sum/out_sum_reg[25]_i_38/O
                         net (fo=2, unplaced)         0.232     4.346    u_softmax/u_accuracy/u_sum/out_sum_reg[25]_i_38_n_0
                         LUT6 (Prop_LUT6_I5_O)        0.037     4.383 r  u_softmax/u_accuracy/u_sum/out_sum_reg[6]_i_17/O
                         net (fo=1, unplaced)         0.023     4.406    u_softmax/u_accuracy/u_sum/out_sum_reg[6]_i_17_n_0
                         CARRY8 (Prop_CARRY8_S[1]_CO[7])
                                                      0.197     4.603 r  u_softmax/u_accuracy/u_sum/out_sum_reg_reg[6]_i_3/CO[7]
                         net (fo=1, unplaced)         0.005     4.608    u_softmax/u_accuracy/u_sum/out_sum_reg_reg[6]_i_3_n_0
                         CARRY8 (Prop_CARRY8_CI_CO[7])
                                                      0.022     4.630 r  u_softmax/u_accuracy/u_sum/out_sum_reg_reg[14]_i_3/CO[7]
                         net (fo=1, unplaced)         0.005     4.635    u_softmax/u_accuracy/u_sum/out_sum_reg_reg[14]_i_3_n_0
                         CARRY8 (Prop_CARRY8_CI_CO[7])
                                                      0.022     4.657 r  u_softmax/u_accuracy/u_sum/out_sum_reg_reg[25]_i_8/CO[7]
                         net (fo=1, unplaced)         0.005     4.662    u_softmax/u_accuracy/u_sum/out_sum_reg_reg[25]_i_8_n_0
                         CARRY8 (Prop_CARRY8_CI_CO[0])
                                                      0.052     4.714 r  u_softmax/u_accuracy/u_sum/out_sum_reg_reg[25]_i_4/CO[0]
                         net (fo=63, unplaced)        0.307     5.021    u_softmax/u_accuracy/u_sum/p_0_in
                         LUT5 (Prop_LUT5_I4_O)        0.038     5.059 r  u_softmax/u_accuracy/u_sum/out_sum_reg[27]_i_5/O
                         net (fo=2, unplaced)         0.232     5.291    u_softmax/u_accuracy/u_sum/out_sum_reg[27]_i_5_n_0
                         LUT6 (Prop_LUT6_I2_O)        0.038     5.329 r  u_softmax/u_accuracy/u_sum/out_sum_reg[27]_i_2/O
                         net (fo=4, unplaced)         0.245     5.574    u_softmax/u_accuracy/u_sum/out_sum_reg[27]_i_2_n_0
                         LUT6 (Prop_LUT6_I2_O)        0.038     5.612 r  u_softmax/u_accuracy/u_sum/out_sum_reg[30]_i_22/O
                         net (fo=3, unplaced)         0.238     5.850    u_softmax/u_accuracy/u_sum/out_sum_reg[30]_i_22_n_0
                         LUT6 (Prop_LUT6_I2_O)        0.038     5.888 r  u_softmax/u_accuracy/u_sum/out_sum_reg[30]_i_5/O
                         net (fo=3, unplaced)         0.192     6.080    u_softmax/u_accuracy/u_sum/out_sum_reg[30]_i_5_n_0
                         LUT6 (Prop_LUT6_I2_O)        0.090     6.170 r  u_softmax/u_accuracy/u_sum/out_sum_reg[30]_i_29/O
                         net (fo=3, unplaced)         0.238     6.408    u_softmax/u_accuracy/u_sum/out_sum_reg[30]_i_29_n_0
                         LUT6 (Prop_LUT6_I5_O)        0.038     6.446 f  u_softmax/u_accuracy/u_sum/out_sum_reg[30]_i_8/O
                         net (fo=27, unplaced)        0.288     6.734    u_softmax/u_accuracy/u_sum/out_sum_reg[30]_i_8_n_0
                         LUT6 (Prop_LUT6_I5_O)        0.038     6.772 r  u_softmax/u_accuracy/u_sum/out_sum_reg[30]_i_2/O
                         net (fo=1, unplaced)         0.048     6.820    u_softmax/u_accuracy/u_sum/out_sum_reg__0[30]
                         FDCE                                         r  u_softmax/u_accuracy/u_sum/out_sum_reg_reg[30]/D
  -------------------------------------------------------------------    -------------------

                         (clock core_clk rise edge)
                                                      6.666     6.666 r  
                                                      0.000     6.666 r  clk (IN)
                         net (fo=59650, unset)        0.000     6.666    u_softmax/u_accuracy/u_sum/clk
                         FDCE                                         r  u_softmax/u_accuracy/u_sum/out_sum_reg_reg[30]/C
                         clock pessimism              0.000     6.666    
                         clock uncertainty           -0.035     6.631    
                         FDCE (Setup_FDCE_C_D)        0.025     6.656    u_softmax/u_accuracy/u_sum/out_sum_reg_reg[30]
  -------------------------------------------------------------------
                         required time                          6.656    
                         arrival time                          -6.820    
  -------------------------------------------------------------------
                         slack                                 -0.164    





Pulse Width Checks
--------------------------------------------------------------------------------------
Clock Name:         core_clk
Waveform(ns):       { 0.000 3.333 }
Period(ns):         6.666
Sources:            { clk }

Check Type        Corner  Lib Pin     Reference Pin  Required(ns)  Actual(ns)  Slack(ns)  Location  Pin
Min Period        n/a     RAMD32/CLK  n/a            1.064         6.666       5.602                u_pv/u_controller/fifo_context_reg_0_15_0_3/RAMA/CLK
Min Period        n/a     RAMD32/CLK  n/a            1.064         6.666       5.602                u_pv/u_controller/fifo_context_reg_0_15_0_3/RAMA_D1/CLK
Min Period        n/a     RAMD32/CLK  n/a            1.064         6.666       5.602                u_pv/u_controller/fifo_context_reg_0_15_0_3/RAMB/CLK
Min Period        n/a     RAMD32/CLK  n/a            1.064         6.666       5.602                u_pv/u_controller/fifo_context_reg_0_15_0_3/RAMB_D1/CLK
Min Period        n/a     RAMD32/CLK  n/a            1.064         6.666       5.602                u_pv/u_controller/fifo_context_reg_0_15_0_3/RAMC/CLK
Min Period        n/a     RAMD32/CLK  n/a            1.064         6.666       5.602                u_pv/u_controller/fifo_context_reg_0_15_0_3/RAMC_D1/CLK
Min Period        n/a     RAMD32/CLK  n/a            1.064         6.666       5.602                u_pv/u_controller/fifo_context_reg_0_15_0_3/RAMD/CLK
Min Period        n/a     RAMD32/CLK  n/a            1.064         6.666       5.602                u_pv/u_controller/fifo_context_reg_0_15_0_3/RAMD_D1/CLK
Min Period        n/a     RAMD32/CLK  n/a            1.064         6.666       5.602                u_pv/u_controller/fifo_context_reg_0_15_0_3/RAME/CLK
Min Period        n/a     RAMD32/CLK  n/a            1.064         6.666       5.602                u_pv/u_controller/fifo_context_reg_0_15_0_3/RAME_D1/CLK
Min Period        n/a     RAMD32/CLK  n/a            1.064         6.666       5.602                u_pv/u_controller/fifo_context_reg_0_15_0_3/RAMF/CLK
Min Period        n/a     RAMD32/CLK  n/a            1.064         6.666       5.602                u_pv/u_controller/fifo_context_reg_0_15_0_3/RAMF_D1/CLK
Min Period        n/a     RAMD32/CLK  n/a            1.064         6.666       5.602                u_pv/u_controller/fifo_context_reg_0_15_0_3/RAMG/CLK
Min Period        n/a     RAMD32/CLK  n/a            1.064         6.666       5.602                u_pv/u_controller/fifo_context_reg_0_15_0_3/RAMG_D1/CLK
Min Period        n/a     RAMS32/CLK  n/a            1.064         6.666       5.602                u_pv/u_controller/fifo_context_reg_0_15_0_3/RAMH/CLK
Min Period        n/a     RAMS32/CLK  n/a            1.064         6.666       5.602                u_pv/u_controller/fifo_context_reg_0_15_0_3/RAMH_D1/CLK
Min Period        n/a     RAMD32/CLK  n/a            1.064         6.666       5.602                u_pv/u_controller/fifo_first_reg_0_15_0_0/DP/CLK
Min Period        n/a     RAMD32/CLK  n/a            1.064         6.666       5.602                u_pv/u_controller/fifo_first_reg_0_15_0_0/SP/CLK
Min Period        n/a     RAMD32/CLK  n/a            1.064         6.666       5.602                u_pv/u_controller/fifo_last_reg_0_15_0_0/DP/CLK
Min Period        n/a     RAMD32/CLK  n/a            1.064         6.666       5.602                u_pv/u_controller/fifo_last_reg_0_15_0_0/SP/CLK
Low Pulse Width   Slow    RAMD32/CLK  n/a            0.532         3.333       2.801                u_pv/u_controller/fifo_context_reg_0_15_0_3/RAMA/CLK
Low Pulse Width   Fast    RAMD32/CLK  n/a            0.532         3.333       2.801                u_pv/u_controller/fifo_context_reg_0_15_0_3/RAMA/CLK
Low Pulse Width   Slow    RAMD32/CLK  n/a            0.532         3.333       2.801                u_pv/u_controller/fifo_context_reg_0_15_0_3/RAMA_D1/CLK
Low Pulse Width   Fast    RAMD32/CLK  n/a            0.532         3.333       2.801                u_pv/u_controller/fifo_context_reg_0_15_0_3/RAMA_D1/CLK
Low Pulse Width   Slow    RAMD32/CLK  n/a            0.532         3.333       2.801                u_pv/u_controller/fifo_context_reg_0_15_0_3/RAMB/CLK
Low Pulse Width   Fast    RAMD32/CLK  n/a            0.532         3.333       2.801                u_pv/u_controller/fifo_context_reg_0_15_0_3/RAMB/CLK
Low Pulse Width   Slow    RAMD32/CLK  n/a            0.532         3.333       2.801                u_pv/u_controller/fifo_context_reg_0_15_0_3/RAMB_D1/CLK
Low Pulse Width   Fast    RAMD32/CLK  n/a            0.532         3.333       2.801                u_pv/u_controller/fifo_context_reg_0_15_0_3/RAMB_D1/CLK
Low Pulse Width   Slow    RAMD32/CLK  n/a            0.532         3.333       2.801                u_pv/u_controller/fifo_context_reg_0_15_0_3/RAMC/CLK
Low Pulse Width   Fast    RAMD32/CLK  n/a            0.532         3.333       2.801                u_pv/u_controller/fifo_context_reg_0_15_0_3/RAMC/CLK
Low Pulse Width   Slow    RAMD32/CLK  n/a            0.532         3.333       2.801                u_pv/u_controller/fifo_context_reg_0_15_0_3/RAMC_D1/CLK
Low Pulse Width   Fast    RAMD32/CLK  n/a            0.532         3.333       2.801                u_pv/u_controller/fifo_context_reg_0_15_0_3/RAMC_D1/CLK
Low Pulse Width   Slow    RAMD32/CLK  n/a            0.532         3.333       2.801                u_pv/u_controller/fifo_context_reg_0_15_0_3/RAMD/CLK
Low Pulse Width   Fast    RAMD32/CLK  n/a            0.532         3.333       2.801                u_pv/u_controller/fifo_context_reg_0_15_0_3/RAMD/CLK
Low Pulse Width   Slow    RAMD32/CLK  n/a            0.532         3.333       2.801                u_pv/u_controller/fifo_context_reg_0_15_0_3/RAMD_D1/CLK
Low Pulse Width   Fast    RAMD32/CLK  n/a            0.532         3.333       2.801                u_pv/u_controller/fifo_context_reg_0_15_0_3/RAMD_D1/CLK
Low Pulse Width   Slow    RAMD32/CLK  n/a            0.532         3.333       2.801                u_pv/u_controller/fifo_context_reg_0_15_0_3/RAME/CLK
Low Pulse Width   Fast    RAMD32/CLK  n/a            0.532         3.333       2.801                u_pv/u_controller/fifo_context_reg_0_15_0_3/RAME/CLK
Low Pulse Width   Slow    RAMD32/CLK  n/a            0.532         3.333       2.801                u_pv/u_controller/fifo_context_reg_0_15_0_3/RAME_D1/CLK
Low Pulse Width   Fast    RAMD32/CLK  n/a            0.532         3.333       2.801                u_pv/u_controller/fifo_context_reg_0_15_0_3/RAME_D1/CLK
High Pulse Width  Slow    RAMD32/CLK  n/a            0.532         3.333       2.801                u_pv/u_controller/fifo_context_reg_0_15_0_3/RAMA/CLK
High Pulse Width  Fast    RAMD32/CLK  n/a            0.532         3.333       2.801                u_pv/u_controller/fifo_context_reg_0_15_0_3/RAMA/CLK
High Pulse Width  Slow    RAMD32/CLK  n/a            0.532         3.333       2.801                u_pv/u_controller/fifo_context_reg_0_15_0_3/RAMA_D1/CLK
High Pulse Width  Fast    RAMD32/CLK  n/a            0.532         3.333       2.801                u_pv/u_controller/fifo_context_reg_0_15_0_3/RAMA_D1/CLK
High Pulse Width  Slow    RAMD32/CLK  n/a            0.532         3.333       2.801                u_pv/u_controller/fifo_context_reg_0_15_0_3/RAMB/CLK
High Pulse Width  Fast    RAMD32/CLK  n/a            0.532         3.333       2.801                u_pv/u_controller/fifo_context_reg_0_15_0_3/RAMB/CLK
High Pulse Width  Slow    RAMD32/CLK  n/a            0.532         3.333       2.801                u_pv/u_controller/fifo_context_reg_0_15_0_3/RAMB_D1/CLK
High Pulse Width  Fast    RAMD32/CLK  n/a            0.532         3.333       2.801                u_pv/u_controller/fifo_context_reg_0_15_0_3/RAMB_D1/CLK
High Pulse Width  Slow    RAMD32/CLK  n/a            0.532         3.333       2.801                u_pv/u_controller/fifo_context_reg_0_15_0_3/RAMC/CLK
High Pulse Width  Fast    RAMD32/CLK  n/a            0.532         3.333       2.801                u_pv/u_controller/fifo_context_reg_0_15_0_3/RAMC/CLK
High Pulse Width  Slow    RAMD32/CLK  n/a            0.532         3.333       2.801                u_pv/u_controller/fifo_context_reg_0_15_0_3/RAMC_D1/CLK
High Pulse Width  Fast    RAMD32/CLK  n/a            0.532         3.333       2.801                u_pv/u_controller/fifo_context_reg_0_15_0_3/RAMC_D1/CLK
High Pulse Width  Slow    RAMD32/CLK  n/a            0.532         3.333       2.801                u_pv/u_controller/fifo_context_reg_0_15_0_3/RAMD/CLK
High Pulse Width  Fast    RAMD32/CLK  n/a            0.532         3.333       2.801                u_pv/u_controller/fifo_context_reg_0_15_0_3/RAMD/CLK
High Pulse Width  Slow    RAMD32/CLK  n/a            0.532         3.333       2.801                u_pv/u_controller/fifo_context_reg_0_15_0_3/RAMD_D1/CLK
High Pulse Width  Fast    RAMD32/CLK  n/a            0.532         3.333       2.801                u_pv/u_controller/fifo_context_reg_0_15_0_3/RAMD_D1/CLK
High Pulse Width  Slow    RAMD32/CLK  n/a            0.532         3.333       2.801                u_pv/u_controller/fifo_context_reg_0_15_0_3/RAME/CLK
High Pulse Width  Fast    RAMD32/CLK  n/a            0.532         3.333       2.801                u_pv/u_controller/fifo_context_reg_0_15_0_3/RAME/CLK
High Pulse Width  Slow    RAMD32/CLK  n/a            0.532         3.333       2.801                u_pv/u_controller/fifo_context_reg_0_15_0_3/RAME_D1/CLK
High Pulse Width  Fast    RAMD32/CLK  n/a            0.532         3.333       2.801                u_pv/u_controller/fifo_context_reg_0_15_0_3/RAME_D1/CLK



--------------------------------------------------------------------------------------
Path Group:  (none)
From Clock:  
  To Clock:  

Max Delay             2 Endpoints
Min Delay             0 Endpoints
--------------------------------------------------------------------------------------


Max Delay Paths
--------------------------------------------------------------------------------------
Slack:                    inf
  Source:                 score_slot_id[0]
                            (input port)
  Destination:            score_ready
                            (output port)
  Path Group:             (none)
  Path Type:              Max at Slow Process Corner
  Data Path Delay:        0.941ns  (logic 0.266ns (28.268%)  route 0.675ns (71.732%))
  Logic Levels:           4  (LUT3=1 LUT4=1 LUT5=1 LUT6=1)
  Timing Exception:       False Path

    Location             Delay type                Incr(ns)  Path(ns)    Netlist Resource(s)
  -------------------------------------------------------------------    -------------------
                                                      0.000     0.000 r  score_slot_id[0] (IN)
                         net (fo=296, unset)          0.000     0.000    u_softmax/u_accuracy/score_slot_id[0]
                         LUT5 (Prop_LUT5_I2_O)        0.090     0.090 r  u_softmax/u_accuracy/score_ready_INST_0_i_2/O
                         net (fo=1, unplaced)         0.232     0.322    u_softmax/u_accuracy/score_slot_available17_in
                         LUT6 (Prop_LUT6_I5_O)        0.038     0.360 r  u_softmax/u_accuracy/score_ready_INST_0_i_1/O
                         net (fo=8, unplaced)         0.211     0.571    u_softmax/u_accuracy/p_25_in
                         LUT3 (Prop_LUT3_I2_O)        0.100     0.671 r  u_softmax/u_accuracy/score_ready_INST_0/O
                         net (fo=2, unplaced)         0.232     0.903    u_softmax/acc_score_ready
                         LUT4 (Prop_LUT4_I0_O)        0.038     0.941 r  u_softmax/score_ready_INST_0/O
                         net (fo=0)                   0.000     0.941    score_ready
                                                                      r  score_ready (OUT)
  -------------------------------------------------------------------    -------------------

Slack:                    inf
  Source:                 row_global_q_head[2]
                            (input port)
  Destination:            row_ready
                            (output port)
  Path Group:             (none)
  Path Type:              Max at Slow Process Corner
  Data Path Delay:        0.713ns  (logic 0.365ns (51.192%)  route 0.348ns (48.808%))
  Logic Levels:           3  (LUT6=3)
  Timing Exception:       False Path

    Location             Delay type                Incr(ns)  Path(ns)    Netlist Resource(s)
  -------------------------------------------------------------------    -------------------
                                                      0.000     0.000 r  row_global_q_head[2] (IN)
                         net (fo=13, unset)           0.000     0.000    u_softmax/row_global_q_head[2]
                         LUT6 (Prop_LUT6_I0_O)        0.150     0.150 f  u_softmax/row_ready_INST_0_i_2/O
                         net (fo=1, unplaced)         0.144     0.294    u_softmax/row_ready_INST_0_i_2_n_0
                         LUT6 (Prop_LUT6_I1_O)        0.125     0.419 f  u_softmax/row_ready_INST_0_i_1/O
                         net (fo=5, unplaced)         0.204     0.623    u_softmax/row_ready_INST_0_i_1_n_0
                         LUT6 (Prop_LUT6_I0_O)        0.090     0.713 r  u_softmax/row_ready_INST_0/O
                         net (fo=0)                   0.000     0.713    row_ready
                                                                      r  row_ready (OUT)
  -------------------------------------------------------------------    -------------------





--------------------------------------------------------------------------------------
Path Group:  (none)
From Clock:  core_clk
  To Clock:  

Max Delay          2554 Endpoints
Min Delay             0 Endpoints
--------------------------------------------------------------------------------------


Max Delay Paths
--------------------------------------------------------------------------------------
Slack:                    inf
  Source:                 u_softmax/u_accuracy/u_exp/out_valid_reg_reg/C
                            (rising edge-triggered cell FDCE clocked by core_clk  {rise@0.000ns fall@3.333ns period=6.666ns})
  Destination:            score_ready
                            (output port)
  Path Group:             (none)
  Path Type:              Max at Slow Process Corner
  Data Path Delay:        3.591ns  (logic 0.749ns (20.858%)  route 2.842ns (79.142%))
  Logic Levels:           11  (LUT2=2 LUT3=3 LUT4=2 LUT5=2 LUT6=2)
  Clock Uncertainty:      0.025ns  ((TSJ^2 + TIJ^2)^1/2 + DJ) / 2 + PE
    Total System Jitter     (TSJ):    0.050ns
    Total Input Jitter      (TIJ):    0.000ns
    Discrete Jitter          (DJ):    0.000ns
    Phase Error              (PE):    0.000ns
  Timing Exception:       False Path

    Location             Delay type                Incr(ns)  Path(ns)    Netlist Resource(s)
  -------------------------------------------------------------------    -------------------
                         (clock core_clk rise edge)
                                                      0.000     0.000 r  
                                                      0.000     0.000 r  clk (IN)
                         net (fo=59650, unset)        0.000     0.000    u_softmax/u_accuracy/u_exp/clk
                         FDCE                                         r  u_softmax/u_accuracy/u_exp/out_valid_reg_reg/C
  -------------------------------------------------------------------    -------------------
                         FDCE (Prop_FDCE_C_Q)         0.077     0.077 r  u_softmax/u_accuracy/u_exp/out_valid_reg_reg/Q
                         net (fo=15, unplaced)        0.181     0.258    u_softmax/u_accuracy/exp_out_valid
                         LUT2 (Prop_LUT2_I0_O)        0.100     0.358 r  u_softmax/u_accuracy/weight_valid_INST_0/O
                         net (fo=7, unplaced)         0.257     0.615    u_softmax/u_weight_arbiter/source1_valid
                         LUT5 (Prop_LUT5_I3_O)        0.070     0.685 r  u_softmax/u_weight_arbiter/selected_source_INST_0/O
                         net (fo=75, unplaced)        0.311     0.996    u_softmax/selected_weight_mode
                         LUT3 (Prop_LUT3_I1_O)        0.070     1.066 r  u_softmax/u_stager_i_34/O
                         net (fo=337, unplaced)       0.345     1.411    u_softmax/u_stager/stage_weight_slot_id[0]
                         LUT5 (Prop_LUT5_I2_O)        0.070     1.481 r  u_softmax/u_stager/stage_weight_ready_INST_0_i_1/O
                         net (fo=11, unplaced)        0.268     1.749    u_softmax/u_stager/stage_weight_ready0
                         LUT3 (Prop_LUT3_I0_O)        0.070     1.819 r  u_softmax/u_stager/stage_weight_ready_INST_0/O
                         net (fo=5, unplaced)         0.250     2.069    u_softmax/u_weight_arbiter/output_ready
                         LUT6 (Prop_LUT6_I5_O)        0.038     2.107 r  u_softmax/u_weight_arbiter/source1_ready_INST_0/O
                         net (fo=5, unplaced)         0.250     2.357    u_softmax/u_accuracy/weight_ready
                         LUT4 (Prop_LUT4_I3_O)        0.038     2.395 r  u_softmax/u_accuracy/u_exp_i_61/O
                         net (fo=10, unplaced)        0.265     2.660    u_softmax/u_accuracy/u_exp/out_ready
                         LUT2 (Prop_LUT2_I1_O)        0.070     2.730 f  u_softmax/u_accuracy/u_exp/in_ready_INST_0_i_1/O
                         net (fo=3, unplaced)         0.238     2.968    u_softmax/u_accuracy/u_exp/in_ready_INST_0_i_1_n_0
                         LUT6 (Prop_LUT6_I3_O)        0.038     3.006 r  u_softmax/u_accuracy/u_exp/in_ready_INST_0/O
                         net (fo=4, unplaced)         0.245     3.251    u_softmax/u_accuracy/exp_in_ready
                         LUT3 (Prop_LUT3_I1_O)        0.070     3.321 r  u_softmax/u_accuracy/score_ready_INST_0/O
                         net (fo=2, unplaced)         0.232     3.553    u_softmax/acc_score_ready
                         LUT4 (Prop_LUT4_I0_O)        0.038     3.591 r  u_softmax/score_ready_INST_0/O
                         net (fo=0)                   0.000     3.591    score_ready
                                                                      r  score_ready (OUT)
  -------------------------------------------------------------------    -------------------

Slack:                    inf
  Source:                 u_pv/u_controller/row_queue_reg[2][0]/C
                            (rising edge-triggered cell FDCE clocked by core_clk  {rise@0.000ns fall@3.333ns period=6.666ns})
  Destination:            out_valid
                            (output port)
  Path Group:             (none)
  Path Type:              Max at Slow Process Corner
  Data Path Delay:        1.874ns  (logic 0.430ns (22.946%)  route 1.444ns (77.054%))
  Logic Levels:           6  (LUT3=1 LUT4=1 LUT5=2 LUT6=1 MUXF7=1)
  Clock Uncertainty:      0.025ns  ((TSJ^2 + TIJ^2)^1/2 + DJ) / 2 + PE
    Total System Jitter     (TSJ):    0.050ns
    Total Input Jitter      (TIJ):    0.000ns
    Discrete Jitter          (DJ):    0.000ns
    Phase Error              (PE):    0.000ns
  Timing Exception:       False Path

    Location             Delay type                Incr(ns)  Path(ns)    Netlist Resource(s)
  -------------------------------------------------------------------    -------------------
                         (clock core_clk rise edge)
                                                      0.000     0.000 r  
                                                      0.000     0.000 r  clk (IN)
                         net (fo=59650, unset)        0.000     0.000    u_pv/u_controller/clk
                         FDCE                                         r  u_pv/u_controller/row_queue_reg[2][0]/C
  -------------------------------------------------------------------    -------------------
                         FDCE (Prop_FDCE_C_Q)         0.077     0.077 r  u_pv/u_controller/row_queue_reg[2][0]/Q
                         net (fo=1, unplaced)         0.145     0.222    u_pv/u_controller/row_queue_reg[2][0]
                         LUT5 (Prop_LUT5_I0_O)        0.125     0.347 f  u_pv/u_controller/weight_release_valid_INST_0_i_3/O
                         net (fo=5, unplaced)         0.250     0.597    u_pv/u_controller/weight_release_valid_INST_0_i_3_n_0
                         LUT4 (Prop_LUT4_I0_O)        0.038     0.635 r  u_pv/u_controller/out_feature_block[1]_INST_0_i_2/O
                         net (fo=160, unplaced)       0.328     0.963    u_pv/u_controller/out_feature_block[1]_INST_0_i_2_n_0
                         LUT5 (Prop_LUT5_I3_O)        0.038     1.001 r  u_pv/u_controller/out_row_last_INST_0_i_1/O
                         net (fo=7, unplaced)         0.304     1.305    u_pv/u_controller/out_row_last_INST_0_i_1_n_0
                         MUXF7 (Prop_MUXF7_S_O)       0.076     1.381 f  u_pv/u_controller/out_valid_INST_0_i_5/O
                         net (fo=1, unplaced)         0.185     1.566    u_pv/u_controller/out_valid_INST_0_i_5_n_0
                         LUT3 (Prop_LUT3_I2_O)        0.038     1.604 f  u_pv/u_controller/out_valid_INST_0_i_1/O
                         net (fo=1, unplaced)         0.232     1.836    u_pv/u_controller/out_valid_INST_0_i_1_n_0
                         LUT6 (Prop_LUT6_I0_O)        0.038     1.874 r  u_pv/u_controller/out_valid_INST_0/O
                         net (fo=4, unset)            0.000     1.874    out_valid
                                                                      r  out_valid (OUT)
  -------------------------------------------------------------------    -------------------

Slack:                    inf
  Source:                 u_softmax/u_accuracy/u_reciprocal/numeric_error_count_reg[2]/C
                            (rising edge-triggered cell FDCE clocked by core_clk  {rise@0.000ns fall@3.333ns period=6.666ns})
  Destination:            b2_numeric_errors[61]
                            (output port)
  Path Group:             (none)
  Path Type:              Max at Slow Process Corner
  Data Path Delay:        1.872ns  (logic 0.932ns (49.786%)  route 0.940ns (50.214%))
  Logic Levels:           13  (CARRY8=9 LUT2=1 LUT3=1 LUT5=1 LUT6=1)
  Clock Uncertainty:      0.025ns  ((TSJ^2 + TIJ^2)^1/2 + DJ) / 2 + PE
    Total System Jitter     (TSJ):    0.050ns
    Total Input Jitter      (TIJ):    0.000ns
    Discrete Jitter          (DJ):    0.000ns
    Phase Error              (PE):    0.000ns
  Timing Exception:       False Path

    Location             Delay type                Incr(ns)  Path(ns)    Netlist Resource(s)
  -------------------------------------------------------------------    -------------------
                         (clock core_clk rise edge)
                                                      0.000     0.000 r  
                                                      0.000     0.000 r  clk (IN)
                         net (fo=59650, unset)        0.000     0.000    u_softmax/u_accuracy/u_reciprocal/clk
                         FDCE                                         r  u_softmax/u_accuracy/u_reciprocal/numeric_error_count_reg[2]/C
  -------------------------------------------------------------------    -------------------
                         FDCE (Prop_FDCE_C_Q)         0.078     0.078 r  u_softmax/u_accuracy/u_reciprocal/numeric_error_count_reg[2]/Q
                         net (fo=4, unplaced)         0.151     0.229    u_softmax/u_accuracy/reciprocal_numeric_errors[2]
                         LUT3 (Prop_LUT3_I0_O)        0.090     0.319 r  u_softmax/u_accuracy/numeric_error_count[0]_INST_0_i_20/O
                         net (fo=3, unplaced)         0.238     0.557    u_softmax/u_accuracy/numeric_error_count[0]_INST_0_i_20_n_0
                         LUT5 (Prop_LUT5_I4_O)        0.038     0.595 r  u_softmax/u_accuracy/numeric_error_count[0]_INST_0_i_5/O
                         net (fo=2, unplaced)         0.232     0.827    u_softmax/u_accuracy/numeric_error_count[0]_INST_0_i_5_n_0
                         LUT6 (Prop_LUT6_I0_O)        0.037     0.864 r  u_softmax/u_accuracy/numeric_error_count[0]_INST_0_i_12/O
                         net (fo=1, unplaced)         0.032     0.896    u_softmax/u_accuracy/numeric_error_count[0]_INST_0_i_12_n_0
                         CARRY8 (Prop_CARRY8_S[3]_CO[7])
                                                      0.170     1.066 r  u_softmax/u_accuracy/numeric_error_count[0]_INST_0/CO[7]
                         net (fo=1, unplaced)         0.005     1.071    u_softmax/u_accuracy/numeric_error_count[0]_INST_0_n_0
                         CARRY8 (Prop_CARRY8_CI_CO[7])
                                                      0.022     1.093 r  u_softmax/u_accuracy/numeric_error_count[8]_INST_0/CO[7]
                         net (fo=1, unplaced)         0.005     1.098    u_softmax/u_accuracy/numeric_error_count[8]_INST_0_n_0
                         CARRY8 (Prop_CARRY8_CI_CO[7])
                                                      0.022     1.120 r  u_softmax/u_accuracy/numeric_error_count[16]_INST_0/CO[7]
                         net (fo=1, unplaced)         0.005     1.125    u_softmax/u_accuracy/numeric_error_count[16]_INST_0_n_0
                         CARRY8 (Prop_CARRY8_CI_CO[7])
                                                      0.022     1.147 r  u_softmax/u_accuracy/numeric_error_count[24]_INST_0/CO[7]
                         net (fo=1, unplaced)         0.005     1.152    u_softmax/u_accuracy/numeric_error_count[24]_INST_0_n_0
                         CARRY8 (Prop_CARRY8_CI_CO[7])
                                                      0.022     1.174 r  u_softmax/u_accuracy/numeric_error_count[32]_INST_0/CO[7]
                         net (fo=1, unplaced)         0.005     1.179    u_softmax/u_accuracy/numeric_error_count[32]_INST_0_n_0
                         CARRY8 (Prop_CARRY8_CI_CO[7])
                                                      0.022     1.201 r  u_softmax/u_accuracy/numeric_error_count[40]_INST_0/CO[7]
                         net (fo=1, unplaced)         0.005     1.206    u_softmax/u_accuracy/numeric_error_count[40]_INST_0_n_0
                         CARRY8 (Prop_CARRY8_CI_O[0])
                                                      0.056     1.262 r  u_softmax/u_accuracy/numeric_error_count[48]_INST_0/O[0]
                         net (fo=2, unplaced)         0.232     1.494    u_softmax/acc_numeric_errors[48]
                         LUT2 (Prop_LUT2_I0_O)        0.038     1.532 r  u_softmax/numeric_error_count[48]_INST_0_i_8/O
                         net (fo=1, unplaced)         0.020     1.552    u_softmax/numeric_error_count[48]_INST_0_i_8_n_0
                         CARRY8 (Prop_CARRY8_S[0]_CO[7])
                                                      0.199     1.751 r  u_softmax/numeric_error_count[48]_INST_0/CO[7]
                         net (fo=1, unplaced)         0.005     1.756    u_softmax/numeric_error_count[48]_INST_0_n_0
                         CARRY8 (Prop_CARRY8_CI_O[5])
                                                      0.116     1.872 r  u_softmax/numeric_error_count[56]_INST_0/O[5]
                         net (fo=0)                   0.000     1.872    b2_numeric_errors[61]
                                                                      r  b2_numeric_errors[61] (OUT)
  -------------------------------------------------------------------    -------------------

Slack:                    inf
  Source:                 u_softmax/u_accuracy/u_reciprocal/numeric_error_count_reg[2]/C
                            (rising edge-triggered cell FDCE clocked by core_clk  {rise@0.000ns fall@3.333ns period=6.666ns})
  Destination:            b2_numeric_errors[63]
                            (output port)
  Path Group:             (none)
  Path Type:              Max at Slow Process Corner
  Data Path Delay:        1.872ns  (logic 0.932ns (49.786%)  route 0.940ns (50.214%))
  Logic Levels:           13  (CARRY8=9 LUT2=1 LUT3=1 LUT5=1 LUT6=1)
  Clock Uncertainty:      0.025ns  ((TSJ^2 + TIJ^2)^1/2 + DJ) / 2 + PE
    Total System Jitter     (TSJ):    0.050ns
    Total Input Jitter      (TIJ):    0.000ns
    Discrete Jitter          (DJ):    0.000ns
    Phase Error              (PE):    0.000ns
  Timing Exception:       False Path

    Location             Delay type                Incr(ns)  Path(ns)    Netlist Resource(s)
  -------------------------------------------------------------------    -------------------
                         (clock core_clk rise edge)
                                                      0.000     0.000 r  
                                                      0.000     0.000 r  clk (IN)
                         net (fo=59650, unset)        0.000     0.000    u_softmax/u_accuracy/u_reciprocal/clk
                         FDCE                                         r  u_softmax/u_accuracy/u_reciprocal/numeric_error_count_reg[2]/C
  -------------------------------------------------------------------    -------------------
                         FDCE (Prop_FDCE_C_Q)         0.078     0.078 r  u_softmax/u_accuracy/u_reciprocal/numeric_error_count_reg[2]/Q
                         net (fo=4, unplaced)         0.151     0.229    u_softmax/u_accuracy/reciprocal_numeric_errors[2]
                         LUT3 (Prop_LUT3_I0_O)        0.090     0.319 r  u_softmax/u_accuracy/numeric_error_count[0]_INST_0_i_20/O
                         net (fo=3, unplaced)         0.238     0.557    u_softmax/u_accuracy/numeric_error_count[0]_INST_0_i_20_n_0
                         LUT5 (Prop_LUT5_I4_O)        0.038     0.595 r  u_softmax/u_accuracy/numeric_error_count[0]_INST_0_i_5/O
                         net (fo=2, unplaced)         0.232     0.827    u_softmax/u_accuracy/numeric_error_count[0]_INST_0_i_5_n_0
                         LUT6 (Prop_LUT6_I0_O)        0.037     0.864 r  u_softmax/u_accuracy/numeric_error_count[0]_INST_0_i_12/O
                         net (fo=1, unplaced)         0.032     0.896    u_softmax/u_accuracy/numeric_error_count[0]_INST_0_i_12_n_0
                         CARRY8 (Prop_CARRY8_S[3]_CO[7])
                                                      0.170     1.066 r  u_softmax/u_accuracy/numeric_error_count[0]_INST_0/CO[7]
                         net (fo=1, unplaced)         0.005     1.071    u_softmax/u_accuracy/numeric_error_count[0]_INST_0_n_0
                         CARRY8 (Prop_CARRY8_CI_CO[7])
                                                      0.022     1.093 r  u_softmax/u_accuracy/numeric_error_count[8]_INST_0/CO[7]
                         net (fo=1, unplaced)         0.005     1.098    u_softmax/u_accuracy/numeric_error_count[8]_INST_0_n_0
                         CARRY8 (Prop_CARRY8_CI_CO[7])
                                                      0.022     1.120 r  u_softmax/u_accuracy/numeric_error_count[16]_INST_0/CO[7]
                         net (fo=1, unplaced)         0.005     1.125    u_softmax/u_accuracy/numeric_error_count[16]_INST_0_n_0
                         CARRY8 (Prop_CARRY8_CI_CO[7])
                                                      0.022     1.147 r  u_softmax/u_accuracy/numeric_error_count[24]_INST_0/CO[7]
                         net (fo=1, unplaced)         0.005     1.152    u_softmax/u_accuracy/numeric_error_count[24]_INST_0_n_0
                         CARRY8 (Prop_CARRY8_CI_CO[7])
                                                      0.022     1.174 r  u_softmax/u_accuracy/numeric_error_count[32]_INST_0/CO[7]
                         net (fo=1, unplaced)         0.005     1.179    u_softmax/u_accuracy/numeric_error_count[32]_INST_0_n_0
                         CARRY8 (Prop_CARRY8_CI_CO[7])
                                                      0.022     1.201 r  u_softmax/u_accuracy/numeric_error_count[40]_INST_0/CO[7]
                         net (fo=1, unplaced)         0.005     1.206    u_softmax/u_accuracy/numeric_error_count[40]_INST_0_n_0
                         CARRY8 (Prop_CARRY8_CI_O[0])
                                                      0.056     1.262 r  u_softmax/u_accuracy/numeric_error_count[48]_INST_0/O[0]
                         net (fo=2, unplaced)         0.232     1.494    u_softmax/acc_numeric_errors[48]
                         LUT2 (Prop_LUT2_I0_O)        0.038     1.532 r  u_softmax/numeric_error_count[48]_INST_0_i_8/O
                         net (fo=1, unplaced)         0.020     1.552    u_softmax/numeric_error_count[48]_INST_0_i_8_n_0
                         CARRY8 (Prop_CARRY8_S[0]_CO[7])
                                                      0.199     1.751 r  u_softmax/numeric_error_count[48]_INST_0/CO[7]
                         net (fo=1, unplaced)         0.005     1.756    u_softmax/numeric_error_count[48]_INST_0_n_0
                         CARRY8 (Prop_CARRY8_CI_O[7])
                                                      0.116     1.872 r  u_softmax/numeric_error_count[56]_INST_0/O[7]
                         net (fo=0)                   0.000     1.872    b2_numeric_errors[63]
                                                                      r  b2_numeric_errors[63] (OUT)
  -------------------------------------------------------------------    -------------------

Slack:                    inf
  Source:                 u_softmax/u_accuracy/u_reciprocal/numeric_error_count_reg[2]/C
                            (rising edge-triggered cell FDCE clocked by core_clk  {rise@0.000ns fall@3.333ns period=6.666ns})
  Destination:            b2_numeric_errors[62]
                            (output port)
  Path Group:             (none)
  Path Type:              Max at Slow Process Corner
  Data Path Delay:        1.859ns  (logic 0.919ns (49.435%)  route 0.940ns (50.565%))
  Logic Levels:           13  (CARRY8=9 LUT2=1 LUT3=1 LUT5=1 LUT6=1)
  Clock Uncertainty:      0.025ns  ((TSJ^2 + TIJ^2)^1/2 + DJ) / 2 + PE
    Total System Jitter     (TSJ):    0.050ns
    Total Input Jitter      (TIJ):    0.000ns
    Discrete Jitter          (DJ):    0.000ns
    Phase Error              (PE):    0.000ns
  Timing Exception:       False Path

    Location             Delay type                Incr(ns)  Path(ns)    Netlist Resource(s)
  -------------------------------------------------------------------    -------------------
                         (clock core_clk rise edge)
                                                      0.000     0.000 r  
                                                      0.000     0.000 r  clk (IN)
                         net (fo=59650, unset)        0.000     0.000    u_softmax/u_accuracy/u_reciprocal/clk
                         FDCE                                         r  u_softmax/u_accuracy/u_reciprocal/numeric_error_count_reg[2]/C
  -------------------------------------------------------------------    -------------------
                         FDCE (Prop_FDCE_C_Q)         0.078     0.078 r  u_softmax/u_accuracy/u_reciprocal/numeric_error_count_reg[2]/Q
                         net (fo=4, unplaced)         0.151     0.229    u_softmax/u_accuracy/reciprocal_numeric_errors[2]
                         LUT3 (Prop_LUT3_I0_O)        0.090     0.319 r  u_softmax/u_accuracy/numeric_error_count[0]_INST_0_i_20/O
                         net (fo=3, unplaced)         0.238     0.557    u_softmax/u_accuracy/numeric_error_count[0]_INST_0_i_20_n_0
                         LUT5 (Prop_LUT5_I4_O)        0.038     0.595 r  u_softmax/u_accuracy/numeric_error_count[0]_INST_0_i_5/O
                         net (fo=2, unplaced)         0.232     0.827    u_softmax/u_accuracy/numeric_error_count[0]_INST_0_i_5_n_0
                         LUT6 (Prop_LUT6_I0_O)        0.037     0.864 r  u_softmax/u_accuracy/numeric_error_count[0]_INST_0_i_12/O
                         net (fo=1, unplaced)         0.032     0.896    u_softmax/u_accuracy/numeric_error_count[0]_INST_0_i_12_n_0
                         CARRY8 (Prop_CARRY8_S[3]_CO[7])
                                                      0.170     1.066 r  u_softmax/u_accuracy/numeric_error_count[0]_INST_0/CO[7]
                         net (fo=1, unplaced)         0.005     1.071    u_softmax/u_accuracy/numeric_error_count[0]_INST_0_n_0
                         CARRY8 (Prop_CARRY8_CI_CO[7])
                                                      0.022     1.093 r  u_softmax/u_accuracy/numeric_error_count[8]_INST_0/CO[7]
                         net (fo=1, unplaced)         0.005     1.098    u_softmax/u_accuracy/numeric_error_count[8]_INST_0_n_0
                         CARRY8 (Prop_CARRY8_CI_CO[7])
                                                      0.022     1.120 r  u_softmax/u_accuracy/numeric_error_count[16]_INST_0/CO[7]
                         net (fo=1, unplaced)         0.005     1.125    u_softmax/u_accuracy/numeric_error_count[16]_INST_0_n_0
                         CARRY8 (Prop_CARRY8_CI_CO[7])
                                                      0.022     1.147 r  u_softmax/u_accuracy/numeric_error_count[24]_INST_0/CO[7]
                         net (fo=1, unplaced)         0.005     1.152    u_softmax/u_accuracy/numeric_error_count[24]_INST_0_n_0
                         CARRY8 (Prop_CARRY8_CI_CO[7])
                                                      0.022     1.174 r  u_softmax/u_accuracy/numeric_error_count[32]_INST_0/CO[7]
                         net (fo=1, unplaced)         0.005     1.179    u_softmax/u_accuracy/numeric_error_count[32]_INST_0_n_0
                         CARRY8 (Prop_CARRY8_CI_CO[7])
                                                      0.022     1.201 r  u_softmax/u_accuracy/numeric_error_count[40]_INST_0/CO[7]
                         net (fo=1, unplaced)         0.005     1.206    u_softmax/u_accuracy/numeric_error_count[40]_INST_0_n_0
                         CARRY8 (Prop_CARRY8_CI_O[0])
                                                      0.056     1.262 r  u_softmax/u_accuracy/numeric_error_count[48]_INST_0/O[0]
                         net (fo=2, unplaced)         0.232     1.494    u_softmax/acc_numeric_errors[48]
                         LUT2 (Prop_LUT2_I0_O)        0.038     1.532 r  u_softmax/numeric_error_count[48]_INST_0_i_8/O
                         net (fo=1, unplaced)         0.020     1.552    u_softmax/numeric_error_count[48]_INST_0_i_8_n_0
                         CARRY8 (Prop_CARRY8_S[0]_CO[7])
                                                      0.199     1.751 r  u_softmax/numeric_error_count[48]_INST_0/CO[7]
                         net (fo=1, unplaced)         0.005     1.756    u_softmax/numeric_error_count[48]_INST_0_n_0
                         CARRY8 (Prop_CARRY8_CI_O[6])
                                                      0.103     1.859 r  u_softmax/numeric_error_count[56]_INST_0/O[6]
                         net (fo=0)                   0.000     1.859    b2_numeric_errors[62]
                                                                      r  b2_numeric_errors[62] (OUT)
  -------------------------------------------------------------------    -------------------

Slack:                    inf
  Source:                 u_softmax/u_accuracy/u_reciprocal/numeric_error_count_reg[2]/C
                            (rising edge-triggered cell FDCE clocked by core_clk  {rise@0.000ns fall@3.333ns period=6.666ns})
  Destination:            b2_numeric_errors[53]
                            (output port)
  Path Group:             (none)
  Path Type:              Max at Slow Process Corner
  Data Path Delay:        1.845ns  (logic 0.910ns (49.323%)  route 0.935ns (50.678%))
  Logic Levels:           12  (CARRY8=8 LUT2=1 LUT3=1 LUT5=1 LUT6=1)
  Clock Uncertainty:      0.025ns  ((TSJ^2 + TIJ^2)^1/2 + DJ) / 2 + PE
    Total System Jitter     (TSJ):    0.050ns
    Total Input Jitter      (TIJ):    0.000ns
    Discrete Jitter          (DJ):    0.000ns
    Phase Error              (PE):    0.000ns
  Timing Exception:       False Path

    Location             Delay type                Incr(ns)  Path(ns)    Netlist Resource(s)
  -------------------------------------------------------------------    -------------------
                         (clock core_clk rise edge)
                                                      0.000     0.000 r  
                                                      0.000     0.000 r  clk (IN)
                         net (fo=59650, unset)        0.000     0.000    u_softmax/u_accuracy/u_reciprocal/clk
                         FDCE                                         r  u_softmax/u_accuracy/u_reciprocal/numeric_error_count_reg[2]/C
  -------------------------------------------------------------------    -------------------
                         FDCE (Prop_FDCE_C_Q)         0.078     0.078 r  u_softmax/u_accuracy/u_reciprocal/numeric_error_count_reg[2]/Q
                         net (fo=4, unplaced)         0.151     0.229    u_softmax/u_accuracy/reciprocal_numeric_errors[2]
                         LUT3 (Prop_LUT3_I0_O)        0.090     0.319 r  u_softmax/u_accuracy/numeric_error_count[0]_INST_0_i_20/O
                         net (fo=3, unplaced)         0.238     0.557    u_softmax/u_accuracy/numeric_error_count[0]_INST_0_i_20_n_0
                         LUT5 (Prop_LUT5_I4_O)        0.038     0.595 r  u_softmax/u_accuracy/numeric_error_count[0]_INST_0_i_5/O
                         net (fo=2, unplaced)         0.232     0.827    u_softmax/u_accuracy/numeric_error_count[0]_INST_0_i_5_n_0
                         LUT6 (Prop_LUT6_I0_O)        0.037     0.864 r  u_softmax/u_accuracy/numeric_error_count[0]_INST_0_i_12/O
                         net (fo=1, unplaced)         0.032     0.896    u_softmax/u_accuracy/numeric_error_count[0]_INST_0_i_12_n_0
                         CARRY8 (Prop_CARRY8_S[3]_CO[7])
                                                      0.170     1.066 r  u_softmax/u_accuracy/numeric_error_count[0]_INST_0/CO[7]
                         net (fo=1, unplaced)         0.005     1.071    u_softmax/u_accuracy/numeric_error_count[0]_INST_0_n_0
                         CARRY8 (Prop_CARRY8_CI_CO[7])
                                                      0.022     1.093 r  u_softmax/u_accuracy/numeric_error_count[8]_INST_0/CO[7]
                         net (fo=1, unplaced)         0.005     1.098    u_softmax/u_accuracy/numeric_error_count[8]_INST_0_n_0
                         CARRY8 (Prop_CARRY8_CI_CO[7])
                                                      0.022     1.120 r  u_softmax/u_accuracy/numeric_error_count[16]_INST_0/CO[7]
                         net (fo=1, unplaced)         0.005     1.125    u_softmax/u_accuracy/numeric_error_count[16]_INST_0_n_0
                         CARRY8 (Prop_CARRY8_CI_CO[7])
                                                      0.022     1.147 r  u_softmax/u_accuracy/numeric_error_count[24]_INST_0/CO[7]
                         net (fo=1, unplaced)         0.005     1.152    u_softmax/u_accuracy/numeric_error_count[24]_INST_0_n_0
                         CARRY8 (Prop_CARRY8_CI_CO[7])
                                                      0.022     1.174 r  u_softmax/u_accuracy/numeric_error_count[32]_INST_0/CO[7]
                         net (fo=1, unplaced)         0.005     1.179    u_softmax/u_accuracy/numeric_error_count[32]_INST_0_n_0
                         CARRY8 (Prop_CARRY8_CI_O[0])
                                                      0.056     1.235 r  u_softmax/u_accuracy/numeric_error_count[40]_INST_0/O[0]
                         net (fo=2, unplaced)         0.232     1.467    u_softmax/acc_numeric_errors[40]
                         LUT2 (Prop_LUT2_I0_O)        0.038     1.505 r  u_softmax/numeric_error_count[40]_INST_0_i_8/O
                         net (fo=1, unplaced)         0.020     1.525    u_softmax/numeric_error_count[40]_INST_0_i_8_n_0
                         CARRY8 (Prop_CARRY8_S[0]_CO[7])
                                                      0.199     1.724 r  u_softmax/numeric_error_count[40]_INST_0/CO[7]
                         net (fo=1, unplaced)         0.005     1.729    u_softmax/numeric_error_count[40]_INST_0_n_0
                         CARRY8 (Prop_CARRY8_CI_O[5])
                                                      0.116     1.845 r  u_softmax/numeric_error_count[48]_INST_0/O[5]
                         net (fo=0)                   0.000     1.845    b2_numeric_errors[53]
                                                                      r  b2_numeric_errors[53] (OUT)
  -------------------------------------------------------------------    -------------------

Slack:                    inf
  Source:                 u_softmax/u_accuracy/u_reciprocal/numeric_error_count_reg[2]/C
                            (rising edge-triggered cell FDCE clocked by core_clk  {rise@0.000ns fall@3.333ns period=6.666ns})
  Destination:            b2_numeric_errors[55]
                            (output port)
  Path Group:             (none)
  Path Type:              Max at Slow Process Corner
  Data Path Delay:        1.845ns  (logic 0.910ns (49.323%)  route 0.935ns (50.678%))
  Logic Levels:           12  (CARRY8=8 LUT2=1 LUT3=1 LUT5=1 LUT6=1)
  Clock Uncertainty:      0.025ns  ((TSJ^2 + TIJ^2)^1/2 + DJ) / 2 + PE
    Total System Jitter     (TSJ):    0.050ns
    Total Input Jitter      (TIJ):    0.000ns
    Discrete Jitter          (DJ):    0.000ns
    Phase Error              (PE):    0.000ns
  Timing Exception:       False Path

    Location             Delay type                Incr(ns)  Path(ns)    Netlist Resource(s)
  -------------------------------------------------------------------    -------------------
                         (clock core_clk rise edge)
                                                      0.000     0.000 r  
                                                      0.000     0.000 r  clk (IN)
                         net (fo=59650, unset)        0.000     0.000    u_softmax/u_accuracy/u_reciprocal/clk
                         FDCE                                         r  u_softmax/u_accuracy/u_reciprocal/numeric_error_count_reg[2]/C
  -------------------------------------------------------------------    -------------------
                         FDCE (Prop_FDCE_C_Q)         0.078     0.078 r  u_softmax/u_accuracy/u_reciprocal/numeric_error_count_reg[2]/Q
                         net (fo=4, unplaced)         0.151     0.229    u_softmax/u_accuracy/reciprocal_numeric_errors[2]
                         LUT3 (Prop_LUT3_I0_O)        0.090     0.319 r  u_softmax/u_accuracy/numeric_error_count[0]_INST_0_i_20/O
                         net (fo=3, unplaced)         0.238     0.557    u_softmax/u_accuracy/numeric_error_count[0]_INST_0_i_20_n_0
                         LUT5 (Prop_LUT5_I4_O)        0.038     0.595 r  u_softmax/u_accuracy/numeric_error_count[0]_INST_0_i_5/O
                         net (fo=2, unplaced)         0.232     0.827    u_softmax/u_accuracy/numeric_error_count[0]_INST_0_i_5_n_0
                         LUT6 (Prop_LUT6_I0_O)        0.037     0.864 r  u_softmax/u_accuracy/numeric_error_count[0]_INST_0_i_12/O
                         net (fo=1, unplaced)         0.032     0.896    u_softmax/u_accuracy/numeric_error_count[0]_INST_0_i_12_n_0
                         CARRY8 (Prop_CARRY8_S[3]_CO[7])
                                                      0.170     1.066 r  u_softmax/u_accuracy/numeric_error_count[0]_INST_0/CO[7]
                         net (fo=1, unplaced)         0.005     1.071    u_softmax/u_accuracy/numeric_error_count[0]_INST_0_n_0
                         CARRY8 (Prop_CARRY8_CI_CO[7])
                                                      0.022     1.093 r  u_softmax/u_accuracy/numeric_error_count[8]_INST_0/CO[7]
                         net (fo=1, unplaced)         0.005     1.098    u_softmax/u_accuracy/numeric_error_count[8]_INST_0_n_0
                         CARRY8 (Prop_CARRY8_CI_CO[7])
                                                      0.022     1.120 r  u_softmax/u_accuracy/numeric_error_count[16]_INST_0/CO[7]
                         net (fo=1, unplaced)         0.005     1.125    u_softmax/u_accuracy/numeric_error_count[16]_INST_0_n_0
                         CARRY8 (Prop_CARRY8_CI_CO[7])
                                                      0.022     1.147 r  u_softmax/u_accuracy/numeric_error_count[24]_INST_0/CO[7]
                         net (fo=1, unplaced)         0.005     1.152    u_softmax/u_accuracy/numeric_error_count[24]_INST_0_n_0
                         CARRY8 (Prop_CARRY8_CI_CO[7])
                                                      0.022     1.174 r  u_softmax/u_accuracy/numeric_error_count[32]_INST_0/CO[7]
                         net (fo=1, unplaced)         0.005     1.179    u_softmax/u_accuracy/numeric_error_count[32]_INST_0_n_0
                         CARRY8 (Prop_CARRY8_CI_O[0])
                                                      0.056     1.235 r  u_softmax/u_accuracy/numeric_error_count[40]_INST_0/O[0]
                         net (fo=2, unplaced)         0.232     1.467    u_softmax/acc_numeric_errors[40]
                         LUT2 (Prop_LUT2_I0_O)        0.038     1.505 r  u_softmax/numeric_error_count[40]_INST_0_i_8/O
                         net (fo=1, unplaced)         0.020     1.525    u_softmax/numeric_error_count[40]_INST_0_i_8_n_0
                         CARRY8 (Prop_CARRY8_S[0]_CO[7])
                                                      0.199     1.724 r  u_softmax/numeric_error_count[40]_INST_0/CO[7]
                         net (fo=1, unplaced)         0.005     1.729    u_softmax/numeric_error_count[40]_INST_0_n_0
                         CARRY8 (Prop_CARRY8_CI_O[7])
                                                      0.116     1.845 r  u_softmax/numeric_error_count[48]_INST_0/O[7]
                         net (fo=0)                   0.000     1.845    b2_numeric_errors[55]
                                                                      r  b2_numeric_errors[55] (OUT)
  -------------------------------------------------------------------    -------------------

Slack:                    inf
  Source:                 u_softmax/u_accuracy/u_reciprocal/numeric_error_count_reg[2]/C
                            (rising edge-triggered cell FDCE clocked by core_clk  {rise@0.000ns fall@3.333ns period=6.666ns})
  Destination:            b2_numeric_errors[60]
                            (output port)
  Path Group:             (none)
  Path Type:              Max at Slow Process Corner
  Data Path Delay:        1.842ns  (logic 0.902ns (48.969%)  route 0.940ns (51.031%))
  Logic Levels:           13  (CARRY8=9 LUT2=1 LUT3=1 LUT5=1 LUT6=1)
  Clock Uncertainty:      0.025ns  ((TSJ^2 + TIJ^2)^1/2 + DJ) / 2 + PE
    Total System Jitter     (TSJ):    0.050ns
    Total Input Jitter      (TIJ):    0.000ns
    Discrete Jitter          (DJ):    0.000ns
    Phase Error              (PE):    0.000ns
  Timing Exception:       False Path

    Location             Delay type                Incr(ns)  Path(ns)    Netlist Resource(s)
  -------------------------------------------------------------------    -------------------
                         (clock core_clk rise edge)
                                                      0.000     0.000 r  
                                                      0.000     0.000 r  clk (IN)
                         net (fo=59650, unset)        0.000     0.000    u_softmax/u_accuracy/u_reciprocal/clk
                         FDCE                                         r  u_softmax/u_accuracy/u_reciprocal/numeric_error_count_reg[2]/C
  -------------------------------------------------------------------    -------------------
                         FDCE (Prop_FDCE_C_Q)         0.078     0.078 r  u_softmax/u_accuracy/u_reciprocal/numeric_error_count_reg[2]/Q
                         net (fo=4, unplaced)         0.151     0.229    u_softmax/u_accuracy/reciprocal_numeric_errors[2]
                         LUT3 (Prop_LUT3_I0_O)        0.090     0.319 r  u_softmax/u_accuracy/numeric_error_count[0]_INST_0_i_20/O
                         net (fo=3, unplaced)         0.238     0.557    u_softmax/u_accuracy/numeric_error_count[0]_INST_0_i_20_n_0
                         LUT5 (Prop_LUT5_I4_O)        0.038     0.595 r  u_softmax/u_accuracy/numeric_error_count[0]_INST_0_i_5/O
                         net (fo=2, unplaced)         0.232     0.827    u_softmax/u_accuracy/numeric_error_count[0]_INST_0_i_5_n_0
                         LUT6 (Prop_LUT6_I0_O)        0.037     0.864 r  u_softmax/u_accuracy/numeric_error_count[0]_INST_0_i_12/O
                         net (fo=1, unplaced)         0.032     0.896    u_softmax/u_accuracy/numeric_error_count[0]_INST_0_i_12_n_0
                         CARRY8 (Prop_CARRY8_S[3]_CO[7])
                                                      0.170     1.066 r  u_softmax/u_accuracy/numeric_error_count[0]_INST_0/CO[7]
                         net (fo=1, unplaced)         0.005     1.071    u_softmax/u_accuracy/numeric_error_count[0]_INST_0_n_0
                         CARRY8 (Prop_CARRY8_CI_CO[7])
                                                      0.022     1.093 r  u_softmax/u_accuracy/numeric_error_count[8]_INST_0/CO[7]
                         net (fo=1, unplaced)         0.005     1.098    u_softmax/u_accuracy/numeric_error_count[8]_INST_0_n_0
                         CARRY8 (Prop_CARRY8_CI_CO[7])
                                                      0.022     1.120 r  u_softmax/u_accuracy/numeric_error_count[16]_INST_0/CO[7]
                         net (fo=1, unplaced)         0.005     1.125    u_softmax/u_accuracy/numeric_error_count[16]_INST_0_n_0
                         CARRY8 (Prop_CARRY8_CI_CO[7])
                                                      0.022     1.147 r  u_softmax/u_accuracy/numeric_error_count[24]_INST_0/CO[7]
                         net (fo=1, unplaced)         0.005     1.152    u_softmax/u_accuracy/numeric_error_count[24]_INST_0_n_0
                         CARRY8 (Prop_CARRY8_CI_CO[7])
                                                      0.022     1.174 r  u_softmax/u_accuracy/numeric_error_count[32]_INST_0/CO[7]
                         net (fo=1, unplaced)         0.005     1.179    u_softmax/u_accuracy/numeric_error_count[32]_INST_0_n_0
                         CARRY8 (Prop_CARRY8_CI_CO[7])
                                                      0.022     1.201 r  u_softmax/u_accuracy/numeric_error_count[40]_INST_0/CO[7]
                         net (fo=1, unplaced)         0.005     1.206    u_softmax/u_accuracy/numeric_error_count[40]_INST_0_n_0
                         CARRY8 (Prop_CARRY8_CI_O[0])
                                                      0.056     1.262 r  u_softmax/u_accuracy/numeric_error_count[48]_INST_0/O[0]
                         net (fo=2, unplaced)         0.232     1.494    u_softmax/acc_numeric_errors[48]
                         LUT2 (Prop_LUT2_I0_O)        0.038     1.532 r  u_softmax/numeric_error_count[48]_INST_0_i_8/O
                         net (fo=1, unplaced)         0.020     1.552    u_softmax/numeric_error_count[48]_INST_0_i_8_n_0
                         CARRY8 (Prop_CARRY8_S[0]_CO[7])
                                                      0.199     1.751 r  u_softmax/numeric_error_count[48]_INST_0/CO[7]
                         net (fo=1, unplaced)         0.005     1.756    u_softmax/numeric_error_count[48]_INST_0_n_0
                         CARRY8 (Prop_CARRY8_CI_O[4])
                                                      0.086     1.842 r  u_softmax/numeric_error_count[56]_INST_0/O[4]
                         net (fo=0)                   0.000     1.842    b2_numeric_errors[60]
                                                                      r  b2_numeric_errors[60] (OUT)
  -------------------------------------------------------------------    -------------------

Slack:                    inf
  Source:                 u_softmax/u_accuracy/u_reciprocal/numeric_error_count_reg[2]/C
                            (rising edge-triggered cell FDCE clocked by core_clk  {rise@0.000ns fall@3.333ns period=6.666ns})
  Destination:            b2_numeric_errors[59]
                            (output port)
  Path Group:             (none)
  Path Type:              Max at Slow Process Corner
  Data Path Delay:        1.838ns  (logic 0.898ns (48.857%)  route 0.940ns (51.143%))
  Logic Levels:           13  (CARRY8=9 LUT2=1 LUT3=1 LUT5=1 LUT6=1)
  Clock Uncertainty:      0.025ns  ((TSJ^2 + TIJ^2)^1/2 + DJ) / 2 + PE
    Total System Jitter     (TSJ):    0.050ns
    Total Input Jitter      (TIJ):    0.000ns
    Discrete Jitter          (DJ):    0.000ns
    Phase Error              (PE):    0.000ns
  Timing Exception:       False Path

    Location             Delay type                Incr(ns)  Path(ns)    Netlist Resource(s)
  -------------------------------------------------------------------    -------------------
                         (clock core_clk rise edge)
                                                      0.000     0.000 r  
                                                      0.000     0.000 r  clk (IN)
                         net (fo=59650, unset)        0.000     0.000    u_softmax/u_accuracy/u_reciprocal/clk
                         FDCE                                         r  u_softmax/u_accuracy/u_reciprocal/numeric_error_count_reg[2]/C
  -------------------------------------------------------------------    -------------------
                         FDCE (Prop_FDCE_C_Q)         0.078     0.078 r  u_softmax/u_accuracy/u_reciprocal/numeric_error_count_reg[2]/Q
                         net (fo=4, unplaced)         0.151     0.229    u_softmax/u_accuracy/reciprocal_numeric_errors[2]
                         LUT3 (Prop_LUT3_I0_O)        0.090     0.319 r  u_softmax/u_accuracy/numeric_error_count[0]_INST_0_i_20/O
                         net (fo=3, unplaced)         0.238     0.557    u_softmax/u_accuracy/numeric_error_count[0]_INST_0_i_20_n_0
                         LUT5 (Prop_LUT5_I4_O)        0.038     0.595 r  u_softmax/u_accuracy/numeric_error_count[0]_INST_0_i_5/O
                         net (fo=2, unplaced)         0.232     0.827    u_softmax/u_accuracy/numeric_error_count[0]_INST_0_i_5_n_0
                         LUT6 (Prop_LUT6_I0_O)        0.037     0.864 r  u_softmax/u_accuracy/numeric_error_count[0]_INST_0_i_12/O
                         net (fo=1, unplaced)         0.032     0.896    u_softmax/u_accuracy/numeric_error_count[0]_INST_0_i_12_n_0
                         CARRY8 (Prop_CARRY8_S[3]_CO[7])
                                                      0.170     1.066 r  u_softmax/u_accuracy/numeric_error_count[0]_INST_0/CO[7]
                         net (fo=1, unplaced)         0.005     1.071    u_softmax/u_accuracy/numeric_error_count[0]_INST_0_n_0
                         CARRY8 (Prop_CARRY8_CI_CO[7])
                                                      0.022     1.093 r  u_softmax/u_accuracy/numeric_error_count[8]_INST_0/CO[7]
                         net (fo=1, unplaced)         0.005     1.098    u_softmax/u_accuracy/numeric_error_count[8]_INST_0_n_0
                         CARRY8 (Prop_CARRY8_CI_CO[7])
                                                      0.022     1.120 r  u_softmax/u_accuracy/numeric_error_count[16]_INST_0/CO[7]
                         net (fo=1, unplaced)         0.005     1.125    u_softmax/u_accuracy/numeric_error_count[16]_INST_0_n_0
                         CARRY8 (Prop_CARRY8_CI_CO[7])
                                                      0.022     1.147 r  u_softmax/u_accuracy/numeric_error_count[24]_INST_0/CO[7]
                         net (fo=1, unplaced)         0.005     1.152    u_softmax/u_accuracy/numeric_error_count[24]_INST_0_n_0
                         CARRY8 (Prop_CARRY8_CI_CO[7])
                                                      0.022     1.174 r  u_softmax/u_accuracy/numeric_error_count[32]_INST_0/CO[7]
                         net (fo=1, unplaced)         0.005     1.179    u_softmax/u_accuracy/numeric_error_count[32]_INST_0_n_0
                         CARRY8 (Prop_CARRY8_CI_CO[7])
                                                      0.022     1.201 r  u_softmax/u_accuracy/numeric_error_count[40]_INST_0/CO[7]
                         net (fo=1, unplaced)         0.005     1.206    u_softmax/u_accuracy/numeric_error_count[40]_INST_0_n_0
                         CARRY8 (Prop_CARRY8_CI_O[0])
                                                      0.056     1.262 r  u_softmax/u_accuracy/numeric_error_count[48]_INST_0/O[0]
                         net (fo=2, unplaced)         0.232     1.494    u_softmax/acc_numeric_errors[48]
                         LUT2 (Prop_LUT2_I0_O)        0.038     1.532 r  u_softmax/numeric_error_count[48]_INST_0_i_8/O
                         net (fo=1, unplaced)         0.020     1.552    u_softmax/numeric_error_count[48]_INST_0_i_8_n_0
                         CARRY8 (Prop_CARRY8_S[0]_CO[7])
                                                      0.199     1.751 r  u_softmax/numeric_error_count[48]_INST_0/CO[7]
                         net (fo=1, unplaced)         0.005     1.756    u_softmax/numeric_error_count[48]_INST_0_n_0
                         CARRY8 (Prop_CARRY8_CI_O[3])
                                                      0.082     1.838 r  u_softmax/numeric_error_count[56]_INST_0/O[3]
                         net (fo=0)                   0.000     1.838    b2_numeric_errors[59]
                                                                      r  b2_numeric_errors[59] (OUT)
  -------------------------------------------------------------------    -------------------

Slack:                    inf
  Source:                 u_pv/u_controller/row_queue_reg[2][0]/C
                            (rising edge-triggered cell FDCE clocked by core_clk  {rise@0.000ns fall@3.333ns period=6.666ns})
  Destination:            out_tensor_last
                            (output port)
  Path Group:             (none)
  Path Type:              Max at Slow Process Corner
  Data Path Delay:        1.833ns  (logic 0.486ns (26.514%)  route 1.347ns (73.486%))
  Logic Levels:           6  (LUT4=2 LUT5=3 LUT6=1)
  Clock Uncertainty:      0.025ns  ((TSJ^2 + TIJ^2)^1/2 + DJ) / 2 + PE
    Total System Jitter     (TSJ):    0.050ns
    Total Input Jitter      (TIJ):    0.000ns
    Discrete Jitter          (DJ):    0.000ns
    Phase Error              (PE):    0.000ns
  Timing Exception:       False Path

    Location             Delay type                Incr(ns)  Path(ns)    Netlist Resource(s)
  -------------------------------------------------------------------    -------------------
                         (clock core_clk rise edge)
                                                      0.000     0.000 r  
                                                      0.000     0.000 r  clk (IN)
                         net (fo=59650, unset)        0.000     0.000    u_pv/u_controller/clk
                         FDCE                                         r  u_pv/u_controller/row_queue_reg[2][0]/C
  -------------------------------------------------------------------    -------------------
                         FDCE (Prop_FDCE_C_Q)         0.077     0.077 r  u_pv/u_controller/row_queue_reg[2][0]/Q
                         net (fo=1, unplaced)         0.145     0.222    u_pv/u_controller/row_queue_reg[2][0]
                         LUT5 (Prop_LUT5_I0_O)        0.125     0.347 f  u_pv/u_controller/weight_release_valid_INST_0_i_3/O
                         net (fo=5, unplaced)         0.250     0.597    u_pv/u_controller/weight_release_valid_INST_0_i_3_n_0
                         LUT4 (Prop_LUT4_I0_O)        0.038     0.635 r  u_pv/u_controller/weight_release_slot_id[0]_INST_0/O
                         net (fo=48, unplaced)        0.301     0.936    u_pv/u_controller/weight_release_slot_id[0]
                         LUT5 (Prop_LUT5_I3_O)        0.070     1.006 f  u_pv/u_controller/out_tensor_last_INST_0_i_11/O
                         net (fo=1, unplaced)         0.187     1.193    u_pv/u_controller/out_tensor_last_INST_0_i_11_n_0
                         LUT4 (Prop_LUT4_I0_O)        0.100     1.293 f  u_pv/u_controller/out_tensor_last_INST_0_i_10/O
                         net (fo=1, unplaced)         0.232     1.525    u_pv/u_controller/out_tensor_last_INST_0_i_10_n_0
                         LUT5 (Prop_LUT5_I4_O)        0.038     1.563 f  u_pv/u_controller/out_tensor_last_INST_0_i_5/O
                         net (fo=1, unplaced)         0.232     1.795    u_pv/u_controller/out_tensor_last_INST_0_i_5_n_0
                         LUT6 (Prop_LUT6_I5_O)        0.038     1.833 r  u_pv/u_controller/out_tensor_last_INST_0/O
                         net (fo=0)                   0.000     1.833    out_tensor_last
                                                                      r  out_tensor_last (OUT)
  -------------------------------------------------------------------    -------------------

Slack:                    inf
  Source:                 u_softmax/u_accuracy/u_reciprocal/numeric_error_count_reg[2]/C
                            (rising edge-triggered cell FDCE clocked by core_clk  {rise@0.000ns fall@3.333ns period=6.666ns})
  Destination:            b2_numeric_errors[54]
                            (output port)
  Path Group:             (none)
  Path Type:              Max at Slow Process Corner
  Data Path Delay:        1.832ns  (logic 0.897ns (48.963%)  route 0.935ns (51.037%))
  Logic Levels:           12  (CARRY8=8 LUT2=1 LUT3=1 LUT5=1 LUT6=1)
  Clock Uncertainty:      0.025ns  ((TSJ^2 + TIJ^2)^1/2 + DJ) / 2 + PE
    Total System Jitter     (TSJ):    0.050ns
    Total Input Jitter      (TIJ):    0.000ns
    Discrete Jitter          (DJ):    0.000ns
    Phase Error              (PE):    0.000ns
  Timing Exception:       False Path

    Location             Delay type                Incr(ns)  Path(ns)    Netlist Resource(s)
  -------------------------------------------------------------------    -------------------
                         (clock core_clk rise edge)
                                                      0.000     0.000 r  
                                                      0.000     0.000 r  clk (IN)
                         net (fo=59650, unset)        0.000     0.000    u_softmax/u_accuracy/u_reciprocal/clk
                         FDCE                                         r  u_softmax/u_accuracy/u_reciprocal/numeric_error_count_reg[2]/C
  -------------------------------------------------------------------    -------------------
                         FDCE (Prop_FDCE_C_Q)         0.078     0.078 r  u_softmax/u_accuracy/u_reciprocal/numeric_error_count_reg[2]/Q
                         net (fo=4, unplaced)         0.151     0.229    u_softmax/u_accuracy/reciprocal_numeric_errors[2]
                         LUT3 (Prop_LUT3_I0_O)        0.090     0.319 r  u_softmax/u_accuracy/numeric_error_count[0]_INST_0_i_20/O
                         net (fo=3, unplaced)         0.238     0.557    u_softmax/u_accuracy/numeric_error_count[0]_INST_0_i_20_n_0
                         LUT5 (Prop_LUT5_I4_O)        0.038     0.595 r  u_softmax/u_accuracy/numeric_error_count[0]_INST_0_i_5/O
                         net (fo=2, unplaced)         0.232     0.827    u_softmax/u_accuracy/numeric_error_count[0]_INST_0_i_5_n_0
                         LUT6 (Prop_LUT6_I0_O)        0.037     0.864 r  u_softmax/u_accuracy/numeric_error_count[0]_INST_0_i_12/O
                         net (fo=1, unplaced)         0.032     0.896    u_softmax/u_accuracy/numeric_error_count[0]_INST_0_i_12_n_0
                         CARRY8 (Prop_CARRY8_S[3]_CO[7])
                                                      0.170     1.066 r  u_softmax/u_accuracy/numeric_error_count[0]_INST_0/CO[7]
                         net (fo=1, unplaced)         0.005     1.071    u_softmax/u_accuracy/numeric_error_count[0]_INST_0_n_0
                         CARRY8 (Prop_CARRY8_CI_CO[7])
                                                      0.022     1.093 r  u_softmax/u_accuracy/numeric_error_count[8]_INST_0/CO[7]
                         net (fo=1, unplaced)         0.005     1.098    u_softmax/u_accuracy/numeric_error_count[8]_INST_0_n_0
                         CARRY8 (Prop_CARRY8_CI_CO[7])
                                                      0.022     1.120 r  u_softmax/u_accuracy/numeric_error_count[16]_INST_0/CO[7]
                         net (fo=1, unplaced)         0.005     1.125    u_softmax/u_accuracy/numeric_error_count[16]_INST_0_n_0
                         CARRY8 (Prop_CARRY8_CI_CO[7])
                                                      0.022     1.147 r  u_softmax/u_accuracy/numeric_error_count[24]_INST_0/CO[7]
                         net (fo=1, unplaced)         0.005     1.152    u_softmax/u_accuracy/numeric_error_count[24]_INST_0_n_0
                         CARRY8 (Prop_CARRY8_CI_CO[7])
                                                      0.022     1.174 r  u_softmax/u_accuracy/numeric_error_count[32]_INST_0/CO[7]
                         net (fo=1, unplaced)         0.005     1.179    u_softmax/u_accuracy/numeric_error_count[32]_INST_0_n_0
                         CARRY8 (Prop_CARRY8_CI_O[0])
                                                      0.056     1.235 r  u_softmax/u_accuracy/numeric_error_count[40]_INST_0/O[0]
                         net (fo=2, unplaced)         0.232     1.467    u_softmax/acc_numeric_errors[40]
                         LUT2 (Prop_LUT2_I0_O)        0.038     1.505 r  u_softmax/numeric_error_count[40]_INST_0_i_8/O
                         net (fo=1, unplaced)         0.020     1.525    u_softmax/numeric_error_count[40]_INST_0_i_8_n_0
                         CARRY8 (Prop_CARRY8_S[0]_CO[7])
                                                      0.199     1.724 r  u_softmax/numeric_error_count[40]_INST_0/CO[7]
                         net (fo=1, unplaced)         0.005     1.729    u_softmax/numeric_error_count[40]_INST_0_n_0
                         CARRY8 (Prop_CARRY8_CI_O[6])
                                                      0.103     1.832 r  u_softmax/numeric_error_count[48]_INST_0/O[6]
                         net (fo=0)                   0.000     1.832    b2_numeric_errors[54]
                                                                      r  b2_numeric_errors[54] (OUT)
  -------------------------------------------------------------------    -------------------

Slack:                    inf
  Source:                 u_softmax/u_accuracy/u_reciprocal/numeric_error_count_reg[2]/C
                            (rising edge-triggered cell FDCE clocked by core_clk  {rise@0.000ns fall@3.333ns period=6.666ns})
  Destination:            b2_numeric_errors[57]
                            (output port)
  Path Group:             (none)
  Path Type:              Max at Slow Process Corner
  Data Path Delay:        1.832ns  (logic 0.892ns (48.690%)  route 0.940ns (51.310%))
  Logic Levels:           13  (CARRY8=9 LUT2=1 LUT3=1 LUT5=1 LUT6=1)
  Clock Uncertainty:      0.025ns  ((TSJ^2 + TIJ^2)^1/2 + DJ) / 2 + PE
    Total System Jitter     (TSJ):    0.050ns
    Total Input Jitter      (TIJ):    0.000ns
    Discrete Jitter          (DJ):    0.000ns
    Phase Error              (PE):    0.000ns
  Timing Exception:       False Path

    Location             Delay type                Incr(ns)  Path(ns)    Netlist Resource(s)
  -------------------------------------------------------------------    -------------------
                         (clock core_clk rise edge)
                                                      0.000     0.000 r  
                                                      0.000     0.000 r  clk (IN)
                         net (fo=59650, unset)        0.000     0.000    u_softmax/u_accuracy/u_reciprocal/clk
                         FDCE                                         r  u_softmax/u_accuracy/u_reciprocal/numeric_error_count_reg[2]/C
  -------------------------------------------------------------------    -------------------
                         FDCE (Prop_FDCE_C_Q)         0.078     0.078 r  u_softmax/u_accuracy/u_reciprocal/numeric_error_count_reg[2]/Q
                         net (fo=4, unplaced)         0.151     0.229    u_softmax/u_accuracy/reciprocal_numeric_errors[2]
                         LUT3 (Prop_LUT3_I0_O)        0.090     0.319 r  u_softmax/u_accuracy/numeric_error_count[0]_INST_0_i_20/O
                         net (fo=3, unplaced)         0.238     0.557    u_softmax/u_accuracy/numeric_error_count[0]_INST_0_i_20_n_0
                         LUT5 (Prop_LUT5_I4_O)        0.038     0.595 r  u_softmax/u_accuracy/numeric_error_count[0]_INST_0_i_5/O
                         net (fo=2, unplaced)         0.232     0.827    u_softmax/u_accuracy/numeric_error_count[0]_INST_0_i_5_n_0
                         LUT6 (Prop_LUT6_I0_O)        0.037     0.864 r  u_softmax/u_accuracy/numeric_error_count[0]_INST_0_i_12/O
                         net (fo=1, unplaced)         0.032     0.896    u_softmax/u_accuracy/numeric_error_count[0]_INST_0_i_12_n_0
                         CARRY8 (Prop_CARRY8_S[3]_CO[7])
                                                      0.170     1.066 r  u_softmax/u_accuracy/numeric_error_count[0]_INST_0/CO[7]
                         net (fo=1, unplaced)         0.005     1.071    u_softmax/u_accuracy/numeric_error_count[0]_INST_0_n_0
                         CARRY8 (Prop_CARRY8_CI_CO[7])
                                                      0.022     1.093 r  u_softmax/u_accuracy/numeric_error_count[8]_INST_0/CO[7]
                         net (fo=1, unplaced)         0.005     1.098    u_softmax/u_accuracy/numeric_error_count[8]_INST_0_n_0
                         CARRY8 (Prop_CARRY8_CI_CO[7])
                                                      0.022     1.120 r  u_softmax/u_accuracy/numeric_error_count[16]_INST_0/CO[7]
                         net (fo=1, unplaced)         0.005     1.125    u_softmax/u_accuracy/numeric_error_count[16]_INST_0_n_0
                         CARRY8 (Prop_CARRY8_CI_CO[7])
                                                      0.022     1.147 r  u_softmax/u_accuracy/numeric_error_count[24]_INST_0/CO[7]
                         net (fo=1, unplaced)         0.005     1.152    u_softmax/u_accuracy/numeric_error_count[24]_INST_0_n_0
                         CARRY8 (Prop_CARRY8_CI_CO[7])
                                                      0.022     1.174 r  u_softmax/u_accuracy/numeric_error_count[32]_INST_0/CO[7]
                         net (fo=1, unplaced)         0.005     1.179    u_softmax/u_accuracy/numeric_error_count[32]_INST_0_n_0
                         CARRY8 (Prop_CARRY8_CI_CO[7])
                                                      0.022     1.201 r  u_softmax/u_accuracy/numeric_error_count[40]_INST_0/CO[7]
                         net (fo=1, unplaced)         0.005     1.206    u_softmax/u_accuracy/numeric_error_count[40]_INST_0_n_0
                         CARRY8 (Prop_CARRY8_CI_O[0])
                                                      0.056     1.262 r  u_softmax/u_accuracy/numeric_error_count[48]_INST_0/O[0]
                         net (fo=2, unplaced)         0.232     1.494    u_softmax/acc_numeric_errors[48]
                         LUT2 (Prop_LUT2_I0_O)        0.038     1.532 r  u_softmax/numeric_error_count[48]_INST_0_i_8/O
                         net (fo=1, unplaced)         0.020     1.552    u_softmax/numeric_error_count[48]_INST_0_i_8_n_0
                         CARRY8 (Prop_CARRY8_S[0]_CO[7])
                                                      0.199     1.751 r  u_softmax/numeric_error_count[48]_INST_0/CO[7]
                         net (fo=1, unplaced)         0.005     1.756    u_softmax/numeric_error_count[48]_INST_0_n_0
                         CARRY8 (Prop_CARRY8_CI_O[1])
                                                      0.076     1.832 r  u_softmax/numeric_error_count[56]_INST_0/O[1]
                         net (fo=0)                   0.000     1.832    b2_numeric_errors[57]
                                                                      r  b2_numeric_errors[57] (OUT)
  -------------------------------------------------------------------    -------------------

Slack:                    inf
  Source:                 u_softmax/u_accuracy/u_reciprocal/numeric_error_count_reg[2]/C
                            (rising edge-triggered cell FDCE clocked by core_clk  {rise@0.000ns fall@3.333ns period=6.666ns})
  Destination:            b2_numeric_errors[58]
                            (output port)
  Path Group:             (none)
  Path Type:              Max at Slow Process Corner
  Data Path Delay:        1.823ns  (logic 0.883ns (48.437%)  route 0.940ns (51.563%))
  Logic Levels:           13  (CARRY8=9 LUT2=1 LUT3=1 LUT5=1 LUT6=1)
  Clock Uncertainty:      0.025ns  ((TSJ^2 + TIJ^2)^1/2 + DJ) / 2 + PE
    Total System Jitter     (TSJ):    0.050ns
    Total Input Jitter      (TIJ):    0.000ns
    Discrete Jitter          (DJ):    0.000ns
    Phase Error              (PE):    0.000ns
  Timing Exception:       False Path

    Location             Delay type                Incr(ns)  Path(ns)    Netlist Resource(s)
  -------------------------------------------------------------------    -------------------
                         (clock core_clk rise edge)
                                                      0.000     0.000 r  
                                                      0.000     0.000 r  clk (IN)
                         net (fo=59650, unset)        0.000     0.000    u_softmax/u_accuracy/u_reciprocal/clk
                         FDCE                                         r  u_softmax/u_accuracy/u_reciprocal/numeric_error_count_reg[2]/C
  -------------------------------------------------------------------    -------------------
                         FDCE (Prop_FDCE_C_Q)         0.078     0.078 r  u_softmax/u_accuracy/u_reciprocal/numeric_error_count_reg[2]/Q
                         net (fo=4, unplaced)         0.151     0.229    u_softmax/u_accuracy/reciprocal_numeric_errors[2]
                         LUT3 (Prop_LUT3_I0_O)        0.090     0.319 r  u_softmax/u_accuracy/numeric_error_count[0]_INST_0_i_20/O
                         net (fo=3, unplaced)         0.238     0.557    u_softmax/u_accuracy/numeric_error_count[0]_INST_0_i_20_n_0
                         LUT5 (Prop_LUT5_I4_O)        0.038     0.595 r  u_softmax/u_accuracy/numeric_error_count[0]_INST_0_i_5/O
                         net (fo=2, unplaced)         0.232     0.827    u_softmax/u_accuracy/numeric_error_count[0]_INST_0_i_5_n_0
                         LUT6 (Prop_LUT6_I0_O)        0.037     0.864 r  u_softmax/u_accuracy/numeric_error_count[0]_INST_0_i_12/O
                         net (fo=1, unplaced)         0.032     0.896    u_softmax/u_accuracy/numeric_error_count[0]_INST_0_i_12_n_0
                         CARRY8 (Prop_CARRY8_S[3]_CO[7])
                                                      0.170     1.066 r  u_softmax/u_accuracy/numeric_error_count[0]_INST_0/CO[7]
                         net (fo=1, unplaced)         0.005     1.071    u_softmax/u_accuracy/numeric_error_count[0]_INST_0_n_0
                         CARRY8 (Prop_CARRY8_CI_CO[7])
                                                      0.022     1.093 r  u_softmax/u_accuracy/numeric_error_count[8]_INST_0/CO[7]
                         net (fo=1, unplaced)         0.005     1.098    u_softmax/u_accuracy/numeric_error_count[8]_INST_0_n_0
                         CARRY8 (Prop_CARRY8_CI_CO[7])
                                                      0.022     1.120 r  u_softmax/u_accuracy/numeric_error_count[16]_INST_0/CO[7]
                         net (fo=1, unplaced)         0.005     1.125    u_softmax/u_accuracy/numeric_error_count[16]_INST_0_n_0
                         CARRY8 (Prop_CARRY8_CI_CO[7])
                                                      0.022     1.147 r  u_softmax/u_accuracy/numeric_error_count[24]_INST_0/CO[7]
                         net (fo=1, unplaced)         0.005     1.152    u_softmax/u_accuracy/numeric_error_count[24]_INST_0_n_0
                         CARRY8 (Prop_CARRY8_CI_CO[7])
                                                      0.022     1.174 r  u_softmax/u_accuracy/numeric_error_count[32]_INST_0/CO[7]
                         net (fo=1, unplaced)         0.005     1.179    u_softmax/u_accuracy/numeric_error_count[32]_INST_0_n_0
                         CARRY8 (Prop_CARRY8_CI_CO[7])
                                                      0.022     1.201 r  u_softmax/u_accuracy/numeric_error_count[40]_INST_0/CO[7]
                         net (fo=1, unplaced)         0.005     1.206    u_softmax/u_accuracy/numeric_error_count[40]_INST_0_n_0
                         CARRY8 (Prop_CARRY8_CI_O[0])
                                                      0.056     1.262 r  u_softmax/u_accuracy/numeric_error_count[48]_INST_0/O[0]
                         net (fo=2, unplaced)         0.232     1.494    u_softmax/acc_numeric_errors[48]
                         LUT2 (Prop_LUT2_I0_O)        0.038     1.532 r  u_softmax/numeric_error_count[48]_INST_0_i_8/O
                         net (fo=1, unplaced)         0.020     1.552    u_softmax/numeric_error_count[48]_INST_0_i_8_n_0
                         CARRY8 (Prop_CARRY8_S[0]_CO[7])
                                                      0.199     1.751 r  u_softmax/numeric_error_count[48]_INST_0/CO[7]
                         net (fo=1, unplaced)         0.005     1.756    u_softmax/numeric_error_count[48]_INST_0_n_0
                         CARRY8 (Prop_CARRY8_CI_O[2])
                                                      0.067     1.823 r  u_softmax/numeric_error_count[56]_INST_0/O[2]
                         net (fo=0)                   0.000     1.823    b2_numeric_errors[58]
                                                                      r  b2_numeric_errors[58] (OUT)
  -------------------------------------------------------------------    -------------------

Slack:                    inf
  Source:                 u_softmax/u_accuracy/u_reciprocal/numeric_error_count_reg[2]/C
                            (rising edge-triggered cell FDCE clocked by core_clk  {rise@0.000ns fall@3.333ns period=6.666ns})
  Destination:            b2_numeric_errors[45]
                            (output port)
  Path Group:             (none)
  Path Type:              Max at Slow Process Corner
  Data Path Delay:        1.818ns  (logic 0.888ns (48.845%)  route 0.930ns (51.155%))
  Logic Levels:           11  (CARRY8=7 LUT2=1 LUT3=1 LUT5=1 LUT6=1)
  Clock Uncertainty:      0.025ns  ((TSJ^2 + TIJ^2)^1/2 + DJ) / 2 + PE
    Total System Jitter     (TSJ):    0.050ns
    Total Input Jitter      (TIJ):    0.000ns
    Discrete Jitter          (DJ):    0.000ns
    Phase Error              (PE):    0.000ns
  Timing Exception:       False Path

    Location             Delay type                Incr(ns)  Path(ns)    Netlist Resource(s)
  -------------------------------------------------------------------    -------------------
                         (clock core_clk rise edge)
                                                      0.000     0.000 r  
                                                      0.000     0.000 r  clk (IN)
                         net (fo=59650, unset)        0.000     0.000    u_softmax/u_accuracy/u_reciprocal/clk
                         FDCE                                         r  u_softmax/u_accuracy/u_reciprocal/numeric_error_count_reg[2]/C
  -------------------------------------------------------------------    -------------------
                         FDCE (Prop_FDCE_C_Q)         0.078     0.078 r  u_softmax/u_accuracy/u_reciprocal/numeric_error_count_reg[2]/Q
                         net (fo=4, unplaced)         0.151     0.229    u_softmax/u_accuracy/reciprocal_numeric_errors[2]
                         LUT3 (Prop_LUT3_I0_O)        0.090     0.319 r  u_softmax/u_accuracy/numeric_error_count[0]_INST_0_i_20/O
                         net (fo=3, unplaced)         0.238     0.557    u_softmax/u_accuracy/numeric_error_count[0]_INST_0_i_20_n_0
                         LUT5 (Prop_LUT5_I4_O)        0.038     0.595 r  u_softmax/u_accuracy/numeric_error_count[0]_INST_0_i_5/O
                         net (fo=2, unplaced)         0.232     0.827    u_softmax/u_accuracy/numeric_error_count[0]_INST_0_i_5_n_0
                         LUT6 (Prop_LUT6_I0_O)        0.037     0.864 r  u_softmax/u_accuracy/numeric_error_count[0]_INST_0_i_12/O
                         net (fo=1, unplaced)         0.032     0.896    u_softmax/u_accuracy/numeric_error_count[0]_INST_0_i_12_n_0
                         CARRY8 (Prop_CARRY8_S[3]_CO[7])
                                                      0.170     1.066 r  u_softmax/u_accuracy/numeric_error_count[0]_INST_0/CO[7]
                         net (fo=1, unplaced)         0.005     1.071    u_softmax/u_accuracy/numeric_error_count[0]_INST_0_n_0
                         CARRY8 (Prop_CARRY8_CI_CO[7])
                                                      0.022     1.093 r  u_softmax/u_accuracy/numeric_error_count[8]_INST_0/CO[7]
                         net (fo=1, unplaced)         0.005     1.098    u_softmax/u_accuracy/numeric_error_count[8]_INST_0_n_0
                         CARRY8 (Prop_CARRY8_CI_CO[7])
                                                      0.022     1.120 r  u_softmax/u_accuracy/numeric_error_count[16]_INST_0/CO[7]
                         net (fo=1, unplaced)         0.005     1.125    u_softmax/u_accuracy/numeric_error_count[16]_INST_0_n_0
                         CARRY8 (Prop_CARRY8_CI_CO[7])
                                                      0.022     1.147 r  u_softmax/u_accuracy/numeric_error_count[24]_INST_0/CO[7]
                         net (fo=1, unplaced)         0.005     1.152    u_softmax/u_accuracy/numeric_error_count[24]_INST_0_n_0
                         CARRY8 (Prop_CARRY8_CI_O[0])
                                                      0.056     1.208 r  u_softmax/u_accuracy/numeric_error_count[32]_INST_0/O[0]
                         net (fo=2, unplaced)         0.232     1.440    u_softmax/acc_numeric_errors[32]
                         LUT2 (Prop_LUT2_I0_O)        0.038     1.478 r  u_softmax/numeric_error_count[32]_INST_0_i_8/O
                         net (fo=1, unplaced)         0.020     1.498    u_softmax/numeric_error_count[32]_INST_0_i_8_n_0
                         CARRY8 (Prop_CARRY8_S[0]_CO[7])
                                                      0.199     1.697 r  u_softmax/numeric_error_count[32]_INST_0/CO[7]
                         net (fo=1, unplaced)         0.005     1.702    u_softmax/numeric_error_count[32]_INST_0_n_0
                         CARRY8 (Prop_CARRY8_CI_O[5])
                                                      0.116     1.818 r  u_softmax/numeric_error_count[40]_INST_0/O[5]
                         net (fo=0)                   0.000     1.818    b2_numeric_errors[45]
                                                                      r  b2_numeric_errors[45] (OUT)
  -------------------------------------------------------------------    -------------------

Slack:                    inf
  Source:                 u_softmax/u_accuracy/u_reciprocal/numeric_error_count_reg[2]/C
                            (rising edge-triggered cell FDCE clocked by core_clk  {rise@0.000ns fall@3.333ns period=6.666ns})
  Destination:            b2_numeric_errors[47]
                            (output port)
  Path Group:             (none)
  Path Type:              Max at Slow Process Corner
  Data Path Delay:        1.818ns  (logic 0.888ns (48.845%)  route 0.930ns (51.155%))
  Logic Levels:           11  (CARRY8=7 LUT2=1 LUT3=1 LUT5=1 LUT6=1)
  Clock Uncertainty:      0.025ns  ((TSJ^2 + TIJ^2)^1/2 + DJ) / 2 + PE
    Total System Jitter     (TSJ):    0.050ns
    Total Input Jitter      (TIJ):    0.000ns
    Discrete Jitter          (DJ):    0.000ns
    Phase Error              (PE):    0.000ns
  Timing Exception:       False Path

    Location             Delay type                Incr(ns)  Path(ns)    Netlist Resource(s)
  -------------------------------------------------------------------    -------------------
                         (clock core_clk rise edge)
                                                      0.000     0.000 r  
                                                      0.000     0.000 r  clk (IN)
                         net (fo=59650, unset)        0.000     0.000    u_softmax/u_accuracy/u_reciprocal/clk
                         FDCE                                         r  u_softmax/u_accuracy/u_reciprocal/numeric_error_count_reg[2]/C
  -------------------------------------------------------------------    -------------------
                         FDCE (Prop_FDCE_C_Q)         0.078     0.078 r  u_softmax/u_accuracy/u_reciprocal/numeric_error_count_reg[2]/Q
                         net (fo=4, unplaced)         0.151     0.229    u_softmax/u_accuracy/reciprocal_numeric_errors[2]
                         LUT3 (Prop_LUT3_I0_O)        0.090     0.319 r  u_softmax/u_accuracy/numeric_error_count[0]_INST_0_i_20/O
                         net (fo=3, unplaced)         0.238     0.557    u_softmax/u_accuracy/numeric_error_count[0]_INST_0_i_20_n_0
                         LUT5 (Prop_LUT5_I4_O)        0.038     0.595 r  u_softmax/u_accuracy/numeric_error_count[0]_INST_0_i_5/O
                         net (fo=2, unplaced)         0.232     0.827    u_softmax/u_accuracy/numeric_error_count[0]_INST_0_i_5_n_0
                         LUT6 (Prop_LUT6_I0_O)        0.037     0.864 r  u_softmax/u_accuracy/numeric_error_count[0]_INST_0_i_12/O
                         net (fo=1, unplaced)         0.032     0.896    u_softmax/u_accuracy/numeric_error_count[0]_INST_0_i_12_n_0
                         CARRY8 (Prop_CARRY8_S[3]_CO[7])
                                                      0.170     1.066 r  u_softmax/u_accuracy/numeric_error_count[0]_INST_0/CO[7]
                         net (fo=1, unplaced)         0.005     1.071    u_softmax/u_accuracy/numeric_error_count[0]_INST_0_n_0
                         CARRY8 (Prop_CARRY8_CI_CO[7])
                                                      0.022     1.093 r  u_softmax/u_accuracy/numeric_error_count[8]_INST_0/CO[7]
                         net (fo=1, unplaced)         0.005     1.098    u_softmax/u_accuracy/numeric_error_count[8]_INST_0_n_0
                         CARRY8 (Prop_CARRY8_CI_CO[7])
                                                      0.022     1.120 r  u_softmax/u_accuracy/numeric_error_count[16]_INST_0/CO[7]
                         net (fo=1, unplaced)         0.005     1.125    u_softmax/u_accuracy/numeric_error_count[16]_INST_0_n_0
                         CARRY8 (Prop_CARRY8_CI_CO[7])
                                                      0.022     1.147 r  u_softmax/u_accuracy/numeric_error_count[24]_INST_0/CO[7]
                         net (fo=1, unplaced)         0.005     1.152    u_softmax/u_accuracy/numeric_error_count[24]_INST_0_n_0
                         CARRY8 (Prop_CARRY8_CI_O[0])
                                                      0.056     1.208 r  u_softmax/u_accuracy/numeric_error_count[32]_INST_0/O[0]
                         net (fo=2, unplaced)         0.232     1.440    u_softmax/acc_numeric_errors[32]
                         LUT2 (Prop_LUT2_I0_O)        0.038     1.478 r  u_softmax/numeric_error_count[32]_INST_0_i_8/O
                         net (fo=1, unplaced)         0.020     1.498    u_softmax/numeric_error_count[32]_INST_0_i_8_n_0
                         CARRY8 (Prop_CARRY8_S[0]_CO[7])
                                                      0.199     1.697 r  u_softmax/numeric_error_count[32]_INST_0/CO[7]
                         net (fo=1, unplaced)         0.005     1.702    u_softmax/numeric_error_count[32]_INST_0_n_0
                         CARRY8 (Prop_CARRY8_CI_O[7])
                                                      0.116     1.818 r  u_softmax/numeric_error_count[40]_INST_0/O[7]
                         net (fo=0)                   0.000     1.818    b2_numeric_errors[47]
                                                                      r  b2_numeric_errors[47] (OUT)
  -------------------------------------------------------------------    -------------------

Slack:                    inf
  Source:                 u_softmax/u_accuracy/u_reciprocal/numeric_error_count_reg[2]/C
                            (rising edge-triggered cell FDCE clocked by core_clk  {rise@0.000ns fall@3.333ns period=6.666ns})
  Destination:            b2_numeric_errors[52]
                            (output port)
  Path Group:             (none)
  Path Type:              Max at Slow Process Corner
  Data Path Delay:        1.815ns  (logic 0.880ns (48.485%)  route 0.935ns (51.515%))
  Logic Levels:           12  (CARRY8=8 LUT2=1 LUT3=1 LUT5=1 LUT6=1)
  Clock Uncertainty:      0.025ns  ((TSJ^2 + TIJ^2)^1/2 + DJ) / 2 + PE
    Total System Jitter     (TSJ):    0.050ns
    Total Input Jitter      (TIJ):    0.000ns
    Discrete Jitter          (DJ):    0.000ns
    Phase Error              (PE):    0.000ns
  Timing Exception:       False Path

    Location             Delay type                Incr(ns)  Path(ns)    Netlist Resource(s)
  -------------------------------------------------------------------    -------------------
                         (clock core_clk rise edge)
                                                      0.000     0.000 r  
                                                      0.000     0.000 r  clk (IN)
                         net (fo=59650, unset)        0.000     0.000    u_softmax/u_accuracy/u_reciprocal/clk
                         FDCE                                         r  u_softmax/u_accuracy/u_reciprocal/numeric_error_count_reg[2]/C
  -------------------------------------------------------------------    -------------------
                         FDCE (Prop_FDCE_C_Q)         0.078     0.078 r  u_softmax/u_accuracy/u_reciprocal/numeric_error_count_reg[2]/Q
                         net (fo=4, unplaced)         0.151     0.229    u_softmax/u_accuracy/reciprocal_numeric_errors[2]
                         LUT3 (Prop_LUT3_I0_O)        0.090     0.319 r  u_softmax/u_accuracy/numeric_error_count[0]_INST_0_i_20/O
                         net (fo=3, unplaced)         0.238     0.557    u_softmax/u_accuracy/numeric_error_count[0]_INST_0_i_20_n_0
                         LUT5 (Prop_LUT5_I4_O)        0.038     0.595 r  u_softmax/u_accuracy/numeric_error_count[0]_INST_0_i_5/O
                         net (fo=2, unplaced)         0.232     0.827    u_softmax/u_accuracy/numeric_error_count[0]_INST_0_i_5_n_0
                         LUT6 (Prop_LUT6_I0_O)        0.037     0.864 r  u_softmax/u_accuracy/numeric_error_count[0]_INST_0_i_12/O
                         net (fo=1, unplaced)         0.032     0.896    u_softmax/u_accuracy/numeric_error_count[0]_INST_0_i_12_n_0
                         CARRY8 (Prop_CARRY8_S[3]_CO[7])
                                                      0.170     1.066 r  u_softmax/u_accuracy/numeric_error_count[0]_INST_0/CO[7]
                         net (fo=1, unplaced)         0.005     1.071    u_softmax/u_accuracy/numeric_error_count[0]_INST_0_n_0
                         CARRY8 (Prop_CARRY8_CI_CO[7])
                                                      0.022     1.093 r  u_softmax/u_accuracy/numeric_error_count[8]_INST_0/CO[7]
                         net (fo=1, unplaced)         0.005     1.098    u_softmax/u_accuracy/numeric_error_count[8]_INST_0_n_0
                         CARRY8 (Prop_CARRY8_CI_CO[7])
                                                      0.022     1.120 r  u_softmax/u_accuracy/numeric_error_count[16]_INST_0/CO[7]
                         net (fo=1, unplaced)         0.005     1.125    u_softmax/u_accuracy/numeric_error_count[16]_INST_0_n_0
                         CARRY8 (Prop_CARRY8_CI_CO[7])
                                                      0.022     1.147 r  u_softmax/u_accuracy/numeric_error_count[24]_INST_0/CO[7]
                         net (fo=1, unplaced)         0.005     1.152    u_softmax/u_accuracy/numeric_error_count[24]_INST_0_n_0
                         CARRY8 (Prop_CARRY8_CI_CO[7])
                                                      0.022     1.174 r  u_softmax/u_accuracy/numeric_error_count[32]_INST_0/CO[7]
                         net (fo=1, unplaced)         0.005     1.179    u_softmax/u_accuracy/numeric_error_count[32]_INST_0_n_0
                         CARRY8 (Prop_CARRY8_CI_O[0])
                                                      0.056     1.235 r  u_softmax/u_accuracy/numeric_error_count[40]_INST_0/O[0]
                         net (fo=2, unplaced)         0.232     1.467    u_softmax/acc_numeric_errors[40]
                         LUT2 (Prop_LUT2_I0_O)        0.038     1.505 r  u_softmax/numeric_error_count[40]_INST_0_i_8/O
                         net (fo=1, unplaced)         0.020     1.525    u_softmax/numeric_error_count[40]_INST_0_i_8_n_0
                         CARRY8 (Prop_CARRY8_S[0]_CO[7])
                                                      0.199     1.724 r  u_softmax/numeric_error_count[40]_INST_0/CO[7]
                         net (fo=1, unplaced)         0.005     1.729    u_softmax/numeric_error_count[40]_INST_0_n_0
                         CARRY8 (Prop_CARRY8_CI_O[4])
                                                      0.086     1.815 r  u_softmax/numeric_error_count[48]_INST_0/O[4]
                         net (fo=0)                   0.000     1.815    b2_numeric_errors[52]
                                                                      r  b2_numeric_errors[52] (OUT)
  -------------------------------------------------------------------    -------------------

Slack:                    inf
  Source:                 u_softmax/u_accuracy/u_reciprocal/numeric_error_count_reg[2]/C
                            (rising edge-triggered cell FDCE clocked by core_clk  {rise@0.000ns fall@3.333ns period=6.666ns})
  Destination:            b2_numeric_errors[56]
                            (output port)
  Path Group:             (none)
  Path Type:              Max at Slow Process Corner
  Data Path Delay:        1.812ns  (logic 0.872ns (48.124%)  route 0.940ns (51.876%))
  Logic Levels:           13  (CARRY8=9 LUT2=1 LUT3=1 LUT5=1 LUT6=1)
  Clock Uncertainty:      0.025ns  ((TSJ^2 + TIJ^2)^1/2 + DJ) / 2 + PE
    Total System Jitter     (TSJ):    0.050ns
    Total Input Jitter      (TIJ):    0.000ns
    Discrete Jitter          (DJ):    0.000ns
    Phase Error              (PE):    0.000ns
  Timing Exception:       False Path

    Location             Delay type                Incr(ns)  Path(ns)    Netlist Resource(s)
  -------------------------------------------------------------------    -------------------
                         (clock core_clk rise edge)
                                                      0.000     0.000 r  
                                                      0.000     0.000 r  clk (IN)
                         net (fo=59650, unset)        0.000     0.000    u_softmax/u_accuracy/u_reciprocal/clk
                         FDCE                                         r  u_softmax/u_accuracy/u_reciprocal/numeric_error_count_reg[2]/C
  -------------------------------------------------------------------    -------------------
                         FDCE (Prop_FDCE_C_Q)         0.078     0.078 r  u_softmax/u_accuracy/u_reciprocal/numeric_error_count_reg[2]/Q
                         net (fo=4, unplaced)         0.151     0.229    u_softmax/u_accuracy/reciprocal_numeric_errors[2]
                         LUT3 (Prop_LUT3_I0_O)        0.090     0.319 r  u_softmax/u_accuracy/numeric_error_count[0]_INST_0_i_20/O
                         net (fo=3, unplaced)         0.238     0.557    u_softmax/u_accuracy/numeric_error_count[0]_INST_0_i_20_n_0
                         LUT5 (Prop_LUT5_I4_O)        0.038     0.595 r  u_softmax/u_accuracy/numeric_error_count[0]_INST_0_i_5/O
                         net (fo=2, unplaced)         0.232     0.827    u_softmax/u_accuracy/numeric_error_count[0]_INST_0_i_5_n_0
                         LUT6 (Prop_LUT6_I0_O)        0.037     0.864 r  u_softmax/u_accuracy/numeric_error_count[0]_INST_0_i_12/O
                         net (fo=1, unplaced)         0.032     0.896    u_softmax/u_accuracy/numeric_error_count[0]_INST_0_i_12_n_0
                         CARRY8 (Prop_CARRY8_S[3]_CO[7])
                                                      0.170     1.066 r  u_softmax/u_accuracy/numeric_error_count[0]_INST_0/CO[7]
                         net (fo=1, unplaced)         0.005     1.071    u_softmax/u_accuracy/numeric_error_count[0]_INST_0_n_0
                         CARRY8 (Prop_CARRY8_CI_CO[7])
                                                      0.022     1.093 r  u_softmax/u_accuracy/numeric_error_count[8]_INST_0/CO[7]
                         net (fo=1, unplaced)         0.005     1.098    u_softmax/u_accuracy/numeric_error_count[8]_INST_0_n_0
                         CARRY8 (Prop_CARRY8_CI_CO[7])
                                                      0.022     1.120 r  u_softmax/u_accuracy/numeric_error_count[16]_INST_0/CO[7]
                         net (fo=1, unplaced)         0.005     1.125    u_softmax/u_accuracy/numeric_error_count[16]_INST_0_n_0
                         CARRY8 (Prop_CARRY8_CI_CO[7])
                                                      0.022     1.147 r  u_softmax/u_accuracy/numeric_error_count[24]_INST_0/CO[7]
                         net (fo=1, unplaced)         0.005     1.152    u_softmax/u_accuracy/numeric_error_count[24]_INST_0_n_0
                         CARRY8 (Prop_CARRY8_CI_CO[7])
                                                      0.022     1.174 r  u_softmax/u_accuracy/numeric_error_count[32]_INST_0/CO[7]
                         net (fo=1, unplaced)         0.005     1.179    u_softmax/u_accuracy/numeric_error_count[32]_INST_0_n_0
                         CARRY8 (Prop_CARRY8_CI_CO[7])
                                                      0.022     1.201 r  u_softmax/u_accuracy/numeric_error_count[40]_INST_0/CO[7]
                         net (fo=1, unplaced)         0.005     1.206    u_softmax/u_accuracy/numeric_error_count[40]_INST_0_n_0
                         CARRY8 (Prop_CARRY8_CI_O[0])
                                                      0.056     1.262 r  u_softmax/u_accuracy/numeric_error_count[48]_INST_0/O[0]
                         net (fo=2, unplaced)         0.232     1.494    u_softmax/acc_numeric_errors[48]
                         LUT2 (Prop_LUT2_I0_O)        0.038     1.532 r  u_softmax/numeric_error_count[48]_INST_0_i_8/O
                         net (fo=1, unplaced)         0.020     1.552    u_softmax/numeric_error_count[48]_INST_0_i_8_n_0
                         CARRY8 (Prop_CARRY8_S[0]_CO[7])
                                                      0.199     1.751 r  u_softmax/numeric_error_count[48]_INST_0/CO[7]
                         net (fo=1, unplaced)         0.005     1.756    u_softmax/numeric_error_count[48]_INST_0_n_0
                         CARRY8 (Prop_CARRY8_CI_O[0])
                                                      0.056     1.812 r  u_softmax/numeric_error_count[56]_INST_0/O[0]
                         net (fo=0)                   0.000     1.812    b2_numeric_errors[56]
                                                                      r  b2_numeric_errors[56] (OUT)
  -------------------------------------------------------------------    -------------------

Slack:                    inf
  Source:                 u_softmax/u_accuracy/u_reciprocal/numeric_error_count_reg[2]/C
                            (rising edge-triggered cell FDCE clocked by core_clk  {rise@0.000ns fall@3.333ns period=6.666ns})
  Destination:            b2_numeric_errors[51]
                            (output port)
  Path Group:             (none)
  Path Type:              Max at Slow Process Corner
  Data Path Delay:        1.811ns  (logic 0.876ns (48.371%)  route 0.935ns (51.629%))
  Logic Levels:           12  (CARRY8=8 LUT2=1 LUT3=1 LUT5=1 LUT6=1)
  Clock Uncertainty:      0.025ns  ((TSJ^2 + TIJ^2)^1/2 + DJ) / 2 + PE
    Total System Jitter     (TSJ):    0.050ns
    Total Input Jitter      (TIJ):    0.000ns
    Discrete Jitter          (DJ):    0.000ns
    Phase Error              (PE):    0.000ns
  Timing Exception:       False Path

    Location             Delay type                Incr(ns)  Path(ns)    Netlist Resource(s)
  -------------------------------------------------------------------    -------------------
                         (clock core_clk rise edge)
                                                      0.000     0.000 r  
                                                      0.000     0.000 r  clk (IN)
                         net (fo=59650, unset)        0.000     0.000    u_softmax/u_accuracy/u_reciprocal/clk
                         FDCE                                         r  u_softmax/u_accuracy/u_reciprocal/numeric_error_count_reg[2]/C
  -------------------------------------------------------------------    -------------------
                         FDCE (Prop_FDCE_C_Q)         0.078     0.078 r  u_softmax/u_accuracy/u_reciprocal/numeric_error_count_reg[2]/Q
                         net (fo=4, unplaced)         0.151     0.229    u_softmax/u_accuracy/reciprocal_numeric_errors[2]
                         LUT3 (Prop_LUT3_I0_O)        0.090     0.319 r  u_softmax/u_accuracy/numeric_error_count[0]_INST_0_i_20/O
                         net (fo=3, unplaced)         0.238     0.557    u_softmax/u_accuracy/numeric_error_count[0]_INST_0_i_20_n_0
                         LUT5 (Prop_LUT5_I4_O)        0.038     0.595 r  u_softmax/u_accuracy/numeric_error_count[0]_INST_0_i_5/O
                         net (fo=2, unplaced)         0.232     0.827    u_softmax/u_accuracy/numeric_error_count[0]_INST_0_i_5_n_0
                         LUT6 (Prop_LUT6_I0_O)        0.037     0.864 r  u_softmax/u_accuracy/numeric_error_count[0]_INST_0_i_12/O
                         net (fo=1, unplaced)         0.032     0.896    u_softmax/u_accuracy/numeric_error_count[0]_INST_0_i_12_n_0
                         CARRY8 (Prop_CARRY8_S[3]_CO[7])
                                                      0.170     1.066 r  u_softmax/u_accuracy/numeric_error_count[0]_INST_0/CO[7]
                         net (fo=1, unplaced)         0.005     1.071    u_softmax/u_accuracy/numeric_error_count[0]_INST_0_n_0
                         CARRY8 (Prop_CARRY8_CI_CO[7])
                                                      0.022     1.093 r  u_softmax/u_accuracy/numeric_error_count[8]_INST_0/CO[7]
                         net (fo=1, unplaced)         0.005     1.098    u_softmax/u_accuracy/numeric_error_count[8]_INST_0_n_0
                         CARRY8 (Prop_CARRY8_CI_CO[7])
                                                      0.022     1.120 r  u_softmax/u_accuracy/numeric_error_count[16]_INST_0/CO[7]
                         net (fo=1, unplaced)         0.005     1.125    u_softmax/u_accuracy/numeric_error_count[16]_INST_0_n_0
                         CARRY8 (Prop_CARRY8_CI_CO[7])
                                                      0.022     1.147 r  u_softmax/u_accuracy/numeric_error_count[24]_INST_0/CO[7]
                         net (fo=1, unplaced)         0.005     1.152    u_softmax/u_accuracy/numeric_error_count[24]_INST_0_n_0
                         CARRY8 (Prop_CARRY8_CI_CO[7])
                                                      0.022     1.174 r  u_softmax/u_accuracy/numeric_error_count[32]_INST_0/CO[7]
                         net (fo=1, unplaced)         0.005     1.179    u_softmax/u_accuracy/numeric_error_count[32]_INST_0_n_0
                         CARRY8 (Prop_CARRY8_CI_O[0])
                                                      0.056     1.235 r  u_softmax/u_accuracy/numeric_error_count[40]_INST_0/O[0]
                         net (fo=2, unplaced)         0.232     1.467    u_softmax/acc_numeric_errors[40]
                         LUT2 (Prop_LUT2_I0_O)        0.038     1.505 r  u_softmax/numeric_error_count[40]_INST_0_i_8/O
                         net (fo=1, unplaced)         0.020     1.525    u_softmax/numeric_error_count[40]_INST_0_i_8_n_0
                         CARRY8 (Prop_CARRY8_S[0]_CO[7])
                                                      0.199     1.724 r  u_softmax/numeric_error_count[40]_INST_0/CO[7]
                         net (fo=1, unplaced)         0.005     1.729    u_softmax/numeric_error_count[40]_INST_0_n_0
                         CARRY8 (Prop_CARRY8_CI_O[3])
                                                      0.082     1.811 r  u_softmax/numeric_error_count[48]_INST_0/O[3]
                         net (fo=0)                   0.000     1.811    b2_numeric_errors[51]
                                                                      r  b2_numeric_errors[51] (OUT)
  -------------------------------------------------------------------    -------------------

Slack:                    inf
  Source:                 u_softmax/u_accuracy/u_reciprocal/numeric_error_count_reg[2]/C
                            (rising edge-triggered cell FDCE clocked by core_clk  {rise@0.000ns fall@3.333ns period=6.666ns})
  Destination:            b2_numeric_errors[46]
                            (output port)
  Path Group:             (none)
  Path Type:              Max at Slow Process Corner
  Data Path Delay:        1.805ns  (logic 0.875ns (48.476%)  route 0.930ns (51.524%))
  Logic Levels:           11  (CARRY8=7 LUT2=1 LUT3=1 LUT5=1 LUT6=1)
  Clock Uncertainty:      0.025ns  ((TSJ^2 + TIJ^2)^1/2 + DJ) / 2 + PE
    Total System Jitter     (TSJ):    0.050ns
    Total Input Jitter      (TIJ):    0.000ns
    Discrete Jitter          (DJ):    0.000ns
    Phase Error              (PE):    0.000ns
  Timing Exception:       False Path

    Location             Delay type                Incr(ns)  Path(ns)    Netlist Resource(s)
  -------------------------------------------------------------------    -------------------
                         (clock core_clk rise edge)
                                                      0.000     0.000 r  
                                                      0.000     0.000 r  clk (IN)
                         net (fo=59650, unset)        0.000     0.000    u_softmax/u_accuracy/u_reciprocal/clk
                         FDCE                                         r  u_softmax/u_accuracy/u_reciprocal/numeric_error_count_reg[2]/C
  -------------------------------------------------------------------    -------------------
                         FDCE (Prop_FDCE_C_Q)         0.078     0.078 r  u_softmax/u_accuracy/u_reciprocal/numeric_error_count_reg[2]/Q
                         net (fo=4, unplaced)         0.151     0.229    u_softmax/u_accuracy/reciprocal_numeric_errors[2]
                         LUT3 (Prop_LUT3_I0_O)        0.090     0.319 r  u_softmax/u_accuracy/numeric_error_count[0]_INST_0_i_20/O
                         net (fo=3, unplaced)         0.238     0.557    u_softmax/u_accuracy/numeric_error_count[0]_INST_0_i_20_n_0
                         LUT5 (Prop_LUT5_I4_O)        0.038     0.595 r  u_softmax/u_accuracy/numeric_error_count[0]_INST_0_i_5/O
                         net (fo=2, unplaced)         0.232     0.827    u_softmax/u_accuracy/numeric_error_count[0]_INST_0_i_5_n_0
                         LUT6 (Prop_LUT6_I0_O)        0.037     0.864 r  u_softmax/u_accuracy/numeric_error_count[0]_INST_0_i_12/O
                         net (fo=1, unplaced)         0.032     0.896    u_softmax/u_accuracy/numeric_error_count[0]_INST_0_i_12_n_0
                         CARRY8 (Prop_CARRY8_S[3]_CO[7])
                                                      0.170     1.066 r  u_softmax/u_accuracy/numeric_error_count[0]_INST_0/CO[7]
                         net (fo=1, unplaced)         0.005     1.071    u_softmax/u_accuracy/numeric_error_count[0]_INST_0_n_0
                         CARRY8 (Prop_CARRY8_CI_CO[7])
                                                      0.022     1.093 r  u_softmax/u_accuracy/numeric_error_count[8]_INST_0/CO[7]
                         net (fo=1, unplaced)         0.005     1.098    u_softmax/u_accuracy/numeric_error_count[8]_INST_0_n_0
                         CARRY8 (Prop_CARRY8_CI_CO[7])
                                                      0.022     1.120 r  u_softmax/u_accuracy/numeric_error_count[16]_INST_0/CO[7]
                         net (fo=1, unplaced)         0.005     1.125    u_softmax/u_accuracy/numeric_error_count[16]_INST_0_n_0
                         CARRY8 (Prop_CARRY8_CI_CO[7])
                                                      0.022     1.147 r  u_softmax/u_accuracy/numeric_error_count[24]_INST_0/CO[7]
                         net (fo=1, unplaced)         0.005     1.152    u_softmax/u_accuracy/numeric_error_count[24]_INST_0_n_0
                         CARRY8 (Prop_CARRY8_CI_O[0])
                                                      0.056     1.208 r  u_softmax/u_accuracy/numeric_error_count[32]_INST_0/O[0]
                         net (fo=2, unplaced)         0.232     1.440    u_softmax/acc_numeric_errors[32]
                         LUT2 (Prop_LUT2_I0_O)        0.038     1.478 r  u_softmax/numeric_error_count[32]_INST_0_i_8/O
                         net (fo=1, unplaced)         0.020     1.498    u_softmax/numeric_error_count[32]_INST_0_i_8_n_0
                         CARRY8 (Prop_CARRY8_S[0]_CO[7])
                                                      0.199     1.697 r  u_softmax/numeric_error_count[32]_INST_0/CO[7]
                         net (fo=1, unplaced)         0.005     1.702    u_softmax/numeric_error_count[32]_INST_0_n_0
                         CARRY8 (Prop_CARRY8_CI_O[6])
                                                      0.103     1.805 r  u_softmax/numeric_error_count[40]_INST_0/O[6]
                         net (fo=0)                   0.000     1.805    b2_numeric_errors[46]
                                                                      r  b2_numeric_errors[46] (OUT)
  -------------------------------------------------------------------    -------------------

Slack:                    inf
  Source:                 u_softmax/u_accuracy/u_reciprocal/numeric_error_count_reg[2]/C
                            (rising edge-triggered cell FDCE clocked by core_clk  {rise@0.000ns fall@3.333ns period=6.666ns})
  Destination:            b2_numeric_errors[49]
                            (output port)
  Path Group:             (none)
  Path Type:              Max at Slow Process Corner
  Data Path Delay:        1.805ns  (logic 0.870ns (48.199%)  route 0.935ns (51.801%))
  Logic Levels:           12  (CARRY8=8 LUT2=1 LUT3=1 LUT5=1 LUT6=1)
  Clock Uncertainty:      0.025ns  ((TSJ^2 + TIJ^2)^1/2 + DJ) / 2 + PE
    Total System Jitter     (TSJ):    0.050ns
    Total Input Jitter      (TIJ):    0.000ns
    Discrete Jitter          (DJ):    0.000ns
    Phase Error              (PE):    0.000ns
  Timing Exception:       False Path

    Location             Delay type                Incr(ns)  Path(ns)    Netlist Resource(s)
  -------------------------------------------------------------------    -------------------
                         (clock core_clk rise edge)
                                                      0.000     0.000 r  
                                                      0.000     0.000 r  clk (IN)
                         net (fo=59650, unset)        0.000     0.000    u_softmax/u_accuracy/u_reciprocal/clk
                         FDCE                                         r  u_softmax/u_accuracy/u_reciprocal/numeric_error_count_reg[2]/C
  -------------------------------------------------------------------    -------------------
                         FDCE (Prop_FDCE_C_Q)         0.078     0.078 r  u_softmax/u_accuracy/u_reciprocal/numeric_error_count_reg[2]/Q
                         net (fo=4, unplaced)         0.151     0.229    u_softmax/u_accuracy/reciprocal_numeric_errors[2]
                         LUT3 (Prop_LUT3_I0_O)        0.090     0.319 r  u_softmax/u_accuracy/numeric_error_count[0]_INST_0_i_20/O
                         net (fo=3, unplaced)         0.238     0.557    u_softmax/u_accuracy/numeric_error_count[0]_INST_0_i_20_n_0
                         LUT5 (Prop_LUT5_I4_O)        0.038     0.595 r  u_softmax/u_accuracy/numeric_error_count[0]_INST_0_i_5/O
                         net (fo=2, unplaced)         0.232     0.827    u_softmax/u_accuracy/numeric_error_count[0]_INST_0_i_5_n_0
                         LUT6 (Prop_LUT6_I0_O)        0.037     0.864 r  u_softmax/u_accuracy/numeric_error_count[0]_INST_0_i_12/O
                         net (fo=1, unplaced)         0.032     0.896    u_softmax/u_accuracy/numeric_error_count[0]_INST_0_i_12_n_0
                         CARRY8 (Prop_CARRY8_S[3]_CO[7])
                                                      0.170     1.066 r  u_softmax/u_accuracy/numeric_error_count[0]_INST_0/CO[7]
                         net (fo=1, unplaced)         0.005     1.071    u_softmax/u_accuracy/numeric_error_count[0]_INST_0_n_0
                         CARRY8 (Prop_CARRY8_CI_CO[7])
                                                      0.022     1.093 r  u_softmax/u_accuracy/numeric_error_count[8]_INST_0/CO[7]
                         net (fo=1, unplaced)         0.005     1.098    u_softmax/u_accuracy/numeric_error_count[8]_INST_0_n_0
                         CARRY8 (Prop_CARRY8_CI_CO[7])
                                                      0.022     1.120 r  u_softmax/u_accuracy/numeric_error_count[16]_INST_0/CO[7]
                         net (fo=1, unplaced)         0.005     1.125    u_softmax/u_accuracy/numeric_error_count[16]_INST_0_n_0
                         CARRY8 (Prop_CARRY8_CI_CO[7])
                                                      0.022     1.147 r  u_softmax/u_accuracy/numeric_error_count[24]_INST_0/CO[7]
                         net (fo=1, unplaced)         0.005     1.152    u_softmax/u_accuracy/numeric_error_count[24]_INST_0_n_0
                         CARRY8 (Prop_CARRY8_CI_CO[7])
                                                      0.022     1.174 r  u_softmax/u_accuracy/numeric_error_count[32]_INST_0/CO[7]
                         net (fo=1, unplaced)         0.005     1.179    u_softmax/u_accuracy/numeric_error_count[32]_INST_0_n_0
                         CARRY8 (Prop_CARRY8_CI_O[0])
                                                      0.056     1.235 r  u_softmax/u_accuracy/numeric_error_count[40]_INST_0/O[0]
                         net (fo=2, unplaced)         0.232     1.467    u_softmax/acc_numeric_errors[40]
                         LUT2 (Prop_LUT2_I0_O)        0.038     1.505 r  u_softmax/numeric_error_count[40]_INST_0_i_8/O
                         net (fo=1, unplaced)         0.020     1.525    u_softmax/numeric_error_count[40]_INST_0_i_8_n_0
                         CARRY8 (Prop_CARRY8_S[0]_CO[7])
                                                      0.199     1.724 r  u_softmax/numeric_error_count[40]_INST_0/CO[7]
                         net (fo=1, unplaced)         0.005     1.729    u_softmax/numeric_error_count[40]_INST_0_n_0
                         CARRY8 (Prop_CARRY8_CI_O[1])
                                                      0.076     1.805 r  u_softmax/numeric_error_count[48]_INST_0/O[1]
                         net (fo=0)                   0.000     1.805    b2_numeric_errors[49]
                                                                      r  b2_numeric_errors[49] (OUT)
  -------------------------------------------------------------------    -------------------





--------------------------------------------------------------------------------------
Path Group:  (none)
From Clock:  
  To Clock:  core_clk

Max Delay         33549 Endpoints
Min Delay             0 Endpoints
--------------------------------------------------------------------------------------


Max Delay Paths
--------------------------------------------------------------------------------------
Slack:                    inf
  Source:                 score_bf16[0]
                            (input port)
  Destination:            u_softmax/u_compatibility/u_core/protocol_error_count_reg[63]/D
                            (rising edge-triggered cell FDCE clocked by core_clk  {rise@0.000ns fall@3.333ns period=6.666ns})
  Path Group:             (none)
  Path Type:              Setup (Max at Slow Process Corner)
  Data Path Delay:        4.724ns  (logic 1.560ns (33.023%)  route 3.164ns (66.977%))
  Logic Levels:           25  (CARRY8=12 LUT1=1 LUT4=2 LUT5=1 LUT6=9)
  Clock Uncertainty:      0.025ns  ((TSJ^2 + TIJ^2)^1/2 + DJ) / 2 + PE
    Total System Jitter     (TSJ):    0.050ns
    Total Input Jitter      (TIJ):    0.000ns
    Discrete Jitter          (DJ):    0.000ns
    Phase Error              (PE):    0.000ns
  Timing Exception:       False Path

    Location             Delay type                Incr(ns)  Path(ns)    Netlist Resource(s)
  -------------------------------------------------------------------    -------------------
                                                      0.000     0.000 f  score_bf16[0] (IN)
                         net (fo=17, unset)           0.000     0.000    u_softmax/u_compatibility/u_core/score_bf16[0]
                         LUT6 (Prop_LUT6_I0_O)        0.150     0.150 f  u_softmax/u_compatibility/u_core/calc_score_fixed[1]_i_11/O
                         net (fo=2, unplaced)         0.144     0.294    u_softmax/u_compatibility/u_core/calc_score_fixed[1]_i_11_n_0
                         LUT6 (Prop_LUT6_I1_O)        0.125     0.419 r  u_softmax/u_compatibility/u_core/calc_score_fixed[3]_i_14/O
                         net (fo=3, unplaced)         0.238     0.657    u_softmax/u_compatibility/u_core/calc_score_fixed[3]_i_14_n_0
                         LUT6 (Prop_LUT6_I0_O)        0.038     0.695 r  u_softmax/u_compatibility/u_core/calc_score_fixed[7]_i_18/O
                         net (fo=6, unplaced)         0.254     0.949    u_softmax/u_compatibility/u_core/calc_score_fixed[7]_i_18_n_0
                         LUT6 (Prop_LUT6_I0_O)        0.038     0.987 f  u_softmax/u_compatibility/u_core/calc_score_fixed[7]_i_15/O
                         net (fo=6, unplaced)         0.254     1.241    u_softmax/u_compatibility/u_core/calc_score_fixed[7]_i_15_n_0
                         LUT6 (Prop_LUT6_I5_O)        0.038     1.279 f  u_softmax/u_compatibility/u_core/calc_score_fixed[1]_i_5/O
                         net (fo=2, unplaced)         0.232     1.511    u_softmax/u_compatibility/u_core/calc_score_fixed[1]_i_5_n_0
                         LUT6 (Prop_LUT6_I5_O)        0.038     1.549 f  u_softmax/u_compatibility/u_core/calc_score_fixed[2]_i_3/O
                         net (fo=2, unplaced)         0.232     1.781    u_softmax/u_compatibility/u_core/calc_score_fixed[2]_i_3_n_0
                         LUT1 (Prop_LUT1_I0_O)        0.037     1.818 r  u_softmax/u_compatibility/u_core/calc_score_fixed[7]_i_13/O
                         net (fo=1, unplaced)         0.023     1.841    u_softmax/u_compatibility/u_core/p_0_in__0[2]
                         CARRY8 (Prop_CARRY8_S[1]_CO[7])
                                                      0.197     2.038 r  u_softmax/u_compatibility/u_core/calc_score_fixed_reg[7]_i_3/CO[7]
                         net (fo=1, unplaced)         0.005     2.043    u_softmax/u_compatibility/u_core/calc_score_fixed_reg[7]_i_3_n_0
                         CARRY8 (Prop_CARRY8_CI_CO[7])
                                                      0.022     2.065 r  u_softmax/u_compatibility/u_core/calc_score_fixed_reg[16]_i_3/CO[7]
                         net (fo=1, unplaced)         0.005     2.070    u_softmax/u_compatibility/u_core/calc_score_fixed_reg[16]_i_3_n_0
                         CARRY8 (Prop_CARRY8_CI_O[6])
                                                      0.103     2.173 r  u_softmax/u_compatibility/u_core/calc_score_fixed_reg[22]_i_5/O[6]
                         net (fo=1, unplaced)         0.184     2.357    u_softmax/u_compatibility/u_core/calc_score_fixed_reg[22]_i_5_n_9
                         LUT6 (Prop_LUT6_I4_O)        0.038     2.395 f  u_softmax/u_compatibility/u_core/calc_score_fixed[23]_i_3/O
                         net (fo=1, unplaced)         0.232     2.627    u_softmax/u_compatibility/u_core/calc_score_fixed[23]_i_3_n_0
                         LUT6 (Prop_LUT6_I1_O)        0.038     2.665 r  u_softmax/u_compatibility/u_core/calc_score_fixed[23]_i_1/O
                         net (fo=3, unplaced)         0.238     2.903    u_softmax/u_compatibility/u_core/calc_score_fixed[23]_i_1_n_0
                         LUT4 (Prop_LUT4_I0_O)        0.066     2.969 r  u_softmax/u_compatibility/u_core/calc_last_i_44/O
                         net (fo=1, unplaced)         0.156     3.125    u_softmax/u_compatibility/u_core/calc_last_i_44_n_0
                         CARRY8 (Prop_CARRY8_DI[3]_CO[3])
                                                      0.130     3.255 r  u_softmax/u_compatibility/u_core/calc_last_reg_i_13/CO[3]
                         net (fo=1, unplaced)         0.138     3.393    u_softmax/u_compatibility/u_core/score_max_legal0
                         LUT6 (Prop_LUT6_I2_O)        0.038     3.431 f  u_softmax/u_compatibility/u_core/calc_last_i_4/O
                         net (fo=1, unplaced)         0.232     3.663    u_softmax/u_compatibility/u_core/calc_last_i_4_n_0
                         LUT4 (Prop_LUT4_I1_O)        0.038     3.701 r  u_softmax/u_compatibility/u_core/calc_last_i_2/O
                         net (fo=7, unplaced)         0.257     3.958    u_softmax/u_compatibility/u_core/calc_last_i_2_n_0
                         LUT5 (Prop_LUT5_I2_O)        0.038     3.996 r  u_softmax/u_compatibility/u_core/protocol_error_count[7]_i_3/O
                         net (fo=1, unplaced)         0.279     4.275    u_softmax/u_compatibility/u_core/protocol_error_count[7]_i_3_n_0
                         CARRY8 (Prop_CARRY8_DI[0]_CO[7])
                                                      0.140     4.415 r  u_softmax/u_compatibility/u_core/protocol_error_count_reg[7]_i_1/CO[7]
                         net (fo=1, unplaced)         0.005     4.420    u_softmax/u_compatibility/u_core/protocol_error_count_reg[7]_i_1_n_0
                         CARRY8 (Prop_CARRY8_CI_CO[7])
                                                      0.022     4.442 r  u_softmax/u_compatibility/u_core/protocol_error_count_reg[15]_i_1/CO[7]
                         net (fo=1, unplaced)         0.005     4.447    u_softmax/u_compatibility/u_core/protocol_error_count_reg[15]_i_1_n_0
                         CARRY8 (Prop_CARRY8_CI_CO[7])
                                                      0.022     4.469 r  u_softmax/u_compatibility/u_core/protocol_error_count_reg[23]_i_1/CO[7]
                         net (fo=1, unplaced)         0.005     4.474    u_softmax/u_compatibility/u_core/protocol_error_count_reg[23]_i_1_n_0
                         CARRY8 (Prop_CARRY8_CI_CO[7])
                                                      0.022     4.496 r  u_softmax/u_compatibility/u_core/protocol_error_count_reg[31]_i_1/CO[7]
                         net (fo=1, unplaced)         0.005     4.501    u_softmax/u_compatibility/u_core/protocol_error_count_reg[31]_i_1_n_0
                         CARRY8 (Prop_CARRY8_CI_CO[7])
                                                      0.022     4.523 r  u_softmax/u_compatibility/u_core/protocol_error_count_reg[39]_i_1/CO[7]
                         net (fo=1, unplaced)         0.005     4.528    u_softmax/u_compatibility/u_core/protocol_error_count_reg[39]_i_1_n_0
                         CARRY8 (Prop_CARRY8_CI_CO[7])
                                                      0.022     4.550 r  u_softmax/u_compatibility/u_core/protocol_error_count_reg[47]_i_1/CO[7]
                         net (fo=1, unplaced)         0.005     4.555    u_softmax/u_compatibility/u_core/protocol_error_count_reg[47]_i_1_n_0
                         CARRY8 (Prop_CARRY8_CI_CO[7])
                                                      0.022     4.577 r  u_softmax/u_compatibility/u_core/protocol_error_count_reg[55]_i_1/CO[7]
                         net (fo=1, unplaced)         0.005     4.582    u_softmax/u_compatibility/u_core/protocol_error_count_reg[55]_i_1_n_0
                         CARRY8 (Prop_CARRY8_CI_O[7])
                                                      0.116     4.698 r  u_softmax/u_compatibility/u_core/protocol_error_count_reg[63]_i_2/O[7]
                         net (fo=1, unplaced)         0.026     4.724    u_softmax/u_compatibility/u_core/protocol_error_count_reg[63]_i_2_n_8
                         FDCE                                         r  u_softmax/u_compatibility/u_core/protocol_error_count_reg[63]/D
  -------------------------------------------------------------------    -------------------

                         (clock core_clk rise edge)
                                                      0.000     0.000 r  
                                                      0.000     0.000 r  clk (IN)
                         net (fo=59650, unset)        0.000     0.000    u_softmax/u_compatibility/u_core/clk
                         FDCE                                         r  u_softmax/u_compatibility/u_core/protocol_error_count_reg[63]/C

Slack:                    inf
  Source:                 score_bf16[0]
                            (input port)
  Destination:            u_softmax/u_compatibility/u_core/protocol_error_count_reg[61]/D
                            (rising edge-triggered cell FDCE clocked by core_clk  {rise@0.000ns fall@3.333ns period=6.666ns})
  Path Group:             (none)
  Path Type:              Setup (Max at Slow Process Corner)
  Data Path Delay:        4.723ns  (logic 1.560ns (33.030%)  route 3.163ns (66.970%))
  Logic Levels:           25  (CARRY8=12 LUT1=1 LUT4=2 LUT5=1 LUT6=9)
  Clock Uncertainty:      0.025ns  ((TSJ^2 + TIJ^2)^1/2 + DJ) / 2 + PE
    Total System Jitter     (TSJ):    0.050ns
    Total Input Jitter      (TIJ):    0.000ns
    Discrete Jitter          (DJ):    0.000ns
    Phase Error              (PE):    0.000ns
  Timing Exception:       False Path

    Location             Delay type                Incr(ns)  Path(ns)    Netlist Resource(s)
  -------------------------------------------------------------------    -------------------
                                                      0.000     0.000 f  score_bf16[0] (IN)
                         net (fo=17, unset)           0.000     0.000    u_softmax/u_compatibility/u_core/score_bf16[0]
                         LUT6 (Prop_LUT6_I0_O)        0.150     0.150 f  u_softmax/u_compatibility/u_core/calc_score_fixed[1]_i_11/O
                         net (fo=2, unplaced)         0.144     0.294    u_softmax/u_compatibility/u_core/calc_score_fixed[1]_i_11_n_0
                         LUT6 (Prop_LUT6_I1_O)        0.125     0.419 r  u_softmax/u_compatibility/u_core/calc_score_fixed[3]_i_14/O
                         net (fo=3, unplaced)         0.238     0.657    u_softmax/u_compatibility/u_core/calc_score_fixed[3]_i_14_n_0
                         LUT6 (Prop_LUT6_I0_O)        0.038     0.695 r  u_softmax/u_compatibility/u_core/calc_score_fixed[7]_i_18/O
                         net (fo=6, unplaced)         0.254     0.949    u_softmax/u_compatibility/u_core/calc_score_fixed[7]_i_18_n_0
                         LUT6 (Prop_LUT6_I0_O)        0.038     0.987 f  u_softmax/u_compatibility/u_core/calc_score_fixed[7]_i_15/O
                         net (fo=6, unplaced)         0.254     1.241    u_softmax/u_compatibility/u_core/calc_score_fixed[7]_i_15_n_0
                         LUT6 (Prop_LUT6_I5_O)        0.038     1.279 f  u_softmax/u_compatibility/u_core/calc_score_fixed[1]_i_5/O
                         net (fo=2, unplaced)         0.232     1.511    u_softmax/u_compatibility/u_core/calc_score_fixed[1]_i_5_n_0
                         LUT6 (Prop_LUT6_I5_O)        0.038     1.549 f  u_softmax/u_compatibility/u_core/calc_score_fixed[2]_i_3/O
                         net (fo=2, unplaced)         0.232     1.781    u_softmax/u_compatibility/u_core/calc_score_fixed[2]_i_3_n_0
                         LUT1 (Prop_LUT1_I0_O)        0.037     1.818 r  u_softmax/u_compatibility/u_core/calc_score_fixed[7]_i_13/O
                         net (fo=1, unplaced)         0.023     1.841    u_softmax/u_compatibility/u_core/p_0_in__0[2]
                         CARRY8 (Prop_CARRY8_S[1]_CO[7])
                                                      0.197     2.038 r  u_softmax/u_compatibility/u_core/calc_score_fixed_reg[7]_i_3/CO[7]
                         net (fo=1, unplaced)         0.005     2.043    u_softmax/u_compatibility/u_core/calc_score_fixed_reg[7]_i_3_n_0
                         CARRY8 (Prop_CARRY8_CI_CO[7])
                                                      0.022     2.065 r  u_softmax/u_compatibility/u_core/calc_score_fixed_reg[16]_i_3/CO[7]
                         net (fo=1, unplaced)         0.005     2.070    u_softmax/u_compatibility/u_core/calc_score_fixed_reg[16]_i_3_n_0
                         CARRY8 (Prop_CARRY8_CI_O[6])
                                                      0.103     2.173 r  u_softmax/u_compatibility/u_core/calc_score_fixed_reg[22]_i_5/O[6]
                         net (fo=1, unplaced)         0.184     2.357    u_softmax/u_compatibility/u_core/calc_score_fixed_reg[22]_i_5_n_9
                         LUT6 (Prop_LUT6_I4_O)        0.038     2.395 f  u_softmax/u_compatibility/u_core/calc_score_fixed[23]_i_3/O
                         net (fo=1, unplaced)         0.232     2.627    u_softmax/u_compatibility/u_core/calc_score_fixed[23]_i_3_n_0
                         LUT6 (Prop_LUT6_I1_O)        0.038     2.665 r  u_softmax/u_compatibility/u_core/calc_score_fixed[23]_i_1/O
                         net (fo=3, unplaced)         0.238     2.903    u_softmax/u_compatibility/u_core/calc_score_fixed[23]_i_1_n_0
                         LUT4 (Prop_LUT4_I0_O)        0.066     2.969 r  u_softmax/u_compatibility/u_core/calc_last_i_44/O
                         net (fo=1, unplaced)         0.156     3.125    u_softmax/u_compatibility/u_core/calc_last_i_44_n_0
                         CARRY8 (Prop_CARRY8_DI[3]_CO[3])
                                                      0.130     3.255 r  u_softmax/u_compatibility/u_core/calc_last_reg_i_13/CO[3]
                         net (fo=1, unplaced)         0.138     3.393    u_softmax/u_compatibility/u_core/score_max_legal0
                         LUT6 (Prop_LUT6_I2_O)        0.038     3.431 f  u_softmax/u_compatibility/u_core/calc_last_i_4/O
                         net (fo=1, unplaced)         0.232     3.663    u_softmax/u_compatibility/u_core/calc_last_i_4_n_0
                         LUT4 (Prop_LUT4_I1_O)        0.038     3.701 r  u_softmax/u_compatibility/u_core/calc_last_i_2/O
                         net (fo=7, unplaced)         0.257     3.958    u_softmax/u_compatibility/u_core/calc_last_i_2_n_0
                         LUT5 (Prop_LUT5_I2_O)        0.038     3.996 r  u_softmax/u_compatibility/u_core/protocol_error_count[7]_i_3/O
                         net (fo=1, unplaced)         0.279     4.275    u_softmax/u_compatibility/u_core/protocol_error_count[7]_i_3_n_0
                         CARRY8 (Prop_CARRY8_DI[0]_CO[7])
                                                      0.140     4.415 r  u_softmax/u_compatibility/u_core/protocol_error_count_reg[7]_i_1/CO[7]
                         net (fo=1, unplaced)         0.005     4.420    u_softmax/u_compatibility/u_core/protocol_error_count_reg[7]_i_1_n_0
                         CARRY8 (Prop_CARRY8_CI_CO[7])
                                                      0.022     4.442 r  u_softmax/u_compatibility/u_core/protocol_error_count_reg[15]_i_1/CO[7]
                         net (fo=1, unplaced)         0.005     4.447    u_softmax/u_compatibility/u_core/protocol_error_count_reg[15]_i_1_n_0
                         CARRY8 (Prop_CARRY8_CI_CO[7])
                                                      0.022     4.469 r  u_softmax/u_compatibility/u_core/protocol_error_count_reg[23]_i_1/CO[7]
                         net (fo=1, unplaced)         0.005     4.474    u_softmax/u_compatibility/u_core/protocol_error_count_reg[23]_i_1_n_0
                         CARRY8 (Prop_CARRY8_CI_CO[7])
                                                      0.022     4.496 r  u_softmax/u_compatibility/u_core/protocol_error_count_reg[31]_i_1/CO[7]
                         net (fo=1, unplaced)         0.005     4.501    u_softmax/u_compatibility/u_core/protocol_error_count_reg[31]_i_1_n_0
                         CARRY8 (Prop_CARRY8_CI_CO[7])
                                                      0.022     4.523 r  u_softmax/u_compatibility/u_core/protocol_error_count_reg[39]_i_1/CO[7]
                         net (fo=1, unplaced)         0.005     4.528    u_softmax/u_compatibility/u_core/protocol_error_count_reg[39]_i_1_n_0
                         CARRY8 (Prop_CARRY8_CI_CO[7])
                                                      0.022     4.550 r  u_softmax/u_compatibility/u_core/protocol_error_count_reg[47]_i_1/CO[7]
                         net (fo=1, unplaced)         0.005     4.555    u_softmax/u_compatibility/u_core/protocol_error_count_reg[47]_i_1_n_0
                         CARRY8 (Prop_CARRY8_CI_CO[7])
                                                      0.022     4.577 r  u_softmax/u_compatibility/u_core/protocol_error_count_reg[55]_i_1/CO[7]
                         net (fo=1, unplaced)         0.005     4.582    u_softmax/u_compatibility/u_core/protocol_error_count_reg[55]_i_1_n_0
                         CARRY8 (Prop_CARRY8_CI_O[5])
                                                      0.116     4.698 r  u_softmax/u_compatibility/u_core/protocol_error_count_reg[63]_i_2/O[5]
                         net (fo=1, unplaced)         0.025     4.723    u_softmax/u_compatibility/u_core/protocol_error_count_reg[63]_i_2_n_10
                         FDCE                                         r  u_softmax/u_compatibility/u_core/protocol_error_count_reg[61]/D
  -------------------------------------------------------------------    -------------------

                         (clock core_clk rise edge)
                                                      0.000     0.000 r  
                                                      0.000     0.000 r  clk (IN)
                         net (fo=59650, unset)        0.000     0.000    u_softmax/u_compatibility/u_core/clk
                         FDCE                                         r  u_softmax/u_compatibility/u_core/protocol_error_count_reg[61]/C

Slack:                    inf
  Source:                 score_bf16[0]
                            (input port)
  Destination:            u_softmax/u_compatibility/u_core/protocol_error_count_reg[62]/D
                            (rising edge-triggered cell FDCE clocked by core_clk  {rise@0.000ns fall@3.333ns period=6.666ns})
  Path Group:             (none)
  Path Type:              Setup (Max at Slow Process Corner)
  Data Path Delay:        4.711ns  (logic 1.547ns (32.838%)  route 3.164ns (67.162%))
  Logic Levels:           25  (CARRY8=12 LUT1=1 LUT4=2 LUT5=1 LUT6=9)
  Clock Uncertainty:      0.025ns  ((TSJ^2 + TIJ^2)^1/2 + DJ) / 2 + PE
    Total System Jitter     (TSJ):    0.050ns
    Total Input Jitter      (TIJ):    0.000ns
    Discrete Jitter          (DJ):    0.000ns
    Phase Error              (PE):    0.000ns
  Timing Exception:       False Path

    Location             Delay type                Incr(ns)  Path(ns)    Netlist Resource(s)
  -------------------------------------------------------------------    -------------------
                                                      0.000     0.000 f  score_bf16[0] (IN)
                         net (fo=17, unset)           0.000     0.000    u_softmax/u_compatibility/u_core/score_bf16[0]
                         LUT6 (Prop_LUT6_I0_O)        0.150     0.150 f  u_softmax/u_compatibility/u_core/calc_score_fixed[1]_i_11/O
                         net (fo=2, unplaced)         0.144     0.294    u_softmax/u_compatibility/u_core/calc_score_fixed[1]_i_11_n_0
                         LUT6 (Prop_LUT6_I1_O)        0.125     0.419 r  u_softmax/u_compatibility/u_core/calc_score_fixed[3]_i_14/O
                         net (fo=3, unplaced)         0.238     0.657    u_softmax/u_compatibility/u_core/calc_score_fixed[3]_i_14_n_0
                         LUT6 (Prop_LUT6_I0_O)        0.038     0.695 r  u_softmax/u_compatibility/u_core/calc_score_fixed[7]_i_18/O
                         net (fo=6, unplaced)         0.254     0.949    u_softmax/u_compatibility/u_core/calc_score_fixed[7]_i_18_n_0
                         LUT6 (Prop_LUT6_I0_O)        0.038     0.987 f  u_softmax/u_compatibility/u_core/calc_score_fixed[7]_i_15/O
                         net (fo=6, unplaced)         0.254     1.241    u_softmax/u_compatibility/u_core/calc_score_fixed[7]_i_15_n_0
                         LUT6 (Prop_LUT6_I5_O)        0.038     1.279 f  u_softmax/u_compatibility/u_core/calc_score_fixed[1]_i_5/O
                         net (fo=2, unplaced)         0.232     1.511    u_softmax/u_compatibility/u_core/calc_score_fixed[1]_i_5_n_0
                         LUT6 (Prop_LUT6_I5_O)        0.038     1.549 f  u_softmax/u_compatibility/u_core/calc_score_fixed[2]_i_3/O
                         net (fo=2, unplaced)         0.232     1.781    u_softmax/u_compatibility/u_core/calc_score_fixed[2]_i_3_n_0
                         LUT1 (Prop_LUT1_I0_O)        0.037     1.818 r  u_softmax/u_compatibility/u_core/calc_score_fixed[7]_i_13/O
                         net (fo=1, unplaced)         0.023     1.841    u_softmax/u_compatibility/u_core/p_0_in__0[2]
                         CARRY8 (Prop_CARRY8_S[1]_CO[7])
                                                      0.197     2.038 r  u_softmax/u_compatibility/u_core/calc_score_fixed_reg[7]_i_3/CO[7]
                         net (fo=1, unplaced)         0.005     2.043    u_softmax/u_compatibility/u_core/calc_score_fixed_reg[7]_i_3_n_0
                         CARRY8 (Prop_CARRY8_CI_CO[7])
                                                      0.022     2.065 r  u_softmax/u_compatibility/u_core/calc_score_fixed_reg[16]_i_3/CO[7]
                         net (fo=1, unplaced)         0.005     2.070    u_softmax/u_compatibility/u_core/calc_score_fixed_reg[16]_i_3_n_0
                         CARRY8 (Prop_CARRY8_CI_O[6])
                                                      0.103     2.173 r  u_softmax/u_compatibility/u_core/calc_score_fixed_reg[22]_i_5/O[6]
                         net (fo=1, unplaced)         0.184     2.357    u_softmax/u_compatibility/u_core/calc_score_fixed_reg[22]_i_5_n_9
                         LUT6 (Prop_LUT6_I4_O)        0.038     2.395 f  u_softmax/u_compatibility/u_core/calc_score_fixed[23]_i_3/O
                         net (fo=1, unplaced)         0.232     2.627    u_softmax/u_compatibility/u_core/calc_score_fixed[23]_i_3_n_0
                         LUT6 (Prop_LUT6_I1_O)        0.038     2.665 r  u_softmax/u_compatibility/u_core/calc_score_fixed[23]_i_1/O
                         net (fo=3, unplaced)         0.238     2.903    u_softmax/u_compatibility/u_core/calc_score_fixed[23]_i_1_n_0
                         LUT4 (Prop_LUT4_I0_O)        0.066     2.969 r  u_softmax/u_compatibility/u_core/calc_last_i_44/O
                         net (fo=1, unplaced)         0.156     3.125    u_softmax/u_compatibility/u_core/calc_last_i_44_n_0
                         CARRY8 (Prop_CARRY8_DI[3]_CO[3])
                                                      0.130     3.255 r  u_softmax/u_compatibility/u_core/calc_last_reg_i_13/CO[3]
                         net (fo=1, unplaced)         0.138     3.393    u_softmax/u_compatibility/u_core/score_max_legal0
                         LUT6 (Prop_LUT6_I2_O)        0.038     3.431 f  u_softmax/u_compatibility/u_core/calc_last_i_4/O
                         net (fo=1, unplaced)         0.232     3.663    u_softmax/u_compatibility/u_core/calc_last_i_4_n_0
                         LUT4 (Prop_LUT4_I1_O)        0.038     3.701 r  u_softmax/u_compatibility/u_core/calc_last_i_2/O
                         net (fo=7, unplaced)         0.257     3.958    u_softmax/u_compatibility/u_core/calc_last_i_2_n_0
                         LUT5 (Prop_LUT5_I2_O)        0.038     3.996 r  u_softmax/u_compatibility/u_core/protocol_error_count[7]_i_3/O
                         net (fo=1, unplaced)         0.279     4.275    u_softmax/u_compatibility/u_core/protocol_error_count[7]_i_3_n_0
                         CARRY8 (Prop_CARRY8_DI[0]_CO[7])
                                                      0.140     4.415 r  u_softmax/u_compatibility/u_core/protocol_error_count_reg[7]_i_1/CO[7]
                         net (fo=1, unplaced)         0.005     4.420    u_softmax/u_compatibility/u_core/protocol_error_count_reg[7]_i_1_n_0
                         CARRY8 (Prop_CARRY8_CI_CO[7])
                                                      0.022     4.442 r  u_softmax/u_compatibility/u_core/protocol_error_count_reg[15]_i_1/CO[7]
                         net (fo=1, unplaced)         0.005     4.447    u_softmax/u_compatibility/u_core/protocol_error_count_reg[15]_i_1_n_0
                         CARRY8 (Prop_CARRY8_CI_CO[7])
                                                      0.022     4.469 r  u_softmax/u_compatibility/u_core/protocol_error_count_reg[23]_i_1/CO[7]
                         net (fo=1, unplaced)         0.005     4.474    u_softmax/u_compatibility/u_core/protocol_error_count_reg[23]_i_1_n_0
                         CARRY8 (Prop_CARRY8_CI_CO[7])
                                                      0.022     4.496 r  u_softmax/u_compatibility/u_core/protocol_error_count_reg[31]_i_1/CO[7]
                         net (fo=1, unplaced)         0.005     4.501    u_softmax/u_compatibility/u_core/protocol_error_count_reg[31]_i_1_n_0
                         CARRY8 (Prop_CARRY8_CI_CO[7])
                                                      0.022     4.523 r  u_softmax/u_compatibility/u_core/protocol_error_count_reg[39]_i_1/CO[7]
                         net (fo=1, unplaced)         0.005     4.528    u_softmax/u_compatibility/u_core/protocol_error_count_reg[39]_i_1_n_0
                         CARRY8 (Prop_CARRY8_CI_CO[7])
                                                      0.022     4.550 r  u_softmax/u_compatibility/u_core/protocol_error_count_reg[47]_i_1/CO[7]
                         net (fo=1, unplaced)         0.005     4.555    u_softmax/u_compatibility/u_core/protocol_error_count_reg[47]_i_1_n_0
                         CARRY8 (Prop_CARRY8_CI_CO[7])
                                                      0.022     4.577 r  u_softmax/u_compatibility/u_core/protocol_error_count_reg[55]_i_1/CO[7]
                         net (fo=1, unplaced)         0.005     4.582    u_softmax/u_compatibility/u_core/protocol_error_count_reg[55]_i_1_n_0
                         CARRY8 (Prop_CARRY8_CI_O[6])
                                                      0.103     4.685 r  u_softmax/u_compatibility/u_core/protocol_error_count_reg[63]_i_2/O[6]
                         net (fo=1, unplaced)         0.026     4.711    u_softmax/u_compatibility/u_core/protocol_error_count_reg[63]_i_2_n_9
                         FDCE                                         r  u_softmax/u_compatibility/u_core/protocol_error_count_reg[62]/D
  -------------------------------------------------------------------    -------------------

                         (clock core_clk rise edge)
                                                      0.000     0.000 r  
                                                      0.000     0.000 r  clk (IN)
                         net (fo=59650, unset)        0.000     0.000    u_softmax/u_compatibility/u_core/clk
                         FDCE                                         r  u_softmax/u_compatibility/u_core/protocol_error_count_reg[62]/C

Slack:                    inf
  Source:                 score_bf16[0]
                            (input port)
  Destination:            u_softmax/u_compatibility/u_core/protocol_error_count_reg[55]/D
                            (rising edge-triggered cell FDCE clocked by core_clk  {rise@0.000ns fall@3.333ns period=6.666ns})
  Path Group:             (none)
  Path Type:              Setup (Max at Slow Process Corner)
  Data Path Delay:        4.697ns  (logic 1.538ns (32.744%)  route 3.159ns (67.256%))
  Logic Levels:           24  (CARRY8=11 LUT1=1 LUT4=2 LUT5=1 LUT6=9)
  Clock Uncertainty:      0.025ns  ((TSJ^2 + TIJ^2)^1/2 + DJ) / 2 + PE
    Total System Jitter     (TSJ):    0.050ns
    Total Input Jitter      (TIJ):    0.000ns
    Discrete Jitter          (DJ):    0.000ns
    Phase Error              (PE):    0.000ns
  Timing Exception:       False Path

    Location             Delay type                Incr(ns)  Path(ns)    Netlist Resource(s)
  -------------------------------------------------------------------    -------------------
                                                      0.000     0.000 f  score_bf16[0] (IN)
                         net (fo=17, unset)           0.000     0.000    u_softmax/u_compatibility/u_core/score_bf16[0]
                         LUT6 (Prop_LUT6_I0_O)        0.150     0.150 f  u_softmax/u_compatibility/u_core/calc_score_fixed[1]_i_11/O
                         net (fo=2, unplaced)         0.144     0.294    u_softmax/u_compatibility/u_core/calc_score_fixed[1]_i_11_n_0
                         LUT6 (Prop_LUT6_I1_O)        0.125     0.419 r  u_softmax/u_compatibility/u_core/calc_score_fixed[3]_i_14/O
                         net (fo=3, unplaced)         0.238     0.657    u_softmax/u_compatibility/u_core/calc_score_fixed[3]_i_14_n_0
                         LUT6 (Prop_LUT6_I0_O)        0.038     0.695 r  u_softmax/u_compatibility/u_core/calc_score_fixed[7]_i_18/O
                         net (fo=6, unplaced)         0.254     0.949    u_softmax/u_compatibility/u_core/calc_score_fixed[7]_i_18_n_0
                         LUT6 (Prop_LUT6_I0_O)        0.038     0.987 f  u_softmax/u_compatibility/u_core/calc_score_fixed[7]_i_15/O
                         net (fo=6, unplaced)         0.254     1.241    u_softmax/u_compatibility/u_core/calc_score_fixed[7]_i_15_n_0
                         LUT6 (Prop_LUT6_I5_O)        0.038     1.279 f  u_softmax/u_compatibility/u_core/calc_score_fixed[1]_i_5/O
                         net (fo=2, unplaced)         0.232     1.511    u_softmax/u_compatibility/u_core/calc_score_fixed[1]_i_5_n_0
                         LUT6 (Prop_LUT6_I5_O)        0.038     1.549 f  u_softmax/u_compatibility/u_core/calc_score_fixed[2]_i_3/O
                         net (fo=2, unplaced)         0.232     1.781    u_softmax/u_compatibility/u_core/calc_score_fixed[2]_i_3_n_0
                         LUT1 (Prop_LUT1_I0_O)        0.037     1.818 r  u_softmax/u_compatibility/u_core/calc_score_fixed[7]_i_13/O
                         net (fo=1, unplaced)         0.023     1.841    u_softmax/u_compatibility/u_core/p_0_in__0[2]
                         CARRY8 (Prop_CARRY8_S[1]_CO[7])
                                                      0.197     2.038 r  u_softmax/u_compatibility/u_core/calc_score_fixed_reg[7]_i_3/CO[7]
                         net (fo=1, unplaced)         0.005     2.043    u_softmax/u_compatibility/u_core/calc_score_fixed_reg[7]_i_3_n_0
                         CARRY8 (Prop_CARRY8_CI_CO[7])
                                                      0.022     2.065 r  u_softmax/u_compatibility/u_core/calc_score_fixed_reg[16]_i_3/CO[7]
                         net (fo=1, unplaced)         0.005     2.070    u_softmax/u_compatibility/u_core/calc_score_fixed_reg[16]_i_3_n_0
                         CARRY8 (Prop_CARRY8_CI_O[6])
                                                      0.103     2.173 r  u_softmax/u_compatibility/u_core/calc_score_fixed_reg[22]_i_5/O[6]
                         net (fo=1, unplaced)         0.184     2.357    u_softmax/u_compatibility/u_core/calc_score_fixed_reg[22]_i_5_n_9
                         LUT6 (Prop_LUT6_I4_O)        0.038     2.395 f  u_softmax/u_compatibility/u_core/calc_score_fixed[23]_i_3/O
                         net (fo=1, unplaced)         0.232     2.627    u_softmax/u_compatibility/u_core/calc_score_fixed[23]_i_3_n_0
                         LUT6 (Prop_LUT6_I1_O)        0.038     2.665 r  u_softmax/u_compatibility/u_core/calc_score_fixed[23]_i_1/O
                         net (fo=3, unplaced)         0.238     2.903    u_softmax/u_compatibility/u_core/calc_score_fixed[23]_i_1_n_0
                         LUT4 (Prop_LUT4_I0_O)        0.066     2.969 r  u_softmax/u_compatibility/u_core/calc_last_i_44/O
                         net (fo=1, unplaced)         0.156     3.125    u_softmax/u_compatibility/u_core/calc_last_i_44_n_0
                         CARRY8 (Prop_CARRY8_DI[3]_CO[3])
                                                      0.130     3.255 r  u_softmax/u_compatibility/u_core/calc_last_reg_i_13/CO[3]
                         net (fo=1, unplaced)         0.138     3.393    u_softmax/u_compatibility/u_core/score_max_legal0
                         LUT6 (Prop_LUT6_I2_O)        0.038     3.431 f  u_softmax/u_compatibility/u_core/calc_last_i_4/O
                         net (fo=1, unplaced)         0.232     3.663    u_softmax/u_compatibility/u_core/calc_last_i_4_n_0
                         LUT4 (Prop_LUT4_I1_O)        0.038     3.701 r  u_softmax/u_compatibility/u_core/calc_last_i_2/O
                         net (fo=7, unplaced)         0.257     3.958    u_softmax/u_compatibility/u_core/calc_last_i_2_n_0
                         LUT5 (Prop_LUT5_I2_O)        0.038     3.996 r  u_softmax/u_compatibility/u_core/protocol_error_count[7]_i_3/O
                         net (fo=1, unplaced)         0.279     4.275    u_softmax/u_compatibility/u_core/protocol_error_count[7]_i_3_n_0
                         CARRY8 (Prop_CARRY8_DI[0]_CO[7])
                                                      0.140     4.415 r  u_softmax/u_compatibility/u_core/protocol_error_count_reg[7]_i_1/CO[7]
                         net (fo=1, unplaced)         0.005     4.420    u_softmax/u_compatibility/u_core/protocol_error_count_reg[7]_i_1_n_0
                         CARRY8 (Prop_CARRY8_CI_CO[7])
                                                      0.022     4.442 r  u_softmax/u_compatibility/u_core/protocol_error_count_reg[15]_i_1/CO[7]
                         net (fo=1, unplaced)         0.005     4.447    u_softmax/u_compatibility/u_core/protocol_error_count_reg[15]_i_1_n_0
                         CARRY8 (Prop_CARRY8_CI_CO[7])
                                                      0.022     4.469 r  u_softmax/u_compatibility/u_core/protocol_error_count_reg[23]_i_1/CO[7]
                         net (fo=1, unplaced)         0.005     4.474    u_softmax/u_compatibility/u_core/protocol_error_count_reg[23]_i_1_n_0
                         CARRY8 (Prop_CARRY8_CI_CO[7])
                                                      0.022     4.496 r  u_softmax/u_compatibility/u_core/protocol_error_count_reg[31]_i_1/CO[7]
                         net (fo=1, unplaced)         0.005     4.501    u_softmax/u_compatibility/u_core/protocol_error_count_reg[31]_i_1_n_0
                         CARRY8 (Prop_CARRY8_CI_CO[7])
                                                      0.022     4.523 r  u_softmax/u_compatibility/u_core/protocol_error_count_reg[39]_i_1/CO[7]
                         net (fo=1, unplaced)         0.005     4.528    u_softmax/u_compatibility/u_core/protocol_error_count_reg[39]_i_1_n_0
                         CARRY8 (Prop_CARRY8_CI_CO[7])
                                                      0.022     4.550 r  u_softmax/u_compatibility/u_core/protocol_error_count_reg[47]_i_1/CO[7]
                         net (fo=1, unplaced)         0.005     4.555    u_softmax/u_compatibility/u_core/protocol_error_count_reg[47]_i_1_n_0
                         CARRY8 (Prop_CARRY8_CI_O[7])
                                                      0.116     4.671 r  u_softmax/u_compatibility/u_core/protocol_error_count_reg[55]_i_1/O[7]
                         net (fo=1, unplaced)         0.026     4.697    u_softmax/u_compatibility/u_core/protocol_error_count_reg[55]_i_1_n_8
                         FDCE                                         r  u_softmax/u_compatibility/u_core/protocol_error_count_reg[55]/D
  -------------------------------------------------------------------    -------------------

                         (clock core_clk rise edge)
                                                      0.000     0.000 r  
                                                      0.000     0.000 r  clk (IN)
                         net (fo=59650, unset)        0.000     0.000    u_softmax/u_compatibility/u_core/clk
                         FDCE                                         r  u_softmax/u_compatibility/u_core/protocol_error_count_reg[55]/C

Slack:                    inf
  Source:                 score_bf16[0]
                            (input port)
  Destination:            u_softmax/u_compatibility/u_core/protocol_error_count_reg[53]/D
                            (rising edge-triggered cell FDCE clocked by core_clk  {rise@0.000ns fall@3.333ns period=6.666ns})
  Path Group:             (none)
  Path Type:              Setup (Max at Slow Process Corner)
  Data Path Delay:        4.696ns  (logic 1.538ns (32.751%)  route 3.158ns (67.249%))
  Logic Levels:           24  (CARRY8=11 LUT1=1 LUT4=2 LUT5=1 LUT6=9)
  Clock Uncertainty:      0.025ns  ((TSJ^2 + TIJ^2)^1/2 + DJ) / 2 + PE
    Total System Jitter     (TSJ):    0.050ns
    Total Input Jitter      (TIJ):    0.000ns
    Discrete Jitter          (DJ):    0.000ns
    Phase Error              (PE):    0.000ns
  Timing Exception:       False Path

    Location             Delay type                Incr(ns)  Path(ns)    Netlist Resource(s)
  -------------------------------------------------------------------    -------------------
                                                      0.000     0.000 f  score_bf16[0] (IN)
                         net (fo=17, unset)           0.000     0.000    u_softmax/u_compatibility/u_core/score_bf16[0]
                         LUT6 (Prop_LUT6_I0_O)        0.150     0.150 f  u_softmax/u_compatibility/u_core/calc_score_fixed[1]_i_11/O
                         net (fo=2, unplaced)         0.144     0.294    u_softmax/u_compatibility/u_core/calc_score_fixed[1]_i_11_n_0
                         LUT6 (Prop_LUT6_I1_O)        0.125     0.419 r  u_softmax/u_compatibility/u_core/calc_score_fixed[3]_i_14/O
                         net (fo=3, unplaced)         0.238     0.657    u_softmax/u_compatibility/u_core/calc_score_fixed[3]_i_14_n_0
                         LUT6 (Prop_LUT6_I0_O)        0.038     0.695 r  u_softmax/u_compatibility/u_core/calc_score_fixed[7]_i_18/O
                         net (fo=6, unplaced)         0.254     0.949    u_softmax/u_compatibility/u_core/calc_score_fixed[7]_i_18_n_0
                         LUT6 (Prop_LUT6_I0_O)        0.038     0.987 f  u_softmax/u_compatibility/u_core/calc_score_fixed[7]_i_15/O
                         net (fo=6, unplaced)         0.254     1.241    u_softmax/u_compatibility/u_core/calc_score_fixed[7]_i_15_n_0
                         LUT6 (Prop_LUT6_I5_O)        0.038     1.279 f  u_softmax/u_compatibility/u_core/calc_score_fixed[1]_i_5/O
                         net (fo=2, unplaced)         0.232     1.511    u_softmax/u_compatibility/u_core/calc_score_fixed[1]_i_5_n_0
                         LUT6 (Prop_LUT6_I5_O)        0.038     1.549 f  u_softmax/u_compatibility/u_core/calc_score_fixed[2]_i_3/O
                         net (fo=2, unplaced)         0.232     1.781    u_softmax/u_compatibility/u_core/calc_score_fixed[2]_i_3_n_0
                         LUT1 (Prop_LUT1_I0_O)        0.037     1.818 r  u_softmax/u_compatibility/u_core/calc_score_fixed[7]_i_13/O
                         net (fo=1, unplaced)         0.023     1.841    u_softmax/u_compatibility/u_core/p_0_in__0[2]
                         CARRY8 (Prop_CARRY8_S[1]_CO[7])
                                                      0.197     2.038 r  u_softmax/u_compatibility/u_core/calc_score_fixed_reg[7]_i_3/CO[7]
                         net (fo=1, unplaced)         0.005     2.043    u_softmax/u_compatibility/u_core/calc_score_fixed_reg[7]_i_3_n_0
                         CARRY8 (Prop_CARRY8_CI_CO[7])
                                                      0.022     2.065 r  u_softmax/u_compatibility/u_core/calc_score_fixed_reg[16]_i_3/CO[7]
                         net (fo=1, unplaced)         0.005     2.070    u_softmax/u_compatibility/u_core/calc_score_fixed_reg[16]_i_3_n_0
                         CARRY8 (Prop_CARRY8_CI_O[6])
                                                      0.103     2.173 r  u_softmax/u_compatibility/u_core/calc_score_fixed_reg[22]_i_5/O[6]
                         net (fo=1, unplaced)         0.184     2.357    u_softmax/u_compatibility/u_core/calc_score_fixed_reg[22]_i_5_n_9
                         LUT6 (Prop_LUT6_I4_O)        0.038     2.395 f  u_softmax/u_compatibility/u_core/calc_score_fixed[23]_i_3/O
                         net (fo=1, unplaced)         0.232     2.627    u_softmax/u_compatibility/u_core/calc_score_fixed[23]_i_3_n_0
                         LUT6 (Prop_LUT6_I1_O)        0.038     2.665 r  u_softmax/u_compatibility/u_core/calc_score_fixed[23]_i_1/O
                         net (fo=3, unplaced)         0.238     2.903    u_softmax/u_compatibility/u_core/calc_score_fixed[23]_i_1_n_0
                         LUT4 (Prop_LUT4_I0_O)        0.066     2.969 r  u_softmax/u_compatibility/u_core/calc_last_i_44/O
                         net (fo=1, unplaced)         0.156     3.125    u_softmax/u_compatibility/u_core/calc_last_i_44_n_0
                         CARRY8 (Prop_CARRY8_DI[3]_CO[3])
                                                      0.130     3.255 r  u_softmax/u_compatibility/u_core/calc_last_reg_i_13/CO[3]
                         net (fo=1, unplaced)         0.138     3.393    u_softmax/u_compatibility/u_core/score_max_legal0
                         LUT6 (Prop_LUT6_I2_O)        0.038     3.431 f  u_softmax/u_compatibility/u_core/calc_last_i_4/O
                         net (fo=1, unplaced)         0.232     3.663    u_softmax/u_compatibility/u_core/calc_last_i_4_n_0
                         LUT4 (Prop_LUT4_I1_O)        0.038     3.701 r  u_softmax/u_compatibility/u_core/calc_last_i_2/O
                         net (fo=7, unplaced)         0.257     3.958    u_softmax/u_compatibility/u_core/calc_last_i_2_n_0
                         LUT5 (Prop_LUT5_I2_O)        0.038     3.996 r  u_softmax/u_compatibility/u_core/protocol_error_count[7]_i_3/O
                         net (fo=1, unplaced)         0.279     4.275    u_softmax/u_compatibility/u_core/protocol_error_count[7]_i_3_n_0
                         CARRY8 (Prop_CARRY8_DI[0]_CO[7])
                                                      0.140     4.415 r  u_softmax/u_compatibility/u_core/protocol_error_count_reg[7]_i_1/CO[7]
                         net (fo=1, unplaced)         0.005     4.420    u_softmax/u_compatibility/u_core/protocol_error_count_reg[7]_i_1_n_0
                         CARRY8 (Prop_CARRY8_CI_CO[7])
                                                      0.022     4.442 r  u_softmax/u_compatibility/u_core/protocol_error_count_reg[15]_i_1/CO[7]
                         net (fo=1, unplaced)         0.005     4.447    u_softmax/u_compatibility/u_core/protocol_error_count_reg[15]_i_1_n_0
                         CARRY8 (Prop_CARRY8_CI_CO[7])
                                                      0.022     4.469 r  u_softmax/u_compatibility/u_core/protocol_error_count_reg[23]_i_1/CO[7]
                         net (fo=1, unplaced)         0.005     4.474    u_softmax/u_compatibility/u_core/protocol_error_count_reg[23]_i_1_n_0
                         CARRY8 (Prop_CARRY8_CI_CO[7])
                                                      0.022     4.496 r  u_softmax/u_compatibility/u_core/protocol_error_count_reg[31]_i_1/CO[7]
                         net (fo=1, unplaced)         0.005     4.501    u_softmax/u_compatibility/u_core/protocol_error_count_reg[31]_i_1_n_0
                         CARRY8 (Prop_CARRY8_CI_CO[7])
                                                      0.022     4.523 r  u_softmax/u_compatibility/u_core/protocol_error_count_reg[39]_i_1/CO[7]
                         net (fo=1, unplaced)         0.005     4.528    u_softmax/u_compatibility/u_core/protocol_error_count_reg[39]_i_1_n_0
                         CARRY8 (Prop_CARRY8_CI_CO[7])
                                                      0.022     4.550 r  u_softmax/u_compatibility/u_core/protocol_error_count_reg[47]_i_1/CO[7]
                         net (fo=1, unplaced)         0.005     4.555    u_softmax/u_compatibility/u_core/protocol_error_count_reg[47]_i_1_n_0
                         CARRY8 (Prop_CARRY8_CI_O[5])
                                                      0.116     4.671 r  u_softmax/u_compatibility/u_core/protocol_error_count_reg[55]_i_1/O[5]
                         net (fo=1, unplaced)         0.025     4.696    u_softmax/u_compatibility/u_core/protocol_error_count_reg[55]_i_1_n_10
                         FDCE                                         r  u_softmax/u_compatibility/u_core/protocol_error_count_reg[53]/D
  -------------------------------------------------------------------    -------------------

                         (clock core_clk rise edge)
                                                      0.000     0.000 r  
                                                      0.000     0.000 r  clk (IN)
                         net (fo=59650, unset)        0.000     0.000    u_softmax/u_compatibility/u_core/clk
                         FDCE                                         r  u_softmax/u_compatibility/u_core/protocol_error_count_reg[53]/C

Slack:                    inf
  Source:                 score_bf16[0]
                            (input port)
  Destination:            u_softmax/u_compatibility/u_core/protocol_error_count_reg[60]/D
                            (rising edge-triggered cell FDCE clocked by core_clk  {rise@0.000ns fall@3.333ns period=6.666ns})
  Path Group:             (none)
  Path Type:              Setup (Max at Slow Process Corner)
  Data Path Delay:        4.693ns  (logic 1.530ns (32.602%)  route 3.163ns (67.398%))
  Logic Levels:           25  (CARRY8=12 LUT1=1 LUT4=2 LUT5=1 LUT6=9)
  Clock Uncertainty:      0.025ns  ((TSJ^2 + TIJ^2)^1/2 + DJ) / 2 + PE
    Total System Jitter     (TSJ):    0.050ns
    Total Input Jitter      (TIJ):    0.000ns
    Discrete Jitter          (DJ):    0.000ns
    Phase Error              (PE):    0.000ns
  Timing Exception:       False Path

    Location             Delay type                Incr(ns)  Path(ns)    Netlist Resource(s)
  -------------------------------------------------------------------    -------------------
                                                      0.000     0.000 f  score_bf16[0] (IN)
                         net (fo=17, unset)           0.000     0.000    u_softmax/u_compatibility/u_core/score_bf16[0]
                         LUT6 (Prop_LUT6_I0_O)        0.150     0.150 f  u_softmax/u_compatibility/u_core/calc_score_fixed[1]_i_11/O
                         net (fo=2, unplaced)         0.144     0.294    u_softmax/u_compatibility/u_core/calc_score_fixed[1]_i_11_n_0
                         LUT6 (Prop_LUT6_I1_O)        0.125     0.419 r  u_softmax/u_compatibility/u_core/calc_score_fixed[3]_i_14/O
                         net (fo=3, unplaced)         0.238     0.657    u_softmax/u_compatibility/u_core/calc_score_fixed[3]_i_14_n_0
                         LUT6 (Prop_LUT6_I0_O)        0.038     0.695 r  u_softmax/u_compatibility/u_core/calc_score_fixed[7]_i_18/O
                         net (fo=6, unplaced)         0.254     0.949    u_softmax/u_compatibility/u_core/calc_score_fixed[7]_i_18_n_0
                         LUT6 (Prop_LUT6_I0_O)        0.038     0.987 f  u_softmax/u_compatibility/u_core/calc_score_fixed[7]_i_15/O
                         net (fo=6, unplaced)         0.254     1.241    u_softmax/u_compatibility/u_core/calc_score_fixed[7]_i_15_n_0
                         LUT6 (Prop_LUT6_I5_O)        0.038     1.279 f  u_softmax/u_compatibility/u_core/calc_score_fixed[1]_i_5/O
                         net (fo=2, unplaced)         0.232     1.511    u_softmax/u_compatibility/u_core/calc_score_fixed[1]_i_5_n_0
                         LUT6 (Prop_LUT6_I5_O)        0.038     1.549 f  u_softmax/u_compatibility/u_core/calc_score_fixed[2]_i_3/O
                         net (fo=2, unplaced)         0.232     1.781    u_softmax/u_compatibility/u_core/calc_score_fixed[2]_i_3_n_0
                         LUT1 (Prop_LUT1_I0_O)        0.037     1.818 r  u_softmax/u_compatibility/u_core/calc_score_fixed[7]_i_13/O
                         net (fo=1, unplaced)         0.023     1.841    u_softmax/u_compatibility/u_core/p_0_in__0[2]
                         CARRY8 (Prop_CARRY8_S[1]_CO[7])
                                                      0.197     2.038 r  u_softmax/u_compatibility/u_core/calc_score_fixed_reg[7]_i_3/CO[7]
                         net (fo=1, unplaced)         0.005     2.043    u_softmax/u_compatibility/u_core/calc_score_fixed_reg[7]_i_3_n_0
                         CARRY8 (Prop_CARRY8_CI_CO[7])
                                                      0.022     2.065 r  u_softmax/u_compatibility/u_core/calc_score_fixed_reg[16]_i_3/CO[7]
                         net (fo=1, unplaced)         0.005     2.070    u_softmax/u_compatibility/u_core/calc_score_fixed_reg[16]_i_3_n_0
                         CARRY8 (Prop_CARRY8_CI_O[6])
                                                      0.103     2.173 r  u_softmax/u_compatibility/u_core/calc_score_fixed_reg[22]_i_5/O[6]
                         net (fo=1, unplaced)         0.184     2.357    u_softmax/u_compatibility/u_core/calc_score_fixed_reg[22]_i_5_n_9
                         LUT6 (Prop_LUT6_I4_O)        0.038     2.395 f  u_softmax/u_compatibility/u_core/calc_score_fixed[23]_i_3/O
                         net (fo=1, unplaced)         0.232     2.627    u_softmax/u_compatibility/u_core/calc_score_fixed[23]_i_3_n_0
                         LUT6 (Prop_LUT6_I1_O)        0.038     2.665 r  u_softmax/u_compatibility/u_core/calc_score_fixed[23]_i_1/O
                         net (fo=3, unplaced)         0.238     2.903    u_softmax/u_compatibility/u_core/calc_score_fixed[23]_i_1_n_0
                         LUT4 (Prop_LUT4_I0_O)        0.066     2.969 r  u_softmax/u_compatibility/u_core/calc_last_i_44/O
                         net (fo=1, unplaced)         0.156     3.125    u_softmax/u_compatibility/u_core/calc_last_i_44_n_0
                         CARRY8 (Prop_CARRY8_DI[3]_CO[3])
                                                      0.130     3.255 r  u_softmax/u_compatibility/u_core/calc_last_reg_i_13/CO[3]
                         net (fo=1, unplaced)         0.138     3.393    u_softmax/u_compatibility/u_core/score_max_legal0
                         LUT6 (Prop_LUT6_I2_O)        0.038     3.431 f  u_softmax/u_compatibility/u_core/calc_last_i_4/O
                         net (fo=1, unplaced)         0.232     3.663    u_softmax/u_compatibility/u_core/calc_last_i_4_n_0
                         LUT4 (Prop_LUT4_I1_O)        0.038     3.701 r  u_softmax/u_compatibility/u_core/calc_last_i_2/O
                         net (fo=7, unplaced)         0.257     3.958    u_softmax/u_compatibility/u_core/calc_last_i_2_n_0
                         LUT5 (Prop_LUT5_I2_O)        0.038     3.996 r  u_softmax/u_compatibility/u_core/protocol_error_count[7]_i_3/O
                         net (fo=1, unplaced)         0.279     4.275    u_softmax/u_compatibility/u_core/protocol_error_count[7]_i_3_n_0
                         CARRY8 (Prop_CARRY8_DI[0]_CO[7])
                                                      0.140     4.415 r  u_softmax/u_compatibility/u_core/protocol_error_count_reg[7]_i_1/CO[7]
                         net (fo=1, unplaced)         0.005     4.420    u_softmax/u_compatibility/u_core/protocol_error_count_reg[7]_i_1_n_0
                         CARRY8 (Prop_CARRY8_CI_CO[7])
                                                      0.022     4.442 r  u_softmax/u_compatibility/u_core/protocol_error_count_reg[15]_i_1/CO[7]
                         net (fo=1, unplaced)         0.005     4.447    u_softmax/u_compatibility/u_core/protocol_error_count_reg[15]_i_1_n_0
                         CARRY8 (Prop_CARRY8_CI_CO[7])
                                                      0.022     4.469 r  u_softmax/u_compatibility/u_core/protocol_error_count_reg[23]_i_1/CO[7]
                         net (fo=1, unplaced)         0.005     4.474    u_softmax/u_compatibility/u_core/protocol_error_count_reg[23]_i_1_n_0
                         CARRY8 (Prop_CARRY8_CI_CO[7])
                                                      0.022     4.496 r  u_softmax/u_compatibility/u_core/protocol_error_count_reg[31]_i_1/CO[7]
                         net (fo=1, unplaced)         0.005     4.501    u_softmax/u_compatibility/u_core/protocol_error_count_reg[31]_i_1_n_0
                         CARRY8 (Prop_CARRY8_CI_CO[7])
                                                      0.022     4.523 r  u_softmax/u_compatibility/u_core/protocol_error_count_reg[39]_i_1/CO[7]
                         net (fo=1, unplaced)         0.005     4.528    u_softmax/u_compatibility/u_core/protocol_error_count_reg[39]_i_1_n_0
                         CARRY8 (Prop_CARRY8_CI_CO[7])
                                                      0.022     4.550 r  u_softmax/u_compatibility/u_core/protocol_error_count_reg[47]_i_1/CO[7]
                         net (fo=1, unplaced)         0.005     4.555    u_softmax/u_compatibility/u_core/protocol_error_count_reg[47]_i_1_n_0
                         CARRY8 (Prop_CARRY8_CI_CO[7])
                                                      0.022     4.577 r  u_softmax/u_compatibility/u_core/protocol_error_count_reg[55]_i_1/CO[7]
                         net (fo=1, unplaced)         0.005     4.582    u_softmax/u_compatibility/u_core/protocol_error_count_reg[55]_i_1_n_0
                         CARRY8 (Prop_CARRY8_CI_O[4])
                                                      0.086     4.668 r  u_softmax/u_compatibility/u_core/protocol_error_count_reg[63]_i_2/O[4]
                         net (fo=1, unplaced)         0.025     4.693    u_softmax/u_compatibility/u_core/protocol_error_count_reg[63]_i_2_n_11
                         FDCE                                         r  u_softmax/u_compatibility/u_core/protocol_error_count_reg[60]/D
  -------------------------------------------------------------------    -------------------

                         (clock core_clk rise edge)
                                                      0.000     0.000 r  
                                                      0.000     0.000 r  clk (IN)
                         net (fo=59650, unset)        0.000     0.000    u_softmax/u_compatibility/u_core/clk
                         FDCE                                         r  u_softmax/u_compatibility/u_core/protocol_error_count_reg[60]/C

Slack:                    inf
  Source:                 score_bf16[0]
                            (input port)
  Destination:            u_softmax/u_compatibility/u_core/protocol_error_count_reg[59]/D
                            (rising edge-triggered cell FDCE clocked by core_clk  {rise@0.000ns fall@3.333ns period=6.666ns})
  Path Group:             (none)
  Path Type:              Setup (Max at Slow Process Corner)
  Data Path Delay:        4.690ns  (logic 1.526ns (32.537%)  route 3.164ns (67.463%))
  Logic Levels:           25  (CARRY8=12 LUT1=1 LUT4=2 LUT5=1 LUT6=9)
  Clock Uncertainty:      0.025ns  ((TSJ^2 + TIJ^2)^1/2 + DJ) / 2 + PE
    Total System Jitter     (TSJ):    0.050ns
    Total Input Jitter      (TIJ):    0.000ns
    Discrete Jitter          (DJ):    0.000ns
    Phase Error              (PE):    0.000ns
  Timing Exception:       False Path

    Location             Delay type                Incr(ns)  Path(ns)    Netlist Resource(s)
  -------------------------------------------------------------------    -------------------
                                                      0.000     0.000 f  score_bf16[0] (IN)
                         net (fo=17, unset)           0.000     0.000    u_softmax/u_compatibility/u_core/score_bf16[0]
                         LUT6 (Prop_LUT6_I0_O)        0.150     0.150 f  u_softmax/u_compatibility/u_core/calc_score_fixed[1]_i_11/O
                         net (fo=2, unplaced)         0.144     0.294    u_softmax/u_compatibility/u_core/calc_score_fixed[1]_i_11_n_0
                         LUT6 (Prop_LUT6_I1_O)        0.125     0.419 r  u_softmax/u_compatibility/u_core/calc_score_fixed[3]_i_14/O
                         net (fo=3, unplaced)         0.238     0.657    u_softmax/u_compatibility/u_core/calc_score_fixed[3]_i_14_n_0
                         LUT6 (Prop_LUT6_I0_O)        0.038     0.695 r  u_softmax/u_compatibility/u_core/calc_score_fixed[7]_i_18/O
                         net (fo=6, unplaced)         0.254     0.949    u_softmax/u_compatibility/u_core/calc_score_fixed[7]_i_18_n_0
                         LUT6 (Prop_LUT6_I0_O)        0.038     0.987 f  u_softmax/u_compatibility/u_core/calc_score_fixed[7]_i_15/O
                         net (fo=6, unplaced)         0.254     1.241    u_softmax/u_compatibility/u_core/calc_score_fixed[7]_i_15_n_0
                         LUT6 (Prop_LUT6_I5_O)        0.038     1.279 f  u_softmax/u_compatibility/u_core/calc_score_fixed[1]_i_5/O
                         net (fo=2, unplaced)         0.232     1.511    u_softmax/u_compatibility/u_core/calc_score_fixed[1]_i_5_n_0
                         LUT6 (Prop_LUT6_I5_O)        0.038     1.549 f  u_softmax/u_compatibility/u_core/calc_score_fixed[2]_i_3/O
                         net (fo=2, unplaced)         0.232     1.781    u_softmax/u_compatibility/u_core/calc_score_fixed[2]_i_3_n_0
                         LUT1 (Prop_LUT1_I0_O)        0.037     1.818 r  u_softmax/u_compatibility/u_core/calc_score_fixed[7]_i_13/O
                         net (fo=1, unplaced)         0.023     1.841    u_softmax/u_compatibility/u_core/p_0_in__0[2]
                         CARRY8 (Prop_CARRY8_S[1]_CO[7])
                                                      0.197     2.038 r  u_softmax/u_compatibility/u_core/calc_score_fixed_reg[7]_i_3/CO[7]
                         net (fo=1, unplaced)         0.005     2.043    u_softmax/u_compatibility/u_core/calc_score_fixed_reg[7]_i_3_n_0
                         CARRY8 (Prop_CARRY8_CI_CO[7])
                                                      0.022     2.065 r  u_softmax/u_compatibility/u_core/calc_score_fixed_reg[16]_i_3/CO[7]
                         net (fo=1, unplaced)         0.005     2.070    u_softmax/u_compatibility/u_core/calc_score_fixed_reg[16]_i_3_n_0
                         CARRY8 (Prop_CARRY8_CI_O[6])
                                                      0.103     2.173 r  u_softmax/u_compatibility/u_core/calc_score_fixed_reg[22]_i_5/O[6]
                         net (fo=1, unplaced)         0.184     2.357    u_softmax/u_compatibility/u_core/calc_score_fixed_reg[22]_i_5_n_9
                         LUT6 (Prop_LUT6_I4_O)        0.038     2.395 f  u_softmax/u_compatibility/u_core/calc_score_fixed[23]_i_3/O
                         net (fo=1, unplaced)         0.232     2.627    u_softmax/u_compatibility/u_core/calc_score_fixed[23]_i_3_n_0
                         LUT6 (Prop_LUT6_I1_O)        0.038     2.665 r  u_softmax/u_compatibility/u_core/calc_score_fixed[23]_i_1/O
                         net (fo=3, unplaced)         0.238     2.903    u_softmax/u_compatibility/u_core/calc_score_fixed[23]_i_1_n_0
                         LUT4 (Prop_LUT4_I0_O)        0.066     2.969 r  u_softmax/u_compatibility/u_core/calc_last_i_44/O
                         net (fo=1, unplaced)         0.156     3.125    u_softmax/u_compatibility/u_core/calc_last_i_44_n_0
                         CARRY8 (Prop_CARRY8_DI[3]_CO[3])
                                                      0.130     3.255 r  u_softmax/u_compatibility/u_core/calc_last_reg_i_13/CO[3]
                         net (fo=1, unplaced)         0.138     3.393    u_softmax/u_compatibility/u_core/score_max_legal0
                         LUT6 (Prop_LUT6_I2_O)        0.038     3.431 f  u_softmax/u_compatibility/u_core/calc_last_i_4/O
                         net (fo=1, unplaced)         0.232     3.663    u_softmax/u_compatibility/u_core/calc_last_i_4_n_0
                         LUT4 (Prop_LUT4_I1_O)        0.038     3.701 r  u_softmax/u_compatibility/u_core/calc_last_i_2/O
                         net (fo=7, unplaced)         0.257     3.958    u_softmax/u_compatibility/u_core/calc_last_i_2_n_0
                         LUT5 (Prop_LUT5_I2_O)        0.038     3.996 r  u_softmax/u_compatibility/u_core/protocol_error_count[7]_i_3/O
                         net (fo=1, unplaced)         0.279     4.275    u_softmax/u_compatibility/u_core/protocol_error_count[7]_i_3_n_0
                         CARRY8 (Prop_CARRY8_DI[0]_CO[7])
                                                      0.140     4.415 r  u_softmax/u_compatibility/u_core/protocol_error_count_reg[7]_i_1/CO[7]
                         net (fo=1, unplaced)         0.005     4.420    u_softmax/u_compatibility/u_core/protocol_error_count_reg[7]_i_1_n_0
                         CARRY8 (Prop_CARRY8_CI_CO[7])
                                                      0.022     4.442 r  u_softmax/u_compatibility/u_core/protocol_error_count_reg[15]_i_1/CO[7]
                         net (fo=1, unplaced)         0.005     4.447    u_softmax/u_compatibility/u_core/protocol_error_count_reg[15]_i_1_n_0
                         CARRY8 (Prop_CARRY8_CI_CO[7])
                                                      0.022     4.469 r  u_softmax/u_compatibility/u_core/protocol_error_count_reg[23]_i_1/CO[7]
                         net (fo=1, unplaced)         0.005     4.474    u_softmax/u_compatibility/u_core/protocol_error_count_reg[23]_i_1_n_0
                         CARRY8 (Prop_CARRY8_CI_CO[7])
                                                      0.022     4.496 r  u_softmax/u_compatibility/u_core/protocol_error_count_reg[31]_i_1/CO[7]
                         net (fo=1, unplaced)         0.005     4.501    u_softmax/u_compatibility/u_core/protocol_error_count_reg[31]_i_1_n_0
                         CARRY8 (Prop_CARRY8_CI_CO[7])
                                                      0.022     4.523 r  u_softmax/u_compatibility/u_core/protocol_error_count_reg[39]_i_1/CO[7]
                         net (fo=1, unplaced)         0.005     4.528    u_softmax/u_compatibility/u_core/protocol_error_count_reg[39]_i_1_n_0
                         CARRY8 (Prop_CARRY8_CI_CO[7])
                                                      0.022     4.550 r  u_softmax/u_compatibility/u_core/protocol_error_count_reg[47]_i_1/CO[7]
                         net (fo=1, unplaced)         0.005     4.555    u_softmax/u_compatibility/u_core/protocol_error_count_reg[47]_i_1_n_0
                         CARRY8 (Prop_CARRY8_CI_CO[7])
                                                      0.022     4.577 r  u_softmax/u_compatibility/u_core/protocol_error_count_reg[55]_i_1/CO[7]
                         net (fo=1, unplaced)         0.005     4.582    u_softmax/u_compatibility/u_core/protocol_error_count_reg[55]_i_1_n_0
                         CARRY8 (Prop_CARRY8_CI_O[3])
                                                      0.082     4.664 r  u_softmax/u_compatibility/u_core/protocol_error_count_reg[63]_i_2/O[3]
                         net (fo=1, unplaced)         0.026     4.690    u_softmax/u_compatibility/u_core/protocol_error_count_reg[63]_i_2_n_12
                         FDCE                                         r  u_softmax/u_compatibility/u_core/protocol_error_count_reg[59]/D
  -------------------------------------------------------------------    -------------------

                         (clock core_clk rise edge)
                                                      0.000     0.000 r  
                                                      0.000     0.000 r  clk (IN)
                         net (fo=59650, unset)        0.000     0.000    u_softmax/u_compatibility/u_core/clk
                         FDCE                                         r  u_softmax/u_compatibility/u_core/protocol_error_count_reg[59]/C

Slack:                    inf
  Source:                 score_bf16[0]
                            (input port)
  Destination:            u_softmax/u_compatibility/u_core/protocol_error_count_reg[54]/D
                            (rising edge-triggered cell FDCE clocked by core_clk  {rise@0.000ns fall@3.333ns period=6.666ns})
  Path Group:             (none)
  Path Type:              Setup (Max at Slow Process Corner)
  Data Path Delay:        4.684ns  (logic 1.525ns (32.558%)  route 3.159ns (67.442%))
  Logic Levels:           24  (CARRY8=11 LUT1=1 LUT4=2 LUT5=1 LUT6=9)
  Clock Uncertainty:      0.025ns  ((TSJ^2 + TIJ^2)^1/2 + DJ) / 2 + PE
    Total System Jitter     (TSJ):    0.050ns
    Total Input Jitter      (TIJ):    0.000ns
    Discrete Jitter          (DJ):    0.000ns
    Phase Error              (PE):    0.000ns
  Timing Exception:       False Path

    Location             Delay type                Incr(ns)  Path(ns)    Netlist Resource(s)
  -------------------------------------------------------------------    -------------------
                                                      0.000     0.000 f  score_bf16[0] (IN)
                         net (fo=17, unset)           0.000     0.000    u_softmax/u_compatibility/u_core/score_bf16[0]
                         LUT6 (Prop_LUT6_I0_O)        0.150     0.150 f  u_softmax/u_compatibility/u_core/calc_score_fixed[1]_i_11/O
                         net (fo=2, unplaced)         0.144     0.294    u_softmax/u_compatibility/u_core/calc_score_fixed[1]_i_11_n_0
                         LUT6 (Prop_LUT6_I1_O)        0.125     0.419 r  u_softmax/u_compatibility/u_core/calc_score_fixed[3]_i_14/O
                         net (fo=3, unplaced)         0.238     0.657    u_softmax/u_compatibility/u_core/calc_score_fixed[3]_i_14_n_0
                         LUT6 (Prop_LUT6_I0_O)        0.038     0.695 r  u_softmax/u_compatibility/u_core/calc_score_fixed[7]_i_18/O
                         net (fo=6, unplaced)         0.254     0.949    u_softmax/u_compatibility/u_core/calc_score_fixed[7]_i_18_n_0
                         LUT6 (Prop_LUT6_I0_O)        0.038     0.987 f  u_softmax/u_compatibility/u_core/calc_score_fixed[7]_i_15/O
                         net (fo=6, unplaced)         0.254     1.241    u_softmax/u_compatibility/u_core/calc_score_fixed[7]_i_15_n_0
                         LUT6 (Prop_LUT6_I5_O)        0.038     1.279 f  u_softmax/u_compatibility/u_core/calc_score_fixed[1]_i_5/O
                         net (fo=2, unplaced)         0.232     1.511    u_softmax/u_compatibility/u_core/calc_score_fixed[1]_i_5_n_0
                         LUT6 (Prop_LUT6_I5_O)        0.038     1.549 f  u_softmax/u_compatibility/u_core/calc_score_fixed[2]_i_3/O
                         net (fo=2, unplaced)         0.232     1.781    u_softmax/u_compatibility/u_core/calc_score_fixed[2]_i_3_n_0
                         LUT1 (Prop_LUT1_I0_O)        0.037     1.818 r  u_softmax/u_compatibility/u_core/calc_score_fixed[7]_i_13/O
                         net (fo=1, unplaced)         0.023     1.841    u_softmax/u_compatibility/u_core/p_0_in__0[2]
                         CARRY8 (Prop_CARRY8_S[1]_CO[7])
                                                      0.197     2.038 r  u_softmax/u_compatibility/u_core/calc_score_fixed_reg[7]_i_3/CO[7]
                         net (fo=1, unplaced)         0.005     2.043    u_softmax/u_compatibility/u_core/calc_score_fixed_reg[7]_i_3_n_0
                         CARRY8 (Prop_CARRY8_CI_CO[7])
                                                      0.022     2.065 r  u_softmax/u_compatibility/u_core/calc_score_fixed_reg[16]_i_3/CO[7]
                         net (fo=1, unplaced)         0.005     2.070    u_softmax/u_compatibility/u_core/calc_score_fixed_reg[16]_i_3_n_0
                         CARRY8 (Prop_CARRY8_CI_O[6])
                                                      0.103     2.173 r  u_softmax/u_compatibility/u_core/calc_score_fixed_reg[22]_i_5/O[6]
                         net (fo=1, unplaced)         0.184     2.357    u_softmax/u_compatibility/u_core/calc_score_fixed_reg[22]_i_5_n_9
                         LUT6 (Prop_LUT6_I4_O)        0.038     2.395 f  u_softmax/u_compatibility/u_core/calc_score_fixed[23]_i_3/O
                         net (fo=1, unplaced)         0.232     2.627    u_softmax/u_compatibility/u_core/calc_score_fixed[23]_i_3_n_0
                         LUT6 (Prop_LUT6_I1_O)        0.038     2.665 r  u_softmax/u_compatibility/u_core/calc_score_fixed[23]_i_1/O
                         net (fo=3, unplaced)         0.238     2.903    u_softmax/u_compatibility/u_core/calc_score_fixed[23]_i_1_n_0
                         LUT4 (Prop_LUT4_I0_O)        0.066     2.969 r  u_softmax/u_compatibility/u_core/calc_last_i_44/O
                         net (fo=1, unplaced)         0.156     3.125    u_softmax/u_compatibility/u_core/calc_last_i_44_n_0
                         CARRY8 (Prop_CARRY8_DI[3]_CO[3])
                                                      0.130     3.255 r  u_softmax/u_compatibility/u_core/calc_last_reg_i_13/CO[3]
                         net (fo=1, unplaced)         0.138     3.393    u_softmax/u_compatibility/u_core/score_max_legal0
                         LUT6 (Prop_LUT6_I2_O)        0.038     3.431 f  u_softmax/u_compatibility/u_core/calc_last_i_4/O
                         net (fo=1, unplaced)         0.232     3.663    u_softmax/u_compatibility/u_core/calc_last_i_4_n_0
                         LUT4 (Prop_LUT4_I1_O)        0.038     3.701 r  u_softmax/u_compatibility/u_core/calc_last_i_2/O
                         net (fo=7, unplaced)         0.257     3.958    u_softmax/u_compatibility/u_core/calc_last_i_2_n_0
                         LUT5 (Prop_LUT5_I2_O)        0.038     3.996 r  u_softmax/u_compatibility/u_core/protocol_error_count[7]_i_3/O
                         net (fo=1, unplaced)         0.279     4.275    u_softmax/u_compatibility/u_core/protocol_error_count[7]_i_3_n_0
                         CARRY8 (Prop_CARRY8_DI[0]_CO[7])
                                                      0.140     4.415 r  u_softmax/u_compatibility/u_core/protocol_error_count_reg[7]_i_1/CO[7]
                         net (fo=1, unplaced)         0.005     4.420    u_softmax/u_compatibility/u_core/protocol_error_count_reg[7]_i_1_n_0
                         CARRY8 (Prop_CARRY8_CI_CO[7])
                                                      0.022     4.442 r  u_softmax/u_compatibility/u_core/protocol_error_count_reg[15]_i_1/CO[7]
                         net (fo=1, unplaced)         0.005     4.447    u_softmax/u_compatibility/u_core/protocol_error_count_reg[15]_i_1_n_0
                         CARRY8 (Prop_CARRY8_CI_CO[7])
                                                      0.022     4.469 r  u_softmax/u_compatibility/u_core/protocol_error_count_reg[23]_i_1/CO[7]
                         net (fo=1, unplaced)         0.005     4.474    u_softmax/u_compatibility/u_core/protocol_error_count_reg[23]_i_1_n_0
                         CARRY8 (Prop_CARRY8_CI_CO[7])
                                                      0.022     4.496 r  u_softmax/u_compatibility/u_core/protocol_error_count_reg[31]_i_1/CO[7]
                         net (fo=1, unplaced)         0.005     4.501    u_softmax/u_compatibility/u_core/protocol_error_count_reg[31]_i_1_n_0
                         CARRY8 (Prop_CARRY8_CI_CO[7])
                                                      0.022     4.523 r  u_softmax/u_compatibility/u_core/protocol_error_count_reg[39]_i_1/CO[7]
                         net (fo=1, unplaced)         0.005     4.528    u_softmax/u_compatibility/u_core/protocol_error_count_reg[39]_i_1_n_0
                         CARRY8 (Prop_CARRY8_CI_CO[7])
                                                      0.022     4.550 r  u_softmax/u_compatibility/u_core/protocol_error_count_reg[47]_i_1/CO[7]
                         net (fo=1, unplaced)         0.005     4.555    u_softmax/u_compatibility/u_core/protocol_error_count_reg[47]_i_1_n_0
                         CARRY8 (Prop_CARRY8_CI_O[6])
                                                      0.103     4.658 r  u_softmax/u_compatibility/u_core/protocol_error_count_reg[55]_i_1/O[6]
                         net (fo=1, unplaced)         0.026     4.684    u_softmax/u_compatibility/u_core/protocol_error_count_reg[55]_i_1_n_9
                         FDCE                                         r  u_softmax/u_compatibility/u_core/protocol_error_count_reg[54]/D
  -------------------------------------------------------------------    -------------------

                         (clock core_clk rise edge)
                                                      0.000     0.000 r  
                                                      0.000     0.000 r  clk (IN)
                         net (fo=59650, unset)        0.000     0.000    u_softmax/u_compatibility/u_core/clk
                         FDCE                                         r  u_softmax/u_compatibility/u_core/protocol_error_count_reg[54]/C

Slack:                    inf
  Source:                 score_bf16[0]
                            (input port)
  Destination:            u_softmax/u_compatibility/u_core/protocol_error_count_reg[57]/D
                            (rising edge-triggered cell FDCE clocked by core_clk  {rise@0.000ns fall@3.333ns period=6.666ns})
  Path Group:             (none)
  Path Type:              Setup (Max at Slow Process Corner)
  Data Path Delay:        4.683ns  (logic 1.520ns (32.458%)  route 3.163ns (67.542%))
  Logic Levels:           25  (CARRY8=12 LUT1=1 LUT4=2 LUT5=1 LUT6=9)
  Clock Uncertainty:      0.025ns  ((TSJ^2 + TIJ^2)^1/2 + DJ) / 2 + PE
    Total System Jitter     (TSJ):    0.050ns
    Total Input Jitter      (TIJ):    0.000ns
    Discrete Jitter          (DJ):    0.000ns
    Phase Error              (PE):    0.000ns
  Timing Exception:       False Path

    Location             Delay type                Incr(ns)  Path(ns)    Netlist Resource(s)
  -------------------------------------------------------------------    -------------------
                                                      0.000     0.000 f  score_bf16[0] (IN)
                         net (fo=17, unset)           0.000     0.000    u_softmax/u_compatibility/u_core/score_bf16[0]
                         LUT6 (Prop_LUT6_I0_O)        0.150     0.150 f  u_softmax/u_compatibility/u_core/calc_score_fixed[1]_i_11/O
                         net (fo=2, unplaced)         0.144     0.294    u_softmax/u_compatibility/u_core/calc_score_fixed[1]_i_11_n_0
                         LUT6 (Prop_LUT6_I1_O)        0.125     0.419 r  u_softmax/u_compatibility/u_core/calc_score_fixed[3]_i_14/O
                         net (fo=3, unplaced)         0.238     0.657    u_softmax/u_compatibility/u_core/calc_score_fixed[3]_i_14_n_0
                         LUT6 (Prop_LUT6_I0_O)        0.038     0.695 r  u_softmax/u_compatibility/u_core/calc_score_fixed[7]_i_18/O
                         net (fo=6, unplaced)         0.254     0.949    u_softmax/u_compatibility/u_core/calc_score_fixed[7]_i_18_n_0
                         LUT6 (Prop_LUT6_I0_O)        0.038     0.987 f  u_softmax/u_compatibility/u_core/calc_score_fixed[7]_i_15/O
                         net (fo=6, unplaced)         0.254     1.241    u_softmax/u_compatibility/u_core/calc_score_fixed[7]_i_15_n_0
                         LUT6 (Prop_LUT6_I5_O)        0.038     1.279 f  u_softmax/u_compatibility/u_core/calc_score_fixed[1]_i_5/O
                         net (fo=2, unplaced)         0.232     1.511    u_softmax/u_compatibility/u_core/calc_score_fixed[1]_i_5_n_0
                         LUT6 (Prop_LUT6_I5_O)        0.038     1.549 f  u_softmax/u_compatibility/u_core/calc_score_fixed[2]_i_3/O
                         net (fo=2, unplaced)         0.232     1.781    u_softmax/u_compatibility/u_core/calc_score_fixed[2]_i_3_n_0
                         LUT1 (Prop_LUT1_I0_O)        0.037     1.818 r  u_softmax/u_compatibility/u_core/calc_score_fixed[7]_i_13/O
                         net (fo=1, unplaced)         0.023     1.841    u_softmax/u_compatibility/u_core/p_0_in__0[2]
                         CARRY8 (Prop_CARRY8_S[1]_CO[7])
                                                      0.197     2.038 r  u_softmax/u_compatibility/u_core/calc_score_fixed_reg[7]_i_3/CO[7]
                         net (fo=1, unplaced)         0.005     2.043    u_softmax/u_compatibility/u_core/calc_score_fixed_reg[7]_i_3_n_0
                         CARRY8 (Prop_CARRY8_CI_CO[7])
                                                      0.022     2.065 r  u_softmax/u_compatibility/u_core/calc_score_fixed_reg[16]_i_3/CO[7]
                         net (fo=1, unplaced)         0.005     2.070    u_softmax/u_compatibility/u_core/calc_score_fixed_reg[16]_i_3_n_0
                         CARRY8 (Prop_CARRY8_CI_O[6])
                                                      0.103     2.173 r  u_softmax/u_compatibility/u_core/calc_score_fixed_reg[22]_i_5/O[6]
                         net (fo=1, unplaced)         0.184     2.357    u_softmax/u_compatibility/u_core/calc_score_fixed_reg[22]_i_5_n_9
                         LUT6 (Prop_LUT6_I4_O)        0.038     2.395 f  u_softmax/u_compatibility/u_core/calc_score_fixed[23]_i_3/O
                         net (fo=1, unplaced)         0.232     2.627    u_softmax/u_compatibility/u_core/calc_score_fixed[23]_i_3_n_0
                         LUT6 (Prop_LUT6_I1_O)        0.038     2.665 r  u_softmax/u_compatibility/u_core/calc_score_fixed[23]_i_1/O
                         net (fo=3, unplaced)         0.238     2.903    u_softmax/u_compatibility/u_core/calc_score_fixed[23]_i_1_n_0
                         LUT4 (Prop_LUT4_I0_O)        0.066     2.969 r  u_softmax/u_compatibility/u_core/calc_last_i_44/O
                         net (fo=1, unplaced)         0.156     3.125    u_softmax/u_compatibility/u_core/calc_last_i_44_n_0
                         CARRY8 (Prop_CARRY8_DI[3]_CO[3])
                                                      0.130     3.255 r  u_softmax/u_compatibility/u_core/calc_last_reg_i_13/CO[3]
                         net (fo=1, unplaced)         0.138     3.393    u_softmax/u_compatibility/u_core/score_max_legal0
                         LUT6 (Prop_LUT6_I2_O)        0.038     3.431 f  u_softmax/u_compatibility/u_core/calc_last_i_4/O
                         net (fo=1, unplaced)         0.232     3.663    u_softmax/u_compatibility/u_core/calc_last_i_4_n_0
                         LUT4 (Prop_LUT4_I1_O)        0.038     3.701 r  u_softmax/u_compatibility/u_core/calc_last_i_2/O
                         net (fo=7, unplaced)         0.257     3.958    u_softmax/u_compatibility/u_core/calc_last_i_2_n_0
                         LUT5 (Prop_LUT5_I2_O)        0.038     3.996 r  u_softmax/u_compatibility/u_core/protocol_error_count[7]_i_3/O
                         net (fo=1, unplaced)         0.279     4.275    u_softmax/u_compatibility/u_core/protocol_error_count[7]_i_3_n_0
                         CARRY8 (Prop_CARRY8_DI[0]_CO[7])
                                                      0.140     4.415 r  u_softmax/u_compatibility/u_core/protocol_error_count_reg[7]_i_1/CO[7]
                         net (fo=1, unplaced)         0.005     4.420    u_softmax/u_compatibility/u_core/protocol_error_count_reg[7]_i_1_n_0
                         CARRY8 (Prop_CARRY8_CI_CO[7])
                                                      0.022     4.442 r  u_softmax/u_compatibility/u_core/protocol_error_count_reg[15]_i_1/CO[7]
                         net (fo=1, unplaced)         0.005     4.447    u_softmax/u_compatibility/u_core/protocol_error_count_reg[15]_i_1_n_0
                         CARRY8 (Prop_CARRY8_CI_CO[7])
                                                      0.022     4.469 r  u_softmax/u_compatibility/u_core/protocol_error_count_reg[23]_i_1/CO[7]
                         net (fo=1, unplaced)         0.005     4.474    u_softmax/u_compatibility/u_core/protocol_error_count_reg[23]_i_1_n_0
                         CARRY8 (Prop_CARRY8_CI_CO[7])
                                                      0.022     4.496 r  u_softmax/u_compatibility/u_core/protocol_error_count_reg[31]_i_1/CO[7]
                         net (fo=1, unplaced)         0.005     4.501    u_softmax/u_compatibility/u_core/protocol_error_count_reg[31]_i_1_n_0
                         CARRY8 (Prop_CARRY8_CI_CO[7])
                                                      0.022     4.523 r  u_softmax/u_compatibility/u_core/protocol_error_count_reg[39]_i_1/CO[7]
                         net (fo=1, unplaced)         0.005     4.528    u_softmax/u_compatibility/u_core/protocol_error_count_reg[39]_i_1_n_0
                         CARRY8 (Prop_CARRY8_CI_CO[7])
                                                      0.022     4.550 r  u_softmax/u_compatibility/u_core/protocol_error_count_reg[47]_i_1/CO[7]
                         net (fo=1, unplaced)         0.005     4.555    u_softmax/u_compatibility/u_core/protocol_error_count_reg[47]_i_1_n_0
                         CARRY8 (Prop_CARRY8_CI_CO[7])
                                                      0.022     4.577 r  u_softmax/u_compatibility/u_core/protocol_error_count_reg[55]_i_1/CO[7]
                         net (fo=1, unplaced)         0.005     4.582    u_softmax/u_compatibility/u_core/protocol_error_count_reg[55]_i_1_n_0
                         CARRY8 (Prop_CARRY8_CI_O[1])
                                                      0.076     4.658 r  u_softmax/u_compatibility/u_core/protocol_error_count_reg[63]_i_2/O[1]
                         net (fo=1, unplaced)         0.025     4.683    u_softmax/u_compatibility/u_core/protocol_error_count_reg[63]_i_2_n_14
                         FDCE                                         r  u_softmax/u_compatibility/u_core/protocol_error_count_reg[57]/D
  -------------------------------------------------------------------    -------------------

                         (clock core_clk rise edge)
                                                      0.000     0.000 r  
                                                      0.000     0.000 r  clk (IN)
                         net (fo=59650, unset)        0.000     0.000    u_softmax/u_compatibility/u_core/clk
                         FDCE                                         r  u_softmax/u_compatibility/u_core/protocol_error_count_reg[57]/C

Slack:                    inf
  Source:                 score_bf16[0]
                            (input port)
  Destination:            u_softmax/u_compatibility/u_core/protocol_error_count_reg[58]/D
                            (rising edge-triggered cell FDCE clocked by core_clk  {rise@0.000ns fall@3.333ns period=6.666ns})
  Path Group:             (none)
  Path Type:              Setup (Max at Slow Process Corner)
  Data Path Delay:        4.675ns  (logic 1.511ns (32.321%)  route 3.164ns (67.679%))
  Logic Levels:           25  (CARRY8=12 LUT1=1 LUT4=2 LUT5=1 LUT6=9)
  Clock Uncertainty:      0.025ns  ((TSJ^2 + TIJ^2)^1/2 + DJ) / 2 + PE
    Total System Jitter     (TSJ):    0.050ns
    Total Input Jitter      (TIJ):    0.000ns
    Discrete Jitter          (DJ):    0.000ns
    Phase Error              (PE):    0.000ns
  Timing Exception:       False Path

    Location             Delay type                Incr(ns)  Path(ns)    Netlist Resource(s)
  -------------------------------------------------------------------    -------------------
                                                      0.000     0.000 f  score_bf16[0] (IN)
                         net (fo=17, unset)           0.000     0.000    u_softmax/u_compatibility/u_core/score_bf16[0]
                         LUT6 (Prop_LUT6_I0_O)        0.150     0.150 f  u_softmax/u_compatibility/u_core/calc_score_fixed[1]_i_11/O
                         net (fo=2, unplaced)         0.144     0.294    u_softmax/u_compatibility/u_core/calc_score_fixed[1]_i_11_n_0
                         LUT6 (Prop_LUT6_I1_O)        0.125     0.419 r  u_softmax/u_compatibility/u_core/calc_score_fixed[3]_i_14/O
                         net (fo=3, unplaced)         0.238     0.657    u_softmax/u_compatibility/u_core/calc_score_fixed[3]_i_14_n_0
                         LUT6 (Prop_LUT6_I0_O)        0.038     0.695 r  u_softmax/u_compatibility/u_core/calc_score_fixed[7]_i_18/O
                         net (fo=6, unplaced)         0.254     0.949    u_softmax/u_compatibility/u_core/calc_score_fixed[7]_i_18_n_0
                         LUT6 (Prop_LUT6_I0_O)        0.038     0.987 f  u_softmax/u_compatibility/u_core/calc_score_fixed[7]_i_15/O
                         net (fo=6, unplaced)         0.254     1.241    u_softmax/u_compatibility/u_core/calc_score_fixed[7]_i_15_n_0
                         LUT6 (Prop_LUT6_I5_O)        0.038     1.279 f  u_softmax/u_compatibility/u_core/calc_score_fixed[1]_i_5/O
                         net (fo=2, unplaced)         0.232     1.511    u_softmax/u_compatibility/u_core/calc_score_fixed[1]_i_5_n_0
                         LUT6 (Prop_LUT6_I5_O)        0.038     1.549 f  u_softmax/u_compatibility/u_core/calc_score_fixed[2]_i_3/O
                         net (fo=2, unplaced)         0.232     1.781    u_softmax/u_compatibility/u_core/calc_score_fixed[2]_i_3_n_0
                         LUT1 (Prop_LUT1_I0_O)        0.037     1.818 r  u_softmax/u_compatibility/u_core/calc_score_fixed[7]_i_13/O
                         net (fo=1, unplaced)         0.023     1.841    u_softmax/u_compatibility/u_core/p_0_in__0[2]
                         CARRY8 (Prop_CARRY8_S[1]_CO[7])
                                                      0.197     2.038 r  u_softmax/u_compatibility/u_core/calc_score_fixed_reg[7]_i_3/CO[7]
                         net (fo=1, unplaced)         0.005     2.043    u_softmax/u_compatibility/u_core/calc_score_fixed_reg[7]_i_3_n_0
                         CARRY8 (Prop_CARRY8_CI_CO[7])
                                                      0.022     2.065 r  u_softmax/u_compatibility/u_core/calc_score_fixed_reg[16]_i_3/CO[7]
                         net (fo=1, unplaced)         0.005     2.070    u_softmax/u_compatibility/u_core/calc_score_fixed_reg[16]_i_3_n_0
                         CARRY8 (Prop_CARRY8_CI_O[6])
                                                      0.103     2.173 r  u_softmax/u_compatibility/u_core/calc_score_fixed_reg[22]_i_5/O[6]
                         net (fo=1, unplaced)         0.184     2.357    u_softmax/u_compatibility/u_core/calc_score_fixed_reg[22]_i_5_n_9
                         LUT6 (Prop_LUT6_I4_O)        0.038     2.395 f  u_softmax/u_compatibility/u_core/calc_score_fixed[23]_i_3/O
                         net (fo=1, unplaced)         0.232     2.627    u_softmax/u_compatibility/u_core/calc_score_fixed[23]_i_3_n_0
                         LUT6 (Prop_LUT6_I1_O)        0.038     2.665 r  u_softmax/u_compatibility/u_core/calc_score_fixed[23]_i_1/O
                         net (fo=3, unplaced)         0.238     2.903    u_softmax/u_compatibility/u_core/calc_score_fixed[23]_i_1_n_0
                         LUT4 (Prop_LUT4_I0_O)        0.066     2.969 r  u_softmax/u_compatibility/u_core/calc_last_i_44/O
                         net (fo=1, unplaced)         0.156     3.125    u_softmax/u_compatibility/u_core/calc_last_i_44_n_0
                         CARRY8 (Prop_CARRY8_DI[3]_CO[3])
                                                      0.130     3.255 r  u_softmax/u_compatibility/u_core/calc_last_reg_i_13/CO[3]
                         net (fo=1, unplaced)         0.138     3.393    u_softmax/u_compatibility/u_core/score_max_legal0
                         LUT6 (Prop_LUT6_I2_O)        0.038     3.431 f  u_softmax/u_compatibility/u_core/calc_last_i_4/O
                         net (fo=1, unplaced)         0.232     3.663    u_softmax/u_compatibility/u_core/calc_last_i_4_n_0
                         LUT4 (Prop_LUT4_I1_O)        0.038     3.701 r  u_softmax/u_compatibility/u_core/calc_last_i_2/O
                         net (fo=7, unplaced)         0.257     3.958    u_softmax/u_compatibility/u_core/calc_last_i_2_n_0
                         LUT5 (Prop_LUT5_I2_O)        0.038     3.996 r  u_softmax/u_compatibility/u_core/protocol_error_count[7]_i_3/O
                         net (fo=1, unplaced)         0.279     4.275    u_softmax/u_compatibility/u_core/protocol_error_count[7]_i_3_n_0
                         CARRY8 (Prop_CARRY8_DI[0]_CO[7])
                                                      0.140     4.415 r  u_softmax/u_compatibility/u_core/protocol_error_count_reg[7]_i_1/CO[7]
                         net (fo=1, unplaced)         0.005     4.420    u_softmax/u_compatibility/u_core/protocol_error_count_reg[7]_i_1_n_0
                         CARRY8 (Prop_CARRY8_CI_CO[7])
                                                      0.022     4.442 r  u_softmax/u_compatibility/u_core/protocol_error_count_reg[15]_i_1/CO[7]
                         net (fo=1, unplaced)         0.005     4.447    u_softmax/u_compatibility/u_core/protocol_error_count_reg[15]_i_1_n_0
                         CARRY8 (Prop_CARRY8_CI_CO[7])
                                                      0.022     4.469 r  u_softmax/u_compatibility/u_core/protocol_error_count_reg[23]_i_1/CO[7]
                         net (fo=1, unplaced)         0.005     4.474    u_softmax/u_compatibility/u_core/protocol_error_count_reg[23]_i_1_n_0
                         CARRY8 (Prop_CARRY8_CI_CO[7])
                                                      0.022     4.496 r  u_softmax/u_compatibility/u_core/protocol_error_count_reg[31]_i_1/CO[7]
                         net (fo=1, unplaced)         0.005     4.501    u_softmax/u_compatibility/u_core/protocol_error_count_reg[31]_i_1_n_0
                         CARRY8 (Prop_CARRY8_CI_CO[7])
                                                      0.022     4.523 r  u_softmax/u_compatibility/u_core/protocol_error_count_reg[39]_i_1/CO[7]
                         net (fo=1, unplaced)         0.005     4.528    u_softmax/u_compatibility/u_core/protocol_error_count_reg[39]_i_1_n_0
                         CARRY8 (Prop_CARRY8_CI_CO[7])
                                                      0.022     4.550 r  u_softmax/u_compatibility/u_core/protocol_error_count_reg[47]_i_1/CO[7]
                         net (fo=1, unplaced)         0.005     4.555    u_softmax/u_compatibility/u_core/protocol_error_count_reg[47]_i_1_n_0
                         CARRY8 (Prop_CARRY8_CI_CO[7])
                                                      0.022     4.577 r  u_softmax/u_compatibility/u_core/protocol_error_count_reg[55]_i_1/CO[7]
                         net (fo=1, unplaced)         0.005     4.582    u_softmax/u_compatibility/u_core/protocol_error_count_reg[55]_i_1_n_0
                         CARRY8 (Prop_CARRY8_CI_O[2])
                                                      0.067     4.649 r  u_softmax/u_compatibility/u_core/protocol_error_count_reg[63]_i_2/O[2]
                         net (fo=1, unplaced)         0.026     4.675    u_softmax/u_compatibility/u_core/protocol_error_count_reg[63]_i_2_n_13
                         FDCE                                         r  u_softmax/u_compatibility/u_core/protocol_error_count_reg[58]/D
  -------------------------------------------------------------------    -------------------

                         (clock core_clk rise edge)
                                                      0.000     0.000 r  
                                                      0.000     0.000 r  clk (IN)
                         net (fo=59650, unset)        0.000     0.000    u_softmax/u_compatibility/u_core/clk
                         FDCE                                         r  u_softmax/u_compatibility/u_core/protocol_error_count_reg[58]/C

Slack:                    inf
  Source:                 score_bf16[0]
                            (input port)
  Destination:            u_softmax/u_compatibility/u_core/protocol_error_count_reg[47]/D
                            (rising edge-triggered cell FDCE clocked by core_clk  {rise@0.000ns fall@3.333ns period=6.666ns})
  Path Group:             (none)
  Path Type:              Setup (Max at Slow Process Corner)
  Data Path Delay:        4.670ns  (logic 1.516ns (32.463%)  route 3.154ns (67.537%))
  Logic Levels:           23  (CARRY8=10 LUT1=1 LUT4=2 LUT5=1 LUT6=9)
  Clock Uncertainty:      0.025ns  ((TSJ^2 + TIJ^2)^1/2 + DJ) / 2 + PE
    Total System Jitter     (TSJ):    0.050ns
    Total Input Jitter      (TIJ):    0.000ns
    Discrete Jitter          (DJ):    0.000ns
    Phase Error              (PE):    0.000ns
  Timing Exception:       False Path

    Location             Delay type                Incr(ns)  Path(ns)    Netlist Resource(s)
  -------------------------------------------------------------------    -------------------
                                                      0.000     0.000 f  score_bf16[0] (IN)
                         net (fo=17, unset)           0.000     0.000    u_softmax/u_compatibility/u_core/score_bf16[0]
                         LUT6 (Prop_LUT6_I0_O)        0.150     0.150 f  u_softmax/u_compatibility/u_core/calc_score_fixed[1]_i_11/O
                         net (fo=2, unplaced)         0.144     0.294    u_softmax/u_compatibility/u_core/calc_score_fixed[1]_i_11_n_0
                         LUT6 (Prop_LUT6_I1_O)        0.125     0.419 r  u_softmax/u_compatibility/u_core/calc_score_fixed[3]_i_14/O
                         net (fo=3, unplaced)         0.238     0.657    u_softmax/u_compatibility/u_core/calc_score_fixed[3]_i_14_n_0
                         LUT6 (Prop_LUT6_I0_O)        0.038     0.695 r  u_softmax/u_compatibility/u_core/calc_score_fixed[7]_i_18/O
                         net (fo=6, unplaced)         0.254     0.949    u_softmax/u_compatibility/u_core/calc_score_fixed[7]_i_18_n_0
                         LUT6 (Prop_LUT6_I0_O)        0.038     0.987 f  u_softmax/u_compatibility/u_core/calc_score_fixed[7]_i_15/O
                         net (fo=6, unplaced)         0.254     1.241    u_softmax/u_compatibility/u_core/calc_score_fixed[7]_i_15_n_0
                         LUT6 (Prop_LUT6_I5_O)        0.038     1.279 f  u_softmax/u_compatibility/u_core/calc_score_fixed[1]_i_5/O
                         net (fo=2, unplaced)         0.232     1.511    u_softmax/u_compatibility/u_core/calc_score_fixed[1]_i_5_n_0
                         LUT6 (Prop_LUT6_I5_O)        0.038     1.549 f  u_softmax/u_compatibility/u_core/calc_score_fixed[2]_i_3/O
                         net (fo=2, unplaced)         0.232     1.781    u_softmax/u_compatibility/u_core/calc_score_fixed[2]_i_3_n_0
                         LUT1 (Prop_LUT1_I0_O)        0.037     1.818 r  u_softmax/u_compatibility/u_core/calc_score_fixed[7]_i_13/O
                         net (fo=1, unplaced)         0.023     1.841    u_softmax/u_compatibility/u_core/p_0_in__0[2]
                         CARRY8 (Prop_CARRY8_S[1]_CO[7])
                                                      0.197     2.038 r  u_softmax/u_compatibility/u_core/calc_score_fixed_reg[7]_i_3/CO[7]
                         net (fo=1, unplaced)         0.005     2.043    u_softmax/u_compatibility/u_core/calc_score_fixed_reg[7]_i_3_n_0
                         CARRY8 (Prop_CARRY8_CI_CO[7])
                                                      0.022     2.065 r  u_softmax/u_compatibility/u_core/calc_score_fixed_reg[16]_i_3/CO[7]
                         net (fo=1, unplaced)         0.005     2.070    u_softmax/u_compatibility/u_core/calc_score_fixed_reg[16]_i_3_n_0
                         CARRY8 (Prop_CARRY8_CI_O[6])
                                                      0.103     2.173 r  u_softmax/u_compatibility/u_core/calc_score_fixed_reg[22]_i_5/O[6]
                         net (fo=1, unplaced)         0.184     2.357    u_softmax/u_compatibility/u_core/calc_score_fixed_reg[22]_i_5_n_9
                         LUT6 (Prop_LUT6_I4_O)        0.038     2.395 f  u_softmax/u_compatibility/u_core/calc_score_fixed[23]_i_3/O
                         net (fo=1, unplaced)         0.232     2.627    u_softmax/u_compatibility/u_core/calc_score_fixed[23]_i_3_n_0
                         LUT6 (Prop_LUT6_I1_O)        0.038     2.665 r  u_softmax/u_compatibility/u_core/calc_score_fixed[23]_i_1/O
                         net (fo=3, unplaced)         0.238     2.903    u_softmax/u_compatibility/u_core/calc_score_fixed[23]_i_1_n_0
                         LUT4 (Prop_LUT4_I0_O)        0.066     2.969 r  u_softmax/u_compatibility/u_core/calc_last_i_44/O
                         net (fo=1, unplaced)         0.156     3.125    u_softmax/u_compatibility/u_core/calc_last_i_44_n_0
                         CARRY8 (Prop_CARRY8_DI[3]_CO[3])
                                                      0.130     3.255 r  u_softmax/u_compatibility/u_core/calc_last_reg_i_13/CO[3]
                         net (fo=1, unplaced)         0.138     3.393    u_softmax/u_compatibility/u_core/score_max_legal0
                         LUT6 (Prop_LUT6_I2_O)        0.038     3.431 f  u_softmax/u_compatibility/u_core/calc_last_i_4/O
                         net (fo=1, unplaced)         0.232     3.663    u_softmax/u_compatibility/u_core/calc_last_i_4_n_0
                         LUT4 (Prop_LUT4_I1_O)        0.038     3.701 r  u_softmax/u_compatibility/u_core/calc_last_i_2/O
                         net (fo=7, unplaced)         0.257     3.958    u_softmax/u_compatibility/u_core/calc_last_i_2_n_0
                         LUT5 (Prop_LUT5_I2_O)        0.038     3.996 r  u_softmax/u_compatibility/u_core/protocol_error_count[7]_i_3/O
                         net (fo=1, unplaced)         0.279     4.275    u_softmax/u_compatibility/u_core/protocol_error_count[7]_i_3_n_0
                         CARRY8 (Prop_CARRY8_DI[0]_CO[7])
                                                      0.140     4.415 r  u_softmax/u_compatibility/u_core/protocol_error_count_reg[7]_i_1/CO[7]
                         net (fo=1, unplaced)         0.005     4.420    u_softmax/u_compatibility/u_core/protocol_error_count_reg[7]_i_1_n_0
                         CARRY8 (Prop_CARRY8_CI_CO[7])
                                                      0.022     4.442 r  u_softmax/u_compatibility/u_core/protocol_error_count_reg[15]_i_1/CO[7]
                         net (fo=1, unplaced)         0.005     4.447    u_softmax/u_compatibility/u_core/protocol_error_count_reg[15]_i_1_n_0
                         CARRY8 (Prop_CARRY8_CI_CO[7])
                                                      0.022     4.469 r  u_softmax/u_compatibility/u_core/protocol_error_count_reg[23]_i_1/CO[7]
                         net (fo=1, unplaced)         0.005     4.474    u_softmax/u_compatibility/u_core/protocol_error_count_reg[23]_i_1_n_0
                         CARRY8 (Prop_CARRY8_CI_CO[7])
                                                      0.022     4.496 r  u_softmax/u_compatibility/u_core/protocol_error_count_reg[31]_i_1/CO[7]
                         net (fo=1, unplaced)         0.005     4.501    u_softmax/u_compatibility/u_core/protocol_error_count_reg[31]_i_1_n_0
                         CARRY8 (Prop_CARRY8_CI_CO[7])
                                                      0.022     4.523 r  u_softmax/u_compatibility/u_core/protocol_error_count_reg[39]_i_1/CO[7]
                         net (fo=1, unplaced)         0.005     4.528    u_softmax/u_compatibility/u_core/protocol_error_count_reg[39]_i_1_n_0
                         CARRY8 (Prop_CARRY8_CI_O[7])
                                                      0.116     4.644 r  u_softmax/u_compatibility/u_core/protocol_error_count_reg[47]_i_1/O[7]
                         net (fo=1, unplaced)         0.026     4.670    u_softmax/u_compatibility/u_core/protocol_error_count_reg[47]_i_1_n_8
                         FDCE                                         r  u_softmax/u_compatibility/u_core/protocol_error_count_reg[47]/D
  -------------------------------------------------------------------    -------------------

                         (clock core_clk rise edge)
                                                      0.000     0.000 r  
                                                      0.000     0.000 r  clk (IN)
                         net (fo=59650, unset)        0.000     0.000    u_softmax/u_compatibility/u_core/clk
                         FDCE                                         r  u_softmax/u_compatibility/u_core/protocol_error_count_reg[47]/C

Slack:                    inf
  Source:                 score_bf16[0]
                            (input port)
  Destination:            u_softmax/u_compatibility/u_core/protocol_error_count_reg[45]/D
                            (rising edge-triggered cell FDCE clocked by core_clk  {rise@0.000ns fall@3.333ns period=6.666ns})
  Path Group:             (none)
  Path Type:              Setup (Max at Slow Process Corner)
  Data Path Delay:        4.669ns  (logic 1.516ns (32.469%)  route 3.153ns (67.531%))
  Logic Levels:           23  (CARRY8=10 LUT1=1 LUT4=2 LUT5=1 LUT6=9)
  Clock Uncertainty:      0.025ns  ((TSJ^2 + TIJ^2)^1/2 + DJ) / 2 + PE
    Total System Jitter     (TSJ):    0.050ns
    Total Input Jitter      (TIJ):    0.000ns
    Discrete Jitter          (DJ):    0.000ns
    Phase Error              (PE):    0.000ns
  Timing Exception:       False Path

    Location             Delay type                Incr(ns)  Path(ns)    Netlist Resource(s)
  -------------------------------------------------------------------    -------------------
                                                      0.000     0.000 f  score_bf16[0] (IN)
                         net (fo=17, unset)           0.000     0.000    u_softmax/u_compatibility/u_core/score_bf16[0]
                         LUT6 (Prop_LUT6_I0_O)        0.150     0.150 f  u_softmax/u_compatibility/u_core/calc_score_fixed[1]_i_11/O
                         net (fo=2, unplaced)         0.144     0.294    u_softmax/u_compatibility/u_core/calc_score_fixed[1]_i_11_n_0
                         LUT6 (Prop_LUT6_I1_O)        0.125     0.419 r  u_softmax/u_compatibility/u_core/calc_score_fixed[3]_i_14/O
                         net (fo=3, unplaced)         0.238     0.657    u_softmax/u_compatibility/u_core/calc_score_fixed[3]_i_14_n_0
                         LUT6 (Prop_LUT6_I0_O)        0.038     0.695 r  u_softmax/u_compatibility/u_core/calc_score_fixed[7]_i_18/O
                         net (fo=6, unplaced)         0.254     0.949    u_softmax/u_compatibility/u_core/calc_score_fixed[7]_i_18_n_0
                         LUT6 (Prop_LUT6_I0_O)        0.038     0.987 f  u_softmax/u_compatibility/u_core/calc_score_fixed[7]_i_15/O
                         net (fo=6, unplaced)         0.254     1.241    u_softmax/u_compatibility/u_core/calc_score_fixed[7]_i_15_n_0
                         LUT6 (Prop_LUT6_I5_O)        0.038     1.279 f  u_softmax/u_compatibility/u_core/calc_score_fixed[1]_i_5/O
                         net (fo=2, unplaced)         0.232     1.511    u_softmax/u_compatibility/u_core/calc_score_fixed[1]_i_5_n_0
                         LUT6 (Prop_LUT6_I5_O)        0.038     1.549 f  u_softmax/u_compatibility/u_core/calc_score_fixed[2]_i_3/O
                         net (fo=2, unplaced)         0.232     1.781    u_softmax/u_compatibility/u_core/calc_score_fixed[2]_i_3_n_0
                         LUT1 (Prop_LUT1_I0_O)        0.037     1.818 r  u_softmax/u_compatibility/u_core/calc_score_fixed[7]_i_13/O
                         net (fo=1, unplaced)         0.023     1.841    u_softmax/u_compatibility/u_core/p_0_in__0[2]
                         CARRY8 (Prop_CARRY8_S[1]_CO[7])
                                                      0.197     2.038 r  u_softmax/u_compatibility/u_core/calc_score_fixed_reg[7]_i_3/CO[7]
                         net (fo=1, unplaced)         0.005     2.043    u_softmax/u_compatibility/u_core/calc_score_fixed_reg[7]_i_3_n_0
                         CARRY8 (Prop_CARRY8_CI_CO[7])
                                                      0.022     2.065 r  u_softmax/u_compatibility/u_core/calc_score_fixed_reg[16]_i_3/CO[7]
                         net (fo=1, unplaced)         0.005     2.070    u_softmax/u_compatibility/u_core/calc_score_fixed_reg[16]_i_3_n_0
                         CARRY8 (Prop_CARRY8_CI_O[6])
                                                      0.103     2.173 r  u_softmax/u_compatibility/u_core/calc_score_fixed_reg[22]_i_5/O[6]
                         net (fo=1, unplaced)         0.184     2.357    u_softmax/u_compatibility/u_core/calc_score_fixed_reg[22]_i_5_n_9
                         LUT6 (Prop_LUT6_I4_O)        0.038     2.395 f  u_softmax/u_compatibility/u_core/calc_score_fixed[23]_i_3/O
                         net (fo=1, unplaced)         0.232     2.627    u_softmax/u_compatibility/u_core/calc_score_fixed[23]_i_3_n_0
                         LUT6 (Prop_LUT6_I1_O)        0.038     2.665 r  u_softmax/u_compatibility/u_core/calc_score_fixed[23]_i_1/O
                         net (fo=3, unplaced)         0.238     2.903    u_softmax/u_compatibility/u_core/calc_score_fixed[23]_i_1_n_0
                         LUT4 (Prop_LUT4_I0_O)        0.066     2.969 r  u_softmax/u_compatibility/u_core/calc_last_i_44/O
                         net (fo=1, unplaced)         0.156     3.125    u_softmax/u_compatibility/u_core/calc_last_i_44_n_0
                         CARRY8 (Prop_CARRY8_DI[3]_CO[3])
                                                      0.130     3.255 r  u_softmax/u_compatibility/u_core/calc_last_reg_i_13/CO[3]
                         net (fo=1, unplaced)         0.138     3.393    u_softmax/u_compatibility/u_core/score_max_legal0
                         LUT6 (Prop_LUT6_I2_O)        0.038     3.431 f  u_softmax/u_compatibility/u_core/calc_last_i_4/O
                         net (fo=1, unplaced)         0.232     3.663    u_softmax/u_compatibility/u_core/calc_last_i_4_n_0
                         LUT4 (Prop_LUT4_I1_O)        0.038     3.701 r  u_softmax/u_compatibility/u_core/calc_last_i_2/O
                         net (fo=7, unplaced)         0.257     3.958    u_softmax/u_compatibility/u_core/calc_last_i_2_n_0
                         LUT5 (Prop_LUT5_I2_O)        0.038     3.996 r  u_softmax/u_compatibility/u_core/protocol_error_count[7]_i_3/O
                         net (fo=1, unplaced)         0.279     4.275    u_softmax/u_compatibility/u_core/protocol_error_count[7]_i_3_n_0
                         CARRY8 (Prop_CARRY8_DI[0]_CO[7])
                                                      0.140     4.415 r  u_softmax/u_compatibility/u_core/protocol_error_count_reg[7]_i_1/CO[7]
                         net (fo=1, unplaced)         0.005     4.420    u_softmax/u_compatibility/u_core/protocol_error_count_reg[7]_i_1_n_0
                         CARRY8 (Prop_CARRY8_CI_CO[7])
                                                      0.022     4.442 r  u_softmax/u_compatibility/u_core/protocol_error_count_reg[15]_i_1/CO[7]
                         net (fo=1, unplaced)         0.005     4.447    u_softmax/u_compatibility/u_core/protocol_error_count_reg[15]_i_1_n_0
                         CARRY8 (Prop_CARRY8_CI_CO[7])
                                                      0.022     4.469 r  u_softmax/u_compatibility/u_core/protocol_error_count_reg[23]_i_1/CO[7]
                         net (fo=1, unplaced)         0.005     4.474    u_softmax/u_compatibility/u_core/protocol_error_count_reg[23]_i_1_n_0
                         CARRY8 (Prop_CARRY8_CI_CO[7])
                                                      0.022     4.496 r  u_softmax/u_compatibility/u_core/protocol_error_count_reg[31]_i_1/CO[7]
                         net (fo=1, unplaced)         0.005     4.501    u_softmax/u_compatibility/u_core/protocol_error_count_reg[31]_i_1_n_0
                         CARRY8 (Prop_CARRY8_CI_CO[7])
                                                      0.022     4.523 r  u_softmax/u_compatibility/u_core/protocol_error_count_reg[39]_i_1/CO[7]
                         net (fo=1, unplaced)         0.005     4.528    u_softmax/u_compatibility/u_core/protocol_error_count_reg[39]_i_1_n_0
                         CARRY8 (Prop_CARRY8_CI_O[5])
                                                      0.116     4.644 r  u_softmax/u_compatibility/u_core/protocol_error_count_reg[47]_i_1/O[5]
                         net (fo=1, unplaced)         0.025     4.669    u_softmax/u_compatibility/u_core/protocol_error_count_reg[47]_i_1_n_10
                         FDCE                                         r  u_softmax/u_compatibility/u_core/protocol_error_count_reg[45]/D
  -------------------------------------------------------------------    -------------------

                         (clock core_clk rise edge)
                                                      0.000     0.000 r  
                                                      0.000     0.000 r  clk (IN)
                         net (fo=59650, unset)        0.000     0.000    u_softmax/u_compatibility/u_core/clk
                         FDCE                                         r  u_softmax/u_compatibility/u_core/protocol_error_count_reg[45]/C

Slack:                    inf
  Source:                 score_bf16[0]
                            (input port)
  Destination:            u_softmax/u_compatibility/u_core/protocol_error_count_reg[52]/D
                            (rising edge-triggered cell FDCE clocked by core_clk  {rise@0.000ns fall@3.333ns period=6.666ns})
  Path Group:             (none)
  Path Type:              Setup (Max at Slow Process Corner)
  Data Path Delay:        4.666ns  (logic 1.508ns (32.319%)  route 3.158ns (67.681%))
  Logic Levels:           24  (CARRY8=11 LUT1=1 LUT4=2 LUT5=1 LUT6=9)
  Clock Uncertainty:      0.025ns  ((TSJ^2 + TIJ^2)^1/2 + DJ) / 2 + PE
    Total System Jitter     (TSJ):    0.050ns
    Total Input Jitter      (TIJ):    0.000ns
    Discrete Jitter          (DJ):    0.000ns
    Phase Error              (PE):    0.000ns
  Timing Exception:       False Path

    Location             Delay type                Incr(ns)  Path(ns)    Netlist Resource(s)
  -------------------------------------------------------------------    -------------------
                                                      0.000     0.000 f  score_bf16[0] (IN)
                         net (fo=17, unset)           0.000     0.000    u_softmax/u_compatibility/u_core/score_bf16[0]
                         LUT6 (Prop_LUT6_I0_O)        0.150     0.150 f  u_softmax/u_compatibility/u_core/calc_score_fixed[1]_i_11/O
                         net (fo=2, unplaced)         0.144     0.294    u_softmax/u_compatibility/u_core/calc_score_fixed[1]_i_11_n_0
                         LUT6 (Prop_LUT6_I1_O)        0.125     0.419 r  u_softmax/u_compatibility/u_core/calc_score_fixed[3]_i_14/O
                         net (fo=3, unplaced)         0.238     0.657    u_softmax/u_compatibility/u_core/calc_score_fixed[3]_i_14_n_0
                         LUT6 (Prop_LUT6_I0_O)        0.038     0.695 r  u_softmax/u_compatibility/u_core/calc_score_fixed[7]_i_18/O
                         net (fo=6, unplaced)         0.254     0.949    u_softmax/u_compatibility/u_core/calc_score_fixed[7]_i_18_n_0
                         LUT6 (Prop_LUT6_I0_O)        0.038     0.987 f  u_softmax/u_compatibility/u_core/calc_score_fixed[7]_i_15/O
                         net (fo=6, unplaced)         0.254     1.241    u_softmax/u_compatibility/u_core/calc_score_fixed[7]_i_15_n_0
                         LUT6 (Prop_LUT6_I5_O)        0.038     1.279 f  u_softmax/u_compatibility/u_core/calc_score_fixed[1]_i_5/O
                         net (fo=2, unplaced)         0.232     1.511    u_softmax/u_compatibility/u_core/calc_score_fixed[1]_i_5_n_0
                         LUT6 (Prop_LUT6_I5_O)        0.038     1.549 f  u_softmax/u_compatibility/u_core/calc_score_fixed[2]_i_3/O
                         net (fo=2, unplaced)         0.232     1.781    u_softmax/u_compatibility/u_core/calc_score_fixed[2]_i_3_n_0
                         LUT1 (Prop_LUT1_I0_O)        0.037     1.818 r  u_softmax/u_compatibility/u_core/calc_score_fixed[7]_i_13/O
                         net (fo=1, unplaced)         0.023     1.841    u_softmax/u_compatibility/u_core/p_0_in__0[2]
                         CARRY8 (Prop_CARRY8_S[1]_CO[7])
                                                      0.197     2.038 r  u_softmax/u_compatibility/u_core/calc_score_fixed_reg[7]_i_3/CO[7]
                         net (fo=1, unplaced)         0.005     2.043    u_softmax/u_compatibility/u_core/calc_score_fixed_reg[7]_i_3_n_0
                         CARRY8 (Prop_CARRY8_CI_CO[7])
                                                      0.022     2.065 r  u_softmax/u_compatibility/u_core/calc_score_fixed_reg[16]_i_3/CO[7]
                         net (fo=1, unplaced)         0.005     2.070    u_softmax/u_compatibility/u_core/calc_score_fixed_reg[16]_i_3_n_0
                         CARRY8 (Prop_CARRY8_CI_O[6])
                                                      0.103     2.173 r  u_softmax/u_compatibility/u_core/calc_score_fixed_reg[22]_i_5/O[6]
                         net (fo=1, unplaced)         0.184     2.357    u_softmax/u_compatibility/u_core/calc_score_fixed_reg[22]_i_5_n_9
                         LUT6 (Prop_LUT6_I4_O)        0.038     2.395 f  u_softmax/u_compatibility/u_core/calc_score_fixed[23]_i_3/O
                         net (fo=1, unplaced)         0.232     2.627    u_softmax/u_compatibility/u_core/calc_score_fixed[23]_i_3_n_0
                         LUT6 (Prop_LUT6_I1_O)        0.038     2.665 r  u_softmax/u_compatibility/u_core/calc_score_fixed[23]_i_1/O
                         net (fo=3, unplaced)         0.238     2.903    u_softmax/u_compatibility/u_core/calc_score_fixed[23]_i_1_n_0
                         LUT4 (Prop_LUT4_I0_O)        0.066     2.969 r  u_softmax/u_compatibility/u_core/calc_last_i_44/O
                         net (fo=1, unplaced)         0.156     3.125    u_softmax/u_compatibility/u_core/calc_last_i_44_n_0
                         CARRY8 (Prop_CARRY8_DI[3]_CO[3])
                                                      0.130     3.255 r  u_softmax/u_compatibility/u_core/calc_last_reg_i_13/CO[3]
                         net (fo=1, unplaced)         0.138     3.393    u_softmax/u_compatibility/u_core/score_max_legal0
                         LUT6 (Prop_LUT6_I2_O)        0.038     3.431 f  u_softmax/u_compatibility/u_core/calc_last_i_4/O
                         net (fo=1, unplaced)         0.232     3.663    u_softmax/u_compatibility/u_core/calc_last_i_4_n_0
                         LUT4 (Prop_LUT4_I1_O)        0.038     3.701 r  u_softmax/u_compatibility/u_core/calc_last_i_2/O
                         net (fo=7, unplaced)         0.257     3.958    u_softmax/u_compatibility/u_core/calc_last_i_2_n_0
                         LUT5 (Prop_LUT5_I2_O)        0.038     3.996 r  u_softmax/u_compatibility/u_core/protocol_error_count[7]_i_3/O
                         net (fo=1, unplaced)         0.279     4.275    u_softmax/u_compatibility/u_core/protocol_error_count[7]_i_3_n_0
                         CARRY8 (Prop_CARRY8_DI[0]_CO[7])
                                                      0.140     4.415 r  u_softmax/u_compatibility/u_core/protocol_error_count_reg[7]_i_1/CO[7]
                         net (fo=1, unplaced)         0.005     4.420    u_softmax/u_compatibility/u_core/protocol_error_count_reg[7]_i_1_n_0
                         CARRY8 (Prop_CARRY8_CI_CO[7])
                                                      0.022     4.442 r  u_softmax/u_compatibility/u_core/protocol_error_count_reg[15]_i_1/CO[7]
                         net (fo=1, unplaced)         0.005     4.447    u_softmax/u_compatibility/u_core/protocol_error_count_reg[15]_i_1_n_0
                         CARRY8 (Prop_CARRY8_CI_CO[7])
                                                      0.022     4.469 r  u_softmax/u_compatibility/u_core/protocol_error_count_reg[23]_i_1/CO[7]
                         net (fo=1, unplaced)         0.005     4.474    u_softmax/u_compatibility/u_core/protocol_error_count_reg[23]_i_1_n_0
                         CARRY8 (Prop_CARRY8_CI_CO[7])
                                                      0.022     4.496 r  u_softmax/u_compatibility/u_core/protocol_error_count_reg[31]_i_1/CO[7]
                         net (fo=1, unplaced)         0.005     4.501    u_softmax/u_compatibility/u_core/protocol_error_count_reg[31]_i_1_n_0
                         CARRY8 (Prop_CARRY8_CI_CO[7])
                                                      0.022     4.523 r  u_softmax/u_compatibility/u_core/protocol_error_count_reg[39]_i_1/CO[7]
                         net (fo=1, unplaced)         0.005     4.528    u_softmax/u_compatibility/u_core/protocol_error_count_reg[39]_i_1_n_0
                         CARRY8 (Prop_CARRY8_CI_CO[7])
                                                      0.022     4.550 r  u_softmax/u_compatibility/u_core/protocol_error_count_reg[47]_i_1/CO[7]
                         net (fo=1, unplaced)         0.005     4.555    u_softmax/u_compatibility/u_core/protocol_error_count_reg[47]_i_1_n_0
                         CARRY8 (Prop_CARRY8_CI_O[4])
                                                      0.086     4.641 r  u_softmax/u_compatibility/u_core/protocol_error_count_reg[55]_i_1/O[4]
                         net (fo=1, unplaced)         0.025     4.666    u_softmax/u_compatibility/u_core/protocol_error_count_reg[55]_i_1_n_11
                         FDCE                                         r  u_softmax/u_compatibility/u_core/protocol_error_count_reg[52]/D
  -------------------------------------------------------------------    -------------------

                         (clock core_clk rise edge)
                                                      0.000     0.000 r  
                                                      0.000     0.000 r  clk (IN)
                         net (fo=59650, unset)        0.000     0.000    u_softmax/u_compatibility/u_core/clk
                         FDCE                                         r  u_softmax/u_compatibility/u_core/protocol_error_count_reg[52]/C

Slack:                    inf
  Source:                 score_bf16[0]
                            (input port)
  Destination:            u_softmax/u_compatibility/u_core/protocol_error_count_reg[51]/D
                            (rising edge-triggered cell FDCE clocked by core_clk  {rise@0.000ns fall@3.333ns period=6.666ns})
  Path Group:             (none)
  Path Type:              Setup (Max at Slow Process Corner)
  Data Path Delay:        4.663ns  (logic 1.504ns (32.254%)  route 3.159ns (67.746%))
  Logic Levels:           24  (CARRY8=11 LUT1=1 LUT4=2 LUT5=1 LUT6=9)
  Clock Uncertainty:      0.025ns  ((TSJ^2 + TIJ^2)^1/2 + DJ) / 2 + PE
    Total System Jitter     (TSJ):    0.050ns
    Total Input Jitter      (TIJ):    0.000ns
    Discrete Jitter          (DJ):    0.000ns
    Phase Error              (PE):    0.000ns
  Timing Exception:       False Path

    Location             Delay type                Incr(ns)  Path(ns)    Netlist Resource(s)
  -------------------------------------------------------------------    -------------------
                                                      0.000     0.000 f  score_bf16[0] (IN)
                         net (fo=17, unset)           0.000     0.000    u_softmax/u_compatibility/u_core/score_bf16[0]
                         LUT6 (Prop_LUT6_I0_O)        0.150     0.150 f  u_softmax/u_compatibility/u_core/calc_score_fixed[1]_i_11/O
                         net (fo=2, unplaced)         0.144     0.294    u_softmax/u_compatibility/u_core/calc_score_fixed[1]_i_11_n_0
                         LUT6 (Prop_LUT6_I1_O)        0.125     0.419 r  u_softmax/u_compatibility/u_core/calc_score_fixed[3]_i_14/O
                         net (fo=3, unplaced)         0.238     0.657    u_softmax/u_compatibility/u_core/calc_score_fixed[3]_i_14_n_0
                         LUT6 (Prop_LUT6_I0_O)        0.038     0.695 r  u_softmax/u_compatibility/u_core/calc_score_fixed[7]_i_18/O
                         net (fo=6, unplaced)         0.254     0.949    u_softmax/u_compatibility/u_core/calc_score_fixed[7]_i_18_n_0
                         LUT6 (Prop_LUT6_I0_O)        0.038     0.987 f  u_softmax/u_compatibility/u_core/calc_score_fixed[7]_i_15/O
                         net (fo=6, unplaced)         0.254     1.241    u_softmax/u_compatibility/u_core/calc_score_fixed[7]_i_15_n_0
                         LUT6 (Prop_LUT6_I5_O)        0.038     1.279 f  u_softmax/u_compatibility/u_core/calc_score_fixed[1]_i_5/O
                         net (fo=2, unplaced)         0.232     1.511    u_softmax/u_compatibility/u_core/calc_score_fixed[1]_i_5_n_0
                         LUT6 (Prop_LUT6_I5_O)        0.038     1.549 f  u_softmax/u_compatibility/u_core/calc_score_fixed[2]_i_3/O
                         net (fo=2, unplaced)         0.232     1.781    u_softmax/u_compatibility/u_core/calc_score_fixed[2]_i_3_n_0
                         LUT1 (Prop_LUT1_I0_O)        0.037     1.818 r  u_softmax/u_compatibility/u_core/calc_score_fixed[7]_i_13/O
                         net (fo=1, unplaced)         0.023     1.841    u_softmax/u_compatibility/u_core/p_0_in__0[2]
                         CARRY8 (Prop_CARRY8_S[1]_CO[7])
                                                      0.197     2.038 r  u_softmax/u_compatibility/u_core/calc_score_fixed_reg[7]_i_3/CO[7]
                         net (fo=1, unplaced)         0.005     2.043    u_softmax/u_compatibility/u_core/calc_score_fixed_reg[7]_i_3_n_0
                         CARRY8 (Prop_CARRY8_CI_CO[7])
                                                      0.022     2.065 r  u_softmax/u_compatibility/u_core/calc_score_fixed_reg[16]_i_3/CO[7]
                         net (fo=1, unplaced)         0.005     2.070    u_softmax/u_compatibility/u_core/calc_score_fixed_reg[16]_i_3_n_0
                         CARRY8 (Prop_CARRY8_CI_O[6])
                                                      0.103     2.173 r  u_softmax/u_compatibility/u_core/calc_score_fixed_reg[22]_i_5/O[6]
                         net (fo=1, unplaced)         0.184     2.357    u_softmax/u_compatibility/u_core/calc_score_fixed_reg[22]_i_5_n_9
                         LUT6 (Prop_LUT6_I4_O)        0.038     2.395 f  u_softmax/u_compatibility/u_core/calc_score_fixed[23]_i_3/O
                         net (fo=1, unplaced)         0.232     2.627    u_softmax/u_compatibility/u_core/calc_score_fixed[23]_i_3_n_0
                         LUT6 (Prop_LUT6_I1_O)        0.038     2.665 r  u_softmax/u_compatibility/u_core/calc_score_fixed[23]_i_1/O
                         net (fo=3, unplaced)         0.238     2.903    u_softmax/u_compatibility/u_core/calc_score_fixed[23]_i_1_n_0
                         LUT4 (Prop_LUT4_I0_O)        0.066     2.969 r  u_softmax/u_compatibility/u_core/calc_last_i_44/O
                         net (fo=1, unplaced)         0.156     3.125    u_softmax/u_compatibility/u_core/calc_last_i_44_n_0
                         CARRY8 (Prop_CARRY8_DI[3]_CO[3])
                                                      0.130     3.255 r  u_softmax/u_compatibility/u_core/calc_last_reg_i_13/CO[3]
                         net (fo=1, unplaced)         0.138     3.393    u_softmax/u_compatibility/u_core/score_max_legal0
                         LUT6 (Prop_LUT6_I2_O)        0.038     3.431 f  u_softmax/u_compatibility/u_core/calc_last_i_4/O
                         net (fo=1, unplaced)         0.232     3.663    u_softmax/u_compatibility/u_core/calc_last_i_4_n_0
                         LUT4 (Prop_LUT4_I1_O)        0.038     3.701 r  u_softmax/u_compatibility/u_core/calc_last_i_2/O
                         net (fo=7, unplaced)         0.257     3.958    u_softmax/u_compatibility/u_core/calc_last_i_2_n_0
                         LUT5 (Prop_LUT5_I2_O)        0.038     3.996 r  u_softmax/u_compatibility/u_core/protocol_error_count[7]_i_3/O
                         net (fo=1, unplaced)         0.279     4.275    u_softmax/u_compatibility/u_core/protocol_error_count[7]_i_3_n_0
                         CARRY8 (Prop_CARRY8_DI[0]_CO[7])
                                                      0.140     4.415 r  u_softmax/u_compatibility/u_core/protocol_error_count_reg[7]_i_1/CO[7]
                         net (fo=1, unplaced)         0.005     4.420    u_softmax/u_compatibility/u_core/protocol_error_count_reg[7]_i_1_n_0
                         CARRY8 (Prop_CARRY8_CI_CO[7])
                                                      0.022     4.442 r  u_softmax/u_compatibility/u_core/protocol_error_count_reg[15]_i_1/CO[7]
                         net (fo=1, unplaced)         0.005     4.447    u_softmax/u_compatibility/u_core/protocol_error_count_reg[15]_i_1_n_0
                         CARRY8 (Prop_CARRY8_CI_CO[7])
                                                      0.022     4.469 r  u_softmax/u_compatibility/u_core/protocol_error_count_reg[23]_i_1/CO[7]
                         net (fo=1, unplaced)         0.005     4.474    u_softmax/u_compatibility/u_core/protocol_error_count_reg[23]_i_1_n_0
                         CARRY8 (Prop_CARRY8_CI_CO[7])
                                                      0.022     4.496 r  u_softmax/u_compatibility/u_core/protocol_error_count_reg[31]_i_1/CO[7]
                         net (fo=1, unplaced)         0.005     4.501    u_softmax/u_compatibility/u_core/protocol_error_count_reg[31]_i_1_n_0
                         CARRY8 (Prop_CARRY8_CI_CO[7])
                                                      0.022     4.523 r  u_softmax/u_compatibility/u_core/protocol_error_count_reg[39]_i_1/CO[7]
                         net (fo=1, unplaced)         0.005     4.528    u_softmax/u_compatibility/u_core/protocol_error_count_reg[39]_i_1_n_0
                         CARRY8 (Prop_CARRY8_CI_CO[7])
                                                      0.022     4.550 r  u_softmax/u_compatibility/u_core/protocol_error_count_reg[47]_i_1/CO[7]
                         net (fo=1, unplaced)         0.005     4.555    u_softmax/u_compatibility/u_core/protocol_error_count_reg[47]_i_1_n_0
                         CARRY8 (Prop_CARRY8_CI_O[3])
                                                      0.082     4.637 r  u_softmax/u_compatibility/u_core/protocol_error_count_reg[55]_i_1/O[3]
                         net (fo=1, unplaced)         0.026     4.663    u_softmax/u_compatibility/u_core/protocol_error_count_reg[55]_i_1_n_12
                         FDCE                                         r  u_softmax/u_compatibility/u_core/protocol_error_count_reg[51]/D
  -------------------------------------------------------------------    -------------------

                         (clock core_clk rise edge)
                                                      0.000     0.000 r  
                                                      0.000     0.000 r  clk (IN)
                         net (fo=59650, unset)        0.000     0.000    u_softmax/u_compatibility/u_core/clk
                         FDCE                                         r  u_softmax/u_compatibility/u_core/protocol_error_count_reg[51]/C

Slack:                    inf
  Source:                 score_bf16[0]
                            (input port)
  Destination:            u_softmax/u_compatibility/u_core/protocol_error_count_reg[56]/D
                            (rising edge-triggered cell FDCE clocked by core_clk  {rise@0.000ns fall@3.333ns period=6.666ns})
  Path Group:             (none)
  Path Type:              Setup (Max at Slow Process Corner)
  Data Path Delay:        4.663ns  (logic 1.500ns (32.168%)  route 3.163ns (67.832%))
  Logic Levels:           25  (CARRY8=12 LUT1=1 LUT4=2 LUT5=1 LUT6=9)
  Clock Uncertainty:      0.025ns  ((TSJ^2 + TIJ^2)^1/2 + DJ) / 2 + PE
    Total System Jitter     (TSJ):    0.050ns
    Total Input Jitter      (TIJ):    0.000ns
    Discrete Jitter          (DJ):    0.000ns
    Phase Error              (PE):    0.000ns
  Timing Exception:       False Path

    Location             Delay type                Incr(ns)  Path(ns)    Netlist Resource(s)
  -------------------------------------------------------------------    -------------------
                                                      0.000     0.000 f  score_bf16[0] (IN)
                         net (fo=17, unset)           0.000     0.000    u_softmax/u_compatibility/u_core/score_bf16[0]
                         LUT6 (Prop_LUT6_I0_O)        0.150     0.150 f  u_softmax/u_compatibility/u_core/calc_score_fixed[1]_i_11/O
                         net (fo=2, unplaced)         0.144     0.294    u_softmax/u_compatibility/u_core/calc_score_fixed[1]_i_11_n_0
                         LUT6 (Prop_LUT6_I1_O)        0.125     0.419 r  u_softmax/u_compatibility/u_core/calc_score_fixed[3]_i_14/O
                         net (fo=3, unplaced)         0.238     0.657    u_softmax/u_compatibility/u_core/calc_score_fixed[3]_i_14_n_0
                         LUT6 (Prop_LUT6_I0_O)        0.038     0.695 r  u_softmax/u_compatibility/u_core/calc_score_fixed[7]_i_18/O
                         net (fo=6, unplaced)         0.254     0.949    u_softmax/u_compatibility/u_core/calc_score_fixed[7]_i_18_n_0
                         LUT6 (Prop_LUT6_I0_O)        0.038     0.987 f  u_softmax/u_compatibility/u_core/calc_score_fixed[7]_i_15/O
                         net (fo=6, unplaced)         0.254     1.241    u_softmax/u_compatibility/u_core/calc_score_fixed[7]_i_15_n_0
                         LUT6 (Prop_LUT6_I5_O)        0.038     1.279 f  u_softmax/u_compatibility/u_core/calc_score_fixed[1]_i_5/O
                         net (fo=2, unplaced)         0.232     1.511    u_softmax/u_compatibility/u_core/calc_score_fixed[1]_i_5_n_0
                         LUT6 (Prop_LUT6_I5_O)        0.038     1.549 f  u_softmax/u_compatibility/u_core/calc_score_fixed[2]_i_3/O
                         net (fo=2, unplaced)         0.232     1.781    u_softmax/u_compatibility/u_core/calc_score_fixed[2]_i_3_n_0
                         LUT1 (Prop_LUT1_I0_O)        0.037     1.818 r  u_softmax/u_compatibility/u_core/calc_score_fixed[7]_i_13/O
                         net (fo=1, unplaced)         0.023     1.841    u_softmax/u_compatibility/u_core/p_0_in__0[2]
                         CARRY8 (Prop_CARRY8_S[1]_CO[7])
                                                      0.197     2.038 r  u_softmax/u_compatibility/u_core/calc_score_fixed_reg[7]_i_3/CO[7]
                         net (fo=1, unplaced)         0.005     2.043    u_softmax/u_compatibility/u_core/calc_score_fixed_reg[7]_i_3_n_0
                         CARRY8 (Prop_CARRY8_CI_CO[7])
                                                      0.022     2.065 r  u_softmax/u_compatibility/u_core/calc_score_fixed_reg[16]_i_3/CO[7]
                         net (fo=1, unplaced)         0.005     2.070    u_softmax/u_compatibility/u_core/calc_score_fixed_reg[16]_i_3_n_0
                         CARRY8 (Prop_CARRY8_CI_O[6])
                                                      0.103     2.173 r  u_softmax/u_compatibility/u_core/calc_score_fixed_reg[22]_i_5/O[6]
                         net (fo=1, unplaced)         0.184     2.357    u_softmax/u_compatibility/u_core/calc_score_fixed_reg[22]_i_5_n_9
                         LUT6 (Prop_LUT6_I4_O)        0.038     2.395 f  u_softmax/u_compatibility/u_core/calc_score_fixed[23]_i_3/O
                         net (fo=1, unplaced)         0.232     2.627    u_softmax/u_compatibility/u_core/calc_score_fixed[23]_i_3_n_0
                         LUT6 (Prop_LUT6_I1_O)        0.038     2.665 r  u_softmax/u_compatibility/u_core/calc_score_fixed[23]_i_1/O
                         net (fo=3, unplaced)         0.238     2.903    u_softmax/u_compatibility/u_core/calc_score_fixed[23]_i_1_n_0
                         LUT4 (Prop_LUT4_I0_O)        0.066     2.969 r  u_softmax/u_compatibility/u_core/calc_last_i_44/O
                         net (fo=1, unplaced)         0.156     3.125    u_softmax/u_compatibility/u_core/calc_last_i_44_n_0
                         CARRY8 (Prop_CARRY8_DI[3]_CO[3])
                                                      0.130     3.255 r  u_softmax/u_compatibility/u_core/calc_last_reg_i_13/CO[3]
                         net (fo=1, unplaced)         0.138     3.393    u_softmax/u_compatibility/u_core/score_max_legal0
                         LUT6 (Prop_LUT6_I2_O)        0.038     3.431 f  u_softmax/u_compatibility/u_core/calc_last_i_4/O
                         net (fo=1, unplaced)         0.232     3.663    u_softmax/u_compatibility/u_core/calc_last_i_4_n_0
                         LUT4 (Prop_LUT4_I1_O)        0.038     3.701 r  u_softmax/u_compatibility/u_core/calc_last_i_2/O
                         net (fo=7, unplaced)         0.257     3.958    u_softmax/u_compatibility/u_core/calc_last_i_2_n_0
                         LUT5 (Prop_LUT5_I2_O)        0.038     3.996 r  u_softmax/u_compatibility/u_core/protocol_error_count[7]_i_3/O
                         net (fo=1, unplaced)         0.279     4.275    u_softmax/u_compatibility/u_core/protocol_error_count[7]_i_3_n_0
                         CARRY8 (Prop_CARRY8_DI[0]_CO[7])
                                                      0.140     4.415 r  u_softmax/u_compatibility/u_core/protocol_error_count_reg[7]_i_1/CO[7]
                         net (fo=1, unplaced)         0.005     4.420    u_softmax/u_compatibility/u_core/protocol_error_count_reg[7]_i_1_n_0
                         CARRY8 (Prop_CARRY8_CI_CO[7])
                                                      0.022     4.442 r  u_softmax/u_compatibility/u_core/protocol_error_count_reg[15]_i_1/CO[7]
                         net (fo=1, unplaced)         0.005     4.447    u_softmax/u_compatibility/u_core/protocol_error_count_reg[15]_i_1_n_0
                         CARRY8 (Prop_CARRY8_CI_CO[7])
                                                      0.022     4.469 r  u_softmax/u_compatibility/u_core/protocol_error_count_reg[23]_i_1/CO[7]
                         net (fo=1, unplaced)         0.005     4.474    u_softmax/u_compatibility/u_core/protocol_error_count_reg[23]_i_1_n_0
                         CARRY8 (Prop_CARRY8_CI_CO[7])
                                                      0.022     4.496 r  u_softmax/u_compatibility/u_core/protocol_error_count_reg[31]_i_1/CO[7]
                         net (fo=1, unplaced)         0.005     4.501    u_softmax/u_compatibility/u_core/protocol_error_count_reg[31]_i_1_n_0
                         CARRY8 (Prop_CARRY8_CI_CO[7])
                                                      0.022     4.523 r  u_softmax/u_compatibility/u_core/protocol_error_count_reg[39]_i_1/CO[7]
                         net (fo=1, unplaced)         0.005     4.528    u_softmax/u_compatibility/u_core/protocol_error_count_reg[39]_i_1_n_0
                         CARRY8 (Prop_CARRY8_CI_CO[7])
                                                      0.022     4.550 r  u_softmax/u_compatibility/u_core/protocol_error_count_reg[47]_i_1/CO[7]
                         net (fo=1, unplaced)         0.005     4.555    u_softmax/u_compatibility/u_core/protocol_error_count_reg[47]_i_1_n_0
                         CARRY8 (Prop_CARRY8_CI_CO[7])
                                                      0.022     4.577 r  u_softmax/u_compatibility/u_core/protocol_error_count_reg[55]_i_1/CO[7]
                         net (fo=1, unplaced)         0.005     4.582    u_softmax/u_compatibility/u_core/protocol_error_count_reg[55]_i_1_n_0
                         CARRY8 (Prop_CARRY8_CI_O[0])
                                                      0.056     4.638 r  u_softmax/u_compatibility/u_core/protocol_error_count_reg[63]_i_2/O[0]
                         net (fo=1, unplaced)         0.025     4.663    u_softmax/u_compatibility/u_core/protocol_error_count_reg[63]_i_2_n_15
                         FDCE                                         r  u_softmax/u_compatibility/u_core/protocol_error_count_reg[56]/D
  -------------------------------------------------------------------    -------------------

                         (clock core_clk rise edge)
                                                      0.000     0.000 r  
                                                      0.000     0.000 r  clk (IN)
                         net (fo=59650, unset)        0.000     0.000    u_softmax/u_compatibility/u_core/clk
                         FDCE                                         r  u_softmax/u_compatibility/u_core/protocol_error_count_reg[56]/C

Slack:                    inf
  Source:                 score_bf16[0]
                            (input port)
  Destination:            u_softmax/u_compatibility/u_core/protocol_error_count_reg[46]/D
                            (rising edge-triggered cell FDCE clocked by core_clk  {rise@0.000ns fall@3.333ns period=6.666ns})
  Path Group:             (none)
  Path Type:              Setup (Max at Slow Process Corner)
  Data Path Delay:        4.657ns  (logic 1.503ns (32.274%)  route 3.154ns (67.726%))
  Logic Levels:           23  (CARRY8=10 LUT1=1 LUT4=2 LUT5=1 LUT6=9)
  Clock Uncertainty:      0.025ns  ((TSJ^2 + TIJ^2)^1/2 + DJ) / 2 + PE
    Total System Jitter     (TSJ):    0.050ns
    Total Input Jitter      (TIJ):    0.000ns
    Discrete Jitter          (DJ):    0.000ns
    Phase Error              (PE):    0.000ns
  Timing Exception:       False Path

    Location             Delay type                Incr(ns)  Path(ns)    Netlist Resource(s)
  -------------------------------------------------------------------    -------------------
                                                      0.000     0.000 f  score_bf16[0] (IN)
                         net (fo=17, unset)           0.000     0.000    u_softmax/u_compatibility/u_core/score_bf16[0]
                         LUT6 (Prop_LUT6_I0_O)        0.150     0.150 f  u_softmax/u_compatibility/u_core/calc_score_fixed[1]_i_11/O
                         net (fo=2, unplaced)         0.144     0.294    u_softmax/u_compatibility/u_core/calc_score_fixed[1]_i_11_n_0
                         LUT6 (Prop_LUT6_I1_O)        0.125     0.419 r  u_softmax/u_compatibility/u_core/calc_score_fixed[3]_i_14/O
                         net (fo=3, unplaced)         0.238     0.657    u_softmax/u_compatibility/u_core/calc_score_fixed[3]_i_14_n_0
                         LUT6 (Prop_LUT6_I0_O)        0.038     0.695 r  u_softmax/u_compatibility/u_core/calc_score_fixed[7]_i_18/O
                         net (fo=6, unplaced)         0.254     0.949    u_softmax/u_compatibility/u_core/calc_score_fixed[7]_i_18_n_0
                         LUT6 (Prop_LUT6_I0_O)        0.038     0.987 f  u_softmax/u_compatibility/u_core/calc_score_fixed[7]_i_15/O
                         net (fo=6, unplaced)         0.254     1.241    u_softmax/u_compatibility/u_core/calc_score_fixed[7]_i_15_n_0
                         LUT6 (Prop_LUT6_I5_O)        0.038     1.279 f  u_softmax/u_compatibility/u_core/calc_score_fixed[1]_i_5/O
                         net (fo=2, unplaced)         0.232     1.511    u_softmax/u_compatibility/u_core/calc_score_fixed[1]_i_5_n_0
                         LUT6 (Prop_LUT6_I5_O)        0.038     1.549 f  u_softmax/u_compatibility/u_core/calc_score_fixed[2]_i_3/O
                         net (fo=2, unplaced)         0.232     1.781    u_softmax/u_compatibility/u_core/calc_score_fixed[2]_i_3_n_0
                         LUT1 (Prop_LUT1_I0_O)        0.037     1.818 r  u_softmax/u_compatibility/u_core/calc_score_fixed[7]_i_13/O
                         net (fo=1, unplaced)         0.023     1.841    u_softmax/u_compatibility/u_core/p_0_in__0[2]
                         CARRY8 (Prop_CARRY8_S[1]_CO[7])
                                                      0.197     2.038 r  u_softmax/u_compatibility/u_core/calc_score_fixed_reg[7]_i_3/CO[7]
                         net (fo=1, unplaced)         0.005     2.043    u_softmax/u_compatibility/u_core/calc_score_fixed_reg[7]_i_3_n_0
                         CARRY8 (Prop_CARRY8_CI_CO[7])
                                                      0.022     2.065 r  u_softmax/u_compatibility/u_core/calc_score_fixed_reg[16]_i_3/CO[7]
                         net (fo=1, unplaced)         0.005     2.070    u_softmax/u_compatibility/u_core/calc_score_fixed_reg[16]_i_3_n_0
                         CARRY8 (Prop_CARRY8_CI_O[6])
                                                      0.103     2.173 r  u_softmax/u_compatibility/u_core/calc_score_fixed_reg[22]_i_5/O[6]
                         net (fo=1, unplaced)         0.184     2.357    u_softmax/u_compatibility/u_core/calc_score_fixed_reg[22]_i_5_n_9
                         LUT6 (Prop_LUT6_I4_O)        0.038     2.395 f  u_softmax/u_compatibility/u_core/calc_score_fixed[23]_i_3/O
                         net (fo=1, unplaced)         0.232     2.627    u_softmax/u_compatibility/u_core/calc_score_fixed[23]_i_3_n_0
                         LUT6 (Prop_LUT6_I1_O)        0.038     2.665 r  u_softmax/u_compatibility/u_core/calc_score_fixed[23]_i_1/O
                         net (fo=3, unplaced)         0.238     2.903    u_softmax/u_compatibility/u_core/calc_score_fixed[23]_i_1_n_0
                         LUT4 (Prop_LUT4_I0_O)        0.066     2.969 r  u_softmax/u_compatibility/u_core/calc_last_i_44/O
                         net (fo=1, unplaced)         0.156     3.125    u_softmax/u_compatibility/u_core/calc_last_i_44_n_0
                         CARRY8 (Prop_CARRY8_DI[3]_CO[3])
                                                      0.130     3.255 r  u_softmax/u_compatibility/u_core/calc_last_reg_i_13/CO[3]
                         net (fo=1, unplaced)         0.138     3.393    u_softmax/u_compatibility/u_core/score_max_legal0
                         LUT6 (Prop_LUT6_I2_O)        0.038     3.431 f  u_softmax/u_compatibility/u_core/calc_last_i_4/O
                         net (fo=1, unplaced)         0.232     3.663    u_softmax/u_compatibility/u_core/calc_last_i_4_n_0
                         LUT4 (Prop_LUT4_I1_O)        0.038     3.701 r  u_softmax/u_compatibility/u_core/calc_last_i_2/O
                         net (fo=7, unplaced)         0.257     3.958    u_softmax/u_compatibility/u_core/calc_last_i_2_n_0
                         LUT5 (Prop_LUT5_I2_O)        0.038     3.996 r  u_softmax/u_compatibility/u_core/protocol_error_count[7]_i_3/O
                         net (fo=1, unplaced)         0.279     4.275    u_softmax/u_compatibility/u_core/protocol_error_count[7]_i_3_n_0
                         CARRY8 (Prop_CARRY8_DI[0]_CO[7])
                                                      0.140     4.415 r  u_softmax/u_compatibility/u_core/protocol_error_count_reg[7]_i_1/CO[7]
                         net (fo=1, unplaced)         0.005     4.420    u_softmax/u_compatibility/u_core/protocol_error_count_reg[7]_i_1_n_0
                         CARRY8 (Prop_CARRY8_CI_CO[7])
                                                      0.022     4.442 r  u_softmax/u_compatibility/u_core/protocol_error_count_reg[15]_i_1/CO[7]
                         net (fo=1, unplaced)         0.005     4.447    u_softmax/u_compatibility/u_core/protocol_error_count_reg[15]_i_1_n_0
                         CARRY8 (Prop_CARRY8_CI_CO[7])
                                                      0.022     4.469 r  u_softmax/u_compatibility/u_core/protocol_error_count_reg[23]_i_1/CO[7]
                         net (fo=1, unplaced)         0.005     4.474    u_softmax/u_compatibility/u_core/protocol_error_count_reg[23]_i_1_n_0
                         CARRY8 (Prop_CARRY8_CI_CO[7])
                                                      0.022     4.496 r  u_softmax/u_compatibility/u_core/protocol_error_count_reg[31]_i_1/CO[7]
                         net (fo=1, unplaced)         0.005     4.501    u_softmax/u_compatibility/u_core/protocol_error_count_reg[31]_i_1_n_0
                         CARRY8 (Prop_CARRY8_CI_CO[7])
                                                      0.022     4.523 r  u_softmax/u_compatibility/u_core/protocol_error_count_reg[39]_i_1/CO[7]
                         net (fo=1, unplaced)         0.005     4.528    u_softmax/u_compatibility/u_core/protocol_error_count_reg[39]_i_1_n_0
                         CARRY8 (Prop_CARRY8_CI_O[6])
                                                      0.103     4.631 r  u_softmax/u_compatibility/u_core/protocol_error_count_reg[47]_i_1/O[6]
                         net (fo=1, unplaced)         0.026     4.657    u_softmax/u_compatibility/u_core/protocol_error_count_reg[47]_i_1_n_9
                         FDCE                                         r  u_softmax/u_compatibility/u_core/protocol_error_count_reg[46]/D
  -------------------------------------------------------------------    -------------------

                         (clock core_clk rise edge)
                                                      0.000     0.000 r  
                                                      0.000     0.000 r  clk (IN)
                         net (fo=59650, unset)        0.000     0.000    u_softmax/u_compatibility/u_core/clk
                         FDCE                                         r  u_softmax/u_compatibility/u_core/protocol_error_count_reg[46]/C

Slack:                    inf
  Source:                 score_bf16[0]
                            (input port)
  Destination:            u_softmax/u_compatibility/u_core/protocol_error_count_reg[49]/D
                            (rising edge-triggered cell FDCE clocked by core_clk  {rise@0.000ns fall@3.333ns period=6.666ns})
  Path Group:             (none)
  Path Type:              Setup (Max at Slow Process Corner)
  Data Path Delay:        4.656ns  (logic 1.498ns (32.174%)  route 3.158ns (67.826%))
  Logic Levels:           24  (CARRY8=11 LUT1=1 LUT4=2 LUT5=1 LUT6=9)
  Clock Uncertainty:      0.025ns  ((TSJ^2 + TIJ^2)^1/2 + DJ) / 2 + PE
    Total System Jitter     (TSJ):    0.050ns
    Total Input Jitter      (TIJ):    0.000ns
    Discrete Jitter          (DJ):    0.000ns
    Phase Error              (PE):    0.000ns
  Timing Exception:       False Path

    Location             Delay type                Incr(ns)  Path(ns)    Netlist Resource(s)
  -------------------------------------------------------------------    -------------------
                                                      0.000     0.000 f  score_bf16[0] (IN)
                         net (fo=17, unset)           0.000     0.000    u_softmax/u_compatibility/u_core/score_bf16[0]
                         LUT6 (Prop_LUT6_I0_O)        0.150     0.150 f  u_softmax/u_compatibility/u_core/calc_score_fixed[1]_i_11/O
                         net (fo=2, unplaced)         0.144     0.294    u_softmax/u_compatibility/u_core/calc_score_fixed[1]_i_11_n_0
                         LUT6 (Prop_LUT6_I1_O)        0.125     0.419 r  u_softmax/u_compatibility/u_core/calc_score_fixed[3]_i_14/O
                         net (fo=3, unplaced)         0.238     0.657    u_softmax/u_compatibility/u_core/calc_score_fixed[3]_i_14_n_0
                         LUT6 (Prop_LUT6_I0_O)        0.038     0.695 r  u_softmax/u_compatibility/u_core/calc_score_fixed[7]_i_18/O
                         net (fo=6, unplaced)         0.254     0.949    u_softmax/u_compatibility/u_core/calc_score_fixed[7]_i_18_n_0
                         LUT6 (Prop_LUT6_I0_O)        0.038     0.987 f  u_softmax/u_compatibility/u_core/calc_score_fixed[7]_i_15/O
                         net (fo=6, unplaced)         0.254     1.241    u_softmax/u_compatibility/u_core/calc_score_fixed[7]_i_15_n_0
                         LUT6 (Prop_LUT6_I5_O)        0.038     1.279 f  u_softmax/u_compatibility/u_core/calc_score_fixed[1]_i_5/O
                         net (fo=2, unplaced)         0.232     1.511    u_softmax/u_compatibility/u_core/calc_score_fixed[1]_i_5_n_0
                         LUT6 (Prop_LUT6_I5_O)        0.038     1.549 f  u_softmax/u_compatibility/u_core/calc_score_fixed[2]_i_3/O
                         net (fo=2, unplaced)         0.232     1.781    u_softmax/u_compatibility/u_core/calc_score_fixed[2]_i_3_n_0
                         LUT1 (Prop_LUT1_I0_O)        0.037     1.818 r  u_softmax/u_compatibility/u_core/calc_score_fixed[7]_i_13/O
                         net (fo=1, unplaced)         0.023     1.841    u_softmax/u_compatibility/u_core/p_0_in__0[2]
                         CARRY8 (Prop_CARRY8_S[1]_CO[7])
                                                      0.197     2.038 r  u_softmax/u_compatibility/u_core/calc_score_fixed_reg[7]_i_3/CO[7]
                         net (fo=1, unplaced)         0.005     2.043    u_softmax/u_compatibility/u_core/calc_score_fixed_reg[7]_i_3_n_0
                         CARRY8 (Prop_CARRY8_CI_CO[7])
                                                      0.022     2.065 r  u_softmax/u_compatibility/u_core/calc_score_fixed_reg[16]_i_3/CO[7]
                         net (fo=1, unplaced)         0.005     2.070    u_softmax/u_compatibility/u_core/calc_score_fixed_reg[16]_i_3_n_0
                         CARRY8 (Prop_CARRY8_CI_O[6])
                                                      0.103     2.173 r  u_softmax/u_compatibility/u_core/calc_score_fixed_reg[22]_i_5/O[6]
                         net (fo=1, unplaced)         0.184     2.357    u_softmax/u_compatibility/u_core/calc_score_fixed_reg[22]_i_5_n_9
                         LUT6 (Prop_LUT6_I4_O)        0.038     2.395 f  u_softmax/u_compatibility/u_core/calc_score_fixed[23]_i_3/O
                         net (fo=1, unplaced)         0.232     2.627    u_softmax/u_compatibility/u_core/calc_score_fixed[23]_i_3_n_0
                         LUT6 (Prop_LUT6_I1_O)        0.038     2.665 r  u_softmax/u_compatibility/u_core/calc_score_fixed[23]_i_1/O
                         net (fo=3, unplaced)         0.238     2.903    u_softmax/u_compatibility/u_core/calc_score_fixed[23]_i_1_n_0
                         LUT4 (Prop_LUT4_I0_O)        0.066     2.969 r  u_softmax/u_compatibility/u_core/calc_last_i_44/O
                         net (fo=1, unplaced)         0.156     3.125    u_softmax/u_compatibility/u_core/calc_last_i_44_n_0
                         CARRY8 (Prop_CARRY8_DI[3]_CO[3])
                                                      0.130     3.255 r  u_softmax/u_compatibility/u_core/calc_last_reg_i_13/CO[3]
                         net (fo=1, unplaced)         0.138     3.393    u_softmax/u_compatibility/u_core/score_max_legal0
                         LUT6 (Prop_LUT6_I2_O)        0.038     3.431 f  u_softmax/u_compatibility/u_core/calc_last_i_4/O
                         net (fo=1, unplaced)         0.232     3.663    u_softmax/u_compatibility/u_core/calc_last_i_4_n_0
                         LUT4 (Prop_LUT4_I1_O)        0.038     3.701 r  u_softmax/u_compatibility/u_core/calc_last_i_2/O
                         net (fo=7, unplaced)         0.257     3.958    u_softmax/u_compatibility/u_core/calc_last_i_2_n_0
                         LUT5 (Prop_LUT5_I2_O)        0.038     3.996 r  u_softmax/u_compatibility/u_core/protocol_error_count[7]_i_3/O
                         net (fo=1, unplaced)         0.279     4.275    u_softmax/u_compatibility/u_core/protocol_error_count[7]_i_3_n_0
                         CARRY8 (Prop_CARRY8_DI[0]_CO[7])
                                                      0.140     4.415 r  u_softmax/u_compatibility/u_core/protocol_error_count_reg[7]_i_1/CO[7]
                         net (fo=1, unplaced)         0.005     4.420    u_softmax/u_compatibility/u_core/protocol_error_count_reg[7]_i_1_n_0
                         CARRY8 (Prop_CARRY8_CI_CO[7])
                                                      0.022     4.442 r  u_softmax/u_compatibility/u_core/protocol_error_count_reg[15]_i_1/CO[7]
                         net (fo=1, unplaced)         0.005     4.447    u_softmax/u_compatibility/u_core/protocol_error_count_reg[15]_i_1_n_0
                         CARRY8 (Prop_CARRY8_CI_CO[7])
                                                      0.022     4.469 r  u_softmax/u_compatibility/u_core/protocol_error_count_reg[23]_i_1/CO[7]
                         net (fo=1, unplaced)         0.005     4.474    u_softmax/u_compatibility/u_core/protocol_error_count_reg[23]_i_1_n_0
                         CARRY8 (Prop_CARRY8_CI_CO[7])
                                                      0.022     4.496 r  u_softmax/u_compatibility/u_core/protocol_error_count_reg[31]_i_1/CO[7]
                         net (fo=1, unplaced)         0.005     4.501    u_softmax/u_compatibility/u_core/protocol_error_count_reg[31]_i_1_n_0
                         CARRY8 (Prop_CARRY8_CI_CO[7])
                                                      0.022     4.523 r  u_softmax/u_compatibility/u_core/protocol_error_count_reg[39]_i_1/CO[7]
                         net (fo=1, unplaced)         0.005     4.528    u_softmax/u_compatibility/u_core/protocol_error_count_reg[39]_i_1_n_0
                         CARRY8 (Prop_CARRY8_CI_CO[7])
                                                      0.022     4.550 r  u_softmax/u_compatibility/u_core/protocol_error_count_reg[47]_i_1/CO[7]
                         net (fo=1, unplaced)         0.005     4.555    u_softmax/u_compatibility/u_core/protocol_error_count_reg[47]_i_1_n_0
                         CARRY8 (Prop_CARRY8_CI_O[1])
                                                      0.076     4.631 r  u_softmax/u_compatibility/u_core/protocol_error_count_reg[55]_i_1/O[1]
                         net (fo=1, unplaced)         0.025     4.656    u_softmax/u_compatibility/u_core/protocol_error_count_reg[55]_i_1_n_14
                         FDCE                                         r  u_softmax/u_compatibility/u_core/protocol_error_count_reg[49]/D
  -------------------------------------------------------------------    -------------------

                         (clock core_clk rise edge)
                                                      0.000     0.000 r  
                                                      0.000     0.000 r  clk (IN)
                         net (fo=59650, unset)        0.000     0.000    u_softmax/u_compatibility/u_core/clk
                         FDCE                                         r  u_softmax/u_compatibility/u_core/protocol_error_count_reg[49]/C

Slack:                    inf
  Source:                 score_bf16[0]
                            (input port)
  Destination:            u_softmax/u_compatibility/u_core/protocol_error_count_reg[50]/D
                            (rising edge-triggered cell FDCE clocked by core_clk  {rise@0.000ns fall@3.333ns period=6.666ns})
  Path Group:             (none)
  Path Type:              Setup (Max at Slow Process Corner)
  Data Path Delay:        4.648ns  (logic 1.489ns (32.035%)  route 3.159ns (67.965%))
  Logic Levels:           24  (CARRY8=11 LUT1=1 LUT4=2 LUT5=1 LUT6=9)
  Clock Uncertainty:      0.025ns  ((TSJ^2 + TIJ^2)^1/2 + DJ) / 2 + PE
    Total System Jitter     (TSJ):    0.050ns
    Total Input Jitter      (TIJ):    0.000ns
    Discrete Jitter          (DJ):    0.000ns
    Phase Error              (PE):    0.000ns
  Timing Exception:       False Path

    Location             Delay type                Incr(ns)  Path(ns)    Netlist Resource(s)
  -------------------------------------------------------------------    -------------------
                                                      0.000     0.000 f  score_bf16[0] (IN)
                         net (fo=17, unset)           0.000     0.000    u_softmax/u_compatibility/u_core/score_bf16[0]
                         LUT6 (Prop_LUT6_I0_O)        0.150     0.150 f  u_softmax/u_compatibility/u_core/calc_score_fixed[1]_i_11/O
                         net (fo=2, unplaced)         0.144     0.294    u_softmax/u_compatibility/u_core/calc_score_fixed[1]_i_11_n_0
                         LUT6 (Prop_LUT6_I1_O)        0.125     0.419 r  u_softmax/u_compatibility/u_core/calc_score_fixed[3]_i_14/O
                         net (fo=3, unplaced)         0.238     0.657    u_softmax/u_compatibility/u_core/calc_score_fixed[3]_i_14_n_0
                         LUT6 (Prop_LUT6_I0_O)        0.038     0.695 r  u_softmax/u_compatibility/u_core/calc_score_fixed[7]_i_18/O
                         net (fo=6, unplaced)         0.254     0.949    u_softmax/u_compatibility/u_core/calc_score_fixed[7]_i_18_n_0
                         LUT6 (Prop_LUT6_I0_O)        0.038     0.987 f  u_softmax/u_compatibility/u_core/calc_score_fixed[7]_i_15/O
                         net (fo=6, unplaced)         0.254     1.241    u_softmax/u_compatibility/u_core/calc_score_fixed[7]_i_15_n_0
                         LUT6 (Prop_LUT6_I5_O)        0.038     1.279 f  u_softmax/u_compatibility/u_core/calc_score_fixed[1]_i_5/O
                         net (fo=2, unplaced)         0.232     1.511    u_softmax/u_compatibility/u_core/calc_score_fixed[1]_i_5_n_0
                         LUT6 (Prop_LUT6_I5_O)        0.038     1.549 f  u_softmax/u_compatibility/u_core/calc_score_fixed[2]_i_3/O
                         net (fo=2, unplaced)         0.232     1.781    u_softmax/u_compatibility/u_core/calc_score_fixed[2]_i_3_n_0
                         LUT1 (Prop_LUT1_I0_O)        0.037     1.818 r  u_softmax/u_compatibility/u_core/calc_score_fixed[7]_i_13/O
                         net (fo=1, unplaced)         0.023     1.841    u_softmax/u_compatibility/u_core/p_0_in__0[2]
                         CARRY8 (Prop_CARRY8_S[1]_CO[7])
                                                      0.197     2.038 r  u_softmax/u_compatibility/u_core/calc_score_fixed_reg[7]_i_3/CO[7]
                         net (fo=1, unplaced)         0.005     2.043    u_softmax/u_compatibility/u_core/calc_score_fixed_reg[7]_i_3_n_0
                         CARRY8 (Prop_CARRY8_CI_CO[7])
                                                      0.022     2.065 r  u_softmax/u_compatibility/u_core/calc_score_fixed_reg[16]_i_3/CO[7]
                         net (fo=1, unplaced)         0.005     2.070    u_softmax/u_compatibility/u_core/calc_score_fixed_reg[16]_i_3_n_0
                         CARRY8 (Prop_CARRY8_CI_O[6])
                                                      0.103     2.173 r  u_softmax/u_compatibility/u_core/calc_score_fixed_reg[22]_i_5/O[6]
                         net (fo=1, unplaced)         0.184     2.357    u_softmax/u_compatibility/u_core/calc_score_fixed_reg[22]_i_5_n_9
                         LUT6 (Prop_LUT6_I4_O)        0.038     2.395 f  u_softmax/u_compatibility/u_core/calc_score_fixed[23]_i_3/O
                         net (fo=1, unplaced)         0.232     2.627    u_softmax/u_compatibility/u_core/calc_score_fixed[23]_i_3_n_0
                         LUT6 (Prop_LUT6_I1_O)        0.038     2.665 r  u_softmax/u_compatibility/u_core/calc_score_fixed[23]_i_1/O
                         net (fo=3, unplaced)         0.238     2.903    u_softmax/u_compatibility/u_core/calc_score_fixed[23]_i_1_n_0
                         LUT4 (Prop_LUT4_I0_O)        0.066     2.969 r  u_softmax/u_compatibility/u_core/calc_last_i_44/O
                         net (fo=1, unplaced)         0.156     3.125    u_softmax/u_compatibility/u_core/calc_last_i_44_n_0
                         CARRY8 (Prop_CARRY8_DI[3]_CO[3])
                                                      0.130     3.255 r  u_softmax/u_compatibility/u_core/calc_last_reg_i_13/CO[3]
                         net (fo=1, unplaced)         0.138     3.393    u_softmax/u_compatibility/u_core/score_max_legal0
                         LUT6 (Prop_LUT6_I2_O)        0.038     3.431 f  u_softmax/u_compatibility/u_core/calc_last_i_4/O
                         net (fo=1, unplaced)         0.232     3.663    u_softmax/u_compatibility/u_core/calc_last_i_4_n_0
                         LUT4 (Prop_LUT4_I1_O)        0.038     3.701 r  u_softmax/u_compatibility/u_core/calc_last_i_2/O
                         net (fo=7, unplaced)         0.257     3.958    u_softmax/u_compatibility/u_core/calc_last_i_2_n_0
                         LUT5 (Prop_LUT5_I2_O)        0.038     3.996 r  u_softmax/u_compatibility/u_core/protocol_error_count[7]_i_3/O
                         net (fo=1, unplaced)         0.279     4.275    u_softmax/u_compatibility/u_core/protocol_error_count[7]_i_3_n_0
                         CARRY8 (Prop_CARRY8_DI[0]_CO[7])
                                                      0.140     4.415 r  u_softmax/u_compatibility/u_core/protocol_error_count_reg[7]_i_1/CO[7]
                         net (fo=1, unplaced)         0.005     4.420    u_softmax/u_compatibility/u_core/protocol_error_count_reg[7]_i_1_n_0
                         CARRY8 (Prop_CARRY8_CI_CO[7])
                                                      0.022     4.442 r  u_softmax/u_compatibility/u_core/protocol_error_count_reg[15]_i_1/CO[7]
                         net (fo=1, unplaced)         0.005     4.447    u_softmax/u_compatibility/u_core/protocol_error_count_reg[15]_i_1_n_0
                         CARRY8 (Prop_CARRY8_CI_CO[7])
                                                      0.022     4.469 r  u_softmax/u_compatibility/u_core/protocol_error_count_reg[23]_i_1/CO[7]
                         net (fo=1, unplaced)         0.005     4.474    u_softmax/u_compatibility/u_core/protocol_error_count_reg[23]_i_1_n_0
                         CARRY8 (Prop_CARRY8_CI_CO[7])
                                                      0.022     4.496 r  u_softmax/u_compatibility/u_core/protocol_error_count_reg[31]_i_1/CO[7]
                         net (fo=1, unplaced)         0.005     4.501    u_softmax/u_compatibility/u_core/protocol_error_count_reg[31]_i_1_n_0
                         CARRY8 (Prop_CARRY8_CI_CO[7])
                                                      0.022     4.523 r  u_softmax/u_compatibility/u_core/protocol_error_count_reg[39]_i_1/CO[7]
                         net (fo=1, unplaced)         0.005     4.528    u_softmax/u_compatibility/u_core/protocol_error_count_reg[39]_i_1_n_0
                         CARRY8 (Prop_CARRY8_CI_CO[7])
                                                      0.022     4.550 r  u_softmax/u_compatibility/u_core/protocol_error_count_reg[47]_i_1/CO[7]
                         net (fo=1, unplaced)         0.005     4.555    u_softmax/u_compatibility/u_core/protocol_error_count_reg[47]_i_1_n_0
                         CARRY8 (Prop_CARRY8_CI_O[2])
                                                      0.067     4.622 r  u_softmax/u_compatibility/u_core/protocol_error_count_reg[55]_i_1/O[2]
                         net (fo=1, unplaced)         0.026     4.648    u_softmax/u_compatibility/u_core/protocol_error_count_reg[55]_i_1_n_13
                         FDCE                                         r  u_softmax/u_compatibility/u_core/protocol_error_count_reg[50]/D
  -------------------------------------------------------------------    -------------------

                         (clock core_clk rise edge)
                                                      0.000     0.000 r  
                                                      0.000     0.000 r  clk (IN)
                         net (fo=59650, unset)        0.000     0.000    u_softmax/u_compatibility/u_core/clk
                         FDCE                                         r  u_softmax/u_compatibility/u_core/protocol_error_count_reg[50]/C

Slack:                    inf
  Source:                 score_bf16[0]
                            (input port)
  Destination:            u_softmax/u_compatibility/u_core/protocol_error_count_reg[39]/D
                            (rising edge-triggered cell FDCE clocked by core_clk  {rise@0.000ns fall@3.333ns period=6.666ns})
  Path Group:             (none)
  Path Type:              Setup (Max at Slow Process Corner)
  Data Path Delay:        4.643ns  (logic 1.494ns (32.177%)  route 3.149ns (67.823%))
  Logic Levels:           22  (CARRY8=9 LUT1=1 LUT4=2 LUT5=1 LUT6=9)
  Clock Uncertainty:      0.025ns  ((TSJ^2 + TIJ^2)^1/2 + DJ) / 2 + PE
    Total System Jitter     (TSJ):    0.050ns
    Total Input Jitter      (TIJ):    0.000ns
    Discrete Jitter          (DJ):    0.000ns
    Phase Error              (PE):    0.000ns
  Timing Exception:       False Path

    Location             Delay type                Incr(ns)  Path(ns)    Netlist Resource(s)
  -------------------------------------------------------------------    -------------------
                                                      0.000     0.000 f  score_bf16[0] (IN)
                         net (fo=17, unset)           0.000     0.000    u_softmax/u_compatibility/u_core/score_bf16[0]
                         LUT6 (Prop_LUT6_I0_O)        0.150     0.150 f  u_softmax/u_compatibility/u_core/calc_score_fixed[1]_i_11/O
                         net (fo=2, unplaced)         0.144     0.294    u_softmax/u_compatibility/u_core/calc_score_fixed[1]_i_11_n_0
                         LUT6 (Prop_LUT6_I1_O)        0.125     0.419 r  u_softmax/u_compatibility/u_core/calc_score_fixed[3]_i_14/O
                         net (fo=3, unplaced)         0.238     0.657    u_softmax/u_compatibility/u_core/calc_score_fixed[3]_i_14_n_0
                         LUT6 (Prop_LUT6_I0_O)        0.038     0.695 r  u_softmax/u_compatibility/u_core/calc_score_fixed[7]_i_18/O
                         net (fo=6, unplaced)         0.254     0.949    u_softmax/u_compatibility/u_core/calc_score_fixed[7]_i_18_n_0
                         LUT6 (Prop_LUT6_I0_O)        0.038     0.987 f  u_softmax/u_compatibility/u_core/calc_score_fixed[7]_i_15/O
                         net (fo=6, unplaced)         0.254     1.241    u_softmax/u_compatibility/u_core/calc_score_fixed[7]_i_15_n_0
                         LUT6 (Prop_LUT6_I5_O)        0.038     1.279 f  u_softmax/u_compatibility/u_core/calc_score_fixed[1]_i_5/O
                         net (fo=2, unplaced)         0.232     1.511    u_softmax/u_compatibility/u_core/calc_score_fixed[1]_i_5_n_0
                         LUT6 (Prop_LUT6_I5_O)        0.038     1.549 f  u_softmax/u_compatibility/u_core/calc_score_fixed[2]_i_3/O
                         net (fo=2, unplaced)         0.232     1.781    u_softmax/u_compatibility/u_core/calc_score_fixed[2]_i_3_n_0
                         LUT1 (Prop_LUT1_I0_O)        0.037     1.818 r  u_softmax/u_compatibility/u_core/calc_score_fixed[7]_i_13/O
                         net (fo=1, unplaced)         0.023     1.841    u_softmax/u_compatibility/u_core/p_0_in__0[2]
                         CARRY8 (Prop_CARRY8_S[1]_CO[7])
                                                      0.197     2.038 r  u_softmax/u_compatibility/u_core/calc_score_fixed_reg[7]_i_3/CO[7]
                         net (fo=1, unplaced)         0.005     2.043    u_softmax/u_compatibility/u_core/calc_score_fixed_reg[7]_i_3_n_0
                         CARRY8 (Prop_CARRY8_CI_CO[7])
                                                      0.022     2.065 r  u_softmax/u_compatibility/u_core/calc_score_fixed_reg[16]_i_3/CO[7]
                         net (fo=1, unplaced)         0.005     2.070    u_softmax/u_compatibility/u_core/calc_score_fixed_reg[16]_i_3_n_0
                         CARRY8 (Prop_CARRY8_CI_O[6])
                                                      0.103     2.173 r  u_softmax/u_compatibility/u_core/calc_score_fixed_reg[22]_i_5/O[6]
                         net (fo=1, unplaced)         0.184     2.357    u_softmax/u_compatibility/u_core/calc_score_fixed_reg[22]_i_5_n_9
                         LUT6 (Prop_LUT6_I4_O)        0.038     2.395 f  u_softmax/u_compatibility/u_core/calc_score_fixed[23]_i_3/O
                         net (fo=1, unplaced)         0.232     2.627    u_softmax/u_compatibility/u_core/calc_score_fixed[23]_i_3_n_0
                         LUT6 (Prop_LUT6_I1_O)        0.038     2.665 r  u_softmax/u_compatibility/u_core/calc_score_fixed[23]_i_1/O
                         net (fo=3, unplaced)         0.238     2.903    u_softmax/u_compatibility/u_core/calc_score_fixed[23]_i_1_n_0
                         LUT4 (Prop_LUT4_I0_O)        0.066     2.969 r  u_softmax/u_compatibility/u_core/calc_last_i_44/O
                         net (fo=1, unplaced)         0.156     3.125    u_softmax/u_compatibility/u_core/calc_last_i_44_n_0
                         CARRY8 (Prop_CARRY8_DI[3]_CO[3])
                                                      0.130     3.255 r  u_softmax/u_compatibility/u_core/calc_last_reg_i_13/CO[3]
                         net (fo=1, unplaced)         0.138     3.393    u_softmax/u_compatibility/u_core/score_max_legal0
                         LUT6 (Prop_LUT6_I2_O)        0.038     3.431 f  u_softmax/u_compatibility/u_core/calc_last_i_4/O
                         net (fo=1, unplaced)         0.232     3.663    u_softmax/u_compatibility/u_core/calc_last_i_4_n_0
                         LUT4 (Prop_LUT4_I1_O)        0.038     3.701 r  u_softmax/u_compatibility/u_core/calc_last_i_2/O
                         net (fo=7, unplaced)         0.257     3.958    u_softmax/u_compatibility/u_core/calc_last_i_2_n_0
                         LUT5 (Prop_LUT5_I2_O)        0.038     3.996 r  u_softmax/u_compatibility/u_core/protocol_error_count[7]_i_3/O
                         net (fo=1, unplaced)         0.279     4.275    u_softmax/u_compatibility/u_core/protocol_error_count[7]_i_3_n_0
                         CARRY8 (Prop_CARRY8_DI[0]_CO[7])
                                                      0.140     4.415 r  u_softmax/u_compatibility/u_core/protocol_error_count_reg[7]_i_1/CO[7]
                         net (fo=1, unplaced)         0.005     4.420    u_softmax/u_compatibility/u_core/protocol_error_count_reg[7]_i_1_n_0
                         CARRY8 (Prop_CARRY8_CI_CO[7])
                                                      0.022     4.442 r  u_softmax/u_compatibility/u_core/protocol_error_count_reg[15]_i_1/CO[7]
                         net (fo=1, unplaced)         0.005     4.447    u_softmax/u_compatibility/u_core/protocol_error_count_reg[15]_i_1_n_0
                         CARRY8 (Prop_CARRY8_CI_CO[7])
                                                      0.022     4.469 r  u_softmax/u_compatibility/u_core/protocol_error_count_reg[23]_i_1/CO[7]
                         net (fo=1, unplaced)         0.005     4.474    u_softmax/u_compatibility/u_core/protocol_error_count_reg[23]_i_1_n_0
                         CARRY8 (Prop_CARRY8_CI_CO[7])
                                                      0.022     4.496 r  u_softmax/u_compatibility/u_core/protocol_error_count_reg[31]_i_1/CO[7]
                         net (fo=1, unplaced)         0.005     4.501    u_softmax/u_compatibility/u_core/protocol_error_count_reg[31]_i_1_n_0
                         CARRY8 (Prop_CARRY8_CI_O[7])
                                                      0.116     4.617 r  u_softmax/u_compatibility/u_core/protocol_error_count_reg[39]_i_1/O[7]
                         net (fo=1, unplaced)         0.026     4.643    u_softmax/u_compatibility/u_core/protocol_error_count_reg[39]_i_1_n_8
                         FDCE                                         r  u_softmax/u_compatibility/u_core/protocol_error_count_reg[39]/D
  -------------------------------------------------------------------    -------------------

                         (clock core_clk rise edge)
                                                      0.000     0.000 r  
                                                      0.000     0.000 r  clk (IN)
                         net (fo=59650, unset)        0.000     0.000    u_softmax/u_compatibility/u_core/clk
                         FDCE                                         r  u_softmax/u_compatibility/u_core/protocol_error_count_reg[39]/C

Slack:                    inf
  Source:                 score_bf16[0]
                            (input port)
  Destination:            u_softmax/u_compatibility/u_core/protocol_error_count_reg[37]/D
                            (rising edge-triggered cell FDCE clocked by core_clk  {rise@0.000ns fall@3.333ns period=6.666ns})
  Path Group:             (none)
  Path Type:              Setup (Max at Slow Process Corner)
  Data Path Delay:        4.642ns  (logic 1.494ns (32.184%)  route 3.148ns (67.816%))
  Logic Levels:           22  (CARRY8=9 LUT1=1 LUT4=2 LUT5=1 LUT6=9)
  Clock Uncertainty:      0.025ns  ((TSJ^2 + TIJ^2)^1/2 + DJ) / 2 + PE
    Total System Jitter     (TSJ):    0.050ns
    Total Input Jitter      (TIJ):    0.000ns
    Discrete Jitter          (DJ):    0.000ns
    Phase Error              (PE):    0.000ns
  Timing Exception:       False Path

    Location             Delay type                Incr(ns)  Path(ns)    Netlist Resource(s)
  -------------------------------------------------------------------    -------------------
                                                      0.000     0.000 f  score_bf16[0] (IN)
                         net (fo=17, unset)           0.000     0.000    u_softmax/u_compatibility/u_core/score_bf16[0]
                         LUT6 (Prop_LUT6_I0_O)        0.150     0.150 f  u_softmax/u_compatibility/u_core/calc_score_fixed[1]_i_11/O
                         net (fo=2, unplaced)         0.144     0.294    u_softmax/u_compatibility/u_core/calc_score_fixed[1]_i_11_n_0
                         LUT6 (Prop_LUT6_I1_O)        0.125     0.419 r  u_softmax/u_compatibility/u_core/calc_score_fixed[3]_i_14/O
                         net (fo=3, unplaced)         0.238     0.657    u_softmax/u_compatibility/u_core/calc_score_fixed[3]_i_14_n_0
                         LUT6 (Prop_LUT6_I0_O)        0.038     0.695 r  u_softmax/u_compatibility/u_core/calc_score_fixed[7]_i_18/O
                         net (fo=6, unplaced)         0.254     0.949    u_softmax/u_compatibility/u_core/calc_score_fixed[7]_i_18_n_0
                         LUT6 (Prop_LUT6_I0_O)        0.038     0.987 f  u_softmax/u_compatibility/u_core/calc_score_fixed[7]_i_15/O
                         net (fo=6, unplaced)         0.254     1.241    u_softmax/u_compatibility/u_core/calc_score_fixed[7]_i_15_n_0
                         LUT6 (Prop_LUT6_I5_O)        0.038     1.279 f  u_softmax/u_compatibility/u_core/calc_score_fixed[1]_i_5/O
                         net (fo=2, unplaced)         0.232     1.511    u_softmax/u_compatibility/u_core/calc_score_fixed[1]_i_5_n_0
                         LUT6 (Prop_LUT6_I5_O)        0.038     1.549 f  u_softmax/u_compatibility/u_core/calc_score_fixed[2]_i_3/O
                         net (fo=2, unplaced)         0.232     1.781    u_softmax/u_compatibility/u_core/calc_score_fixed[2]_i_3_n_0
                         LUT1 (Prop_LUT1_I0_O)        0.037     1.818 r  u_softmax/u_compatibility/u_core/calc_score_fixed[7]_i_13/O
                         net (fo=1, unplaced)         0.023     1.841    u_softmax/u_compatibility/u_core/p_0_in__0[2]
                         CARRY8 (Prop_CARRY8_S[1]_CO[7])
                                                      0.197     2.038 r  u_softmax/u_compatibility/u_core/calc_score_fixed_reg[7]_i_3/CO[7]
                         net (fo=1, unplaced)         0.005     2.043    u_softmax/u_compatibility/u_core/calc_score_fixed_reg[7]_i_3_n_0
                         CARRY8 (Prop_CARRY8_CI_CO[7])
                                                      0.022     2.065 r  u_softmax/u_compatibility/u_core/calc_score_fixed_reg[16]_i_3/CO[7]
                         net (fo=1, unplaced)         0.005     2.070    u_softmax/u_compatibility/u_core/calc_score_fixed_reg[16]_i_3_n_0
                         CARRY8 (Prop_CARRY8_CI_O[6])
                                                      0.103     2.173 r  u_softmax/u_compatibility/u_core/calc_score_fixed_reg[22]_i_5/O[6]
                         net (fo=1, unplaced)         0.184     2.357    u_softmax/u_compatibility/u_core/calc_score_fixed_reg[22]_i_5_n_9
                         LUT6 (Prop_LUT6_I4_O)        0.038     2.395 f  u_softmax/u_compatibility/u_core/calc_score_fixed[23]_i_3/O
                         net (fo=1, unplaced)         0.232     2.627    u_softmax/u_compatibility/u_core/calc_score_fixed[23]_i_3_n_0
                         LUT6 (Prop_LUT6_I1_O)        0.038     2.665 r  u_softmax/u_compatibility/u_core/calc_score_fixed[23]_i_1/O
                         net (fo=3, unplaced)         0.238     2.903    u_softmax/u_compatibility/u_core/calc_score_fixed[23]_i_1_n_0
                         LUT4 (Prop_LUT4_I0_O)        0.066     2.969 r  u_softmax/u_compatibility/u_core/calc_last_i_44/O
                         net (fo=1, unplaced)         0.156     3.125    u_softmax/u_compatibility/u_core/calc_last_i_44_n_0
                         CARRY8 (Prop_CARRY8_DI[3]_CO[3])
                                                      0.130     3.255 r  u_softmax/u_compatibility/u_core/calc_last_reg_i_13/CO[3]
                         net (fo=1, unplaced)         0.138     3.393    u_softmax/u_compatibility/u_core/score_max_legal0
                         LUT6 (Prop_LUT6_I2_O)        0.038     3.431 f  u_softmax/u_compatibility/u_core/calc_last_i_4/O
                         net (fo=1, unplaced)         0.232     3.663    u_softmax/u_compatibility/u_core/calc_last_i_4_n_0
                         LUT4 (Prop_LUT4_I1_O)        0.038     3.701 r  u_softmax/u_compatibility/u_core/calc_last_i_2/O
                         net (fo=7, unplaced)         0.257     3.958    u_softmax/u_compatibility/u_core/calc_last_i_2_n_0
                         LUT5 (Prop_LUT5_I2_O)        0.038     3.996 r  u_softmax/u_compatibility/u_core/protocol_error_count[7]_i_3/O
                         net (fo=1, unplaced)         0.279     4.275    u_softmax/u_compatibility/u_core/protocol_error_count[7]_i_3_n_0
                         CARRY8 (Prop_CARRY8_DI[0]_CO[7])
                                                      0.140     4.415 r  u_softmax/u_compatibility/u_core/protocol_error_count_reg[7]_i_1/CO[7]
                         net (fo=1, unplaced)         0.005     4.420    u_softmax/u_compatibility/u_core/protocol_error_count_reg[7]_i_1_n_0
                         CARRY8 (Prop_CARRY8_CI_CO[7])
                                                      0.022     4.442 r  u_softmax/u_compatibility/u_core/protocol_error_count_reg[15]_i_1/CO[7]
                         net (fo=1, unplaced)         0.005     4.447    u_softmax/u_compatibility/u_core/protocol_error_count_reg[15]_i_1_n_0
                         CARRY8 (Prop_CARRY8_CI_CO[7])
                                                      0.022     4.469 r  u_softmax/u_compatibility/u_core/protocol_error_count_reg[23]_i_1/CO[7]
                         net (fo=1, unplaced)         0.005     4.474    u_softmax/u_compatibility/u_core/protocol_error_count_reg[23]_i_1_n_0
                         CARRY8 (Prop_CARRY8_CI_CO[7])
                                                      0.022     4.496 r  u_softmax/u_compatibility/u_core/protocol_error_count_reg[31]_i_1/CO[7]
                         net (fo=1, unplaced)         0.005     4.501    u_softmax/u_compatibility/u_core/protocol_error_count_reg[31]_i_1_n_0
                         CARRY8 (Prop_CARRY8_CI_O[5])
                                                      0.116     4.617 r  u_softmax/u_compatibility/u_core/protocol_error_count_reg[39]_i_1/O[5]
                         net (fo=1, unplaced)         0.025     4.642    u_softmax/u_compatibility/u_core/protocol_error_count_reg[39]_i_1_n_10
                         FDCE                                         r  u_softmax/u_compatibility/u_core/protocol_error_count_reg[37]/D
  -------------------------------------------------------------------    -------------------

                         (clock core_clk rise edge)
                                                      0.000     0.000 r  
                                                      0.000     0.000 r  clk (IN)
                         net (fo=59650, unset)        0.000     0.000    u_softmax/u_compatibility/u_core/clk
                         FDCE                                         r  u_softmax/u_compatibility/u_core/protocol_error_count_reg[37]/C





