Copyright 1986-2022 Xilinx, Inc. All Rights Reserved. Copyright 2022-2025 Advanced Micro Devices, Inc. All Rights Reserved.
-------------------------------------------------------------------------------------------------------------------------------------------------------------------------------------------
| Tool Version      : Vivado v.2025.2 (win64) Build 6299465 Fri Nov 14 19:35:11 GMT 2025
| Date              : Sun Sep 13 00:08:49 2026
| Host              : zhangxuanhao running 64-bit major release  (build 9200)
| Command           : report_timing_summary -delay_type max -max_paths 20 -report_unconstrained -file C:/Users/zhangxuanhao/AppData/Local/Temp/b4v_5d455469/ooc_results/timing_summary.rpt
| Design            : cats_r4_b4_softmax_pv_cluster
| Device            : xczu15eg-ffvb1156
| Speed File        : -2  PRODUCTION 1.30 05-15-2022
| Design State      : Routed
| Temperature Grade : I
-------------------------------------------------------------------------------------------------------------------------------------------------------------------------------------------

Timing Summary Report

------------------------------------------------------------------------------------------------
| Timer Settings
| --------------
------------------------------------------------------------------------------------------------

  Enable Multi Corner Analysis               :  Yes
  Enable Pessimism Removal                   :  Yes
  Pessimism Removal Resolution               :  Nearest Common Node
  Enable Input Delay Default Clock           :  No
  Enable Preset / Clear Arcs                 :  No
  Disable Flight Delays                      :  No
  Ignore I/O Paths                           :  No
  Timing Early Launch at Borrowing Latches   :  No
  Borrow Time for Max Delay Exceptions       :  Yes
  Merge Timing Exceptions                    :  Yes
  Inter-SLR Compensation                     :  Conservative

  Corner  Analyze    Analyze    
  Name    Max Paths  Min Paths  
  ------  ---------  ---------  
  Slow    Yes        Yes        
  Fast    Yes        Yes        


------------------------------------------------------------------------------------------------
| Report Methodology
| ------------------
------------------------------------------------------------------------------------------------

No report available as report_methodology has not been run prior. Run report_methodology on the current design for the summary of methodology violations.



check_timing report

Table of Contents
-----------------
1. checking no_clock (0)
2. checking constant_clock (0)
3. checking pulse_width_clock (0)
4. checking unconstrained_internal_endpoints (0)
5. checking no_input_delay (816)
6. checking no_output_delay (2554)
7. checking multiple_clock (0)
8. checking generated_clocks (0)
9. checking loops (0)
10. checking partial_input_delay (0)
11. checking partial_output_delay (0)
12. checking latch_loops (0)

1. checking no_clock (0)
------------------------
 There are 0 register/latch pins with no clock.


2. checking constant_clock (0)
------------------------------
 There are 0 register/latch pins with constant_clock.


3. checking pulse_width_clock (0)
---------------------------------
 There are 0 register/latch pins which need pulse_width check


4. checking unconstrained_internal_endpoints (0)
------------------------------------------------
 There are 0 pins that are not constrained for maximum delay.

 There are 0 pins that are not constrained for maximum delay due to constant clock.


5. checking no_input_delay (816)
--------------------------------
 There are 0 input ports with no input delay specified.

 There are 816 input ports with no input delay but user has a false path constraint. (MEDIUM)


6. checking no_output_delay (2554)
----------------------------------
 There are 0 ports with no output delay specified.

 There are 2554 ports with no output delay but user has a false path constraint (MEDIUM)

 There are 0 ports with no output delay but with a timing clock defined on it or propagating through it


7. checking multiple_clock (0)
------------------------------
 There are 0 register/latch pins with multiple clocks.


8. checking generated_clocks (0)
--------------------------------
 There are 0 generated clocks that are not connected to a clock source.


9. checking loops (0)
---------------------
 There are 0 combinational loops in the design.


10. checking partial_input_delay (0)
------------------------------------
 There are 0 input ports with partial input delay specified.


11. checking partial_output_delay (0)
-------------------------------------
 There are 0 ports with partial output delay specified.


12. checking latch_loops (0)
----------------------------
 There are 0 combinational latch loops in the design through latch input



------------------------------------------------------------------------------------------------
| Design Timing Summary
| ---------------------
------------------------------------------------------------------------------------------------

    WNS(ns)      TNS(ns)  TNS Failing Endpoints  TNS Total Endpoints     WPWS(ns)     TPWS(ns)  TPWS Failing Endpoints  TPWS Total Endpoints  
    -------      -------  ---------------------  -------------------     --------     --------  ----------------------  --------------------  
      0.594        0.000                      0               160058        2.801        0.000                       0                 57123  


All user specified timing constraints are met.


------------------------------------------------------------------------------------------------
| Clock Summary
| -------------
------------------------------------------------------------------------------------------------

Clock     Waveform(ns)         Period(ns)      Frequency(MHz)
-----     ------------         ----------      --------------
core_clk  {0.000 3.333}        6.666           150.015         


------------------------------------------------------------------------------------------------
| Intra Clock Table
| -----------------
------------------------------------------------------------------------------------------------

Clock             WNS(ns)      TNS(ns)  TNS Failing Endpoints  TNS Total Endpoints     WPWS(ns)     TPWS(ns)  TPWS Failing Endpoints  TPWS Total Endpoints  
-----             -------      -------  ---------------------  -------------------     --------     --------  ----------------------  --------------------  
core_clk            0.594        0.000                      0               160058        2.801        0.000                       0                 57123  


------------------------------------------------------------------------------------------------
| Inter Clock Table
| -----------------
------------------------------------------------------------------------------------------------

From Clock    To Clock          WNS(ns)      TNS(ns)  TNS Failing Endpoints  TNS Total Endpoints  
----------    --------          -------      -------  ---------------------  -------------------  


------------------------------------------------------------------------------------------------
| Other Path Groups Table
| -----------------------
------------------------------------------------------------------------------------------------

Path Group    From Clock    To Clock          WNS(ns)      TNS(ns)  TNS Failing Endpoints  TNS Total Endpoints  
----------    ----------    --------          -------      -------  ---------------------  -------------------  


------------------------------------------------------------------------------------------------
| User Ignored Path Table
| -----------------------
------------------------------------------------------------------------------------------------

Path Group    From Clock    To Clock    
----------    ----------    --------    
(none)                                    
(none)        core_clk                    
(none)                      core_clk      


------------------------------------------------------------------------------------------------
| Unconstrained Path Table
| ------------------------
------------------------------------------------------------------------------------------------

Path Group    From Clock    To Clock    
----------    ----------    --------    


------------------------------------------------------------------------------------------------
| Timing Details
| --------------
------------------------------------------------------------------------------------------------


---------------------------------------------------------------------------------------------------
From Clock:  core_clk
  To Clock:  core_clk

Setup :            0  Failing Endpoints,  Worst Slack        0.594ns,  Total Violation        0.000ns
Hold  :           NA  Failing Endpoints,  Worst Slack           NA  ,  Total Violation           NA
PW    :            0  Failing Endpoints,  Worst Slack        2.801ns,  Total Violation        0.000ns
---------------------------------------------------------------------------------------------------


Max Delay Paths
--------------------------------------------------------------------------------------
Slack (MET) :             0.594ns  (required time - arrival time)
  Source:                 cats_r4_b4_softmax_pv_cluster/cats_r4_b3_pv_32lane/cats_r4_b3_pv_normalize_32lane/fp32_mul_ip__parameterized0__xdcDup__26/floating_point_2_HD7630/<hidden>/<hidden>/<hidden>
                            (rising edge-triggered cell FDRE clocked by core_clk  {rise@0.000ns fall@3.333ns period=6.666ns})
  Destination:            u_pv/u_mac/mac_rsp_accum_reg_reg[15]/CE
                            (rising edge-triggered cell FDCE clocked by core_clk  {rise@0.000ns fall@3.333ns period=6.666ns})
  Path Group:             core_clk
  Path Type:              Setup (Max at Slow Process Corner)
  Requirement:            6.666ns  (core_clk rise@6.666ns - core_clk rise@0.000ns)
  Data Path Delay:        5.736ns  (logic 0.603ns (10.513%)  route 5.133ns (89.487%))
  Logic Levels:           8  (BUFGCE=1 LUT2=1 LUT3=1 LUT4=2 LUT5=1 LUT6=2)
  Clock Path Skew:        -0.241ns (DCD - SCD + CPR)
    Destination Clock Delay (DCD):    2.421ns = ( 9.087 - 6.666 ) 
    Source Clock Delay      (SCD):    2.793ns
    Clock Pessimism Removal (CPR):    0.131ns
  Clock Uncertainty:      0.035ns  ((TSJ^2 + TIJ^2)^1/2 + DJ) / 2 + PE
    Total System Jitter     (TSJ):    0.071ns
    Total Input Jitter      (TIJ):    0.000ns
    Discrete Jitter          (DJ):    0.000ns
    Phase Error              (PE):    0.000ns

    Location             Delay type                Incr(ns)  Path(ns)    Netlist Resource(s)
  -------------------------------------------------------------------    -------------------
                         (clock core_clk rise edge)
                                                      0.000     0.000 r  
                                                      0.000     0.000 r  clk (IN)
                         net (fo=57986, unset)        2.793     2.793    cats_r4_b4_softmax_pv_cluster/cats_r4_b3_pv_32lane/cats_r4_b3_pv_normalize_32lane/fp32_mul_ip__parameterized0__xdcDup__26/floating_point_2_HD7630/<hidden>/<hidden>/<hidden>
    SLICE_X66Y240        FDRE                                         r  cats_r4_b4_softmax_pv_cluster/cats_r4_b3_pv_32lane/cats_r4_b3_pv_normalize_32lane/fp32_mul_ip__parameterized0__xdcDup__26/floating_point_2_HD7630/<hidden>/<hidden>/<hidden>
  -------------------------------------------------------------------    -------------------
    SLICE_X66Y240        FDRE (Prop_HFF2_SLICEL_C_Q)
                                                      0.080     2.873 r  cats_r4_b4_softmax_pv_cluster/cats_r4_b3_pv_32lane/cats_r4_b3_pv_normalize_32lane/fp32_mul_ip__parameterized0__xdcDup__26/floating_point_2_HD7630/<hidden>/<hidden>/<hidden>
                         net (fo=5, routed)           0.440     3.313    u_pv/u_normalize/mul_b_ready[25]
    SLICE_X56Y231        LUT4 (Prop_A6LUT_SLICEL_I3_O)
                                                      0.124     3.437 f  u_pv/u_normalize/norm_ready_INST_0_i_13/O
                         net (fo=1, routed)           0.398     3.835    u_pv/u_normalize/norm_ready_INST_0_i_13_n_0
    SLICE_X49Y241        LUT6 (Prop_C6LUT_SLICEM_I5_O)
                                                      0.037     3.872 f  u_pv/u_normalize/norm_ready_INST_0_i_5/O
                         net (fo=3, routed)           0.213     4.085    u_pv/u_normalize/norm_ready_INST_0_i_5_n_0
    SLICE_X48Y236        LUT5 (Prop_E6LUT_SLICEM_I4_O)
                                                      0.100     4.185 r  u_pv/u_normalize/norm_ready_INST_0/O
                         net (fo=15, routed)          0.206     4.391    u_pv/u_controller/norm_ready
    SLICE_X47Y230        LUT2 (Prop_F6LUT_SLICEL_I0_O)
                                                      0.049     4.440 r  u_pv/u_controller/mac_rsp_ready_INST_0/O
                         net (fo=2, routed)           0.240     4.680    u_pv/u_mac/mac_rsp_ready
    SLICE_X50Y231        LUT6 (Prop_F6LUT_SLICEL_I5_O)
                                                      0.035     4.715 r  u_pv/u_mac/mac_rsp_context_tag[3]_i_4/O
                         net (fo=1, routed)           0.040     4.755    u_pv/u_mac/mac_rsp_context_tag[3]_i_4_n_0
    SLICE_X50Y231        LUT4 (Prop_G6LUT_SLICEL_I0_O)
                                                      0.050     4.805 r  u_pv/u_mac/mac_rsp_context_tag[3]_i_2/O
                         net (fo=3, routed)           0.167     4.972    u_pv/u_mac/mac_rsp_context_tag[3]_i_2_n_0
    SLICE_X51Y227        LUT3 (Prop_E6LUT_SLICEM_I0_O)
                                                      0.100     5.072 r  u_pv/u_mac/mac_rsp_context_tag[3]_i_1/O
                         net (fo=34, routed)          1.762     6.834    u_pv/u_mac/context_initialized37_out_bufg_place
    BUFGCE_X0Y74         BUFGCE (Prop_BUFCE_BUFGCE_I_O)
                                                      0.028     6.862 r  u_pv/u_mac/mac_rsp_context_tag[3]_i_1_bufg_place/O
                         net (fo=1035, routed)        1.667     8.529    u_pv/u_mac/context_initialized37_out
    SLICE_X27Y237        FDCE                                         r  u_pv/u_mac/mac_rsp_accum_reg_reg[15]/CE
  -------------------------------------------------------------------    -------------------

                         (clock core_clk rise edge)
                                                      6.666     6.666 r  
                                                      0.000     6.666 r  clk (IN)
                         net (fo=57986, unset)        2.421     9.087    u_pv/u_mac/clk
    SLICE_X27Y237        FDCE                                         r  u_pv/u_mac/mac_rsp_accum_reg_reg[15]/C
                         clock pessimism              0.131     9.218    
                         clock uncertainty           -0.035     9.183    
    SLICE_X27Y237        FDCE (Setup_EFF2_SLICEL_C_CE)
                                                     -0.060     9.123    u_pv/u_mac/mac_rsp_accum_reg_reg[15]
  -------------------------------------------------------------------
                         required time                          9.123    
                         arrival time                          -8.529    
  -------------------------------------------------------------------
                         slack                                  0.594    

Slack (MET) :             0.594ns  (required time - arrival time)
  Source:                 cats_r4_b4_softmax_pv_cluster/cats_r4_b3_pv_32lane/cats_r4_b3_pv_normalize_32lane/fp32_mul_ip__parameterized0__xdcDup__26/floating_point_2_HD7630/<hidden>/<hidden>/<hidden>
                            (rising edge-triggered cell FDRE clocked by core_clk  {rise@0.000ns fall@3.333ns period=6.666ns})
  Destination:            u_pv/u_mac/mac_rsp_accum_reg_reg[17]/CE
                            (rising edge-triggered cell FDCE clocked by core_clk  {rise@0.000ns fall@3.333ns period=6.666ns})
  Path Group:             core_clk
  Path Type:              Setup (Max at Slow Process Corner)
  Requirement:            6.666ns  (core_clk rise@6.666ns - core_clk rise@0.000ns)
  Data Path Delay:        5.736ns  (logic 0.603ns (10.513%)  route 5.133ns (89.487%))
  Logic Levels:           8  (BUFGCE=1 LUT2=1 LUT3=1 LUT4=2 LUT5=1 LUT6=2)
  Clock Path Skew:        -0.241ns (DCD - SCD + CPR)
    Destination Clock Delay (DCD):    2.421ns = ( 9.087 - 6.666 ) 
    Source Clock Delay      (SCD):    2.793ns
    Clock Pessimism Removal (CPR):    0.131ns
  Clock Uncertainty:      0.035ns  ((TSJ^2 + TIJ^2)^1/2 + DJ) / 2 + PE
    Total System Jitter     (TSJ):    0.071ns
    Total Input Jitter      (TIJ):    0.000ns
    Discrete Jitter          (DJ):    0.000ns
    Phase Error              (PE):    0.000ns

    Location             Delay type                Incr(ns)  Path(ns)    Netlist Resource(s)
  -------------------------------------------------------------------    -------------------
                         (clock core_clk rise edge)
                                                      0.000     0.000 r  
                                                      0.000     0.000 r  clk (IN)
                         net (fo=57986, unset)        2.793     2.793    cats_r4_b4_softmax_pv_cluster/cats_r4_b3_pv_32lane/cats_r4_b3_pv_normalize_32lane/fp32_mul_ip__parameterized0__xdcDup__26/floating_point_2_HD7630/<hidden>/<hidden>/<hidden>
    SLICE_X66Y240        FDRE                                         r  cats_r4_b4_softmax_pv_cluster/cats_r4_b3_pv_32lane/cats_r4_b3_pv_normalize_32lane/fp32_mul_ip__parameterized0__xdcDup__26/floating_point_2_HD7630/<hidden>/<hidden>/<hidden>
  -------------------------------------------------------------------    -------------------
    SLICE_X66Y240        FDRE (Prop_HFF2_SLICEL_C_Q)
                                                      0.080     2.873 r  cats_r4_b4_softmax_pv_cluster/cats_r4_b3_pv_32lane/cats_r4_b3_pv_normalize_32lane/fp32_mul_ip__parameterized0__xdcDup__26/floating_point_2_HD7630/<hidden>/<hidden>/<hidden>
                         net (fo=5, routed)           0.440     3.313    u_pv/u_normalize/mul_b_ready[25]
    SLICE_X56Y231        LUT4 (Prop_A6LUT_SLICEL_I3_O)
                                                      0.124     3.437 f  u_pv/u_normalize/norm_ready_INST_0_i_13/O
                         net (fo=1, routed)           0.398     3.835    u_pv/u_normalize/norm_ready_INST_0_i_13_n_0
    SLICE_X49Y241        LUT6 (Prop_C6LUT_SLICEM_I5_O)
                                                      0.037     3.872 f  u_pv/u_normalize/norm_ready_INST_0_i_5/O
                         net (fo=3, routed)           0.213     4.085    u_pv/u_normalize/norm_ready_INST_0_i_5_n_0
    SLICE_X48Y236        LUT5 (Prop_E6LUT_SLICEM_I4_O)
                                                      0.100     4.185 r  u_pv/u_normalize/norm_ready_INST_0/O
                         net (fo=15, routed)          0.206     4.391    u_pv/u_controller/norm_ready
    SLICE_X47Y230        LUT2 (Prop_F6LUT_SLICEL_I0_O)
                                                      0.049     4.440 r  u_pv/u_controller/mac_rsp_ready_INST_0/O
                         net (fo=2, routed)           0.240     4.680    u_pv/u_mac/mac_rsp_ready
    SLICE_X50Y231        LUT6 (Prop_F6LUT_SLICEL_I5_O)
                                                      0.035     4.715 r  u_pv/u_mac/mac_rsp_context_tag[3]_i_4/O
                         net (fo=1, routed)           0.040     4.755    u_pv/u_mac/mac_rsp_context_tag[3]_i_4_n_0
    SLICE_X50Y231        LUT4 (Prop_G6LUT_SLICEL_I0_O)
                                                      0.050     4.805 r  u_pv/u_mac/mac_rsp_context_tag[3]_i_2/O
                         net (fo=3, routed)           0.167     4.972    u_pv/u_mac/mac_rsp_context_tag[3]_i_2_n_0
    SLICE_X51Y227        LUT3 (Prop_E6LUT_SLICEM_I0_O)
                                                      0.100     5.072 r  u_pv/u_mac/mac_rsp_context_tag[3]_i_1/O
                         net (fo=34, routed)          1.762     6.834    u_pv/u_mac/context_initialized37_out_bufg_place
    BUFGCE_X0Y74         BUFGCE (Prop_BUFCE_BUFGCE_I_O)
                                                      0.028     6.862 r  u_pv/u_mac/mac_rsp_context_tag[3]_i_1_bufg_place/O
                         net (fo=1035, routed)        1.667     8.529    u_pv/u_mac/context_initialized37_out
    SLICE_X27Y237        FDCE                                         r  u_pv/u_mac/mac_rsp_accum_reg_reg[17]/CE
  -------------------------------------------------------------------    -------------------

                         (clock core_clk rise edge)
                                                      6.666     6.666 r  
                                                      0.000     6.666 r  clk (IN)
                         net (fo=57986, unset)        2.421     9.087    u_pv/u_mac/clk
    SLICE_X27Y237        FDCE                                         r  u_pv/u_mac/mac_rsp_accum_reg_reg[17]/C
                         clock pessimism              0.131     9.218    
                         clock uncertainty           -0.035     9.183    
    SLICE_X27Y237        FDCE (Setup_FFF2_SLICEL_C_CE)
                                                     -0.060     9.123    u_pv/u_mac/mac_rsp_accum_reg_reg[17]
  -------------------------------------------------------------------
                         required time                          9.123    
                         arrival time                          -8.529    
  -------------------------------------------------------------------
                         slack                                  0.594    

Slack (MET) :             0.594ns  (required time - arrival time)
  Source:                 cats_r4_b4_softmax_pv_cluster/cats_r4_b3_pv_32lane/cats_r4_b3_pv_normalize_32lane/fp32_mul_ip__parameterized0__xdcDup__26/floating_point_2_HD7630/<hidden>/<hidden>/<hidden>
                            (rising edge-triggered cell FDRE clocked by core_clk  {rise@0.000ns fall@3.333ns period=6.666ns})
  Destination:            u_pv/u_mac/mac_rsp_accum_reg_reg[19]/CE
                            (rising edge-triggered cell FDCE clocked by core_clk  {rise@0.000ns fall@3.333ns period=6.666ns})
  Path Group:             core_clk
  Path Type:              Setup (Max at Slow Process Corner)
  Requirement:            6.666ns  (core_clk rise@6.666ns - core_clk rise@0.000ns)
  Data Path Delay:        5.736ns  (logic 0.603ns (10.513%)  route 5.133ns (89.487%))
  Logic Levels:           8  (BUFGCE=1 LUT2=1 LUT3=1 LUT4=2 LUT5=1 LUT6=2)
  Clock Path Skew:        -0.241ns (DCD - SCD + CPR)
    Destination Clock Delay (DCD):    2.421ns = ( 9.087 - 6.666 ) 
    Source Clock Delay      (SCD):    2.793ns
    Clock Pessimism Removal (CPR):    0.131ns
  Clock Uncertainty:      0.035ns  ((TSJ^2 + TIJ^2)^1/2 + DJ) / 2 + PE
    Total System Jitter     (TSJ):    0.071ns
    Total Input Jitter      (TIJ):    0.000ns
    Discrete Jitter          (DJ):    0.000ns
    Phase Error              (PE):    0.000ns

    Location             Delay type                Incr(ns)  Path(ns)    Netlist Resource(s)
  -------------------------------------------------------------------    -------------------
                         (clock core_clk rise edge)
                                                      0.000     0.000 r  
                                                      0.000     0.000 r  clk (IN)
                         net (fo=57986, unset)        2.793     2.793    cats_r4_b4_softmax_pv_cluster/cats_r4_b3_pv_32lane/cats_r4_b3_pv_normalize_32lane/fp32_mul_ip__parameterized0__xdcDup__26/floating_point_2_HD7630/<hidden>/<hidden>/<hidden>
    SLICE_X66Y240        FDRE                                         r  cats_r4_b4_softmax_pv_cluster/cats_r4_b3_pv_32lane/cats_r4_b3_pv_normalize_32lane/fp32_mul_ip__parameterized0__xdcDup__26/floating_point_2_HD7630/<hidden>/<hidden>/<hidden>
  -------------------------------------------------------------------    -------------------
    SLICE_X66Y240        FDRE (Prop_HFF2_SLICEL_C_Q)
                                                      0.080     2.873 r  cats_r4_b4_softmax_pv_cluster/cats_r4_b3_pv_32lane/cats_r4_b3_pv_normalize_32lane/fp32_mul_ip__parameterized0__xdcDup__26/floating_point_2_HD7630/<hidden>/<hidden>/<hidden>
                         net (fo=5, routed)           0.440     3.313    u_pv/u_normalize/mul_b_ready[25]
    SLICE_X56Y231        LUT4 (Prop_A6LUT_SLICEL_I3_O)
                                                      0.124     3.437 f  u_pv/u_normalize/norm_ready_INST_0_i_13/O
                         net (fo=1, routed)           0.398     3.835    u_pv/u_normalize/norm_ready_INST_0_i_13_n_0
    SLICE_X49Y241        LUT6 (Prop_C6LUT_SLICEM_I5_O)
                                                      0.037     3.872 f  u_pv/u_normalize/norm_ready_INST_0_i_5/O
                         net (fo=3, routed)           0.213     4.085    u_pv/u_normalize/norm_ready_INST_0_i_5_n_0
    SLICE_X48Y236        LUT5 (Prop_E6LUT_SLICEM_I4_O)
                                                      0.100     4.185 r  u_pv/u_normalize/norm_ready_INST_0/O
                         net (fo=15, routed)          0.206     4.391    u_pv/u_controller/norm_ready
    SLICE_X47Y230        LUT2 (Prop_F6LUT_SLICEL_I0_O)
                                                      0.049     4.440 r  u_pv/u_controller/mac_rsp_ready_INST_0/O
                         net (fo=2, routed)           0.240     4.680    u_pv/u_mac/mac_rsp_ready
    SLICE_X50Y231        LUT6 (Prop_F6LUT_SLICEL_I5_O)
                                                      0.035     4.715 r  u_pv/u_mac/mac_rsp_context_tag[3]_i_4/O
                         net (fo=1, routed)           0.040     4.755    u_pv/u_mac/mac_rsp_context_tag[3]_i_4_n_0
    SLICE_X50Y231        LUT4 (Prop_G6LUT_SLICEL_I0_O)
                                                      0.050     4.805 r  u_pv/u_mac/mac_rsp_context_tag[3]_i_2/O
                         net (fo=3, routed)           0.167     4.972    u_pv/u_mac/mac_rsp_context_tag[3]_i_2_n_0
    SLICE_X51Y227        LUT3 (Prop_E6LUT_SLICEM_I0_O)
                                                      0.100     5.072 r  u_pv/u_mac/mac_rsp_context_tag[3]_i_1/O
                         net (fo=34, routed)          1.762     6.834    u_pv/u_mac/context_initialized37_out_bufg_place
    BUFGCE_X0Y74         BUFGCE (Prop_BUFCE_BUFGCE_I_O)
                                                      0.028     6.862 r  u_pv/u_mac/mac_rsp_context_tag[3]_i_1_bufg_place/O
                         net (fo=1035, routed)        1.667     8.529    u_pv/u_mac/context_initialized37_out
    SLICE_X27Y237        FDCE                                         r  u_pv/u_mac/mac_rsp_accum_reg_reg[19]/CE
  -------------------------------------------------------------------    -------------------

                         (clock core_clk rise edge)
                                                      6.666     6.666 r  
                                                      0.000     6.666 r  clk (IN)
                         net (fo=57986, unset)        2.421     9.087    u_pv/u_mac/clk
    SLICE_X27Y237        FDCE                                         r  u_pv/u_mac/mac_rsp_accum_reg_reg[19]/C
                         clock pessimism              0.131     9.218    
                         clock uncertainty           -0.035     9.183    
    SLICE_X27Y237        FDCE (Setup_GFF2_SLICEL_C_CE)
                                                     -0.060     9.123    u_pv/u_mac/mac_rsp_accum_reg_reg[19]
  -------------------------------------------------------------------
                         required time                          9.123    
                         arrival time                          -8.529    
  -------------------------------------------------------------------
                         slack                                  0.594    

Slack (MET) :             0.594ns  (required time - arrival time)
  Source:                 cats_r4_b4_softmax_pv_cluster/cats_r4_b3_pv_32lane/cats_r4_b3_pv_normalize_32lane/fp32_mul_ip__parameterized0__xdcDup__26/floating_point_2_HD7630/<hidden>/<hidden>/<hidden>
                            (rising edge-triggered cell FDRE clocked by core_clk  {rise@0.000ns fall@3.333ns period=6.666ns})
  Destination:            u_pv/u_mac/mac_rsp_accum_reg_reg[9]/CE
                            (rising edge-triggered cell FDCE clocked by core_clk  {rise@0.000ns fall@3.333ns period=6.666ns})
  Path Group:             core_clk
  Path Type:              Setup (Max at Slow Process Corner)
  Requirement:            6.666ns  (core_clk rise@6.666ns - core_clk rise@0.000ns)
  Data Path Delay:        5.736ns  (logic 0.603ns (10.513%)  route 5.133ns (89.487%))
  Logic Levels:           8  (BUFGCE=1 LUT2=1 LUT3=1 LUT4=2 LUT5=1 LUT6=2)
  Clock Path Skew:        -0.241ns (DCD - SCD + CPR)
    Destination Clock Delay (DCD):    2.421ns = ( 9.087 - 6.666 ) 
    Source Clock Delay      (SCD):    2.793ns
    Clock Pessimism Removal (CPR):    0.131ns
  Clock Uncertainty:      0.035ns  ((TSJ^2 + TIJ^2)^1/2 + DJ) / 2 + PE
    Total System Jitter     (TSJ):    0.071ns
    Total Input Jitter      (TIJ):    0.000ns
    Discrete Jitter          (DJ):    0.000ns
    Phase Error              (PE):    0.000ns

    Location             Delay type                Incr(ns)  Path(ns)    Netlist Resource(s)
  -------------------------------------------------------------------    -------------------
                         (clock core_clk rise edge)
                                                      0.000     0.000 r  
                                                      0.000     0.000 r  clk (IN)
                         net (fo=57986, unset)        2.793     2.793    cats_r4_b4_softmax_pv_cluster/cats_r4_b3_pv_32lane/cats_r4_b3_pv_normalize_32lane/fp32_mul_ip__parameterized0__xdcDup__26/floating_point_2_HD7630/<hidden>/<hidden>/<hidden>
    SLICE_X66Y240        FDRE                                         r  cats_r4_b4_softmax_pv_cluster/cats_r4_b3_pv_32lane/cats_r4_b3_pv_normalize_32lane/fp32_mul_ip__parameterized0__xdcDup__26/floating_point_2_HD7630/<hidden>/<hidden>/<hidden>
  -------------------------------------------------------------------    -------------------
    SLICE_X66Y240        FDRE (Prop_HFF2_SLICEL_C_Q)
                                                      0.080     2.873 r  cats_r4_b4_softmax_pv_cluster/cats_r4_b3_pv_32lane/cats_r4_b3_pv_normalize_32lane/fp32_mul_ip__parameterized0__xdcDup__26/floating_point_2_HD7630/<hidden>/<hidden>/<hidden>
                         net (fo=5, routed)           0.440     3.313    u_pv/u_normalize/mul_b_ready[25]
    SLICE_X56Y231        LUT4 (Prop_A6LUT_SLICEL_I3_O)
                                                      0.124     3.437 f  u_pv/u_normalize/norm_ready_INST_0_i_13/O
                         net (fo=1, routed)           0.398     3.835    u_pv/u_normalize/norm_ready_INST_0_i_13_n_0
    SLICE_X49Y241        LUT6 (Prop_C6LUT_SLICEM_I5_O)
                                                      0.037     3.872 f  u_pv/u_normalize/norm_ready_INST_0_i_5/O
                         net (fo=3, routed)           0.213     4.085    u_pv/u_normalize/norm_ready_INST_0_i_5_n_0
    SLICE_X48Y236        LUT5 (Prop_E6LUT_SLICEM_I4_O)
                                                      0.100     4.185 r  u_pv/u_normalize/norm_ready_INST_0/O
                         net (fo=15, routed)          0.206     4.391    u_pv/u_controller/norm_ready
    SLICE_X47Y230        LUT2 (Prop_F6LUT_SLICEL_I0_O)
                                                      0.049     4.440 r  u_pv/u_controller/mac_rsp_ready_INST_0/O
                         net (fo=2, routed)           0.240     4.680    u_pv/u_mac/mac_rsp_ready
    SLICE_X50Y231        LUT6 (Prop_F6LUT_SLICEL_I5_O)
                                                      0.035     4.715 r  u_pv/u_mac/mac_rsp_context_tag[3]_i_4/O
                         net (fo=1, routed)           0.040     4.755    u_pv/u_mac/mac_rsp_context_tag[3]_i_4_n_0
    SLICE_X50Y231        LUT4 (Prop_G6LUT_SLICEL_I0_O)
                                                      0.050     4.805 r  u_pv/u_mac/mac_rsp_context_tag[3]_i_2/O
                         net (fo=3, routed)           0.167     4.972    u_pv/u_mac/mac_rsp_context_tag[3]_i_2_n_0
    SLICE_X51Y227        LUT3 (Prop_E6LUT_SLICEM_I0_O)
                                                      0.100     5.072 r  u_pv/u_mac/mac_rsp_context_tag[3]_i_1/O
                         net (fo=34, routed)          1.762     6.834    u_pv/u_mac/context_initialized37_out_bufg_place
    BUFGCE_X0Y74         BUFGCE (Prop_BUFCE_BUFGCE_I_O)
                                                      0.028     6.862 r  u_pv/u_mac/mac_rsp_context_tag[3]_i_1_bufg_place/O
                         net (fo=1035, routed)        1.667     8.529    u_pv/u_mac/context_initialized37_out
    SLICE_X27Y237        FDCE                                         r  u_pv/u_mac/mac_rsp_accum_reg_reg[9]/CE
  -------------------------------------------------------------------    -------------------

                         (clock core_clk rise edge)
                                                      6.666     6.666 r  
                                                      0.000     6.666 r  clk (IN)
                         net (fo=57986, unset)        2.421     9.087    u_pv/u_mac/clk
    SLICE_X27Y237        FDCE                                         r  u_pv/u_mac/mac_rsp_accum_reg_reg[9]/C
                         clock pessimism              0.131     9.218    
                         clock uncertainty           -0.035     9.183    
    SLICE_X27Y237        FDCE (Setup_HFF2_SLICEL_C_CE)
                                                     -0.060     9.123    u_pv/u_mac/mac_rsp_accum_reg_reg[9]
  -------------------------------------------------------------------
                         required time                          9.123    
                         arrival time                          -8.529    
  -------------------------------------------------------------------
                         slack                                  0.594    

Slack (MET) :             0.596ns  (required time - arrival time)
  Source:                 cats_r4_b4_softmax_pv_cluster/cats_r4_b3_pv_32lane/cats_r4_b3_pv_normalize_32lane/fp32_mul_ip__parameterized0__xdcDup__26/floating_point_2_HD7630/<hidden>/<hidden>/<hidden>
                            (rising edge-triggered cell FDRE clocked by core_clk  {rise@0.000ns fall@3.333ns period=6.666ns})
  Destination:            u_pv/u_mac/mac_rsp_accum_reg_reg[14]/CE
                            (rising edge-triggered cell FDCE clocked by core_clk  {rise@0.000ns fall@3.333ns period=6.666ns})
  Path Group:             core_clk
  Path Type:              Setup (Max at Slow Process Corner)
  Requirement:            6.666ns  (core_clk rise@6.666ns - core_clk rise@0.000ns)
  Data Path Delay:        5.734ns  (logic 0.603ns (10.517%)  route 5.131ns (89.483%))
  Logic Levels:           8  (BUFGCE=1 LUT2=1 LUT3=1 LUT4=2 LUT5=1 LUT6=2)
  Clock Path Skew:        -0.241ns (DCD - SCD + CPR)
    Destination Clock Delay (DCD):    2.421ns = ( 9.087 - 6.666 ) 
    Source Clock Delay      (SCD):    2.793ns
    Clock Pessimism Removal (CPR):    0.131ns
  Clock Uncertainty:      0.035ns  ((TSJ^2 + TIJ^2)^1/2 + DJ) / 2 + PE
    Total System Jitter     (TSJ):    0.071ns
    Total Input Jitter      (TIJ):    0.000ns
    Discrete Jitter          (DJ):    0.000ns
    Phase Error              (PE):    0.000ns

    Location             Delay type                Incr(ns)  Path(ns)    Netlist Resource(s)
  -------------------------------------------------------------------    -------------------
                         (clock core_clk rise edge)
                                                      0.000     0.000 r  
                                                      0.000     0.000 r  clk (IN)
                         net (fo=57986, unset)        2.793     2.793    cats_r4_b4_softmax_pv_cluster/cats_r4_b3_pv_32lane/cats_r4_b3_pv_normalize_32lane/fp32_mul_ip__parameterized0__xdcDup__26/floating_point_2_HD7630/<hidden>/<hidden>/<hidden>
    SLICE_X66Y240        FDRE                                         r  cats_r4_b4_softmax_pv_cluster/cats_r4_b3_pv_32lane/cats_r4_b3_pv_normalize_32lane/fp32_mul_ip__parameterized0__xdcDup__26/floating_point_2_HD7630/<hidden>/<hidden>/<hidden>
  -------------------------------------------------------------------    -------------------
    SLICE_X66Y240        FDRE (Prop_HFF2_SLICEL_C_Q)
                                                      0.080     2.873 r  cats_r4_b4_softmax_pv_cluster/cats_r4_b3_pv_32lane/cats_r4_b3_pv_normalize_32lane/fp32_mul_ip__parameterized0__xdcDup__26/floating_point_2_HD7630/<hidden>/<hidden>/<hidden>
                         net (fo=5, routed)           0.440     3.313    u_pv/u_normalize/mul_b_ready[25]
    SLICE_X56Y231        LUT4 (Prop_A6LUT_SLICEL_I3_O)
                                                      0.124     3.437 f  u_pv/u_normalize/norm_ready_INST_0_i_13/O
                         net (fo=1, routed)           0.398     3.835    u_pv/u_normalize/norm_ready_INST_0_i_13_n_0
    SLICE_X49Y241        LUT6 (Prop_C6LUT_SLICEM_I5_O)
                                                      0.037     3.872 f  u_pv/u_normalize/norm_ready_INST_0_i_5/O
                         net (fo=3, routed)           0.213     4.085    u_pv/u_normalize/norm_ready_INST_0_i_5_n_0
    SLICE_X48Y236        LUT5 (Prop_E6LUT_SLICEM_I4_O)
                                                      0.100     4.185 r  u_pv/u_normalize/norm_ready_INST_0/O
                         net (fo=15, routed)          0.206     4.391    u_pv/u_controller/norm_ready
    SLICE_X47Y230        LUT2 (Prop_F6LUT_SLICEL_I0_O)
                                                      0.049     4.440 r  u_pv/u_controller/mac_rsp_ready_INST_0/O
                         net (fo=2, routed)           0.240     4.680    u_pv/u_mac/mac_rsp_ready
    SLICE_X50Y231        LUT6 (Prop_F6LUT_SLICEL_I5_O)
                                                      0.035     4.715 r  u_pv/u_mac/mac_rsp_context_tag[3]_i_4/O
                         net (fo=1, routed)           0.040     4.755    u_pv/u_mac/mac_rsp_context_tag[3]_i_4_n_0
    SLICE_X50Y231        LUT4 (Prop_G6LUT_SLICEL_I0_O)
                                                      0.050     4.805 r  u_pv/u_mac/mac_rsp_context_tag[3]_i_2/O
                         net (fo=3, routed)           0.167     4.972    u_pv/u_mac/mac_rsp_context_tag[3]_i_2_n_0
    SLICE_X51Y227        LUT3 (Prop_E6LUT_SLICEM_I0_O)
                                                      0.100     5.072 r  u_pv/u_mac/mac_rsp_context_tag[3]_i_1/O
                         net (fo=34, routed)          1.762     6.834    u_pv/u_mac/context_initialized37_out_bufg_place
    BUFGCE_X0Y74         BUFGCE (Prop_BUFCE_BUFGCE_I_O)
                                                      0.028     6.862 r  u_pv/u_mac/mac_rsp_context_tag[3]_i_1_bufg_place/O
                         net (fo=1035, routed)        1.665     8.527    u_pv/u_mac/context_initialized37_out
    SLICE_X27Y237        FDCE                                         r  u_pv/u_mac/mac_rsp_accum_reg_reg[14]/CE
  -------------------------------------------------------------------    -------------------

                         (clock core_clk rise edge)
                                                      6.666     6.666 r  
                                                      0.000     6.666 r  clk (IN)
                         net (fo=57986, unset)        2.421     9.087    u_pv/u_mac/clk
    SLICE_X27Y237        FDCE                                         r  u_pv/u_mac/mac_rsp_accum_reg_reg[14]/C
                         clock pessimism              0.131     9.218    
                         clock uncertainty           -0.035     9.183    
    SLICE_X27Y237        FDCE (Setup_EFF_SLICEL_C_CE)
                                                     -0.060     9.123    u_pv/u_mac/mac_rsp_accum_reg_reg[14]
  -------------------------------------------------------------------
                         required time                          9.123    
                         arrival time                          -8.527    
  -------------------------------------------------------------------
                         slack                                  0.596    

Slack (MET) :             0.596ns  (required time - arrival time)
  Source:                 cats_r4_b4_softmax_pv_cluster/cats_r4_b3_pv_32lane/cats_r4_b3_pv_normalize_32lane/fp32_mul_ip__parameterized0__xdcDup__26/floating_point_2_HD7630/<hidden>/<hidden>/<hidden>
                            (rising edge-triggered cell FDRE clocked by core_clk  {rise@0.000ns fall@3.333ns period=6.666ns})
  Destination:            u_pv/u_mac/mac_rsp_accum_reg_reg[16]/CE
                            (rising edge-triggered cell FDCE clocked by core_clk  {rise@0.000ns fall@3.333ns period=6.666ns})
  Path Group:             core_clk
  Path Type:              Setup (Max at Slow Process Corner)
  Requirement:            6.666ns  (core_clk rise@6.666ns - core_clk rise@0.000ns)
  Data Path Delay:        5.734ns  (logic 0.603ns (10.517%)  route 5.131ns (89.483%))
  Logic Levels:           8  (BUFGCE=1 LUT2=1 LUT3=1 LUT4=2 LUT5=1 LUT6=2)
  Clock Path Skew:        -0.241ns (DCD - SCD + CPR)
    Destination Clock Delay (DCD):    2.421ns = ( 9.087 - 6.666 ) 
    Source Clock Delay      (SCD):    2.793ns
    Clock Pessimism Removal (CPR):    0.131ns
  Clock Uncertainty:      0.035ns  ((TSJ^2 + TIJ^2)^1/2 + DJ) / 2 + PE
    Total System Jitter     (TSJ):    0.071ns
    Total Input Jitter      (TIJ):    0.000ns
    Discrete Jitter          (DJ):    0.000ns
    Phase Error              (PE):    0.000ns

    Location             Delay type                Incr(ns)  Path(ns)    Netlist Resource(s)
  -------------------------------------------------------------------    -------------------
                         (clock core_clk rise edge)
                                                      0.000     0.000 r  
                                                      0.000     0.000 r  clk (IN)
                         net (fo=57986, unset)        2.793     2.793    cats_r4_b4_softmax_pv_cluster/cats_r4_b3_pv_32lane/cats_r4_b3_pv_normalize_32lane/fp32_mul_ip__parameterized0__xdcDup__26/floating_point_2_HD7630/<hidden>/<hidden>/<hidden>
    SLICE_X66Y240        FDRE                                         r  cats_r4_b4_softmax_pv_cluster/cats_r4_b3_pv_32lane/cats_r4_b3_pv_normalize_32lane/fp32_mul_ip__parameterized0__xdcDup__26/floating_point_2_HD7630/<hidden>/<hidden>/<hidden>
  -------------------------------------------------------------------    -------------------
    SLICE_X66Y240        FDRE (Prop_HFF2_SLICEL_C_Q)
                                                      0.080     2.873 r  cats_r4_b4_softmax_pv_cluster/cats_r4_b3_pv_32lane/cats_r4_b3_pv_normalize_32lane/fp32_mul_ip__parameterized0__xdcDup__26/floating_point_2_HD7630/<hidden>/<hidden>/<hidden>
                         net (fo=5, routed)           0.440     3.313    u_pv/u_normalize/mul_b_ready[25]
    SLICE_X56Y231        LUT4 (Prop_A6LUT_SLICEL_I3_O)
                                                      0.124     3.437 f  u_pv/u_normalize/norm_ready_INST_0_i_13/O
                         net (fo=1, routed)           0.398     3.835    u_pv/u_normalize/norm_ready_INST_0_i_13_n_0
    SLICE_X49Y241        LUT6 (Prop_C6LUT_SLICEM_I5_O)
                                                      0.037     3.872 f  u_pv/u_normalize/norm_ready_INST_0_i_5/O
                         net (fo=3, routed)           0.213     4.085    u_pv/u_normalize/norm_ready_INST_0_i_5_n_0
    SLICE_X48Y236        LUT5 (Prop_E6LUT_SLICEM_I4_O)
                                                      0.100     4.185 r  u_pv/u_normalize/norm_ready_INST_0/O
                         net (fo=15, routed)          0.206     4.391    u_pv/u_controller/norm_ready
    SLICE_X47Y230        LUT2 (Prop_F6LUT_SLICEL_I0_O)
                                                      0.049     4.440 r  u_pv/u_controller/mac_rsp_ready_INST_0/O
                         net (fo=2, routed)           0.240     4.680    u_pv/u_mac/mac_rsp_ready
    SLICE_X50Y231        LUT6 (Prop_F6LUT_SLICEL_I5_O)
                                                      0.035     4.715 r  u_pv/u_mac/mac_rsp_context_tag[3]_i_4/O
                         net (fo=1, routed)           0.040     4.755    u_pv/u_mac/mac_rsp_context_tag[3]_i_4_n_0
    SLICE_X50Y231        LUT4 (Prop_G6LUT_SLICEL_I0_O)
                                                      0.050     4.805 r  u_pv/u_mac/mac_rsp_context_tag[3]_i_2/O
                         net (fo=3, routed)           0.167     4.972    u_pv/u_mac/mac_rsp_context_tag[3]_i_2_n_0
    SLICE_X51Y227        LUT3 (Prop_E6LUT_SLICEM_I0_O)
                                                      0.100     5.072 r  u_pv/u_mac/mac_rsp_context_tag[3]_i_1/O
                         net (fo=34, routed)          1.762     6.834    u_pv/u_mac/context_initialized37_out_bufg_place
    BUFGCE_X0Y74         BUFGCE (Prop_BUFCE_BUFGCE_I_O)
                                                      0.028     6.862 r  u_pv/u_mac/mac_rsp_context_tag[3]_i_1_bufg_place/O
                         net (fo=1035, routed)        1.665     8.527    u_pv/u_mac/context_initialized37_out
    SLICE_X27Y237        FDCE                                         r  u_pv/u_mac/mac_rsp_accum_reg_reg[16]/CE
  -------------------------------------------------------------------    -------------------

                         (clock core_clk rise edge)
                                                      6.666     6.666 r  
                                                      0.000     6.666 r  clk (IN)
                         net (fo=57986, unset)        2.421     9.087    u_pv/u_mac/clk
    SLICE_X27Y237        FDCE                                         r  u_pv/u_mac/mac_rsp_accum_reg_reg[16]/C
                         clock pessimism              0.131     9.218    
                         clock uncertainty           -0.035     9.183    
    SLICE_X27Y237        FDCE (Setup_FFF_SLICEL_C_CE)
                                                     -0.060     9.123    u_pv/u_mac/mac_rsp_accum_reg_reg[16]
  -------------------------------------------------------------------
                         required time                          9.123    
                         arrival time                          -8.527    
  -------------------------------------------------------------------
                         slack                                  0.596    

Slack (MET) :             0.596ns  (required time - arrival time)
  Source:                 cats_r4_b4_softmax_pv_cluster/cats_r4_b3_pv_32lane/cats_r4_b3_pv_normalize_32lane/fp32_mul_ip__parameterized0__xdcDup__26/floating_point_2_HD7630/<hidden>/<hidden>/<hidden>
                            (rising edge-triggered cell FDRE clocked by core_clk  {rise@0.000ns fall@3.333ns period=6.666ns})
  Destination:            u_pv/u_mac/mac_rsp_accum_reg_reg[18]/CE
                            (rising edge-triggered cell FDCE clocked by core_clk  {rise@0.000ns fall@3.333ns period=6.666ns})
  Path Group:             core_clk
  Path Type:              Setup (Max at Slow Process Corner)
  Requirement:            6.666ns  (core_clk rise@6.666ns - core_clk rise@0.000ns)
  Data Path Delay:        5.734ns  (logic 0.603ns (10.517%)  route 5.131ns (89.483%))
  Logic Levels:           8  (BUFGCE=1 LUT2=1 LUT3=1 LUT4=2 LUT5=1 LUT6=2)
  Clock Path Skew:        -0.241ns (DCD - SCD + CPR)
    Destination Clock Delay (DCD):    2.421ns = ( 9.087 - 6.666 ) 
    Source Clock Delay      (SCD):    2.793ns
    Clock Pessimism Removal (CPR):    0.131ns
  Clock Uncertainty:      0.035ns  ((TSJ^2 + TIJ^2)^1/2 + DJ) / 2 + PE
    Total System Jitter     (TSJ):    0.071ns
    Total Input Jitter      (TIJ):    0.000ns
    Discrete Jitter          (DJ):    0.000ns
    Phase Error              (PE):    0.000ns

    Location             Delay type                Incr(ns)  Path(ns)    Netlist Resource(s)
  -------------------------------------------------------------------    -------------------
                         (clock core_clk rise edge)
                                                      0.000     0.000 r  
                                                      0.000     0.000 r  clk (IN)
                         net (fo=57986, unset)        2.793     2.793    cats_r4_b4_softmax_pv_cluster/cats_r4_b3_pv_32lane/cats_r4_b3_pv_normalize_32lane/fp32_mul_ip__parameterized0__xdcDup__26/floating_point_2_HD7630/<hidden>/<hidden>/<hidden>
    SLICE_X66Y240        FDRE                                         r  cats_r4_b4_softmax_pv_cluster/cats_r4_b3_pv_32lane/cats_r4_b3_pv_normalize_32lane/fp32_mul_ip__parameterized0__xdcDup__26/floating_point_2_HD7630/<hidden>/<hidden>/<hidden>
  -------------------------------------------------------------------    -------------------
    SLICE_X66Y240        FDRE (Prop_HFF2_SLICEL_C_Q)
                                                      0.080     2.873 r  cats_r4_b4_softmax_pv_cluster/cats_r4_b3_pv_32lane/cats_r4_b3_pv_normalize_32lane/fp32_mul_ip__parameterized0__xdcDup__26/floating_point_2_HD7630/<hidden>/<hidden>/<hidden>
                         net (fo=5, routed)           0.440     3.313    u_pv/u_normalize/mul_b_ready[25]
    SLICE_X56Y231        LUT4 (Prop_A6LUT_SLICEL_I3_O)
                                                      0.124     3.437 f  u_pv/u_normalize/norm_ready_INST_0_i_13/O
                         net (fo=1, routed)           0.398     3.835    u_pv/u_normalize/norm_ready_INST_0_i_13_n_0
    SLICE_X49Y241        LUT6 (Prop_C6LUT_SLICEM_I5_O)
                                                      0.037     3.872 f  u_pv/u_normalize/norm_ready_INST_0_i_5/O
                         net (fo=3, routed)           0.213     4.085    u_pv/u_normalize/norm_ready_INST_0_i_5_n_0
    SLICE_X48Y236        LUT5 (Prop_E6LUT_SLICEM_I4_O)
                                                      0.100     4.185 r  u_pv/u_normalize/norm_ready_INST_0/O
                         net (fo=15, routed)          0.206     4.391    u_pv/u_controller/norm_ready
    SLICE_X47Y230        LUT2 (Prop_F6LUT_SLICEL_I0_O)
                                                      0.049     4.440 r  u_pv/u_controller/mac_rsp_ready_INST_0/O
                         net (fo=2, routed)           0.240     4.680    u_pv/u_mac/mac_rsp_ready
    SLICE_X50Y231        LUT6 (Prop_F6LUT_SLICEL_I5_O)
                                                      0.035     4.715 r  u_pv/u_mac/mac_rsp_context_tag[3]_i_4/O
                         net (fo=1, routed)           0.040     4.755    u_pv/u_mac/mac_rsp_context_tag[3]_i_4_n_0
    SLICE_X50Y231        LUT4 (Prop_G6LUT_SLICEL_I0_O)
                                                      0.050     4.805 r  u_pv/u_mac/mac_rsp_context_tag[3]_i_2/O
                         net (fo=3, routed)           0.167     4.972    u_pv/u_mac/mac_rsp_context_tag[3]_i_2_n_0
    SLICE_X51Y227        LUT3 (Prop_E6LUT_SLICEM_I0_O)
                                                      0.100     5.072 r  u_pv/u_mac/mac_rsp_context_tag[3]_i_1/O
                         net (fo=34, routed)          1.762     6.834    u_pv/u_mac/context_initialized37_out_bufg_place
    BUFGCE_X0Y74         BUFGCE (Prop_BUFCE_BUFGCE_I_O)
                                                      0.028     6.862 r  u_pv/u_mac/mac_rsp_context_tag[3]_i_1_bufg_place/O
                         net (fo=1035, routed)        1.665     8.527    u_pv/u_mac/context_initialized37_out
    SLICE_X27Y237        FDCE                                         r  u_pv/u_mac/mac_rsp_accum_reg_reg[18]/CE
  -------------------------------------------------------------------    -------------------

                         (clock core_clk rise edge)
                                                      6.666     6.666 r  
                                                      0.000     6.666 r  clk (IN)
                         net (fo=57986, unset)        2.421     9.087    u_pv/u_mac/clk
    SLICE_X27Y237        FDCE                                         r  u_pv/u_mac/mac_rsp_accum_reg_reg[18]/C
                         clock pessimism              0.131     9.218    
                         clock uncertainty           -0.035     9.183    
    SLICE_X27Y237        FDCE (Setup_GFF_SLICEL_C_CE)
                                                     -0.060     9.123    u_pv/u_mac/mac_rsp_accum_reg_reg[18]
  -------------------------------------------------------------------
                         required time                          9.123    
                         arrival time                          -8.527    
  -------------------------------------------------------------------
                         slack                                  0.596    

Slack (MET) :             0.596ns  (required time - arrival time)
  Source:                 cats_r4_b4_softmax_pv_cluster/cats_r4_b3_pv_32lane/cats_r4_b3_pv_normalize_32lane/fp32_mul_ip__parameterized0__xdcDup__26/floating_point_2_HD7630/<hidden>/<hidden>/<hidden>
                            (rising edge-triggered cell FDRE clocked by core_clk  {rise@0.000ns fall@3.333ns period=6.666ns})
  Destination:            u_pv/u_mac/mac_rsp_accum_reg_reg[8]/CE
                            (rising edge-triggered cell FDCE clocked by core_clk  {rise@0.000ns fall@3.333ns period=6.666ns})
  Path Group:             core_clk
  Path Type:              Setup (Max at Slow Process Corner)
  Requirement:            6.666ns  (core_clk rise@6.666ns - core_clk rise@0.000ns)
  Data Path Delay:        5.734ns  (logic 0.603ns (10.517%)  route 5.131ns (89.483%))
  Logic Levels:           8  (BUFGCE=1 LUT2=1 LUT3=1 LUT4=2 LUT5=1 LUT6=2)
  Clock Path Skew:        -0.241ns (DCD - SCD + CPR)
    Destination Clock Delay (DCD):    2.421ns = ( 9.087 - 6.666 ) 
    Source Clock Delay      (SCD):    2.793ns
    Clock Pessimism Removal (CPR):    0.131ns
  Clock Uncertainty:      0.035ns  ((TSJ^2 + TIJ^2)^1/2 + DJ) / 2 + PE
    Total System Jitter     (TSJ):    0.071ns
    Total Input Jitter      (TIJ):    0.000ns
    Discrete Jitter          (DJ):    0.000ns
    Phase Error              (PE):    0.000ns

    Location             Delay type                Incr(ns)  Path(ns)    Netlist Resource(s)
  -------------------------------------------------------------------    -------------------
                         (clock core_clk rise edge)
                                                      0.000     0.000 r  
                                                      0.000     0.000 r  clk (IN)
                         net (fo=57986, unset)        2.793     2.793    cats_r4_b4_softmax_pv_cluster/cats_r4_b3_pv_32lane/cats_r4_b3_pv_normalize_32lane/fp32_mul_ip__parameterized0__xdcDup__26/floating_point_2_HD7630/<hidden>/<hidden>/<hidden>
    SLICE_X66Y240        FDRE                                         r  cats_r4_b4_softmax_pv_cluster/cats_r4_b3_pv_32lane/cats_r4_b3_pv_normalize_32lane/fp32_mul_ip__parameterized0__xdcDup__26/floating_point_2_HD7630/<hidden>/<hidden>/<hidden>
  -------------------------------------------------------------------    -------------------
    SLICE_X66Y240        FDRE (Prop_HFF2_SLICEL_C_Q)
                                                      0.080     2.873 r  cats_r4_b4_softmax_pv_cluster/cats_r4_b3_pv_32lane/cats_r4_b3_pv_normalize_32lane/fp32_mul_ip__parameterized0__xdcDup__26/floating_point_2_HD7630/<hidden>/<hidden>/<hidden>
                         net (fo=5, routed)           0.440     3.313    u_pv/u_normalize/mul_b_ready[25]
    SLICE_X56Y231        LUT4 (Prop_A6LUT_SLICEL_I3_O)
                                                      0.124     3.437 f  u_pv/u_normalize/norm_ready_INST_0_i_13/O
                         net (fo=1, routed)           0.398     3.835    u_pv/u_normalize/norm_ready_INST_0_i_13_n_0
    SLICE_X49Y241        LUT6 (Prop_C6LUT_SLICEM_I5_O)
                                                      0.037     3.872 f  u_pv/u_normalize/norm_ready_INST_0_i_5/O
                         net (fo=3, routed)           0.213     4.085    u_pv/u_normalize/norm_ready_INST_0_i_5_n_0
    SLICE_X48Y236        LUT5 (Prop_E6LUT_SLICEM_I4_O)
                                                      0.100     4.185 r  u_pv/u_normalize/norm_ready_INST_0/O
                         net (fo=15, routed)          0.206     4.391    u_pv/u_controller/norm_ready
    SLICE_X47Y230        LUT2 (Prop_F6LUT_SLICEL_I0_O)
                                                      0.049     4.440 r  u_pv/u_controller/mac_rsp_ready_INST_0/O
                         net (fo=2, routed)           0.240     4.680    u_pv/u_mac/mac_rsp_ready
    SLICE_X50Y231        LUT6 (Prop_F6LUT_SLICEL_I5_O)
                                                      0.035     4.715 r  u_pv/u_mac/mac_rsp_context_tag[3]_i_4/O
                         net (fo=1, routed)           0.040     4.755    u_pv/u_mac/mac_rsp_context_tag[3]_i_4_n_0
    SLICE_X50Y231        LUT4 (Prop_G6LUT_SLICEL_I0_O)
                                                      0.050     4.805 r  u_pv/u_mac/mac_rsp_context_tag[3]_i_2/O
                         net (fo=3, routed)           0.167     4.972    u_pv/u_mac/mac_rsp_context_tag[3]_i_2_n_0
    SLICE_X51Y227        LUT3 (Prop_E6LUT_SLICEM_I0_O)
                                                      0.100     5.072 r  u_pv/u_mac/mac_rsp_context_tag[3]_i_1/O
                         net (fo=34, routed)          1.762     6.834    u_pv/u_mac/context_initialized37_out_bufg_place
    BUFGCE_X0Y74         BUFGCE (Prop_BUFCE_BUFGCE_I_O)
                                                      0.028     6.862 r  u_pv/u_mac/mac_rsp_context_tag[3]_i_1_bufg_place/O
                         net (fo=1035, routed)        1.665     8.527    u_pv/u_mac/context_initialized37_out
    SLICE_X27Y237        FDCE                                         r  u_pv/u_mac/mac_rsp_accum_reg_reg[8]/CE
  -------------------------------------------------------------------    -------------------

                         (clock core_clk rise edge)
                                                      6.666     6.666 r  
                                                      0.000     6.666 r  clk (IN)
                         net (fo=57986, unset)        2.421     9.087    u_pv/u_mac/clk
    SLICE_X27Y237        FDCE                                         r  u_pv/u_mac/mac_rsp_accum_reg_reg[8]/C
                         clock pessimism              0.131     9.218    
                         clock uncertainty           -0.035     9.183    
    SLICE_X27Y237        FDCE (Setup_HFF_SLICEL_C_CE)
                                                     -0.060     9.123    u_pv/u_mac/mac_rsp_accum_reg_reg[8]
  -------------------------------------------------------------------
                         required time                          9.123    
                         arrival time                          -8.527    
  -------------------------------------------------------------------
                         slack                                  0.596    

Slack (MET) :             0.597ns  (required time - arrival time)
  Source:                 cats_r4_b4_softmax_pv_cluster/cats_r4_b3_pv_32lane/cats_r4_b3_pv_normalize_32lane/fp32_mul_ip__parameterized0__xdcDup__26/floating_point_2_HD7630/<hidden>/<hidden>/<hidden>
                            (rising edge-triggered cell FDRE clocked by core_clk  {rise@0.000ns fall@3.333ns period=6.666ns})
  Destination:            u_pv/u_mac/mac_rsp_accum_reg_reg[11]/CE
                            (rising edge-triggered cell FDCE clocked by core_clk  {rise@0.000ns fall@3.333ns period=6.666ns})
  Path Group:             core_clk
  Path Type:              Setup (Max at Slow Process Corner)
  Requirement:            6.666ns  (core_clk rise@6.666ns - core_clk rise@0.000ns)
  Data Path Delay:        5.736ns  (logic 0.603ns (10.513%)  route 5.133ns (89.487%))
  Logic Levels:           8  (BUFGCE=1 LUT2=1 LUT3=1 LUT4=2 LUT5=1 LUT6=2)
  Clock Path Skew:        -0.237ns (DCD - SCD + CPR)
    Destination Clock Delay (DCD):    2.425ns = ( 9.091 - 6.666 ) 
    Source Clock Delay      (SCD):    2.793ns
    Clock Pessimism Removal (CPR):    0.131ns
  Clock Uncertainty:      0.035ns  ((TSJ^2 + TIJ^2)^1/2 + DJ) / 2 + PE
    Total System Jitter     (TSJ):    0.071ns
    Total Input Jitter      (TIJ):    0.000ns
    Discrete Jitter          (DJ):    0.000ns
    Phase Error              (PE):    0.000ns

    Location             Delay type                Incr(ns)  Path(ns)    Netlist Resource(s)
  -------------------------------------------------------------------    -------------------
                         (clock core_clk rise edge)
                                                      0.000     0.000 r  
                                                      0.000     0.000 r  clk (IN)
                         net (fo=57986, unset)        2.793     2.793    cats_r4_b4_softmax_pv_cluster/cats_r4_b3_pv_32lane/cats_r4_b3_pv_normalize_32lane/fp32_mul_ip__parameterized0__xdcDup__26/floating_point_2_HD7630/<hidden>/<hidden>/<hidden>
    SLICE_X66Y240        FDRE                                         r  cats_r4_b4_softmax_pv_cluster/cats_r4_b3_pv_32lane/cats_r4_b3_pv_normalize_32lane/fp32_mul_ip__parameterized0__xdcDup__26/floating_point_2_HD7630/<hidden>/<hidden>/<hidden>
  -------------------------------------------------------------------    -------------------
    SLICE_X66Y240        FDRE (Prop_HFF2_SLICEL_C_Q)
                                                      0.080     2.873 r  cats_r4_b4_softmax_pv_cluster/cats_r4_b3_pv_32lane/cats_r4_b3_pv_normalize_32lane/fp32_mul_ip__parameterized0__xdcDup__26/floating_point_2_HD7630/<hidden>/<hidden>/<hidden>
                         net (fo=5, routed)           0.440     3.313    u_pv/u_normalize/mul_b_ready[25]
    SLICE_X56Y231        LUT4 (Prop_A6LUT_SLICEL_I3_O)
                                                      0.124     3.437 f  u_pv/u_normalize/norm_ready_INST_0_i_13/O
                         net (fo=1, routed)           0.398     3.835    u_pv/u_normalize/norm_ready_INST_0_i_13_n_0
    SLICE_X49Y241        LUT6 (Prop_C6LUT_SLICEM_I5_O)
                                                      0.037     3.872 f  u_pv/u_normalize/norm_ready_INST_0_i_5/O
                         net (fo=3, routed)           0.213     4.085    u_pv/u_normalize/norm_ready_INST_0_i_5_n_0
    SLICE_X48Y236        LUT5 (Prop_E6LUT_SLICEM_I4_O)
                                                      0.100     4.185 r  u_pv/u_normalize/norm_ready_INST_0/O
                         net (fo=15, routed)          0.206     4.391    u_pv/u_controller/norm_ready
    SLICE_X47Y230        LUT2 (Prop_F6LUT_SLICEL_I0_O)
                                                      0.049     4.440 r  u_pv/u_controller/mac_rsp_ready_INST_0/O
                         net (fo=2, routed)           0.240     4.680    u_pv/u_mac/mac_rsp_ready
    SLICE_X50Y231        LUT6 (Prop_F6LUT_SLICEL_I5_O)
                                                      0.035     4.715 r  u_pv/u_mac/mac_rsp_context_tag[3]_i_4/O
                         net (fo=1, routed)           0.040     4.755    u_pv/u_mac/mac_rsp_context_tag[3]_i_4_n_0
    SLICE_X50Y231        LUT4 (Prop_G6LUT_SLICEL_I0_O)
                                                      0.050     4.805 r  u_pv/u_mac/mac_rsp_context_tag[3]_i_2/O
                         net (fo=3, routed)           0.167     4.972    u_pv/u_mac/mac_rsp_context_tag[3]_i_2_n_0
    SLICE_X51Y227        LUT3 (Prop_E6LUT_SLICEM_I0_O)
                                                      0.100     5.072 r  u_pv/u_mac/mac_rsp_context_tag[3]_i_1/O
                         net (fo=34, routed)          1.762     6.834    u_pv/u_mac/context_initialized37_out_bufg_place
    BUFGCE_X0Y74         BUFGCE (Prop_BUFCE_BUFGCE_I_O)
                                                      0.028     6.862 r  u_pv/u_mac/mac_rsp_context_tag[3]_i_1_bufg_place/O
                         net (fo=1035, routed)        1.667     8.529    u_pv/u_mac/context_initialized37_out
    SLICE_X26Y237        FDCE                                         r  u_pv/u_mac/mac_rsp_accum_reg_reg[11]/CE
  -------------------------------------------------------------------    -------------------

                         (clock core_clk rise edge)
                                                      6.666     6.666 r  
                                                      0.000     6.666 r  clk (IN)
                         net (fo=57986, unset)        2.425     9.091    u_pv/u_mac/clk
    SLICE_X26Y237        FDCE                                         r  u_pv/u_mac/mac_rsp_accum_reg_reg[11]/C
                         clock pessimism              0.131     9.222    
                         clock uncertainty           -0.035     9.187    
    SLICE_X26Y237        FDCE (Setup_EFF2_SLICEM_C_CE)
                                                     -0.061     9.126    u_pv/u_mac/mac_rsp_accum_reg_reg[11]
  -------------------------------------------------------------------
                         required time                          9.126    
                         arrival time                          -8.529    
  -------------------------------------------------------------------
                         slack                                  0.597    

Slack (MET) :             0.599ns  (required time - arrival time)
  Source:                 cats_r4_b4_softmax_pv_cluster/cats_r4_b3_pv_32lane/cats_r4_b3_pv_normalize_32lane/fp32_mul_ip__parameterized0__xdcDup__26/floating_point_2_HD7630/<hidden>/<hidden>/<hidden>
                            (rising edge-triggered cell FDRE clocked by core_clk  {rise@0.000ns fall@3.333ns period=6.666ns})
  Destination:            u_pv/u_mac/mac_rsp_accum_reg_reg[0]/CE
                            (rising edge-triggered cell FDCE clocked by core_clk  {rise@0.000ns fall@3.333ns period=6.666ns})
  Path Group:             core_clk
  Path Type:              Setup (Max at Slow Process Corner)
  Requirement:            6.666ns  (core_clk rise@6.666ns - core_clk rise@0.000ns)
  Data Path Delay:        5.734ns  (logic 0.603ns (10.517%)  route 5.131ns (89.483%))
  Logic Levels:           8  (BUFGCE=1 LUT2=1 LUT3=1 LUT4=2 LUT5=1 LUT6=2)
  Clock Path Skew:        -0.237ns (DCD - SCD + CPR)
    Destination Clock Delay (DCD):    2.425ns = ( 9.091 - 6.666 ) 
    Source Clock Delay      (SCD):    2.793ns
    Clock Pessimism Removal (CPR):    0.131ns
  Clock Uncertainty:      0.035ns  ((TSJ^2 + TIJ^2)^1/2 + DJ) / 2 + PE
    Total System Jitter     (TSJ):    0.071ns
    Total Input Jitter      (TIJ):    0.000ns
    Discrete Jitter          (DJ):    0.000ns
    Phase Error              (PE):    0.000ns

    Location             Delay type                Incr(ns)  Path(ns)    Netlist Resource(s)
  -------------------------------------------------------------------    -------------------
                         (clock core_clk rise edge)
                                                      0.000     0.000 r  
                                                      0.000     0.000 r  clk (IN)
                         net (fo=57986, unset)        2.793     2.793    cats_r4_b4_softmax_pv_cluster/cats_r4_b3_pv_32lane/cats_r4_b3_pv_normalize_32lane/fp32_mul_ip__parameterized0__xdcDup__26/floating_point_2_HD7630/<hidden>/<hidden>/<hidden>
    SLICE_X66Y240        FDRE                                         r  cats_r4_b4_softmax_pv_cluster/cats_r4_b3_pv_32lane/cats_r4_b3_pv_normalize_32lane/fp32_mul_ip__parameterized0__xdcDup__26/floating_point_2_HD7630/<hidden>/<hidden>/<hidden>
  -------------------------------------------------------------------    -------------------
    SLICE_X66Y240        FDRE (Prop_HFF2_SLICEL_C_Q)
                                                      0.080     2.873 r  cats_r4_b4_softmax_pv_cluster/cats_r4_b3_pv_32lane/cats_r4_b3_pv_normalize_32lane/fp32_mul_ip__parameterized0__xdcDup__26/floating_point_2_HD7630/<hidden>/<hidden>/<hidden>
                         net (fo=5, routed)           0.440     3.313    u_pv/u_normalize/mul_b_ready[25]
    SLICE_X56Y231        LUT4 (Prop_A6LUT_SLICEL_I3_O)
                                                      0.124     3.437 f  u_pv/u_normalize/norm_ready_INST_0_i_13/O
                         net (fo=1, routed)           0.398     3.835    u_pv/u_normalize/norm_ready_INST_0_i_13_n_0
    SLICE_X49Y241        LUT6 (Prop_C6LUT_SLICEM_I5_O)
                                                      0.037     3.872 f  u_pv/u_normalize/norm_ready_INST_0_i_5/O
                         net (fo=3, routed)           0.213     4.085    u_pv/u_normalize/norm_ready_INST_0_i_5_n_0
    SLICE_X48Y236        LUT5 (Prop_E6LUT_SLICEM_I4_O)
                                                      0.100     4.185 r  u_pv/u_normalize/norm_ready_INST_0/O
                         net (fo=15, routed)          0.206     4.391    u_pv/u_controller/norm_ready
    SLICE_X47Y230        LUT2 (Prop_F6LUT_SLICEL_I0_O)
                                                      0.049     4.440 r  u_pv/u_controller/mac_rsp_ready_INST_0/O
                         net (fo=2, routed)           0.240     4.680    u_pv/u_mac/mac_rsp_ready
    SLICE_X50Y231        LUT6 (Prop_F6LUT_SLICEL_I5_O)
                                                      0.035     4.715 r  u_pv/u_mac/mac_rsp_context_tag[3]_i_4/O
                         net (fo=1, routed)           0.040     4.755    u_pv/u_mac/mac_rsp_context_tag[3]_i_4_n_0
    SLICE_X50Y231        LUT4 (Prop_G6LUT_SLICEL_I0_O)
                                                      0.050     4.805 r  u_pv/u_mac/mac_rsp_context_tag[3]_i_2/O
                         net (fo=3, routed)           0.167     4.972    u_pv/u_mac/mac_rsp_context_tag[3]_i_2_n_0
    SLICE_X51Y227        LUT3 (Prop_E6LUT_SLICEM_I0_O)
                                                      0.100     5.072 r  u_pv/u_mac/mac_rsp_context_tag[3]_i_1/O
                         net (fo=34, routed)          1.762     6.834    u_pv/u_mac/context_initialized37_out_bufg_place
    BUFGCE_X0Y74         BUFGCE (Prop_BUFCE_BUFGCE_I_O)
                                                      0.028     6.862 r  u_pv/u_mac/mac_rsp_context_tag[3]_i_1_bufg_place/O
                         net (fo=1035, routed)        1.665     8.527    u_pv/u_mac/context_initialized37_out
    SLICE_X26Y237        FDCE                                         r  u_pv/u_mac/mac_rsp_accum_reg_reg[0]/CE
  -------------------------------------------------------------------    -------------------

                         (clock core_clk rise edge)
                                                      6.666     6.666 r  
                                                      0.000     6.666 r  clk (IN)
                         net (fo=57986, unset)        2.425     9.091    u_pv/u_mac/clk
    SLICE_X26Y237        FDCE                                         r  u_pv/u_mac/mac_rsp_accum_reg_reg[0]/C
                         clock pessimism              0.131     9.222    
                         clock uncertainty           -0.035     9.187    
    SLICE_X26Y237        FDCE (Setup_EFF_SLICEM_C_CE)
                                                     -0.061     9.126    u_pv/u_mac/mac_rsp_accum_reg_reg[0]
  -------------------------------------------------------------------
                         required time                          9.126    
                         arrival time                          -8.527    
  -------------------------------------------------------------------
                         slack                                  0.599    

Slack (MET) :             0.599ns  (required time - arrival time)
  Source:                 cats_r4_b4_softmax_pv_cluster/cats_r4_b3_pv_32lane/cats_r4_b3_pv_normalize_32lane/fp32_mul_ip__parameterized0__xdcDup__26/floating_point_2_HD7630/<hidden>/<hidden>/<hidden>
                            (rising edge-triggered cell FDRE clocked by core_clk  {rise@0.000ns fall@3.333ns period=6.666ns})
  Destination:            u_pv/u_mac/mac_rsp_accum_reg_reg[1]/CE
                            (rising edge-triggered cell FDCE clocked by core_clk  {rise@0.000ns fall@3.333ns period=6.666ns})
  Path Group:             core_clk
  Path Type:              Setup (Max at Slow Process Corner)
  Requirement:            6.666ns  (core_clk rise@6.666ns - core_clk rise@0.000ns)
  Data Path Delay:        5.734ns  (logic 0.603ns (10.517%)  route 5.131ns (89.483%))
  Logic Levels:           8  (BUFGCE=1 LUT2=1 LUT3=1 LUT4=2 LUT5=1 LUT6=2)
  Clock Path Skew:        -0.237ns (DCD - SCD + CPR)
    Destination Clock Delay (DCD):    2.425ns = ( 9.091 - 6.666 ) 
    Source Clock Delay      (SCD):    2.793ns
    Clock Pessimism Removal (CPR):    0.131ns
  Clock Uncertainty:      0.035ns  ((TSJ^2 + TIJ^2)^1/2 + DJ) / 2 + PE
    Total System Jitter     (TSJ):    0.071ns
    Total Input Jitter      (TIJ):    0.000ns
    Discrete Jitter          (DJ):    0.000ns
    Phase Error              (PE):    0.000ns

    Location             Delay type                Incr(ns)  Path(ns)    Netlist Resource(s)
  -------------------------------------------------------------------    -------------------
                         (clock core_clk rise edge)
                                                      0.000     0.000 r  
                                                      0.000     0.000 r  clk (IN)
                         net (fo=57986, unset)        2.793     2.793    cats_r4_b4_softmax_pv_cluster/cats_r4_b3_pv_32lane/cats_r4_b3_pv_normalize_32lane/fp32_mul_ip__parameterized0__xdcDup__26/floating_point_2_HD7630/<hidden>/<hidden>/<hidden>
    SLICE_X66Y240        FDRE                                         r  cats_r4_b4_softmax_pv_cluster/cats_r4_b3_pv_32lane/cats_r4_b3_pv_normalize_32lane/fp32_mul_ip__parameterized0__xdcDup__26/floating_point_2_HD7630/<hidden>/<hidden>/<hidden>
  -------------------------------------------------------------------    -------------------
    SLICE_X66Y240        FDRE (Prop_HFF2_SLICEL_C_Q)
                                                      0.080     2.873 r  cats_r4_b4_softmax_pv_cluster/cats_r4_b3_pv_32lane/cats_r4_b3_pv_normalize_32lane/fp32_mul_ip__parameterized0__xdcDup__26/floating_point_2_HD7630/<hidden>/<hidden>/<hidden>
                         net (fo=5, routed)           0.440     3.313    u_pv/u_normalize/mul_b_ready[25]
    SLICE_X56Y231        LUT4 (Prop_A6LUT_SLICEL_I3_O)
                                                      0.124     3.437 f  u_pv/u_normalize/norm_ready_INST_0_i_13/O
                         net (fo=1, routed)           0.398     3.835    u_pv/u_normalize/norm_ready_INST_0_i_13_n_0
    SLICE_X49Y241        LUT6 (Prop_C6LUT_SLICEM_I5_O)
                                                      0.037     3.872 f  u_pv/u_normalize/norm_ready_INST_0_i_5/O
                         net (fo=3, routed)           0.213     4.085    u_pv/u_normalize/norm_ready_INST_0_i_5_n_0
    SLICE_X48Y236        LUT5 (Prop_E6LUT_SLICEM_I4_O)
                                                      0.100     4.185 r  u_pv/u_normalize/norm_ready_INST_0/O
                         net (fo=15, routed)          0.206     4.391    u_pv/u_controller/norm_ready
    SLICE_X47Y230        LUT2 (Prop_F6LUT_SLICEL_I0_O)
                                                      0.049     4.440 r  u_pv/u_controller/mac_rsp_ready_INST_0/O
                         net (fo=2, routed)           0.240     4.680    u_pv/u_mac/mac_rsp_ready
    SLICE_X50Y231        LUT6 (Prop_F6LUT_SLICEL_I5_O)
                                                      0.035     4.715 r  u_pv/u_mac/mac_rsp_context_tag[3]_i_4/O
                         net (fo=1, routed)           0.040     4.755    u_pv/u_mac/mac_rsp_context_tag[3]_i_4_n_0
    SLICE_X50Y231        LUT4 (Prop_G6LUT_SLICEL_I0_O)
                                                      0.050     4.805 r  u_pv/u_mac/mac_rsp_context_tag[3]_i_2/O
                         net (fo=3, routed)           0.167     4.972    u_pv/u_mac/mac_rsp_context_tag[3]_i_2_n_0
    SLICE_X51Y227        LUT3 (Prop_E6LUT_SLICEM_I0_O)
                                                      0.100     5.072 r  u_pv/u_mac/mac_rsp_context_tag[3]_i_1/O
                         net (fo=34, routed)          1.762     6.834    u_pv/u_mac/context_initialized37_out_bufg_place
    BUFGCE_X0Y74         BUFGCE (Prop_BUFCE_BUFGCE_I_O)
                                                      0.028     6.862 r  u_pv/u_mac/mac_rsp_context_tag[3]_i_1_bufg_place/O
                         net (fo=1035, routed)        1.665     8.527    u_pv/u_mac/context_initialized37_out
    SLICE_X26Y237        FDCE                                         r  u_pv/u_mac/mac_rsp_accum_reg_reg[1]/CE
  -------------------------------------------------------------------    -------------------

                         (clock core_clk rise edge)
                                                      6.666     6.666 r  
                                                      0.000     6.666 r  clk (IN)
                         net (fo=57986, unset)        2.425     9.091    u_pv/u_mac/clk
    SLICE_X26Y237        FDCE                                         r  u_pv/u_mac/mac_rsp_accum_reg_reg[1]/C
                         clock pessimism              0.131     9.222    
                         clock uncertainty           -0.035     9.187    
    SLICE_X26Y237        FDCE (Setup_FFF_SLICEM_C_CE)
                                                     -0.061     9.126    u_pv/u_mac/mac_rsp_accum_reg_reg[1]
  -------------------------------------------------------------------
                         required time                          9.126    
                         arrival time                          -8.527    
  -------------------------------------------------------------------
                         slack                                  0.599    

Slack (MET) :             0.615ns  (required time - arrival time)
  Source:                 cats_r4_b4_softmax_pv_cluster/cats_r4_b3_pv_32lane/cats_r4_b3_pv_normalize_32lane/fp32_mul_ip__parameterized0__xdcDup__26/floating_point_2_HD7630/<hidden>/<hidden>/<hidden>
                            (rising edge-triggered cell FDRE clocked by core_clk  {rise@0.000ns fall@3.333ns period=6.666ns})
  Destination:            u_pv/u_mac/mac_rsp_accum_reg_reg[985]/CE
                            (rising edge-triggered cell FDCE clocked by core_clk  {rise@0.000ns fall@3.333ns period=6.666ns})
  Path Group:             core_clk
  Path Type:              Setup (Max at Slow Process Corner)
  Requirement:            6.666ns  (core_clk rise@6.666ns - core_clk rise@0.000ns)
  Data Path Delay:        5.661ns  (logic 0.603ns (10.652%)  route 5.058ns (89.348%))
  Logic Levels:           8  (BUFGCE=1 LUT2=1 LUT3=1 LUT4=2 LUT5=1 LUT6=2)
  Clock Path Skew:        -0.295ns (DCD - SCD + CPR)
    Destination Clock Delay (DCD):    2.367ns = ( 9.033 - 6.666 ) 
    Source Clock Delay      (SCD):    2.793ns
    Clock Pessimism Removal (CPR):    0.131ns
  Clock Uncertainty:      0.035ns  ((TSJ^2 + TIJ^2)^1/2 + DJ) / 2 + PE
    Total System Jitter     (TSJ):    0.071ns
    Total Input Jitter      (TIJ):    0.000ns
    Discrete Jitter          (DJ):    0.000ns
    Phase Error              (PE):    0.000ns

    Location             Delay type                Incr(ns)  Path(ns)    Netlist Resource(s)
  -------------------------------------------------------------------    -------------------
                         (clock core_clk rise edge)
                                                      0.000     0.000 r  
                                                      0.000     0.000 r  clk (IN)
                         net (fo=57986, unset)        2.793     2.793    cats_r4_b4_softmax_pv_cluster/cats_r4_b3_pv_32lane/cats_r4_b3_pv_normalize_32lane/fp32_mul_ip__parameterized0__xdcDup__26/floating_point_2_HD7630/<hidden>/<hidden>/<hidden>
    SLICE_X66Y240        FDRE                                         r  cats_r4_b4_softmax_pv_cluster/cats_r4_b3_pv_32lane/cats_r4_b3_pv_normalize_32lane/fp32_mul_ip__parameterized0__xdcDup__26/floating_point_2_HD7630/<hidden>/<hidden>/<hidden>
  -------------------------------------------------------------------    -------------------
    SLICE_X66Y240        FDRE (Prop_HFF2_SLICEL_C_Q)
                                                      0.080     2.873 r  cats_r4_b4_softmax_pv_cluster/cats_r4_b3_pv_32lane/cats_r4_b3_pv_normalize_32lane/fp32_mul_ip__parameterized0__xdcDup__26/floating_point_2_HD7630/<hidden>/<hidden>/<hidden>
                         net (fo=5, routed)           0.440     3.313    u_pv/u_normalize/mul_b_ready[25]
    SLICE_X56Y231        LUT4 (Prop_A6LUT_SLICEL_I3_O)
                                                      0.124     3.437 f  u_pv/u_normalize/norm_ready_INST_0_i_13/O
                         net (fo=1, routed)           0.398     3.835    u_pv/u_normalize/norm_ready_INST_0_i_13_n_0
    SLICE_X49Y241        LUT6 (Prop_C6LUT_SLICEM_I5_O)
                                                      0.037     3.872 f  u_pv/u_normalize/norm_ready_INST_0_i_5/O
                         net (fo=3, routed)           0.213     4.085    u_pv/u_normalize/norm_ready_INST_0_i_5_n_0
    SLICE_X48Y236        LUT5 (Prop_E6LUT_SLICEM_I4_O)
                                                      0.100     4.185 r  u_pv/u_normalize/norm_ready_INST_0/O
                         net (fo=15, routed)          0.206     4.391    u_pv/u_controller/norm_ready
    SLICE_X47Y230        LUT2 (Prop_F6LUT_SLICEL_I0_O)
                                                      0.049     4.440 r  u_pv/u_controller/mac_rsp_ready_INST_0/O
                         net (fo=2, routed)           0.240     4.680    u_pv/u_mac/mac_rsp_ready
    SLICE_X50Y231        LUT6 (Prop_F6LUT_SLICEL_I5_O)
                                                      0.035     4.715 r  u_pv/u_mac/mac_rsp_context_tag[3]_i_4/O
                         net (fo=1, routed)           0.040     4.755    u_pv/u_mac/mac_rsp_context_tag[3]_i_4_n_0
    SLICE_X50Y231        LUT4 (Prop_G6LUT_SLICEL_I0_O)
                                                      0.050     4.805 r  u_pv/u_mac/mac_rsp_context_tag[3]_i_2/O
                         net (fo=3, routed)           0.167     4.972    u_pv/u_mac/mac_rsp_context_tag[3]_i_2_n_0
    SLICE_X51Y227        LUT3 (Prop_E6LUT_SLICEM_I0_O)
                                                      0.100     5.072 r  u_pv/u_mac/mac_rsp_context_tag[3]_i_1/O
                         net (fo=34, routed)          1.762     6.834    u_pv/u_mac/context_initialized37_out_bufg_place
    BUFGCE_X0Y74         BUFGCE (Prop_BUFCE_BUFGCE_I_O)
                                                      0.028     6.862 r  u_pv/u_mac/mac_rsp_context_tag[3]_i_1_bufg_place/O
                         net (fo=1035, routed)        1.592     8.454    u_pv/u_mac/context_initialized37_out
    SLICE_X36Y239        FDCE                                         r  u_pv/u_mac/mac_rsp_accum_reg_reg[985]/CE
  -------------------------------------------------------------------    -------------------

                         (clock core_clk rise edge)
                                                      6.666     6.666 r  
                                                      0.000     6.666 r  clk (IN)
                         net (fo=57986, unset)        2.367     9.033    u_pv/u_mac/clk
    SLICE_X36Y239        FDCE                                         r  u_pv/u_mac/mac_rsp_accum_reg_reg[985]/C
                         clock pessimism              0.131     9.164    
                         clock uncertainty           -0.035     9.129    
    SLICE_X36Y239        FDCE (Setup_EFF2_SLICEL_C_CE)
                                                     -0.060     9.069    u_pv/u_mac/mac_rsp_accum_reg_reg[985]
  -------------------------------------------------------------------
                         required time                          9.069    
                         arrival time                          -8.454    
  -------------------------------------------------------------------
                         slack                                  0.615    

Slack (MET) :             0.615ns  (required time - arrival time)
  Source:                 cats_r4_b4_softmax_pv_cluster/cats_r4_b3_pv_32lane/cats_r4_b3_pv_normalize_32lane/fp32_mul_ip__parameterized0__xdcDup__26/floating_point_2_HD7630/<hidden>/<hidden>/<hidden>
                            (rising edge-triggered cell FDRE clocked by core_clk  {rise@0.000ns fall@3.333ns period=6.666ns})
  Destination:            u_pv/u_mac/mac_rsp_accum_reg_reg[988]/CE
                            (rising edge-triggered cell FDCE clocked by core_clk  {rise@0.000ns fall@3.333ns period=6.666ns})
  Path Group:             core_clk
  Path Type:              Setup (Max at Slow Process Corner)
  Requirement:            6.666ns  (core_clk rise@6.666ns - core_clk rise@0.000ns)
  Data Path Delay:        5.661ns  (logic 0.603ns (10.652%)  route 5.058ns (89.348%))
  Logic Levels:           8  (BUFGCE=1 LUT2=1 LUT3=1 LUT4=2 LUT5=1 LUT6=2)
  Clock Path Skew:        -0.295ns (DCD - SCD + CPR)
    Destination Clock Delay (DCD):    2.367ns = ( 9.033 - 6.666 ) 
    Source Clock Delay      (SCD):    2.793ns
    Clock Pessimism Removal (CPR):    0.131ns
  Clock Uncertainty:      0.035ns  ((TSJ^2 + TIJ^2)^1/2 + DJ) / 2 + PE
    Total System Jitter     (TSJ):    0.071ns
    Total Input Jitter      (TIJ):    0.000ns
    Discrete Jitter          (DJ):    0.000ns
    Phase Error              (PE):    0.000ns

    Location             Delay type                Incr(ns)  Path(ns)    Netlist Resource(s)
  -------------------------------------------------------------------    -------------------
                         (clock core_clk rise edge)
                                                      0.000     0.000 r  
                                                      0.000     0.000 r  clk (IN)
                         net (fo=57986, unset)        2.793     2.793    cats_r4_b4_softmax_pv_cluster/cats_r4_b3_pv_32lane/cats_r4_b3_pv_normalize_32lane/fp32_mul_ip__parameterized0__xdcDup__26/floating_point_2_HD7630/<hidden>/<hidden>/<hidden>
    SLICE_X66Y240        FDRE                                         r  cats_r4_b4_softmax_pv_cluster/cats_r4_b3_pv_32lane/cats_r4_b3_pv_normalize_32lane/fp32_mul_ip__parameterized0__xdcDup__26/floating_point_2_HD7630/<hidden>/<hidden>/<hidden>
  -------------------------------------------------------------------    -------------------
    SLICE_X66Y240        FDRE (Prop_HFF2_SLICEL_C_Q)
                                                      0.080     2.873 r  cats_r4_b4_softmax_pv_cluster/cats_r4_b3_pv_32lane/cats_r4_b3_pv_normalize_32lane/fp32_mul_ip__parameterized0__xdcDup__26/floating_point_2_HD7630/<hidden>/<hidden>/<hidden>
                         net (fo=5, routed)           0.440     3.313    u_pv/u_normalize/mul_b_ready[25]
    SLICE_X56Y231        LUT4 (Prop_A6LUT_SLICEL_I3_O)
                                                      0.124     3.437 f  u_pv/u_normalize/norm_ready_INST_0_i_13/O
                         net (fo=1, routed)           0.398     3.835    u_pv/u_normalize/norm_ready_INST_0_i_13_n_0
    SLICE_X49Y241        LUT6 (Prop_C6LUT_SLICEM_I5_O)
                                                      0.037     3.872 f  u_pv/u_normalize/norm_ready_INST_0_i_5/O
                         net (fo=3, routed)           0.213     4.085    u_pv/u_normalize/norm_ready_INST_0_i_5_n_0
    SLICE_X48Y236        LUT5 (Prop_E6LUT_SLICEM_I4_O)
                                                      0.100     4.185 r  u_pv/u_normalize/norm_ready_INST_0/O
                         net (fo=15, routed)          0.206     4.391    u_pv/u_controller/norm_ready
    SLICE_X47Y230        LUT2 (Prop_F6LUT_SLICEL_I0_O)
                                                      0.049     4.440 r  u_pv/u_controller/mac_rsp_ready_INST_0/O
                         net (fo=2, routed)           0.240     4.680    u_pv/u_mac/mac_rsp_ready
    SLICE_X50Y231        LUT6 (Prop_F6LUT_SLICEL_I5_O)
                                                      0.035     4.715 r  u_pv/u_mac/mac_rsp_context_tag[3]_i_4/O
                         net (fo=1, routed)           0.040     4.755    u_pv/u_mac/mac_rsp_context_tag[3]_i_4_n_0
    SLICE_X50Y231        LUT4 (Prop_G6LUT_SLICEL_I0_O)
                                                      0.050     4.805 r  u_pv/u_mac/mac_rsp_context_tag[3]_i_2/O
                         net (fo=3, routed)           0.167     4.972    u_pv/u_mac/mac_rsp_context_tag[3]_i_2_n_0
    SLICE_X51Y227        LUT3 (Prop_E6LUT_SLICEM_I0_O)
                                                      0.100     5.072 r  u_pv/u_mac/mac_rsp_context_tag[3]_i_1/O
                         net (fo=34, routed)          1.762     6.834    u_pv/u_mac/context_initialized37_out_bufg_place
    BUFGCE_X0Y74         BUFGCE (Prop_BUFCE_BUFGCE_I_O)
                                                      0.028     6.862 r  u_pv/u_mac/mac_rsp_context_tag[3]_i_1_bufg_place/O
                         net (fo=1035, routed)        1.592     8.454    u_pv/u_mac/context_initialized37_out
    SLICE_X36Y239        FDCE                                         r  u_pv/u_mac/mac_rsp_accum_reg_reg[988]/CE
  -------------------------------------------------------------------    -------------------

                         (clock core_clk rise edge)
                                                      6.666     6.666 r  
                                                      0.000     6.666 r  clk (IN)
                         net (fo=57986, unset)        2.367     9.033    u_pv/u_mac/clk
    SLICE_X36Y239        FDCE                                         r  u_pv/u_mac/mac_rsp_accum_reg_reg[988]/C
                         clock pessimism              0.131     9.164    
                         clock uncertainty           -0.035     9.129    
    SLICE_X36Y239        FDCE (Setup_FFF2_SLICEL_C_CE)
                                                     -0.060     9.069    u_pv/u_mac/mac_rsp_accum_reg_reg[988]
  -------------------------------------------------------------------
                         required time                          9.069    
                         arrival time                          -8.454    
  -------------------------------------------------------------------
                         slack                                  0.615    

Slack (MET) :             0.616ns  (required time - arrival time)
  Source:                 cats_r4_b4_softmax_pv_cluster/cats_r4_b3_pv_32lane/cats_r4_b3_pv_normalize_32lane/fp32_mul_ip__parameterized0__xdcDup__26/floating_point_2_HD7630/<hidden>/<hidden>/<hidden>
                            (rising edge-triggered cell FDRE clocked by core_clk  {rise@0.000ns fall@3.333ns period=6.666ns})
  Destination:            u_pv/u_mac/mac_rsp_accum_reg_reg[227]/CE
                            (rising edge-triggered cell FDCE clocked by core_clk  {rise@0.000ns fall@3.333ns period=6.666ns})
  Path Group:             core_clk
  Path Type:              Setup (Max at Slow Process Corner)
  Requirement:            6.666ns  (core_clk rise@6.666ns - core_clk rise@0.000ns)
  Data Path Delay:        5.657ns  (logic 0.603ns (10.659%)  route 5.054ns (89.341%))
  Logic Levels:           8  (BUFGCE=1 LUT2=1 LUT3=1 LUT4=2 LUT5=1 LUT6=2)
  Clock Path Skew:        -0.298ns (DCD - SCD + CPR)
    Destination Clock Delay (DCD):    2.364ns = ( 9.030 - 6.666 ) 
    Source Clock Delay      (SCD):    2.793ns
    Clock Pessimism Removal (CPR):    0.131ns
  Clock Uncertainty:      0.035ns  ((TSJ^2 + TIJ^2)^1/2 + DJ) / 2 + PE
    Total System Jitter     (TSJ):    0.071ns
    Total Input Jitter      (TIJ):    0.000ns
    Discrete Jitter          (DJ):    0.000ns
    Phase Error              (PE):    0.000ns

    Location             Delay type                Incr(ns)  Path(ns)    Netlist Resource(s)
  -------------------------------------------------------------------    -------------------
                         (clock core_clk rise edge)
                                                      0.000     0.000 r  
                                                      0.000     0.000 r  clk (IN)
                         net (fo=57986, unset)        2.793     2.793    cats_r4_b4_softmax_pv_cluster/cats_r4_b3_pv_32lane/cats_r4_b3_pv_normalize_32lane/fp32_mul_ip__parameterized0__xdcDup__26/floating_point_2_HD7630/<hidden>/<hidden>/<hidden>
    SLICE_X66Y240        FDRE                                         r  cats_r4_b4_softmax_pv_cluster/cats_r4_b3_pv_32lane/cats_r4_b3_pv_normalize_32lane/fp32_mul_ip__parameterized0__xdcDup__26/floating_point_2_HD7630/<hidden>/<hidden>/<hidden>
  -------------------------------------------------------------------    -------------------
    SLICE_X66Y240        FDRE (Prop_HFF2_SLICEL_C_Q)
                                                      0.080     2.873 r  cats_r4_b4_softmax_pv_cluster/cats_r4_b3_pv_32lane/cats_r4_b3_pv_normalize_32lane/fp32_mul_ip__parameterized0__xdcDup__26/floating_point_2_HD7630/<hidden>/<hidden>/<hidden>
                         net (fo=5, routed)           0.440     3.313    u_pv/u_normalize/mul_b_ready[25]
    SLICE_X56Y231        LUT4 (Prop_A6LUT_SLICEL_I3_O)
                                                      0.124     3.437 f  u_pv/u_normalize/norm_ready_INST_0_i_13/O
                         net (fo=1, routed)           0.398     3.835    u_pv/u_normalize/norm_ready_INST_0_i_13_n_0
    SLICE_X49Y241        LUT6 (Prop_C6LUT_SLICEM_I5_O)
                                                      0.037     3.872 f  u_pv/u_normalize/norm_ready_INST_0_i_5/O
                         net (fo=3, routed)           0.213     4.085    u_pv/u_normalize/norm_ready_INST_0_i_5_n_0
    SLICE_X48Y236        LUT5 (Prop_E6LUT_SLICEM_I4_O)
                                                      0.100     4.185 r  u_pv/u_normalize/norm_ready_INST_0/O
                         net (fo=15, routed)          0.206     4.391    u_pv/u_controller/norm_ready
    SLICE_X47Y230        LUT2 (Prop_F6LUT_SLICEL_I0_O)
                                                      0.049     4.440 r  u_pv/u_controller/mac_rsp_ready_INST_0/O
                         net (fo=2, routed)           0.240     4.680    u_pv/u_mac/mac_rsp_ready
    SLICE_X50Y231        LUT6 (Prop_F6LUT_SLICEL_I5_O)
                                                      0.035     4.715 r  u_pv/u_mac/mac_rsp_context_tag[3]_i_4/O
                         net (fo=1, routed)           0.040     4.755    u_pv/u_mac/mac_rsp_context_tag[3]_i_4_n_0
    SLICE_X50Y231        LUT4 (Prop_G6LUT_SLICEL_I0_O)
                                                      0.050     4.805 r  u_pv/u_mac/mac_rsp_context_tag[3]_i_2/O
                         net (fo=3, routed)           0.167     4.972    u_pv/u_mac/mac_rsp_context_tag[3]_i_2_n_0
    SLICE_X51Y227        LUT3 (Prop_E6LUT_SLICEM_I0_O)
                                                      0.100     5.072 r  u_pv/u_mac/mac_rsp_context_tag[3]_i_1/O
                         net (fo=34, routed)          1.762     6.834    u_pv/u_mac/context_initialized37_out_bufg_place
    BUFGCE_X0Y74         BUFGCE (Prop_BUFCE_BUFGCE_I_O)
                                                      0.028     6.862 r  u_pv/u_mac/mac_rsp_context_tag[3]_i_1_bufg_place/O
                         net (fo=1035, routed)        1.588     8.450    u_pv/u_mac/context_initialized37_out
    SLICE_X33Y223        FDCE                                         r  u_pv/u_mac/mac_rsp_accum_reg_reg[227]/CE
  -------------------------------------------------------------------    -------------------

                         (clock core_clk rise edge)
                                                      6.666     6.666 r  
                                                      0.000     6.666 r  clk (IN)
                         net (fo=57986, unset)        2.364     9.030    u_pv/u_mac/clk
    SLICE_X33Y223        FDCE                                         r  u_pv/u_mac/mac_rsp_accum_reg_reg[227]/C
                         clock pessimism              0.131     9.161    
                         clock uncertainty           -0.035     9.126    
    SLICE_X33Y223        FDCE (Setup_EFF2_SLICEL_C_CE)
                                                     -0.060     9.066    u_pv/u_mac/mac_rsp_accum_reg_reg[227]
  -------------------------------------------------------------------
                         required time                          9.066    
                         arrival time                          -8.450    
  -------------------------------------------------------------------
                         slack                                  0.616    

Slack (MET) :             0.616ns  (required time - arrival time)
  Source:                 cats_r4_b4_softmax_pv_cluster/cats_r4_b3_pv_32lane/cats_r4_b3_pv_normalize_32lane/fp32_mul_ip__parameterized0__xdcDup__26/floating_point_2_HD7630/<hidden>/<hidden>/<hidden>
                            (rising edge-triggered cell FDRE clocked by core_clk  {rise@0.000ns fall@3.333ns period=6.666ns})
  Destination:            u_pv/u_mac/mac_rsp_accum_reg_reg[241]/CE
                            (rising edge-triggered cell FDCE clocked by core_clk  {rise@0.000ns fall@3.333ns period=6.666ns})
  Path Group:             core_clk
  Path Type:              Setup (Max at Slow Process Corner)
  Requirement:            6.666ns  (core_clk rise@6.666ns - core_clk rise@0.000ns)
  Data Path Delay:        5.657ns  (logic 0.603ns (10.659%)  route 5.054ns (89.341%))
  Logic Levels:           8  (BUFGCE=1 LUT2=1 LUT3=1 LUT4=2 LUT5=1 LUT6=2)
  Clock Path Skew:        -0.298ns (DCD - SCD + CPR)
    Destination Clock Delay (DCD):    2.364ns = ( 9.030 - 6.666 ) 
    Source Clock Delay      (SCD):    2.793ns
    Clock Pessimism Removal (CPR):    0.131ns
  Clock Uncertainty:      0.035ns  ((TSJ^2 + TIJ^2)^1/2 + DJ) / 2 + PE
    Total System Jitter     (TSJ):    0.071ns
    Total Input Jitter      (TIJ):    0.000ns
    Discrete Jitter          (DJ):    0.000ns
    Phase Error              (PE):    0.000ns

    Location             Delay type                Incr(ns)  Path(ns)    Netlist Resource(s)
  -------------------------------------------------------------------    -------------------
                         (clock core_clk rise edge)
                                                      0.000     0.000 r  
                                                      0.000     0.000 r  clk (IN)
                         net (fo=57986, unset)        2.793     2.793    cats_r4_b4_softmax_pv_cluster/cats_r4_b3_pv_32lane/cats_r4_b3_pv_normalize_32lane/fp32_mul_ip__parameterized0__xdcDup__26/floating_point_2_HD7630/<hidden>/<hidden>/<hidden>
    SLICE_X66Y240        FDRE                                         r  cats_r4_b4_softmax_pv_cluster/cats_r4_b3_pv_32lane/cats_r4_b3_pv_normalize_32lane/fp32_mul_ip__parameterized0__xdcDup__26/floating_point_2_HD7630/<hidden>/<hidden>/<hidden>
  -------------------------------------------------------------------    -------------------
    SLICE_X66Y240        FDRE (Prop_HFF2_SLICEL_C_Q)
                                                      0.080     2.873 r  cats_r4_b4_softmax_pv_cluster/cats_r4_b3_pv_32lane/cats_r4_b3_pv_normalize_32lane/fp32_mul_ip__parameterized0__xdcDup__26/floating_point_2_HD7630/<hidden>/<hidden>/<hidden>
                         net (fo=5, routed)           0.440     3.313    u_pv/u_normalize/mul_b_ready[25]
    SLICE_X56Y231        LUT4 (Prop_A6LUT_SLICEL_I3_O)
                                                      0.124     3.437 f  u_pv/u_normalize/norm_ready_INST_0_i_13/O
                         net (fo=1, routed)           0.398     3.835    u_pv/u_normalize/norm_ready_INST_0_i_13_n_0
    SLICE_X49Y241        LUT6 (Prop_C6LUT_SLICEM_I5_O)
                                                      0.037     3.872 f  u_pv/u_normalize/norm_ready_INST_0_i_5/O
                         net (fo=3, routed)           0.213     4.085    u_pv/u_normalize/norm_ready_INST_0_i_5_n_0
    SLICE_X48Y236        LUT5 (Prop_E6LUT_SLICEM_I4_O)
                                                      0.100     4.185 r  u_pv/u_normalize/norm_ready_INST_0/O
                         net (fo=15, routed)          0.206     4.391    u_pv/u_controller/norm_ready
    SLICE_X47Y230        LUT2 (Prop_F6LUT_SLICEL_I0_O)
                                                      0.049     4.440 r  u_pv/u_controller/mac_rsp_ready_INST_0/O
                         net (fo=2, routed)           0.240     4.680    u_pv/u_mac/mac_rsp_ready
    SLICE_X50Y231        LUT6 (Prop_F6LUT_SLICEL_I5_O)
                                                      0.035     4.715 r  u_pv/u_mac/mac_rsp_context_tag[3]_i_4/O
                         net (fo=1, routed)           0.040     4.755    u_pv/u_mac/mac_rsp_context_tag[3]_i_4_n_0
    SLICE_X50Y231        LUT4 (Prop_G6LUT_SLICEL_I0_O)
                                                      0.050     4.805 r  u_pv/u_mac/mac_rsp_context_tag[3]_i_2/O
                         net (fo=3, routed)           0.167     4.972    u_pv/u_mac/mac_rsp_context_tag[3]_i_2_n_0
    SLICE_X51Y227        LUT3 (Prop_E6LUT_SLICEM_I0_O)
                                                      0.100     5.072 r  u_pv/u_mac/mac_rsp_context_tag[3]_i_1/O
                         net (fo=34, routed)          1.762     6.834    u_pv/u_mac/context_initialized37_out_bufg_place
    BUFGCE_X0Y74         BUFGCE (Prop_BUFCE_BUFGCE_I_O)
                                                      0.028     6.862 r  u_pv/u_mac/mac_rsp_context_tag[3]_i_1_bufg_place/O
                         net (fo=1035, routed)        1.588     8.450    u_pv/u_mac/context_initialized37_out
    SLICE_X33Y223        FDCE                                         r  u_pv/u_mac/mac_rsp_accum_reg_reg[241]/CE
  -------------------------------------------------------------------    -------------------

                         (clock core_clk rise edge)
                                                      6.666     6.666 r  
                                                      0.000     6.666 r  clk (IN)
                         net (fo=57986, unset)        2.364     9.030    u_pv/u_mac/clk
    SLICE_X33Y223        FDCE                                         r  u_pv/u_mac/mac_rsp_accum_reg_reg[241]/C
                         clock pessimism              0.131     9.161    
                         clock uncertainty           -0.035     9.126    
    SLICE_X33Y223        FDCE (Setup_FFF2_SLICEL_C_CE)
                                                     -0.060     9.066    u_pv/u_mac/mac_rsp_accum_reg_reg[241]
  -------------------------------------------------------------------
                         required time                          9.066    
                         arrival time                          -8.450    
  -------------------------------------------------------------------
                         slack                                  0.616    

Slack (MET) :             0.616ns  (required time - arrival time)
  Source:                 cats_r4_b4_softmax_pv_cluster/cats_r4_b3_pv_32lane/cats_r4_b3_pv_normalize_32lane/fp32_mul_ip__parameterized0__xdcDup__26/floating_point_2_HD7630/<hidden>/<hidden>/<hidden>
                            (rising edge-triggered cell FDRE clocked by core_clk  {rise@0.000ns fall@3.333ns period=6.666ns})
  Destination:            u_pv/u_mac/mac_rsp_accum_reg_reg[243]/CE
                            (rising edge-triggered cell FDCE clocked by core_clk  {rise@0.000ns fall@3.333ns period=6.666ns})
  Path Group:             core_clk
  Path Type:              Setup (Max at Slow Process Corner)
  Requirement:            6.666ns  (core_clk rise@6.666ns - core_clk rise@0.000ns)
  Data Path Delay:        5.657ns  (logic 0.603ns (10.659%)  route 5.054ns (89.341%))
  Logic Levels:           8  (BUFGCE=1 LUT2=1 LUT3=1 LUT4=2 LUT5=1 LUT6=2)
  Clock Path Skew:        -0.298ns (DCD - SCD + CPR)
    Destination Clock Delay (DCD):    2.364ns = ( 9.030 - 6.666 ) 
    Source Clock Delay      (SCD):    2.793ns
    Clock Pessimism Removal (CPR):    0.131ns
  Clock Uncertainty:      0.035ns  ((TSJ^2 + TIJ^2)^1/2 + DJ) / 2 + PE
    Total System Jitter     (TSJ):    0.071ns
    Total Input Jitter      (TIJ):    0.000ns
    Discrete Jitter          (DJ):    0.000ns
    Phase Error              (PE):    0.000ns

    Location             Delay type                Incr(ns)  Path(ns)    Netlist Resource(s)
  -------------------------------------------------------------------    -------------------
                         (clock core_clk rise edge)
                                                      0.000     0.000 r  
                                                      0.000     0.000 r  clk (IN)
                         net (fo=57986, unset)        2.793     2.793    cats_r4_b4_softmax_pv_cluster/cats_r4_b3_pv_32lane/cats_r4_b3_pv_normalize_32lane/fp32_mul_ip__parameterized0__xdcDup__26/floating_point_2_HD7630/<hidden>/<hidden>/<hidden>
    SLICE_X66Y240        FDRE                                         r  cats_r4_b4_softmax_pv_cluster/cats_r4_b3_pv_32lane/cats_r4_b3_pv_normalize_32lane/fp32_mul_ip__parameterized0__xdcDup__26/floating_point_2_HD7630/<hidden>/<hidden>/<hidden>
  -------------------------------------------------------------------    -------------------
    SLICE_X66Y240        FDRE (Prop_HFF2_SLICEL_C_Q)
                                                      0.080     2.873 r  cats_r4_b4_softmax_pv_cluster/cats_r4_b3_pv_32lane/cats_r4_b3_pv_normalize_32lane/fp32_mul_ip__parameterized0__xdcDup__26/floating_point_2_HD7630/<hidden>/<hidden>/<hidden>
                         net (fo=5, routed)           0.440     3.313    u_pv/u_normalize/mul_b_ready[25]
    SLICE_X56Y231        LUT4 (Prop_A6LUT_SLICEL_I3_O)
                                                      0.124     3.437 f  u_pv/u_normalize/norm_ready_INST_0_i_13/O
                         net (fo=1, routed)           0.398     3.835    u_pv/u_normalize/norm_ready_INST_0_i_13_n_0
    SLICE_X49Y241        LUT6 (Prop_C6LUT_SLICEM_I5_O)
                                                      0.037     3.872 f  u_pv/u_normalize/norm_ready_INST_0_i_5/O
                         net (fo=3, routed)           0.213     4.085    u_pv/u_normalize/norm_ready_INST_0_i_5_n_0
    SLICE_X48Y236        LUT5 (Prop_E6LUT_SLICEM_I4_O)
                                                      0.100     4.185 r  u_pv/u_normalize/norm_ready_INST_0/O
                         net (fo=15, routed)          0.206     4.391    u_pv/u_controller/norm_ready
    SLICE_X47Y230        LUT2 (Prop_F6LUT_SLICEL_I0_O)
                                                      0.049     4.440 r  u_pv/u_controller/mac_rsp_ready_INST_0/O
                         net (fo=2, routed)           0.240     4.680    u_pv/u_mac/mac_rsp_ready
    SLICE_X50Y231        LUT6 (Prop_F6LUT_SLICEL_I5_O)
                                                      0.035     4.715 r  u_pv/u_mac/mac_rsp_context_tag[3]_i_4/O
                         net (fo=1, routed)           0.040     4.755    u_pv/u_mac/mac_rsp_context_tag[3]_i_4_n_0
    SLICE_X50Y231        LUT4 (Prop_G6LUT_SLICEL_I0_O)
                                                      0.050     4.805 r  u_pv/u_mac/mac_rsp_context_tag[3]_i_2/O
                         net (fo=3, routed)           0.167     4.972    u_pv/u_mac/mac_rsp_context_tag[3]_i_2_n_0
    SLICE_X51Y227        LUT3 (Prop_E6LUT_SLICEM_I0_O)
                                                      0.100     5.072 r  u_pv/u_mac/mac_rsp_context_tag[3]_i_1/O
                         net (fo=34, routed)          1.762     6.834    u_pv/u_mac/context_initialized37_out_bufg_place
    BUFGCE_X0Y74         BUFGCE (Prop_BUFCE_BUFGCE_I_O)
                                                      0.028     6.862 r  u_pv/u_mac/mac_rsp_context_tag[3]_i_1_bufg_place/O
                         net (fo=1035, routed)        1.588     8.450    u_pv/u_mac/context_initialized37_out
    SLICE_X33Y223        FDCE                                         r  u_pv/u_mac/mac_rsp_accum_reg_reg[243]/CE
  -------------------------------------------------------------------    -------------------

                         (clock core_clk rise edge)
                                                      6.666     6.666 r  
                                                      0.000     6.666 r  clk (IN)
                         net (fo=57986, unset)        2.364     9.030    u_pv/u_mac/clk
    SLICE_X33Y223        FDCE                                         r  u_pv/u_mac/mac_rsp_accum_reg_reg[243]/C
                         clock pessimism              0.131     9.161    
                         clock uncertainty           -0.035     9.126    
    SLICE_X33Y223        FDCE (Setup_GFF2_SLICEL_C_CE)
                                                     -0.060     9.066    u_pv/u_mac/mac_rsp_accum_reg_reg[243]
  -------------------------------------------------------------------
                         required time                          9.066    
                         arrival time                          -8.450    
  -------------------------------------------------------------------
                         slack                                  0.616    

Slack (MET) :             0.616ns  (required time - arrival time)
  Source:                 cats_r4_b4_softmax_pv_cluster/cats_r4_b3_pv_32lane/cats_r4_b3_pv_normalize_32lane/fp32_mul_ip__parameterized0__xdcDup__26/floating_point_2_HD7630/<hidden>/<hidden>/<hidden>
                            (rising edge-triggered cell FDRE clocked by core_clk  {rise@0.000ns fall@3.333ns period=6.666ns})
  Destination:            u_pv/u_mac/mac_rsp_accum_reg_reg[249]/CE
                            (rising edge-triggered cell FDCE clocked by core_clk  {rise@0.000ns fall@3.333ns period=6.666ns})
  Path Group:             core_clk
  Path Type:              Setup (Max at Slow Process Corner)
  Requirement:            6.666ns  (core_clk rise@6.666ns - core_clk rise@0.000ns)
  Data Path Delay:        5.657ns  (logic 0.603ns (10.659%)  route 5.054ns (89.341%))
  Logic Levels:           8  (BUFGCE=1 LUT2=1 LUT3=1 LUT4=2 LUT5=1 LUT6=2)
  Clock Path Skew:        -0.298ns (DCD - SCD + CPR)
    Destination Clock Delay (DCD):    2.364ns = ( 9.030 - 6.666 ) 
    Source Clock Delay      (SCD):    2.793ns
    Clock Pessimism Removal (CPR):    0.131ns
  Clock Uncertainty:      0.035ns  ((TSJ^2 + TIJ^2)^1/2 + DJ) / 2 + PE
    Total System Jitter     (TSJ):    0.071ns
    Total Input Jitter      (TIJ):    0.000ns
    Discrete Jitter          (DJ):    0.000ns
    Phase Error              (PE):    0.000ns

    Location             Delay type                Incr(ns)  Path(ns)    Netlist Resource(s)
  -------------------------------------------------------------------    -------------------
                         (clock core_clk rise edge)
                                                      0.000     0.000 r  
                                                      0.000     0.000 r  clk (IN)
                         net (fo=57986, unset)        2.793     2.793    cats_r4_b4_softmax_pv_cluster/cats_r4_b3_pv_32lane/cats_r4_b3_pv_normalize_32lane/fp32_mul_ip__parameterized0__xdcDup__26/floating_point_2_HD7630/<hidden>/<hidden>/<hidden>
    SLICE_X66Y240        FDRE                                         r  cats_r4_b4_softmax_pv_cluster/cats_r4_b3_pv_32lane/cats_r4_b3_pv_normalize_32lane/fp32_mul_ip__parameterized0__xdcDup__26/floating_point_2_HD7630/<hidden>/<hidden>/<hidden>
  -------------------------------------------------------------------    -------------------
    SLICE_X66Y240        FDRE (Prop_HFF2_SLICEL_C_Q)
                                                      0.080     2.873 r  cats_r4_b4_softmax_pv_cluster/cats_r4_b3_pv_32lane/cats_r4_b3_pv_normalize_32lane/fp32_mul_ip__parameterized0__xdcDup__26/floating_point_2_HD7630/<hidden>/<hidden>/<hidden>
                         net (fo=5, routed)           0.440     3.313    u_pv/u_normalize/mul_b_ready[25]
    SLICE_X56Y231        LUT4 (Prop_A6LUT_SLICEL_I3_O)
                                                      0.124     3.437 f  u_pv/u_normalize/norm_ready_INST_0_i_13/O
                         net (fo=1, routed)           0.398     3.835    u_pv/u_normalize/norm_ready_INST_0_i_13_n_0
    SLICE_X49Y241        LUT6 (Prop_C6LUT_SLICEM_I5_O)
                                                      0.037     3.872 f  u_pv/u_normalize/norm_ready_INST_0_i_5/O
                         net (fo=3, routed)           0.213     4.085    u_pv/u_normalize/norm_ready_INST_0_i_5_n_0
    SLICE_X48Y236        LUT5 (Prop_E6LUT_SLICEM_I4_O)
                                                      0.100     4.185 r  u_pv/u_normalize/norm_ready_INST_0/O
                         net (fo=15, routed)          0.206     4.391    u_pv/u_controller/norm_ready
    SLICE_X47Y230        LUT2 (Prop_F6LUT_SLICEL_I0_O)
                                                      0.049     4.440 r  u_pv/u_controller/mac_rsp_ready_INST_0/O
                         net (fo=2, routed)           0.240     4.680    u_pv/u_mac/mac_rsp_ready
    SLICE_X50Y231        LUT6 (Prop_F6LUT_SLICEL_I5_O)
                                                      0.035     4.715 r  u_pv/u_mac/mac_rsp_context_tag[3]_i_4/O
                         net (fo=1, routed)           0.040     4.755    u_pv/u_mac/mac_rsp_context_tag[3]_i_4_n_0
    SLICE_X50Y231        LUT4 (Prop_G6LUT_SLICEL_I0_O)
                                                      0.050     4.805 r  u_pv/u_mac/mac_rsp_context_tag[3]_i_2/O
                         net (fo=3, routed)           0.167     4.972    u_pv/u_mac/mac_rsp_context_tag[3]_i_2_n_0
    SLICE_X51Y227        LUT3 (Prop_E6LUT_SLICEM_I0_O)
                                                      0.100     5.072 r  u_pv/u_mac/mac_rsp_context_tag[3]_i_1/O
                         net (fo=34, routed)          1.762     6.834    u_pv/u_mac/context_initialized37_out_bufg_place
    BUFGCE_X0Y74         BUFGCE (Prop_BUFCE_BUFGCE_I_O)
                                                      0.028     6.862 r  u_pv/u_mac/mac_rsp_context_tag[3]_i_1_bufg_place/O
                         net (fo=1035, routed)        1.588     8.450    u_pv/u_mac/context_initialized37_out
    SLICE_X33Y223        FDCE                                         r  u_pv/u_mac/mac_rsp_accum_reg_reg[249]/CE
  -------------------------------------------------------------------    -------------------

                         (clock core_clk rise edge)
                                                      6.666     6.666 r  
                                                      0.000     6.666 r  clk (IN)
                         net (fo=57986, unset)        2.364     9.030    u_pv/u_mac/clk
    SLICE_X33Y223        FDCE                                         r  u_pv/u_mac/mac_rsp_accum_reg_reg[249]/C
                         clock pessimism              0.131     9.161    
                         clock uncertainty           -0.035     9.126    
    SLICE_X33Y223        FDCE (Setup_HFF2_SLICEL_C_CE)
                                                     -0.060     9.066    u_pv/u_mac/mac_rsp_accum_reg_reg[249]
  -------------------------------------------------------------------
                         required time                          9.066    
                         arrival time                          -8.450    
  -------------------------------------------------------------------
                         slack                                  0.616    

Slack (MET) :             0.616ns  (required time - arrival time)
  Source:                 cats_r4_b4_softmax_pv_cluster/cats_r4_b3_pv_32lane/cats_r4_b3_pv_normalize_32lane/fp32_mul_ip__parameterized0__xdcDup__26/floating_point_2_HD7630/<hidden>/<hidden>/<hidden>
                            (rising edge-triggered cell FDRE clocked by core_clk  {rise@0.000ns fall@3.333ns period=6.666ns})
  Destination:            u_pv/u_mac/mac_rsp_accum_reg_reg[232]/CE
                            (rising edge-triggered cell FDCE clocked by core_clk  {rise@0.000ns fall@3.333ns period=6.666ns})
  Path Group:             core_clk
  Path Type:              Setup (Max at Slow Process Corner)
  Requirement:            6.666ns  (core_clk rise@6.666ns - core_clk rise@0.000ns)
  Data Path Delay:        5.658ns  (logic 0.603ns (10.657%)  route 5.055ns (89.343%))
  Logic Levels:           8  (BUFGCE=1 LUT2=1 LUT3=1 LUT4=2 LUT5=1 LUT6=2)
  Clock Path Skew:        -0.297ns (DCD - SCD + CPR)
    Destination Clock Delay (DCD):    2.365ns = ( 9.031 - 6.666 ) 
    Source Clock Delay      (SCD):    2.793ns
    Clock Pessimism Removal (CPR):    0.131ns
  Clock Uncertainty:      0.035ns  ((TSJ^2 + TIJ^2)^1/2 + DJ) / 2 + PE
    Total System Jitter     (TSJ):    0.071ns
    Total Input Jitter      (TIJ):    0.000ns
    Discrete Jitter          (DJ):    0.000ns
    Phase Error              (PE):    0.000ns

    Location             Delay type                Incr(ns)  Path(ns)    Netlist Resource(s)
  -------------------------------------------------------------------    -------------------
                         (clock core_clk rise edge)
                                                      0.000     0.000 r  
                                                      0.000     0.000 r  clk (IN)
                         net (fo=57986, unset)        2.793     2.793    cats_r4_b4_softmax_pv_cluster/cats_r4_b3_pv_32lane/cats_r4_b3_pv_normalize_32lane/fp32_mul_ip__parameterized0__xdcDup__26/floating_point_2_HD7630/<hidden>/<hidden>/<hidden>
    SLICE_X66Y240        FDRE                                         r  cats_r4_b4_softmax_pv_cluster/cats_r4_b3_pv_32lane/cats_r4_b3_pv_normalize_32lane/fp32_mul_ip__parameterized0__xdcDup__26/floating_point_2_HD7630/<hidden>/<hidden>/<hidden>
  -------------------------------------------------------------------    -------------------
    SLICE_X66Y240        FDRE (Prop_HFF2_SLICEL_C_Q)
                                                      0.080     2.873 r  cats_r4_b4_softmax_pv_cluster/cats_r4_b3_pv_32lane/cats_r4_b3_pv_normalize_32lane/fp32_mul_ip__parameterized0__xdcDup__26/floating_point_2_HD7630/<hidden>/<hidden>/<hidden>
                         net (fo=5, routed)           0.440     3.313    u_pv/u_normalize/mul_b_ready[25]
    SLICE_X56Y231        LUT4 (Prop_A6LUT_SLICEL_I3_O)
                                                      0.124     3.437 f  u_pv/u_normalize/norm_ready_INST_0_i_13/O
                         net (fo=1, routed)           0.398     3.835    u_pv/u_normalize/norm_ready_INST_0_i_13_n_0
    SLICE_X49Y241        LUT6 (Prop_C6LUT_SLICEM_I5_O)
                                                      0.037     3.872 f  u_pv/u_normalize/norm_ready_INST_0_i_5/O
                         net (fo=3, routed)           0.213     4.085    u_pv/u_normalize/norm_ready_INST_0_i_5_n_0
    SLICE_X48Y236        LUT5 (Prop_E6LUT_SLICEM_I4_O)
                                                      0.100     4.185 r  u_pv/u_normalize/norm_ready_INST_0/O
                         net (fo=15, routed)          0.206     4.391    u_pv/u_controller/norm_ready
    SLICE_X47Y230        LUT2 (Prop_F6LUT_SLICEL_I0_O)
                                                      0.049     4.440 r  u_pv/u_controller/mac_rsp_ready_INST_0/O
                         net (fo=2, routed)           0.240     4.680    u_pv/u_mac/mac_rsp_ready
    SLICE_X50Y231        LUT6 (Prop_F6LUT_SLICEL_I5_O)
                                                      0.035     4.715 r  u_pv/u_mac/mac_rsp_context_tag[3]_i_4/O
                         net (fo=1, routed)           0.040     4.755    u_pv/u_mac/mac_rsp_context_tag[3]_i_4_n_0
    SLICE_X50Y231        LUT4 (Prop_G6LUT_SLICEL_I0_O)
                                                      0.050     4.805 r  u_pv/u_mac/mac_rsp_context_tag[3]_i_2/O
                         net (fo=3, routed)           0.167     4.972    u_pv/u_mac/mac_rsp_context_tag[3]_i_2_n_0
    SLICE_X51Y227        LUT3 (Prop_E6LUT_SLICEM_I0_O)
                                                      0.100     5.072 r  u_pv/u_mac/mac_rsp_context_tag[3]_i_1/O
                         net (fo=34, routed)          1.762     6.834    u_pv/u_mac/context_initialized37_out_bufg_place
    BUFGCE_X0Y74         BUFGCE (Prop_BUFCE_BUFGCE_I_O)
                                                      0.028     6.862 r  u_pv/u_mac/mac_rsp_context_tag[3]_i_1_bufg_place/O
                         net (fo=1035, routed)        1.589     8.451    u_pv/u_mac/context_initialized37_out
    SLICE_X32Y222        FDCE                                         r  u_pv/u_mac/mac_rsp_accum_reg_reg[232]/CE
  -------------------------------------------------------------------    -------------------

                         (clock core_clk rise edge)
                                                      6.666     6.666 r  
                                                      0.000     6.666 r  clk (IN)
                         net (fo=57986, unset)        2.365     9.031    u_pv/u_mac/clk
    SLICE_X32Y222        FDCE                                         r  u_pv/u_mac/mac_rsp_accum_reg_reg[232]/C
                         clock pessimism              0.131     9.162    
                         clock uncertainty           -0.035     9.127    
    SLICE_X32Y222        FDCE (Setup_EFF2_SLICEL_C_CE)
                                                     -0.060     9.067    u_pv/u_mac/mac_rsp_accum_reg_reg[232]
  -------------------------------------------------------------------
                         required time                          9.067    
                         arrival time                          -8.451    
  -------------------------------------------------------------------
                         slack                                  0.616    

Slack (MET) :             0.616ns  (required time - arrival time)
  Source:                 cats_r4_b4_softmax_pv_cluster/cats_r4_b3_pv_32lane/cats_r4_b3_pv_normalize_32lane/fp32_mul_ip__parameterized0__xdcDup__26/floating_point_2_HD7630/<hidden>/<hidden>/<hidden>
                            (rising edge-triggered cell FDRE clocked by core_clk  {rise@0.000ns fall@3.333ns period=6.666ns})
  Destination:            u_pv/u_mac/mac_rsp_accum_reg_reg[244]/CE
                            (rising edge-triggered cell FDCE clocked by core_clk  {rise@0.000ns fall@3.333ns period=6.666ns})
  Path Group:             core_clk
  Path Type:              Setup (Max at Slow Process Corner)
  Requirement:            6.666ns  (core_clk rise@6.666ns - core_clk rise@0.000ns)
  Data Path Delay:        5.658ns  (logic 0.603ns (10.657%)  route 5.055ns (89.343%))
  Logic Levels:           8  (BUFGCE=1 LUT2=1 LUT3=1 LUT4=2 LUT5=1 LUT6=2)
  Clock Path Skew:        -0.297ns (DCD - SCD + CPR)
    Destination Clock Delay (DCD):    2.365ns = ( 9.031 - 6.666 ) 
    Source Clock Delay      (SCD):    2.793ns
    Clock Pessimism Removal (CPR):    0.131ns
  Clock Uncertainty:      0.035ns  ((TSJ^2 + TIJ^2)^1/2 + DJ) / 2 + PE
    Total System Jitter     (TSJ):    0.071ns
    Total Input Jitter      (TIJ):    0.000ns
    Discrete Jitter          (DJ):    0.000ns
    Phase Error              (PE):    0.000ns

    Location             Delay type                Incr(ns)  Path(ns)    Netlist Resource(s)
  -------------------------------------------------------------------    -------------------
                         (clock core_clk rise edge)
                                                      0.000     0.000 r  
                                                      0.000     0.000 r  clk (IN)
                         net (fo=57986, unset)        2.793     2.793    cats_r4_b4_softmax_pv_cluster/cats_r4_b3_pv_32lane/cats_r4_b3_pv_normalize_32lane/fp32_mul_ip__parameterized0__xdcDup__26/floating_point_2_HD7630/<hidden>/<hidden>/<hidden>
    SLICE_X66Y240        FDRE                                         r  cats_r4_b4_softmax_pv_cluster/cats_r4_b3_pv_32lane/cats_r4_b3_pv_normalize_32lane/fp32_mul_ip__parameterized0__xdcDup__26/floating_point_2_HD7630/<hidden>/<hidden>/<hidden>
  -------------------------------------------------------------------    -------------------
    SLICE_X66Y240        FDRE (Prop_HFF2_SLICEL_C_Q)
                                                      0.080     2.873 r  cats_r4_b4_softmax_pv_cluster/cats_r4_b3_pv_32lane/cats_r4_b3_pv_normalize_32lane/fp32_mul_ip__parameterized0__xdcDup__26/floating_point_2_HD7630/<hidden>/<hidden>/<hidden>
                         net (fo=5, routed)           0.440     3.313    u_pv/u_normalize/mul_b_ready[25]
    SLICE_X56Y231        LUT4 (Prop_A6LUT_SLICEL_I3_O)
                                                      0.124     3.437 f  u_pv/u_normalize/norm_ready_INST_0_i_13/O
                         net (fo=1, routed)           0.398     3.835    u_pv/u_normalize/norm_ready_INST_0_i_13_n_0
    SLICE_X49Y241        LUT6 (Prop_C6LUT_SLICEM_I5_O)
                                                      0.037     3.872 f  u_pv/u_normalize/norm_ready_INST_0_i_5/O
                         net (fo=3, routed)           0.213     4.085    u_pv/u_normalize/norm_ready_INST_0_i_5_n_0
    SLICE_X48Y236        LUT5 (Prop_E6LUT_SLICEM_I4_O)
                                                      0.100     4.185 r  u_pv/u_normalize/norm_ready_INST_0/O
                         net (fo=15, routed)          0.206     4.391    u_pv/u_controller/norm_ready
    SLICE_X47Y230        LUT2 (Prop_F6LUT_SLICEL_I0_O)
                                                      0.049     4.440 r  u_pv/u_controller/mac_rsp_ready_INST_0/O
                         net (fo=2, routed)           0.240     4.680    u_pv/u_mac/mac_rsp_ready
    SLICE_X50Y231        LUT6 (Prop_F6LUT_SLICEL_I5_O)
                                                      0.035     4.715 r  u_pv/u_mac/mac_rsp_context_tag[3]_i_4/O
                         net (fo=1, routed)           0.040     4.755    u_pv/u_mac/mac_rsp_context_tag[3]_i_4_n_0
    SLICE_X50Y231        LUT4 (Prop_G6LUT_SLICEL_I0_O)
                                                      0.050     4.805 r  u_pv/u_mac/mac_rsp_context_tag[3]_i_2/O
                         net (fo=3, routed)           0.167     4.972    u_pv/u_mac/mac_rsp_context_tag[3]_i_2_n_0
    SLICE_X51Y227        LUT3 (Prop_E6LUT_SLICEM_I0_O)
                                                      0.100     5.072 r  u_pv/u_mac/mac_rsp_context_tag[3]_i_1/O
                         net (fo=34, routed)          1.762     6.834    u_pv/u_mac/context_initialized37_out_bufg_place
    BUFGCE_X0Y74         BUFGCE (Prop_BUFCE_BUFGCE_I_O)
                                                      0.028     6.862 r  u_pv/u_mac/mac_rsp_context_tag[3]_i_1_bufg_place/O
                         net (fo=1035, routed)        1.589     8.451    u_pv/u_mac/context_initialized37_out
    SLICE_X32Y222        FDCE                                         r  u_pv/u_mac/mac_rsp_accum_reg_reg[244]/CE
  -------------------------------------------------------------------    -------------------

                         (clock core_clk rise edge)
                                                      6.666     6.666 r  
                                                      0.000     6.666 r  clk (IN)
                         net (fo=57986, unset)        2.365     9.031    u_pv/u_mac/clk
    SLICE_X32Y222        FDCE                                         r  u_pv/u_mac/mac_rsp_accum_reg_reg[244]/C
                         clock pessimism              0.131     9.162    
                         clock uncertainty           -0.035     9.127    
    SLICE_X32Y222        FDCE (Setup_FFF2_SLICEL_C_CE)
                                                     -0.060     9.067    u_pv/u_mac/mac_rsp_accum_reg_reg[244]
  -------------------------------------------------------------------
                         required time                          9.067    
                         arrival time                          -8.451    
  -------------------------------------------------------------------
                         slack                                  0.616    

Slack (MET) :             0.616ns  (required time - arrival time)
  Source:                 cats_r4_b4_softmax_pv_cluster/cats_r4_b3_pv_32lane/cats_r4_b3_pv_normalize_32lane/fp32_mul_ip__parameterized0__xdcDup__26/floating_point_2_HD7630/<hidden>/<hidden>/<hidden>
                            (rising edge-triggered cell FDRE clocked by core_clk  {rise@0.000ns fall@3.333ns period=6.666ns})
  Destination:            u_pv/u_mac/mac_rsp_accum_reg_reg[247]/CE
                            (rising edge-triggered cell FDCE clocked by core_clk  {rise@0.000ns fall@3.333ns period=6.666ns})
  Path Group:             core_clk
  Path Type:              Setup (Max at Slow Process Corner)
  Requirement:            6.666ns  (core_clk rise@6.666ns - core_clk rise@0.000ns)
  Data Path Delay:        5.658ns  (logic 0.603ns (10.657%)  route 5.055ns (89.343%))
  Logic Levels:           8  (BUFGCE=1 LUT2=1 LUT3=1 LUT4=2 LUT5=1 LUT6=2)
  Clock Path Skew:        -0.297ns (DCD - SCD + CPR)
    Destination Clock Delay (DCD):    2.365ns = ( 9.031 - 6.666 ) 
    Source Clock Delay      (SCD):    2.793ns
    Clock Pessimism Removal (CPR):    0.131ns
  Clock Uncertainty:      0.035ns  ((TSJ^2 + TIJ^2)^1/2 + DJ) / 2 + PE
    Total System Jitter     (TSJ):    0.071ns
    Total Input Jitter      (TIJ):    0.000ns
    Discrete Jitter          (DJ):    0.000ns
    Phase Error              (PE):    0.000ns

    Location             Delay type                Incr(ns)  Path(ns)    Netlist Resource(s)
  -------------------------------------------------------------------    -------------------
                         (clock core_clk rise edge)
                                                      0.000     0.000 r  
                                                      0.000     0.000 r  clk (IN)
                         net (fo=57986, unset)        2.793     2.793    cats_r4_b4_softmax_pv_cluster/cats_r4_b3_pv_32lane/cats_r4_b3_pv_normalize_32lane/fp32_mul_ip__parameterized0__xdcDup__26/floating_point_2_HD7630/<hidden>/<hidden>/<hidden>
    SLICE_X66Y240        FDRE                                         r  cats_r4_b4_softmax_pv_cluster/cats_r4_b3_pv_32lane/cats_r4_b3_pv_normalize_32lane/fp32_mul_ip__parameterized0__xdcDup__26/floating_point_2_HD7630/<hidden>/<hidden>/<hidden>
  -------------------------------------------------------------------    -------------------
    SLICE_X66Y240        FDRE (Prop_HFF2_SLICEL_C_Q)
                                                      0.080     2.873 r  cats_r4_b4_softmax_pv_cluster/cats_r4_b3_pv_32lane/cats_r4_b3_pv_normalize_32lane/fp32_mul_ip__parameterized0__xdcDup__26/floating_point_2_HD7630/<hidden>/<hidden>/<hidden>
                         net (fo=5, routed)           0.440     3.313    u_pv/u_normalize/mul_b_ready[25]
    SLICE_X56Y231        LUT4 (Prop_A6LUT_SLICEL_I3_O)
                                                      0.124     3.437 f  u_pv/u_normalize/norm_ready_INST_0_i_13/O
                         net (fo=1, routed)           0.398     3.835    u_pv/u_normalize/norm_ready_INST_0_i_13_n_0
    SLICE_X49Y241        LUT6 (Prop_C6LUT_SLICEM_I5_O)
                                                      0.037     3.872 f  u_pv/u_normalize/norm_ready_INST_0_i_5/O
                         net (fo=3, routed)           0.213     4.085    u_pv/u_normalize/norm_ready_INST_0_i_5_n_0
    SLICE_X48Y236        LUT5 (Prop_E6LUT_SLICEM_I4_O)
                                                      0.100     4.185 r  u_pv/u_normalize/norm_ready_INST_0/O
                         net (fo=15, routed)          0.206     4.391    u_pv/u_controller/norm_ready
    SLICE_X47Y230        LUT2 (Prop_F6LUT_SLICEL_I0_O)
                                                      0.049     4.440 r  u_pv/u_controller/mac_rsp_ready_INST_0/O
                         net (fo=2, routed)           0.240     4.680    u_pv/u_mac/mac_rsp_ready
    SLICE_X50Y231        LUT6 (Prop_F6LUT_SLICEL_I5_O)
                                                      0.035     4.715 r  u_pv/u_mac/mac_rsp_context_tag[3]_i_4/O
                         net (fo=1, routed)           0.040     4.755    u_pv/u_mac/mac_rsp_context_tag[3]_i_4_n_0
    SLICE_X50Y231        LUT4 (Prop_G6LUT_SLICEL_I0_O)
                                                      0.050     4.805 r  u_pv/u_mac/mac_rsp_context_tag[3]_i_2/O
                         net (fo=3, routed)           0.167     4.972    u_pv/u_mac/mac_rsp_context_tag[3]_i_2_n_0
    SLICE_X51Y227        LUT3 (Prop_E6LUT_SLICEM_I0_O)
                                                      0.100     5.072 r  u_pv/u_mac/mac_rsp_context_tag[3]_i_1/O
                         net (fo=34, routed)          1.762     6.834    u_pv/u_mac/context_initialized37_out_bufg_place
    BUFGCE_X0Y74         BUFGCE (Prop_BUFCE_BUFGCE_I_O)
                                                      0.028     6.862 r  u_pv/u_mac/mac_rsp_context_tag[3]_i_1_bufg_place/O
                         net (fo=1035, routed)        1.589     8.451    u_pv/u_mac/context_initialized37_out
    SLICE_X32Y222        FDCE                                         r  u_pv/u_mac/mac_rsp_accum_reg_reg[247]/CE
  -------------------------------------------------------------------    -------------------

                         (clock core_clk rise edge)
                                                      6.666     6.666 r  
                                                      0.000     6.666 r  clk (IN)
                         net (fo=57986, unset)        2.365     9.031    u_pv/u_mac/clk
    SLICE_X32Y222        FDCE                                         r  u_pv/u_mac/mac_rsp_accum_reg_reg[247]/C
                         clock pessimism              0.131     9.162    
                         clock uncertainty           -0.035     9.127    
    SLICE_X32Y222        FDCE (Setup_GFF2_SLICEL_C_CE)
                                                     -0.060     9.067    u_pv/u_mac/mac_rsp_accum_reg_reg[247]
  -------------------------------------------------------------------
                         required time                          9.067    
                         arrival time                          -8.451    
  -------------------------------------------------------------------
                         slack                                  0.616    





Pulse Width Checks
--------------------------------------------------------------------------------------
Clock Name:         core_clk
Waveform(ns):       { 0.000 3.333 }
Period(ns):         6.666
Sources:            { clk }

Check Type        Corner  Lib Pin     Reference Pin  Required(ns)  Actual(ns)  Slack(ns)  Location       Pin
Min Period        n/a     RAMD32/CLK  n/a            1.064         6.666       5.602      SLICE_X29Y208  u_pv/u_controller/fifo_context_reg_0_15_0_3/RAMA/CLK
Min Period        n/a     RAMD32/CLK  n/a            1.064         6.666       5.602      SLICE_X29Y208  u_pv/u_controller/fifo_context_reg_0_15_0_3/RAMA_D1/CLK
Min Period        n/a     RAMD32/CLK  n/a            1.064         6.666       5.602      SLICE_X29Y208  u_pv/u_controller/fifo_context_reg_0_15_0_3/RAMB/CLK
Min Period        n/a     RAMD32/CLK  n/a            1.064         6.666       5.602      SLICE_X29Y208  u_pv/u_controller/fifo_context_reg_0_15_0_3/RAMB_D1/CLK
Min Period        n/a     RAMD32/CLK  n/a            1.064         6.666       5.602      SLICE_X29Y208  u_pv/u_controller/fifo_context_reg_0_15_0_3/RAMC/CLK
Min Period        n/a     RAMD32/CLK  n/a            1.064         6.666       5.602      SLICE_X29Y208  u_pv/u_controller/fifo_context_reg_0_15_0_3/RAMC_D1/CLK
Min Period        n/a     RAMD32/CLK  n/a            1.064         6.666       5.602      SLICE_X29Y208  u_pv/u_controller/fifo_context_reg_0_15_0_3/RAMD/CLK
Min Period        n/a     RAMD32/CLK  n/a            1.064         6.666       5.602      SLICE_X29Y208  u_pv/u_controller/fifo_context_reg_0_15_0_3/RAMD_D1/CLK
Min Period        n/a     RAMD32/CLK  n/a            1.064         6.666       5.602      SLICE_X29Y208  u_pv/u_controller/fifo_context_reg_0_15_0_3/RAME/CLK
Min Period        n/a     RAMD32/CLK  n/a            1.064         6.666       5.602      SLICE_X29Y208  u_pv/u_controller/fifo_context_reg_0_15_0_3/RAME_D1/CLK
Min Period        n/a     RAMD32/CLK  n/a            1.064         6.666       5.602      SLICE_X29Y208  u_pv/u_controller/fifo_context_reg_0_15_0_3/RAMF/CLK
Min Period        n/a     RAMD32/CLK  n/a            1.064         6.666       5.602      SLICE_X29Y208  u_pv/u_controller/fifo_context_reg_0_15_0_3/RAMF_D1/CLK
Min Period        n/a     RAMD32/CLK  n/a            1.064         6.666       5.602      SLICE_X29Y208  u_pv/u_controller/fifo_context_reg_0_15_0_3/RAMG/CLK
Min Period        n/a     RAMD32/CLK  n/a            1.064         6.666       5.602      SLICE_X29Y208  u_pv/u_controller/fifo_context_reg_0_15_0_3/RAMG_D1/CLK
Min Period        n/a     RAMS32/CLK  n/a            1.064         6.666       5.602      SLICE_X29Y208  u_pv/u_controller/fifo_context_reg_0_15_0_3/RAMH/CLK
Min Period        n/a     RAMS32/CLK  n/a            1.064         6.666       5.602      SLICE_X29Y208  u_pv/u_controller/fifo_context_reg_0_15_0_3/RAMH_D1/CLK
Min Period        n/a     RAMD32/CLK  n/a            1.064         6.666       5.602      SLICE_X29Y198  u_pv/u_controller/fifo_first_reg_0_15_0_0/DP/CLK
Min Period        n/a     RAMD32/CLK  n/a            1.064         6.666       5.602      SLICE_X29Y198  u_pv/u_controller/fifo_first_reg_0_15_0_0/SP/CLK
Min Period        n/a     RAMD32/CLK  n/a            1.064         6.666       5.602      SLICE_X29Y198  u_pv/u_controller/fifo_last_reg_0_15_0_0/DP/CLK
Min Period        n/a     RAMD32/CLK  n/a            1.064         6.666       5.602      SLICE_X29Y198  u_pv/u_controller/fifo_last_reg_0_15_0_0/SP/CLK
Low Pulse Width   Slow    RAMD32/CLK  n/a            0.532         3.333       2.801      SLICE_X29Y208  u_pv/u_controller/fifo_context_reg_0_15_0_3/RAMA/CLK
Low Pulse Width   Fast    RAMD32/CLK  n/a            0.532         3.333       2.801      SLICE_X29Y208  u_pv/u_controller/fifo_context_reg_0_15_0_3/RAMA/CLK
Low Pulse Width   Slow    RAMD32/CLK  n/a            0.532         3.333       2.801      SLICE_X29Y208  u_pv/u_controller/fifo_context_reg_0_15_0_3/RAMA_D1/CLK
Low Pulse Width   Fast    RAMD32/CLK  n/a            0.532         3.333       2.801      SLICE_X29Y208  u_pv/u_controller/fifo_context_reg_0_15_0_3/RAMA_D1/CLK
Low Pulse Width   Slow    RAMD32/CLK  n/a            0.532         3.333       2.801      SLICE_X29Y208  u_pv/u_controller/fifo_context_reg_0_15_0_3/RAMB/CLK
Low Pulse Width   Fast    RAMD32/CLK  n/a            0.532         3.333       2.801      SLICE_X29Y208  u_pv/u_controller/fifo_context_reg_0_15_0_3/RAMB/CLK
Low Pulse Width   Slow    RAMD32/CLK  n/a            0.532         3.333       2.801      SLICE_X29Y208  u_pv/u_controller/fifo_context_reg_0_15_0_3/RAMB_D1/CLK
Low Pulse Width   Fast    RAMD32/CLK  n/a            0.532         3.333       2.801      SLICE_X29Y208  u_pv/u_controller/fifo_context_reg_0_15_0_3/RAMB_D1/CLK
Low Pulse Width   Slow    RAMD32/CLK  n/a            0.532         3.333       2.801      SLICE_X29Y208  u_pv/u_controller/fifo_context_reg_0_15_0_3/RAMC/CLK
Low Pulse Width   Fast    RAMD32/CLK  n/a            0.532         3.333       2.801      SLICE_X29Y208  u_pv/u_controller/fifo_context_reg_0_15_0_3/RAMC/CLK
Low Pulse Width   Slow    RAMD32/CLK  n/a            0.532         3.333       2.801      SLICE_X29Y208  u_pv/u_controller/fifo_context_reg_0_15_0_3/RAMC_D1/CLK
Low Pulse Width   Fast    RAMD32/CLK  n/a            0.532         3.333       2.801      SLICE_X29Y208  u_pv/u_controller/fifo_context_reg_0_15_0_3/RAMC_D1/CLK
Low Pulse Width   Slow    RAMD32/CLK  n/a            0.532         3.333       2.801      SLICE_X29Y208  u_pv/u_controller/fifo_context_reg_0_15_0_3/RAMD/CLK
Low Pulse Width   Fast    RAMD32/CLK  n/a            0.532         3.333       2.801      SLICE_X29Y208  u_pv/u_controller/fifo_context_reg_0_15_0_3/RAMD/CLK
Low Pulse Width   Slow    RAMD32/CLK  n/a            0.532         3.333       2.801      SLICE_X29Y208  u_pv/u_controller/fifo_context_reg_0_15_0_3/RAMD_D1/CLK
Low Pulse Width   Fast    RAMD32/CLK  n/a            0.532         3.333       2.801      SLICE_X29Y208  u_pv/u_controller/fifo_context_reg_0_15_0_3/RAMD_D1/CLK
Low Pulse Width   Slow    RAMD32/CLK  n/a            0.532         3.333       2.801      SLICE_X29Y208  u_pv/u_controller/fifo_context_reg_0_15_0_3/RAME/CLK
Low Pulse Width   Fast    RAMD32/CLK  n/a            0.532         3.333       2.801      SLICE_X29Y208  u_pv/u_controller/fifo_context_reg_0_15_0_3/RAME/CLK
Low Pulse Width   Slow    RAMD32/CLK  n/a            0.532         3.333       2.801      SLICE_X29Y208  u_pv/u_controller/fifo_context_reg_0_15_0_3/RAME_D1/CLK
Low Pulse Width   Fast    RAMD32/CLK  n/a            0.532         3.333       2.801      SLICE_X29Y208  u_pv/u_controller/fifo_context_reg_0_15_0_3/RAME_D1/CLK
High Pulse Width  Slow    RAMD32/CLK  n/a            0.532         3.333       2.801      SLICE_X29Y208  u_pv/u_controller/fifo_context_reg_0_15_0_3/RAMA/CLK
High Pulse Width  Fast    RAMD32/CLK  n/a            0.532         3.333       2.801      SLICE_X29Y208  u_pv/u_controller/fifo_context_reg_0_15_0_3/RAMA/CLK
High Pulse Width  Slow    RAMD32/CLK  n/a            0.532         3.333       2.801      SLICE_X29Y208  u_pv/u_controller/fifo_context_reg_0_15_0_3/RAMA_D1/CLK
High Pulse Width  Fast    RAMD32/CLK  n/a            0.532         3.333       2.801      SLICE_X29Y208  u_pv/u_controller/fifo_context_reg_0_15_0_3/RAMA_D1/CLK
High Pulse Width  Slow    RAMD32/CLK  n/a            0.532         3.333       2.801      SLICE_X29Y208  u_pv/u_controller/fifo_context_reg_0_15_0_3/RAMB/CLK
High Pulse Width  Fast    RAMD32/CLK  n/a            0.532         3.333       2.801      SLICE_X29Y208  u_pv/u_controller/fifo_context_reg_0_15_0_3/RAMB/CLK
High Pulse Width  Slow    RAMD32/CLK  n/a            0.532         3.333       2.801      SLICE_X29Y208  u_pv/u_controller/fifo_context_reg_0_15_0_3/RAMB_D1/CLK
High Pulse Width  Fast    RAMD32/CLK  n/a            0.532         3.333       2.801      SLICE_X29Y208  u_pv/u_controller/fifo_context_reg_0_15_0_3/RAMB_D1/CLK
High Pulse Width  Slow    RAMD32/CLK  n/a            0.532         3.333       2.801      SLICE_X29Y208  u_pv/u_controller/fifo_context_reg_0_15_0_3/RAMC/CLK
High Pulse Width  Fast    RAMD32/CLK  n/a            0.532         3.333       2.801      SLICE_X29Y208  u_pv/u_controller/fifo_context_reg_0_15_0_3/RAMC/CLK
High Pulse Width  Slow    RAMD32/CLK  n/a            0.532         3.333       2.801      SLICE_X29Y208  u_pv/u_controller/fifo_context_reg_0_15_0_3/RAMC_D1/CLK
High Pulse Width  Fast    RAMD32/CLK  n/a            0.532         3.333       2.801      SLICE_X29Y208  u_pv/u_controller/fifo_context_reg_0_15_0_3/RAMC_D1/CLK
High Pulse Width  Slow    RAMD32/CLK  n/a            0.532         3.333       2.801      SLICE_X29Y208  u_pv/u_controller/fifo_context_reg_0_15_0_3/RAMD/CLK
High Pulse Width  Fast    RAMD32/CLK  n/a            0.532         3.333       2.801      SLICE_X29Y208  u_pv/u_controller/fifo_context_reg_0_15_0_3/RAMD/CLK
High Pulse Width  Slow    RAMD32/CLK  n/a            0.532         3.333       2.801      SLICE_X29Y208  u_pv/u_controller/fifo_context_reg_0_15_0_3/RAMD_D1/CLK
High Pulse Width  Fast    RAMD32/CLK  n/a            0.532         3.333       2.801      SLICE_X29Y208  u_pv/u_controller/fifo_context_reg_0_15_0_3/RAMD_D1/CLK
High Pulse Width  Slow    RAMD32/CLK  n/a            0.532         3.333       2.801      SLICE_X29Y208  u_pv/u_controller/fifo_context_reg_0_15_0_3/RAME/CLK
High Pulse Width  Fast    RAMD32/CLK  n/a            0.532         3.333       2.801      SLICE_X29Y208  u_pv/u_controller/fifo_context_reg_0_15_0_3/RAME/CLK
High Pulse Width  Slow    RAMD32/CLK  n/a            0.532         3.333       2.801      SLICE_X29Y208  u_pv/u_controller/fifo_context_reg_0_15_0_3/RAME_D1/CLK
High Pulse Width  Fast    RAMD32/CLK  n/a            0.532         3.333       2.801      SLICE_X29Y208  u_pv/u_controller/fifo_context_reg_0_15_0_3/RAME_D1/CLK



--------------------------------------------------------------------------------------
Path Group:  (none)
From Clock:  
  To Clock:  

Max Delay             2 Endpoints
Min Delay             0 Endpoints
--------------------------------------------------------------------------------------


Max Delay Paths
--------------------------------------------------------------------------------------
Slack:                    inf
  Source:                 row_slot_id[0]
                            (input port)
  Destination:            row_ready
                            (output port)
  Path Group:             (none)
  Path Type:              Max at Slow Process Corner
  Data Path Delay:        1.191ns  (logic 0.286ns (24.005%)  route 0.905ns (75.995%))
  Logic Levels:           3  (LUT5=1 LUT6=2)
  Timing Exception:       False Path

    Location             Delay type                Incr(ns)  Path(ns)    Netlist Resource(s)
  -------------------------------------------------------------------    -------------------
                                                      0.000     0.000 f  row_slot_id[0] (IN)
                         net (fo=37, unset)           0.000     0.000    u_softmax/u_stager/stage_begin_slot_id[0]
    SLICE_X48Y95         LUT5 (Prop_C6LUT_SLICEM_I0_O)
                                                      0.145     0.145 f  u_softmax/u_stager/stage_begin_ready_INST_0_i_2/O
                         net (fo=1, routed)           0.177     0.322    u_softmax/u_stager/stage_begin_ready_INST_0_i_2_n_0
    SLICE_X48Y95         LUT6 (Prop_H6LUT_SLICEM_I1_O)
                                                      0.090     0.412 r  u_softmax/u_stager/stage_begin_ready_INST_0/O
                         net (fo=6, routed)           0.728     1.140    u_softmax/stage_begin_ready
    SLICE_X55Y119        LUT6 (Prop_H6LUT_SLICEL_I5_O)
                                                      0.051     1.191 r  u_softmax/row_ready_INST_0/O
                         net (fo=0)                   0.000     1.191    row_ready
                                                                      r  row_ready (OUT)
  -------------------------------------------------------------------    -------------------

Slack:                    inf
  Source:                 score_slot_id[0]
                            (input port)
  Destination:            score_ready
                            (output port)
  Path Group:             (none)
  Path Type:              Max at Slow Process Corner
  Data Path Delay:        0.916ns  (logic 0.420ns (45.866%)  route 0.496ns (54.134%))
  Logic Levels:           4  (LUT3=1 LUT4=1 LUT5=1 LUT6=1)
  Timing Exception:       False Path

    Location             Delay type                Incr(ns)  Path(ns)    Netlist Resource(s)
  -------------------------------------------------------------------    -------------------
                                                      0.000     0.000 r  score_slot_id[0] (IN)
                         net (fo=296, unset)          0.000     0.000    u_softmax/u_accuracy/score_slot_id[0]
    SLICE_X53Y121        LUT5 (Prop_H6LUT_SLICEL_I2_O)
                                                      0.099     0.099 r  u_softmax/u_accuracy/score_ready_INST_0_i_2/O
                         net (fo=1, routed)           0.090     0.189    u_softmax/u_accuracy/score_slot_available17_in
    SLICE_X53Y122        LUT6 (Prop_G6LUT_SLICEL_I5_O)
                                                      0.123     0.312 r  u_softmax/u_accuracy/score_ready_INST_0_i_1/O
                         net (fo=8, routed)           0.276     0.588    u_softmax/u_accuracy/p_25_in
    SLICE_X54Y117        LUT3 (Prop_C5LUT_SLICEM_I2_O)
                                                      0.099     0.687 r  u_softmax/u_accuracy/score_ready_INST_0/O
                         net (fo=2, routed)           0.130     0.817    u_softmax/acc_score_ready
    SLICE_X54Y117        LUT4 (Prop_D6LUT_SLICEM_I0_O)
                                                      0.099     0.916 r  u_softmax/score_ready_INST_0/O
                         net (fo=0)                   0.000     0.916    score_ready
                                                                      r  score_ready (OUT)
  -------------------------------------------------------------------    -------------------





--------------------------------------------------------------------------------------
Path Group:  (none)
From Clock:  core_clk
  To Clock:  

Max Delay          2554 Endpoints
Min Delay             0 Endpoints
--------------------------------------------------------------------------------------


Max Delay Paths
--------------------------------------------------------------------------------------
Slack:                    inf
  Source:                 u_softmax/u_stager/publish_slot_reg[1]/C
                            (rising edge-triggered cell FDCE clocked by core_clk  {rise@0.000ns fall@3.333ns period=6.666ns})
  Destination:            weight_wr_data[18]
                            (output port)
  Path Group:             (none)
  Path Type:              Max at Slow Process Corner
  Data Path Delay:        6.637ns  (logic 0.678ns (10.215%)  route 5.959ns (89.785%))
  Logic Levels:           7  (LUT2=1 LUT6=3 MUXF7=2 MUXF8=1)
  Clock Uncertainty:      0.025ns  ((TSJ^2 + TIJ^2)^1/2 + DJ) / 2 + PE
    Total System Jitter     (TSJ):    0.050ns
    Total Input Jitter      (TIJ):    0.000ns
    Discrete Jitter          (DJ):    0.000ns
    Phase Error              (PE):    0.000ns
  Timing Exception:       False Path

    Location             Delay type                Incr(ns)  Path(ns)    Netlist Resource(s)
  -------------------------------------------------------------------    -------------------
                         (clock core_clk rise edge)
                                                      0.000     0.000 r  
                                                      0.000     0.000 r  clk (IN)
                         net (fo=57986, unset)        2.630     2.630    u_softmax/u_stager/clk
    SLICE_X48Y94         FDCE                                         r  u_softmax/u_stager/publish_slot_reg[1]/C
  -------------------------------------------------------------------    -------------------
    SLICE_X48Y94         FDCE (Prop_EFF_SLICEM_C_Q)
                                                      0.076     2.706 f  u_softmax/u_stager/publish_slot_reg[1]/Q
                         net (fo=233, routed)         3.273     5.979    u_softmax/u_stager/weight_wr_slot_id[1]
    SLICE_X64Y23         LUT2 (Prop_D5LUT_SLICEM_I1_O)
                                                      0.097     6.076 r  u_softmax/u_stager/weight_wr_data[18]_INST_0_i_240/O
                         net (fo=64, routed)          1.889     7.965    u_softmax/u_stager/weight_wr_data[18]_INST_0_i_240_n_0
    SLICE_X45Y19         LUT6 (Prop_C6LUT_SLICEM_I5_O)
                                                      0.145     8.110 r  u_softmax/u_stager/weight_wr_data[18]_INST_0_i_167/O
                         net (fo=1, routed)           0.021     8.131    u_softmax/u_stager/data117[18]
    SLICE_X45Y19         MUXF7 (Prop_F7MUX_CD_SLICEM_I1_O)
                                                      0.061     8.192 r  u_softmax/u_stager/weight_wr_data[18]_INST_0_i_74/O
                         net (fo=1, routed)           0.000     8.192    u_softmax/u_stager/weight_wr_data[18]_INST_0_i_74_n_0
    SLICE_X45Y19         MUXF8 (Prop_F8MUX_BOT_SLICEM_I0_O)
                                                      0.030     8.222 r  u_softmax/u_stager/weight_wr_data[18]_INST_0_i_28/O
                         net (fo=1, routed)           0.559     8.781    u_softmax/u_stager/weight_wr_data[18]_INST_0_i_28_n_0
    SLICE_X42Y33         LUT6 (Prop_C6LUT_SLICEM_I3_O)
                                                      0.051     8.832 r  u_softmax/u_stager/weight_wr_data[18]_INST_0_i_9/O
                         net (fo=1, routed)           0.021     8.853    u_softmax/u_stager/weight_wr_data[18]_INST_0_i_9_n_0
    SLICE_X42Y33         MUXF7 (Prop_F7MUX_CD_SLICEM_I1_O)
                                                      0.068     8.921 r  u_softmax/u_stager/weight_wr_data[18]_INST_0_i_3/O
                         net (fo=1, routed)           0.196     9.117    u_softmax/u_stager/weight_wr_data[18]_INST_0_i_3_n_0
    SLICE_X43Y35         LUT6 (Prop_H6LUT_SLICEL_I4_O)
                                                      0.150     9.267 r  u_softmax/u_stager/weight_wr_data[18]_INST_0/O
                         net (fo=0)                   0.000     9.267    weight_wr_data[18]
                                                                      r  weight_wr_data[18] (OUT)
  -------------------------------------------------------------------    -------------------

Slack:                    inf
  Source:                 u_softmax/u_stager/publish_slot_reg[1]/C
                            (rising edge-triggered cell FDCE clocked by core_clk  {rise@0.000ns fall@3.333ns period=6.666ns})
  Destination:            weight_wr_data[3]
                            (output port)
  Path Group:             (none)
  Path Type:              Max at Slow Process Corner
  Data Path Delay:        6.469ns  (logic 0.636ns (9.832%)  route 5.833ns (90.168%))
  Logic Levels:           7  (LUT2=1 LUT6=3 MUXF7=2 MUXF8=1)
  Clock Uncertainty:      0.025ns  ((TSJ^2 + TIJ^2)^1/2 + DJ) / 2 + PE
    Total System Jitter     (TSJ):    0.050ns
    Total Input Jitter      (TIJ):    0.000ns
    Discrete Jitter          (DJ):    0.000ns
    Phase Error              (PE):    0.000ns
  Timing Exception:       False Path

    Location             Delay type                Incr(ns)  Path(ns)    Netlist Resource(s)
  -------------------------------------------------------------------    -------------------
                         (clock core_clk rise edge)
                                                      0.000     0.000 r  
                                                      0.000     0.000 r  clk (IN)
                         net (fo=57986, unset)        2.630     2.630    u_softmax/u_stager/clk
    SLICE_X48Y94         FDCE                                         r  u_softmax/u_stager/publish_slot_reg[1]/C
  -------------------------------------------------------------------    -------------------
    SLICE_X48Y94         FDCE (Prop_EFF_SLICEM_C_Q)
                                                      0.076     2.706 r  u_softmax/u_stager/publish_slot_reg[1]/Q
                         net (fo=233, routed)         3.273     5.979    u_softmax/u_stager/weight_wr_slot_id[1]
    SLICE_X67Y25         LUT2 (Prop_D5LUT_SLICEL_I0_O)
                                                      0.066     6.045 r  u_softmax/u_stager/weight_wr_data[3]_INST_0_i_239/O
                         net (fo=64, routed)          2.062     8.107    u_softmax/u_stager/weight_wr_data[3]_INST_0_i_239_n_0
    SLICE_X70Y41         LUT6 (Prop_C6LUT_SLICEM_I3_O)
                                                      0.088     8.195 r  u_softmax/u_stager/weight_wr_data[3]_INST_0_i_131/O
                         net (fo=1, routed)           0.021     8.216    u_softmax/u_stager/data89[3]
    SLICE_X70Y41         MUXF7 (Prop_F7MUX_CD_SLICEM_I1_O)
                                                      0.061     8.277 r  u_softmax/u_stager/weight_wr_data[3]_INST_0_i_56/O
                         net (fo=1, routed)           0.000     8.277    u_softmax/u_stager/weight_wr_data[3]_INST_0_i_56_n_0
    SLICE_X70Y41         MUXF8 (Prop_F8MUX_BOT_SLICEM_I0_O)
                                                      0.030     8.307 r  u_softmax/u_stager/weight_wr_data[3]_INST_0_i_19/O
                         net (fo=1, routed)           0.249     8.556    u_softmax/u_stager/weight_wr_data[3]_INST_0_i_19_n_0
    SLICE_X70Y36         LUT6 (Prop_C6LUT_SLICEM_I1_O)
                                                      0.098     8.654 r  u_softmax/u_stager/weight_wr_data[3]_INST_0_i_7/O
                         net (fo=1, routed)           0.021     8.675    u_softmax/u_stager/weight_wr_data[3]_INST_0_i_7_n_0
    SLICE_X70Y36         MUXF7 (Prop_F7MUX_CD_SLICEM_I1_O)
                                                      0.068     8.743 r  u_softmax/u_stager/weight_wr_data[3]_INST_0_i_2/O
                         net (fo=1, routed)           0.206     8.949    u_softmax/u_stager/weight_wr_data[3]_INST_0_i_2_n_0
    SLICE_X67Y36         LUT6 (Prop_G6LUT_SLICEL_I2_O)
                                                      0.149     9.098 r  u_softmax/u_stager/weight_wr_data[3]_INST_0/O
                         net (fo=0)                   0.000     9.098    weight_wr_data[3]
                                                                      r  weight_wr_data[3] (OUT)
  -------------------------------------------------------------------    -------------------

Slack:                    inf
  Source:                 u_softmax/u_stager/publish_slot_reg[1]/C
                            (rising edge-triggered cell FDCE clocked by core_clk  {rise@0.000ns fall@3.333ns period=6.666ns})
  Destination:            weight_wr_data[0]
                            (output port)
  Path Group:             (none)
  Path Type:              Max at Slow Process Corner
  Data Path Delay:        6.404ns  (logic 0.565ns (8.822%)  route 5.839ns (91.178%))
  Logic Levels:           7  (LUT2=1 LUT6=3 MUXF7=2 MUXF8=1)
  Clock Uncertainty:      0.025ns  ((TSJ^2 + TIJ^2)^1/2 + DJ) / 2 + PE
    Total System Jitter     (TSJ):    0.050ns
    Total Input Jitter      (TIJ):    0.000ns
    Discrete Jitter          (DJ):    0.000ns
    Phase Error              (PE):    0.000ns
  Timing Exception:       False Path

    Location             Delay type                Incr(ns)  Path(ns)    Netlist Resource(s)
  -------------------------------------------------------------------    -------------------
                         (clock core_clk rise edge)
                                                      0.000     0.000 r  
                                                      0.000     0.000 r  clk (IN)
                         net (fo=57986, unset)        2.630     2.630    u_softmax/u_stager/clk
    SLICE_X48Y94         FDCE                                         r  u_softmax/u_stager/publish_slot_reg[1]/C
  -------------------------------------------------------------------    -------------------
    SLICE_X48Y94         FDCE (Prop_EFF_SLICEM_C_Q)
                                                      0.076     2.706 r  u_softmax/u_stager/publish_slot_reg[1]/Q
                         net (fo=233, routed)         3.453     6.159    u_softmax/u_stager/weight_wr_slot_id[1]
    SLICE_X66Y25         LUT2 (Prop_D5LUT_SLICEL_I0_O)
                                                      0.066     6.225 r  u_softmax/u_stager/weight_wr_data[0]_INST_0_i_239/O
                         net (fo=64, routed)          1.441     7.666    u_softmax/u_stager/weight_wr_data[0]_INST_0_i_239_n_0
    SLICE_X53Y16         LUT6 (Prop_C6LUT_SLICEL_I3_O)
                                                      0.146     7.812 r  u_softmax/u_stager/weight_wr_data[0]_INST_0_i_167/O
                         net (fo=1, routed)           0.010     7.822    u_softmax/u_stager/data117[0]
    SLICE_X53Y16         MUXF7 (Prop_F7MUX_CD_SLICEL_I1_O)
                                                      0.057     7.879 r  u_softmax/u_stager/weight_wr_data[0]_INST_0_i_74/O
                         net (fo=1, routed)           0.000     7.879    u_softmax/u_stager/weight_wr_data[0]_INST_0_i_74_n_0
    SLICE_X53Y16         MUXF8 (Prop_F8MUX_BOT_SLICEL_I0_O)
                                                      0.026     7.905 r  u_softmax/u_stager/weight_wr_data[0]_INST_0_i_28/O
                         net (fo=1, routed)           0.366     8.271    u_softmax/u_stager/weight_wr_data[0]_INST_0_i_28_n_0
    SLICE_X52Y32         LUT6 (Prop_G6LUT_SLICEM_I3_O)
                                                      0.037     8.308 r  u_softmax/u_stager/weight_wr_data[0]_INST_0_i_9/O
                         net (fo=1, routed)           0.017     8.325    u_softmax/u_stager/weight_wr_data[0]_INST_0_i_9_n_0
    SLICE_X52Y32         MUXF7 (Prop_F7MUX_GH_SLICEM_I1_O)
                                                      0.067     8.392 r  u_softmax/u_stager/weight_wr_data[0]_INST_0_i_3/O
                         net (fo=1, routed)           0.552     8.944    u_softmax/u_stager/weight_wr_data[0]_INST_0_i_3_n_0
    SLICE_X67Y34         LUT6 (Prop_H6LUT_SLICEL_I4_O)
                                                      0.090     9.034 r  u_softmax/u_stager/weight_wr_data[0]_INST_0/O
                         net (fo=0)                   0.000     9.034    weight_wr_data[0]
                                                                      r  weight_wr_data[0] (OUT)
  -------------------------------------------------------------------    -------------------

Slack:                    inf
  Source:                 u_softmax/u_stager/publish_slot_reg[1]/C
                            (rising edge-triggered cell FDCE clocked by core_clk  {rise@0.000ns fall@3.333ns period=6.666ns})
  Destination:            weight_wr_data[4]
                            (output port)
  Path Group:             (none)
  Path Type:              Max at Slow Process Corner
  Data Path Delay:        6.313ns  (logic 0.609ns (9.646%)  route 5.704ns (90.354%))
  Logic Levels:           7  (LUT2=1 LUT6=3 MUXF7=2 MUXF8=1)
  Clock Uncertainty:      0.025ns  ((TSJ^2 + TIJ^2)^1/2 + DJ) / 2 + PE
    Total System Jitter     (TSJ):    0.050ns
    Total Input Jitter      (TIJ):    0.000ns
    Discrete Jitter          (DJ):    0.000ns
    Phase Error              (PE):    0.000ns
  Timing Exception:       False Path

    Location             Delay type                Incr(ns)  Path(ns)    Netlist Resource(s)
  -------------------------------------------------------------------    -------------------
                         (clock core_clk rise edge)
                                                      0.000     0.000 r  
                                                      0.000     0.000 r  clk (IN)
                         net (fo=57986, unset)        2.630     2.630    u_softmax/u_stager/clk
    SLICE_X48Y94         FDCE                                         r  u_softmax/u_stager/publish_slot_reg[1]/C
  -------------------------------------------------------------------    -------------------
    SLICE_X48Y94         FDCE (Prop_EFF_SLICEM_C_Q)
                                                      0.076     2.706 r  u_softmax/u_stager/publish_slot_reg[1]/Q
                         net (fo=233, routed)         3.315     6.021    u_softmax/u_stager/weight_wr_slot_id[1]
    SLICE_X68Y26         LUT2 (Prop_B5LUT_SLICEM_I0_O)
                                                      0.072     6.093 r  u_softmax/u_stager/weight_wr_data[4]_INST_0_i_239/O
                         net (fo=64, routed)          1.321     7.414    u_softmax/u_stager/weight_wr_data[4]_INST_0_i_239_n_0
    SLICE_X43Y26         LUT6 (Prop_B6LUT_SLICEL_I3_O)
                                                      0.124     7.538 r  u_softmax/u_stager/weight_wr_data[4]_INST_0_i_164/O
                         net (fo=1, routed)           0.009     7.547    u_softmax/u_stager/data122[4]
    SLICE_X43Y26         MUXF7 (Prop_F7MUX_AB_SLICEL_I0_O)
                                                      0.056     7.603 r  u_softmax/u_stager/weight_wr_data[4]_INST_0_i_73/O
                         net (fo=1, routed)           0.000     7.603    u_softmax/u_stager/weight_wr_data[4]_INST_0_i_73_n_0
    SLICE_X43Y26         MUXF8 (Prop_F8MUX_BOT_SLICEL_I1_O)
                                                      0.026     7.629 r  u_softmax/u_stager/weight_wr_data[4]_INST_0_i_27/O
                         net (fo=1, routed)           0.516     8.145    u_softmax/u_stager/weight_wr_data[4]_INST_0_i_27_n_0
    SLICE_X46Y38         LUT6 (Prop_C6LUT_SLICEM_I1_O)
                                                      0.088     8.233 r  u_softmax/u_stager/weight_wr_data[4]_INST_0_i_9/O
                         net (fo=1, routed)           0.021     8.254    u_softmax/u_stager/weight_wr_data[4]_INST_0_i_9_n_0
    SLICE_X46Y38         MUXF7 (Prop_F7MUX_CD_SLICEM_I1_O)
                                                      0.068     8.322 r  u_softmax/u_stager/weight_wr_data[4]_INST_0_i_3/O
                         net (fo=1, routed)           0.522     8.844    u_softmax/u_stager/weight_wr_data[4]_INST_0_i_3_n_0
    SLICE_X64Y39         LUT6 (Prop_D6LUT_SLICEM_I4_O)
                                                      0.099     8.943 r  u_softmax/u_stager/weight_wr_data[4]_INST_0/O
                         net (fo=0)                   0.000     8.943    weight_wr_data[4]
                                                                      r  weight_wr_data[4] (OUT)
  -------------------------------------------------------------------    -------------------

Slack:                    inf
  Source:                 u_softmax/u_stager/publish_slot_reg[1]/C
                            (rising edge-triggered cell FDCE clocked by core_clk  {rise@0.000ns fall@3.333ns period=6.666ns})
  Destination:            weight_wr_data[29]
                            (output port)
  Path Group:             (none)
  Path Type:              Max at Slow Process Corner
  Data Path Delay:        6.236ns  (logic 0.693ns (11.113%)  route 5.543ns (88.887%))
  Logic Levels:           7  (LUT2=1 LUT6=3 MUXF7=2 MUXF8=1)
  Clock Uncertainty:      0.025ns  ((TSJ^2 + TIJ^2)^1/2 + DJ) / 2 + PE
    Total System Jitter     (TSJ):    0.050ns
    Total Input Jitter      (TIJ):    0.000ns
    Discrete Jitter          (DJ):    0.000ns
    Phase Error              (PE):    0.000ns
  Timing Exception:       False Path

    Location             Delay type                Incr(ns)  Path(ns)    Netlist Resource(s)
  -------------------------------------------------------------------    -------------------
                         (clock core_clk rise edge)
                                                      0.000     0.000 r  
                                                      0.000     0.000 r  clk (IN)
                         net (fo=57986, unset)        2.630     2.630    u_softmax/u_stager/clk
    SLICE_X48Y94         FDCE                                         r  u_softmax/u_stager/publish_slot_reg[1]/C
  -------------------------------------------------------------------    -------------------
    SLICE_X48Y94         FDCE (Prop_EFF_SLICEM_C_Q)
                                                      0.076     2.706 f  u_softmax/u_stager/publish_slot_reg[1]/Q
                         net (fo=233, routed)         3.065     5.771    u_softmax/u_stager/weight_wr_slot_id[1]
    SLICE_X71Y18         LUT2 (Prop_C6LUT_SLICEM_I1_O)
                                                      0.088     5.859 r  u_softmax/u_stager/weight_wr_data[29]_INST_0_i_240/O
                         net (fo=64, routed)          1.797     7.656    u_softmax/u_stager/weight_wr_data[29]_INST_0_i_240_n_0
    SLICE_X71Y36         LUT6 (Prop_H6LUT_SLICEM_I5_O)
                                                      0.101     7.757 r  u_softmax/u_stager/weight_wr_data[29]_INST_0_i_130/O
                         net (fo=1, routed)           0.014     7.771    u_softmax/u_stager/data88[29]
    SLICE_X71Y36         MUXF7 (Prop_F7MUX_GH_SLICEM_I0_O)
                                                      0.059     7.830 r  u_softmax/u_stager/weight_wr_data[29]_INST_0_i_56/O
                         net (fo=1, routed)           0.000     7.830    u_softmax/u_stager/weight_wr_data[29]_INST_0_i_56_n_0
    SLICE_X71Y36         MUXF8 (Prop_F8MUX_TOP_SLICEM_I0_O)
                                                      0.028     7.858 r  u_softmax/u_stager/weight_wr_data[29]_INST_0_i_19/O
                         net (fo=1, routed)           0.405     8.263    u_softmax/u_stager/weight_wr_data[29]_INST_0_i_19_n_0
    SLICE_X71Y25         LUT6 (Prop_C6LUT_SLICEM_I1_O)
                                                      0.123     8.386 r  u_softmax/u_stager/weight_wr_data[29]_INST_0_i_7/O
                         net (fo=1, routed)           0.021     8.407    u_softmax/u_stager/weight_wr_data[29]_INST_0_i_7_n_0
    SLICE_X71Y25         MUXF7 (Prop_F7MUX_CD_SLICEM_I1_O)
                                                      0.068     8.475 r  u_softmax/u_stager/weight_wr_data[29]_INST_0_i_2/O
                         net (fo=1, routed)           0.241     8.716    u_softmax/u_stager/weight_wr_data[29]_INST_0_i_2_n_0
    SLICE_X67Y25         LUT6 (Prop_H6LUT_SLICEL_I2_O)
                                                      0.150     8.866 r  u_softmax/u_stager/weight_wr_data[29]_INST_0/O
                         net (fo=0)                   0.000     8.866    weight_wr_data[29]
                                                                      r  weight_wr_data[29] (OUT)
  -------------------------------------------------------------------    -------------------

Slack:                    inf
  Source:                 u_softmax/u_stager/publish_slot_reg[1]/C
                            (rising edge-triggered cell FDCE clocked by core_clk  {rise@0.000ns fall@3.333ns period=6.666ns})
  Destination:            weight_wr_data[2]
                            (output port)
  Path Group:             (none)
  Path Type:              Max at Slow Process Corner
  Data Path Delay:        6.177ns  (logic 0.594ns (9.616%)  route 5.583ns (90.384%))
  Logic Levels:           7  (LUT2=1 LUT6=3 MUXF7=2 MUXF8=1)
  Clock Uncertainty:      0.025ns  ((TSJ^2 + TIJ^2)^1/2 + DJ) / 2 + PE
    Total System Jitter     (TSJ):    0.050ns
    Total Input Jitter      (TIJ):    0.000ns
    Discrete Jitter          (DJ):    0.000ns
    Phase Error              (PE):    0.000ns
  Timing Exception:       False Path

    Location             Delay type                Incr(ns)  Path(ns)    Netlist Resource(s)
  -------------------------------------------------------------------    -------------------
                         (clock core_clk rise edge)
                                                      0.000     0.000 r  
                                                      0.000     0.000 r  clk (IN)
                         net (fo=57986, unset)        2.630     2.630    u_softmax/u_stager/clk
    SLICE_X48Y94         FDCE                                         r  u_softmax/u_stager/publish_slot_reg[1]/C
  -------------------------------------------------------------------    -------------------
    SLICE_X48Y94         FDCE (Prop_EFF_SLICEM_C_Q)
                                                      0.076     2.706 f  u_softmax/u_stager/publish_slot_reg[1]/Q
                         net (fo=233, routed)         3.161     5.867    u_softmax/u_stager/weight_wr_slot_id[1]
    SLICE_X71Y24         LUT2 (Prop_H5LUT_SLICEM_I1_O)
                                                      0.109     5.976 r  u_softmax/u_stager/weight_wr_data[2]_INST_0_i_240/O
                         net (fo=64, routed)          1.190     7.166    u_softmax/u_stager/weight_wr_data[2]_INST_0_i_240_n_0
    SLICE_X71Y38         LUT6 (Prop_D6LUT_SLICEM_I5_O)
                                                      0.051     7.217 r  u_softmax/u_stager/weight_wr_data[2]_INST_0_i_130/O
                         net (fo=1, routed)           0.025     7.242    u_softmax/u_stager/data88[2]
    SLICE_X71Y38         MUXF7 (Prop_F7MUX_CD_SLICEM_I0_O)
                                                      0.062     7.304 r  u_softmax/u_stager/weight_wr_data[2]_INST_0_i_56/O
                         net (fo=1, routed)           0.000     7.304    u_softmax/u_stager/weight_wr_data[2]_INST_0_i_56_n_0
    SLICE_X71Y38         MUXF8 (Prop_F8MUX_BOT_SLICEM_I0_O)
                                                      0.030     7.334 r  u_softmax/u_stager/weight_wr_data[2]_INST_0_i_19/O
                         net (fo=1, routed)           0.620     7.954    u_softmax/u_stager/weight_wr_data[2]_INST_0_i_19_n_0
    SLICE_X71Y32         LUT6 (Prop_C6LUT_SLICEM_I1_O)
                                                      0.145     8.099 r  u_softmax/u_stager/weight_wr_data[2]_INST_0_i_7/O
                         net (fo=1, routed)           0.021     8.120    u_softmax/u_stager/weight_wr_data[2]_INST_0_i_7_n_0
    SLICE_X71Y32         MUXF7 (Prop_F7MUX_CD_SLICEM_I1_O)
                                                      0.068     8.188 r  u_softmax/u_stager/weight_wr_data[2]_INST_0_i_2/O
                         net (fo=1, routed)           0.566     8.754    u_softmax/u_stager/weight_wr_data[2]_INST_0_i_2_n_0
    SLICE_X51Y34         LUT6 (Prop_H6LUT_SLICEM_I2_O)
                                                      0.053     8.807 r  u_softmax/u_stager/weight_wr_data[2]_INST_0/O
                         net (fo=0)                   0.000     8.807    weight_wr_data[2]
                                                                      r  weight_wr_data[2] (OUT)
  -------------------------------------------------------------------    -------------------

Slack:                    inf
  Source:                 u_softmax/u_stager/publish_slot_reg[1]/C
                            (rising edge-triggered cell FDCE clocked by core_clk  {rise@0.000ns fall@3.333ns period=6.666ns})
  Destination:            weight_wr_data[7]
                            (output port)
  Path Group:             (none)
  Path Type:              Max at Slow Process Corner
  Data Path Delay:        6.135ns  (logic 0.673ns (10.970%)  route 5.462ns (89.030%))
  Logic Levels:           7  (LUT2=1 LUT6=3 MUXF7=2 MUXF8=1)
  Clock Uncertainty:      0.025ns  ((TSJ^2 + TIJ^2)^1/2 + DJ) / 2 + PE
    Total System Jitter     (TSJ):    0.050ns
    Total Input Jitter      (TIJ):    0.000ns
    Discrete Jitter          (DJ):    0.000ns
    Phase Error              (PE):    0.000ns
  Timing Exception:       False Path

    Location             Delay type                Incr(ns)  Path(ns)    Netlist Resource(s)
  -------------------------------------------------------------------    -------------------
                         (clock core_clk rise edge)
                                                      0.000     0.000 r  
                                                      0.000     0.000 r  clk (IN)
                         net (fo=57986, unset)        2.630     2.630    u_softmax/u_stager/clk
    SLICE_X48Y94         FDCE                                         r  u_softmax/u_stager/publish_slot_reg[1]/C
  -------------------------------------------------------------------    -------------------
    SLICE_X48Y94         FDCE (Prop_EFF_SLICEM_C_Q)
                                                      0.076     2.706 r  u_softmax/u_stager/publish_slot_reg[1]/Q
                         net (fo=233, routed)         3.108     5.814    u_softmax/u_stager/weight_wr_slot_id[1]
    SLICE_X69Y21         LUT2 (Prop_H5LUT_SLICEL_I0_O)
                                                      0.158     5.972 r  u_softmax/u_stager/weight_wr_data[7]_INST_0_i_239/O
                         net (fo=64, routed)          1.555     7.527    u_softmax/u_stager/weight_wr_data[7]_INST_0_i_239_n_0
    SLICE_X55Y30         LUT6 (Prop_A6LUT_SLICEL_I3_O)
                                                      0.098     7.625 r  u_softmax/u_stager/weight_wr_data[7]_INST_0_i_153/O
                         net (fo=1, routed)           0.009     7.634    u_softmax/u_stager/data103[7]
    SLICE_X55Y30         MUXF7 (Prop_F7MUX_AB_SLICEL_I1_O)
                                                      0.057     7.691 r  u_softmax/u_stager/weight_wr_data[7]_INST_0_i_67/O
                         net (fo=1, routed)           0.000     7.691    u_softmax/u_stager/weight_wr_data[7]_INST_0_i_67_n_0
    SLICE_X55Y30         MUXF8 (Prop_F8MUX_BOT_SLICEL_I1_O)
                                                      0.026     7.717 r  u_softmax/u_stager/weight_wr_data[7]_INST_0_i_24/O
                         net (fo=1, routed)           0.338     8.055    u_softmax/u_stager/weight_wr_data[7]_INST_0_i_24_n_0
    SLICE_X57Y28         LUT6 (Prop_D6LUT_SLICEM_I3_O)
                                                      0.099     8.154 r  u_softmax/u_stager/weight_wr_data[7]_INST_0_i_8/O
                         net (fo=1, routed)           0.025     8.179    u_softmax/u_stager/weight_wr_data[7]_INST_0_i_8_n_0
    SLICE_X57Y28         MUXF7 (Prop_F7MUX_CD_SLICEM_I0_O)
                                                      0.069     8.248 r  u_softmax/u_stager/weight_wr_data[7]_INST_0_i_3/O
                         net (fo=1, routed)           0.427     8.675    u_softmax/u_stager/weight_wr_data[7]_INST_0_i_3_n_0
    SLICE_X67Y28         LUT6 (Prop_H6LUT_SLICEL_I4_O)
                                                      0.090     8.765 r  u_softmax/u_stager/weight_wr_data[7]_INST_0/O
                         net (fo=0)                   0.000     8.765    weight_wr_data[7]
                                                                      r  weight_wr_data[7] (OUT)
  -------------------------------------------------------------------    -------------------

Slack:                    inf
  Source:                 u_softmax/u_stager/publish_slot_reg[1]/C
                            (rising edge-triggered cell FDCE clocked by core_clk  {rise@0.000ns fall@3.333ns period=6.666ns})
  Destination:            weight_wr_data[9]
                            (output port)
  Path Group:             (none)
  Path Type:              Max at Slow Process Corner
  Data Path Delay:        6.107ns  (logic 0.663ns (10.856%)  route 5.444ns (89.144%))
  Logic Levels:           7  (LUT2=1 LUT6=3 MUXF7=2 MUXF8=1)
  Clock Uncertainty:      0.025ns  ((TSJ^2 + TIJ^2)^1/2 + DJ) / 2 + PE
    Total System Jitter     (TSJ):    0.050ns
    Total Input Jitter      (TIJ):    0.000ns
    Discrete Jitter          (DJ):    0.000ns
    Phase Error              (PE):    0.000ns
  Timing Exception:       False Path

    Location             Delay type                Incr(ns)  Path(ns)    Netlist Resource(s)
  -------------------------------------------------------------------    -------------------
                         (clock core_clk rise edge)
                                                      0.000     0.000 r  
                                                      0.000     0.000 r  clk (IN)
                         net (fo=57986, unset)        2.630     2.630    u_softmax/u_stager/clk
    SLICE_X48Y94         FDCE                                         r  u_softmax/u_stager/publish_slot_reg[1]/C
  -------------------------------------------------------------------    -------------------
    SLICE_X48Y94         FDCE (Prop_EFF_SLICEM_C_Q)
                                                      0.076     2.706 f  u_softmax/u_stager/publish_slot_reg[1]/Q
                         net (fo=233, routed)         3.068     5.774    u_softmax/u_stager/weight_wr_slot_id[1]
    SLICE_X71Y18         LUT2 (Prop_A5LUT_SLICEM_I1_O)
                                                      0.070     5.844 r  u_softmax/u_stager/weight_wr_data[9]_INST_0_i_240/O
                         net (fo=64, routed)          1.483     7.327    u_softmax/u_stager/weight_wr_data[9]_INST_0_i_240_n_0
    SLICE_X54Y30         LUT6 (Prop_A6LUT_SLICEM_I5_O)
                                                      0.150     7.477 r  u_softmax/u_stager/weight_wr_data[9]_INST_0_i_149/O
                         net (fo=1, routed)           0.011     7.488    u_softmax/u_stager/data107[9]
    SLICE_X54Y30         MUXF7 (Prop_F7MUX_AB_SLICEM_I1_O)
                                                      0.058     7.546 r  u_softmax/u_stager/weight_wr_data[9]_INST_0_i_65/O
                         net (fo=1, routed)           0.000     7.546    u_softmax/u_stager/weight_wr_data[9]_INST_0_i_65_n_0
    SLICE_X54Y30         MUXF8 (Prop_F8MUX_BOT_SLICEM_I1_O)
                                                      0.028     7.574 r  u_softmax/u_stager/weight_wr_data[9]_INST_0_i_23/O
                         net (fo=1, routed)           0.411     7.985    u_softmax/u_stager/weight_wr_data[9]_INST_0_i_23_n_0
    SLICE_X58Y25         LUT6 (Prop_D6LUT_SLICEM_I1_O)
                                                      0.122     8.107 r  u_softmax/u_stager/weight_wr_data[9]_INST_0_i_8/O
                         net (fo=1, routed)           0.025     8.132    u_softmax/u_stager/weight_wr_data[9]_INST_0_i_8_n_0
    SLICE_X58Y25         MUXF7 (Prop_F7MUX_CD_SLICEM_I0_O)
                                                      0.069     8.201 r  u_softmax/u_stager/weight_wr_data[9]_INST_0_i_3/O
                         net (fo=1, routed)           0.446     8.647    u_softmax/u_stager/weight_wr_data[9]_INST_0_i_3_n_0
    SLICE_X67Y27         LUT6 (Prop_H6LUT_SLICEL_I4_O)
                                                      0.090     8.737 r  u_softmax/u_stager/weight_wr_data[9]_INST_0/O
                         net (fo=0)                   0.000     8.737    weight_wr_data[9]
                                                                      r  weight_wr_data[9] (OUT)
  -------------------------------------------------------------------    -------------------

Slack:                    inf
  Source:                 u_softmax/u_stager/publish_slot_reg[1]/C
                            (rising edge-triggered cell FDCE clocked by core_clk  {rise@0.000ns fall@3.333ns period=6.666ns})
  Destination:            weight_wr_data[15]
                            (output port)
  Path Group:             (none)
  Path Type:              Max at Slow Process Corner
  Data Path Delay:        6.062ns  (logic 0.670ns (11.052%)  route 5.392ns (88.948%))
  Logic Levels:           7  (LUT2=1 LUT6=3 MUXF7=2 MUXF8=1)
  Clock Uncertainty:      0.025ns  ((TSJ^2 + TIJ^2)^1/2 + DJ) / 2 + PE
    Total System Jitter     (TSJ):    0.050ns
    Total Input Jitter      (TIJ):    0.000ns
    Discrete Jitter          (DJ):    0.000ns
    Phase Error              (PE):    0.000ns
  Timing Exception:       False Path

    Location             Delay type                Incr(ns)  Path(ns)    Netlist Resource(s)
  -------------------------------------------------------------------    -------------------
                         (clock core_clk rise edge)
                                                      0.000     0.000 r  
                                                      0.000     0.000 r  clk (IN)
                         net (fo=57986, unset)        2.630     2.630    u_softmax/u_stager/clk
    SLICE_X48Y94         FDCE                                         r  u_softmax/u_stager/publish_slot_reg[1]/C
  -------------------------------------------------------------------    -------------------
    SLICE_X48Y94         FDCE (Prop_EFF_SLICEM_C_Q)
                                                      0.076     2.706 f  u_softmax/u_stager/publish_slot_reg[1]/Q
                         net (fo=233, routed)         3.273     5.979    u_softmax/u_stager/weight_wr_slot_id[1]
    SLICE_X64Y23         LUT2 (Prop_D6LUT_SLICEM_I1_O)
                                                      0.088     6.067 r  u_softmax/u_stager/weight_wr_data[15]_INST_0_i_240/O
                         net (fo=64, routed)          1.137     7.204    u_softmax/u_stager/weight_wr_data[15]_INST_0_i_240_n_0
    SLICE_X51Y33         LUT6 (Prop_H6LUT_SLICEM_I5_O)
                                                      0.152     7.356 r  u_softmax/u_stager/weight_wr_data[15]_INST_0_i_150/O
                         net (fo=1, routed)           0.014     7.370    u_softmax/u_stager/data100[15]
    SLICE_X51Y33         MUXF7 (Prop_F7MUX_GH_SLICEM_I0_O)
                                                      0.059     7.429 r  u_softmax/u_stager/weight_wr_data[15]_INST_0_i_66/O
                         net (fo=1, routed)           0.000     7.429    u_softmax/u_stager/weight_wr_data[15]_INST_0_i_66_n_0
    SLICE_X51Y33         MUXF8 (Prop_F8MUX_TOP_SLICEM_I0_O)
                                                      0.028     7.457 r  u_softmax/u_stager/weight_wr_data[15]_INST_0_i_24/O
                         net (fo=1, routed)           0.386     7.843    u_softmax/u_stager/weight_wr_data[15]_INST_0_i_24_n_0
    SLICE_X52Y32         LUT6 (Prop_D6LUT_SLICEM_I3_O)
                                                      0.145     7.988 r  u_softmax/u_stager/weight_wr_data[15]_INST_0_i_8/O
                         net (fo=1, routed)           0.025     8.013    u_softmax/u_stager/weight_wr_data[15]_INST_0_i_8_n_0
    SLICE_X52Y32         MUXF7 (Prop_F7MUX_CD_SLICEM_I0_O)
                                                      0.069     8.082 r  u_softmax/u_stager/weight_wr_data[15]_INST_0_i_3/O
                         net (fo=1, routed)           0.557     8.639    u_softmax/u_stager/weight_wr_data[15]_INST_0_i_3_n_0
    SLICE_X64Y32         LUT6 (Prop_H6LUT_SLICEM_I4_O)
                                                      0.053     8.692 r  u_softmax/u_stager/weight_wr_data[15]_INST_0/O
                         net (fo=0)                   0.000     8.692    weight_wr_data[15]
                                                                      r  weight_wr_data[15] (OUT)
  -------------------------------------------------------------------    -------------------

Slack:                    inf
  Source:                 u_softmax/u_stager/publish_slot_reg[1]/C
                            (rising edge-triggered cell FDCE clocked by core_clk  {rise@0.000ns fall@3.333ns period=6.666ns})
  Destination:            weight_wr_data[14]
                            (output port)
  Path Group:             (none)
  Path Type:              Max at Slow Process Corner
  Data Path Delay:        6.061ns  (logic 0.693ns (11.433%)  route 5.368ns (88.567%))
  Logic Levels:           7  (LUT2=1 LUT6=3 MUXF7=2 MUXF8=1)
  Clock Uncertainty:      0.025ns  ((TSJ^2 + TIJ^2)^1/2 + DJ) / 2 + PE
    Total System Jitter     (TSJ):    0.050ns
    Total Input Jitter      (TIJ):    0.000ns
    Discrete Jitter          (DJ):    0.000ns
    Phase Error              (PE):    0.000ns
  Timing Exception:       False Path

    Location             Delay type                Incr(ns)  Path(ns)    Netlist Resource(s)
  -------------------------------------------------------------------    -------------------
                         (clock core_clk rise edge)
                                                      0.000     0.000 r  
                                                      0.000     0.000 r  clk (IN)
                         net (fo=57986, unset)        2.630     2.630    u_softmax/u_stager/clk
    SLICE_X48Y94         FDCE                                         r  u_softmax/u_stager/publish_slot_reg[1]/C
  -------------------------------------------------------------------    -------------------
    SLICE_X48Y94         FDCE (Prop_EFF_SLICEM_C_Q)
                                                      0.076     2.706 f  u_softmax/u_stager/publish_slot_reg[1]/Q
                         net (fo=233, routed)         3.072     5.778    u_softmax/u_stager/weight_wr_slot_id[1]
    SLICE_X71Y18         LUT2 (Prop_H6LUT_SLICEM_I1_O)
                                                      0.152     5.930 r  u_softmax/u_stager/weight_wr_data[14]_INST_0_i_240/O
                         net (fo=64, routed)          1.055     6.985    u_softmax/u_stager/weight_wr_data[14]_INST_0_i_240_n_0
    SLICE_X53Y32         LUT6 (Prop_A6LUT_SLICEL_I5_O)
                                                      0.090     7.075 r  u_softmax/u_stager/weight_wr_data[14]_INST_0_i_149/O
                         net (fo=1, routed)           0.009     7.084    u_softmax/u_stager/data107[14]
    SLICE_X53Y32         MUXF7 (Prop_F7MUX_AB_SLICEL_I1_O)
                                                      0.057     7.141 r  u_softmax/u_stager/weight_wr_data[14]_INST_0_i_65/O
                         net (fo=1, routed)           0.000     7.141    u_softmax/u_stager/weight_wr_data[14]_INST_0_i_65_n_0
    SLICE_X53Y32         MUXF8 (Prop_F8MUX_BOT_SLICEL_I1_O)
                                                      0.026     7.167 r  u_softmax/u_stager/weight_wr_data[14]_INST_0_i_23/O
                         net (fo=1, routed)           0.629     7.796    u_softmax/u_stager/weight_wr_data[14]_INST_0_i_23_n_0
    SLICE_X54Y26         LUT6 (Prop_D6LUT_SLICEM_I1_O)
                                                      0.122     7.918 r  u_softmax/u_stager/weight_wr_data[14]_INST_0_i_8/O
                         net (fo=1, routed)           0.025     7.943    u_softmax/u_stager/weight_wr_data[14]_INST_0_i_8_n_0
    SLICE_X54Y26         MUXF7 (Prop_F7MUX_CD_SLICEM_I0_O)
                                                      0.069     8.012 r  u_softmax/u_stager/weight_wr_data[14]_INST_0_i_3/O
                         net (fo=1, routed)           0.578     8.590    u_softmax/u_stager/weight_wr_data[14]_INST_0_i_3_n_0
    SLICE_X64Y28         LUT6 (Prop_H6LUT_SLICEM_I4_O)
                                                      0.101     8.691 r  u_softmax/u_stager/weight_wr_data[14]_INST_0/O
                         net (fo=0)                   0.000     8.691    weight_wr_data[14]
                                                                      r  weight_wr_data[14] (OUT)
  -------------------------------------------------------------------    -------------------

Slack:                    inf
  Source:                 u_softmax/u_stager/publish_slot_reg[1]/C
                            (rising edge-triggered cell FDCE clocked by core_clk  {rise@0.000ns fall@3.333ns period=6.666ns})
  Destination:            weight_wr_data[25]
                            (output port)
  Path Group:             (none)
  Path Type:              Max at Slow Process Corner
  Data Path Delay:        5.864ns  (logic 0.567ns (9.670%)  route 5.297ns (90.330%))
  Logic Levels:           7  (LUT2=1 LUT6=3 MUXF7=2 MUXF8=1)
  Clock Uncertainty:      0.025ns  ((TSJ^2 + TIJ^2)^1/2 + DJ) / 2 + PE
    Total System Jitter     (TSJ):    0.050ns
    Total Input Jitter      (TIJ):    0.000ns
    Discrete Jitter          (DJ):    0.000ns
    Phase Error              (PE):    0.000ns
  Timing Exception:       False Path

    Location             Delay type                Incr(ns)  Path(ns)    Netlist Resource(s)
  -------------------------------------------------------------------    -------------------
                         (clock core_clk rise edge)
                                                      0.000     0.000 r  
                                                      0.000     0.000 r  clk (IN)
                         net (fo=57986, unset)        2.630     2.630    u_softmax/u_stager/clk
    SLICE_X48Y94         FDCE                                         r  u_softmax/u_stager/publish_slot_reg[1]/C
  -------------------------------------------------------------------    -------------------
    SLICE_X48Y94         FDCE (Prop_EFF_SLICEM_C_Q)
                                                      0.076     2.706 r  u_softmax/u_stager/publish_slot_reg[1]/Q
                         net (fo=233, routed)         3.206     5.912    u_softmax/u_stager/weight_wr_slot_id[1]
    SLICE_X69Y23         LUT2 (Prop_H5LUT_SLICEL_I0_O)
                                                      0.096     6.008 r  u_softmax/u_stager/weight_wr_data[25]_INST_0_i_239/O
                         net (fo=64, routed)          1.267     7.276    u_softmax/u_stager/weight_wr_data[25]_INST_0_i_239_n_0
    SLICE_X61Y40         LUT6 (Prop_D6LUT_SLICEM_I3_O)
                                                      0.099     7.375 r  u_softmax/u_stager/weight_wr_data[25]_INST_0_i_138/O
                         net (fo=1, routed)           0.025     7.400    u_softmax/u_stager/data80[25]
    SLICE_X61Y40         MUXF7 (Prop_F7MUX_CD_SLICEM_I0_O)
                                                      0.062     7.462 r  u_softmax/u_stager/weight_wr_data[25]_INST_0_i_60/O
                         net (fo=1, routed)           0.000     7.462    u_softmax/u_stager/weight_wr_data[25]_INST_0_i_60_n_0
    SLICE_X61Y40         MUXF8 (Prop_F8MUX_BOT_SLICEM_I0_O)
                                                      0.030     7.492 r  u_softmax/u_stager/weight_wr_data[25]_INST_0_i_21/O
                         net (fo=1, routed)           0.532     8.024    u_softmax/u_stager/weight_wr_data[25]_INST_0_i_21_n_0
    SLICE_X67Y36         LUT6 (Prop_C6LUT_SLICEL_I5_O)
                                                      0.050     8.074 r  u_softmax/u_stager/weight_wr_data[25]_INST_0_i_7/O
                         net (fo=1, routed)           0.010     8.084    u_softmax/u_stager/weight_wr_data[25]_INST_0_i_7_n_0
    SLICE_X67Y36         MUXF7 (Prop_F7MUX_CD_SLICEL_I1_O)
                                                      0.064     8.148 r  u_softmax/u_stager/weight_wr_data[25]_INST_0_i_2/O
                         net (fo=1, routed)           0.256     8.404    u_softmax/u_stager/weight_wr_data[25]_INST_0_i_2_n_0
    SLICE_X67Y36         LUT6 (Prop_H6LUT_SLICEL_I2_O)
                                                      0.090     8.494 r  u_softmax/u_stager/weight_wr_data[25]_INST_0/O
                         net (fo=0)                   0.000     8.494    weight_wr_data[25]
                                                                      r  weight_wr_data[25] (OUT)
  -------------------------------------------------------------------    -------------------

Slack:                    inf
  Source:                 u_softmax/u_stager/publish_slot_reg[0]/C
                            (rising edge-triggered cell FDCE clocked by core_clk  {rise@0.000ns fall@3.333ns period=6.666ns})
  Destination:            weight_wr_data[11]
                            (output port)
  Path Group:             (none)
  Path Type:              Max at Slow Process Corner
  Data Path Delay:        5.856ns  (logic 0.709ns (12.107%)  route 5.147ns (87.893%))
  Logic Levels:           7  (LUT2=1 LUT6=3 MUXF7=2 MUXF8=1)
  Clock Uncertainty:      0.025ns  ((TSJ^2 + TIJ^2)^1/2 + DJ) / 2 + PE
    Total System Jitter     (TSJ):    0.050ns
    Total Input Jitter      (TIJ):    0.000ns
    Discrete Jitter          (DJ):    0.000ns
    Phase Error              (PE):    0.000ns
  Timing Exception:       False Path

    Location             Delay type                Incr(ns)  Path(ns)    Netlist Resource(s)
  -------------------------------------------------------------------    -------------------
                         (clock core_clk rise edge)
                                                      0.000     0.000 r  
                                                      0.000     0.000 r  clk (IN)
                         net (fo=57986, unset)        2.634     2.634    u_softmax/u_stager/clk
    SLICE_X48Y96         FDCE                                         r  u_softmax/u_stager/publish_slot_reg[0]/C
  -------------------------------------------------------------------    -------------------
    SLICE_X48Y96         FDCE (Prop_DFF_SLICEM_C_Q)
                                                      0.078     2.712 r  u_softmax/u_stager/publish_slot_reg[0]/Q
                         net (fo=233, routed)         2.764     5.476    u_softmax/u_stager/weight_wr_slot_id[0]
    SLICE_X58Y32         LUT2 (Prop_H6LUT_SLICEM_I0_O)
                                                      0.101     5.577 r  u_softmax/u_stager/weight_wr_data[11]_INST_0_i_240/O
                         net (fo=64, routed)          1.711     7.288    u_softmax/u_stager/weight_wr_data[11]_INST_0_i_240_n_0
    SLICE_X43Y33         LUT6 (Prop_G6LUT_SLICEL_I5_O)
                                                      0.149     7.437 r  u_softmax/u_stager/weight_wr_data[11]_INST_0_i_143/O
                         net (fo=1, routed)           0.008     7.445    u_softmax/u_stager/data109[11]
    SLICE_X43Y33         MUXF7 (Prop_F7MUX_GH_SLICEL_I1_O)
                                                      0.056     7.501 r  u_softmax/u_stager/weight_wr_data[11]_INST_0_i_62/O
                         net (fo=1, routed)           0.000     7.501    u_softmax/u_stager/weight_wr_data[11]_INST_0_i_62_n_0
    SLICE_X43Y33         MUXF8 (Prop_F8MUX_TOP_SLICEL_I0_O)
                                                      0.026     7.527 r  u_softmax/u_stager/weight_wr_data[11]_INST_0_i_22/O
                         net (fo=1, routed)           0.212     7.739    u_softmax/u_stager/weight_wr_data[11]_INST_0_i_22_n_0
    SLICE_X43Y29         LUT6 (Prop_D6LUT_SLICEL_I0_O)
                                                      0.146     7.885 r  u_softmax/u_stager/weight_wr_data[11]_INST_0_i_8/O
                         net (fo=1, routed)           0.009     7.894    u_softmax/u_stager/weight_wr_data[11]_INST_0_i_8_n_0
    SLICE_X43Y29         MUXF7 (Prop_F7MUX_CD_SLICEL_I0_O)
                                                      0.063     7.957 r  u_softmax/u_stager/weight_wr_data[11]_INST_0_i_3/O
                         net (fo=1, routed)           0.443     8.400    u_softmax/u_stager/weight_wr_data[11]_INST_0_i_3_n_0
    SLICE_X55Y29         LUT6 (Prop_H6LUT_SLICEL_I4_O)
                                                      0.090     8.490 r  u_softmax/u_stager/weight_wr_data[11]_INST_0/O
                         net (fo=0)                   0.000     8.490    weight_wr_data[11]
                                                                      r  weight_wr_data[11] (OUT)
  -------------------------------------------------------------------    -------------------

Slack:                    inf
  Source:                 u_softmax/u_stager/publish_slot_reg[1]/C
                            (rising edge-triggered cell FDCE clocked by core_clk  {rise@0.000ns fall@3.333ns period=6.666ns})
  Destination:            weight_wr_data[26]
                            (output port)
  Path Group:             (none)
  Path Type:              Max at Slow Process Corner
  Data Path Delay:        5.802ns  (logic 0.717ns (12.357%)  route 5.085ns (87.643%))
  Logic Levels:           7  (LUT2=1 LUT6=3 MUXF7=2 MUXF8=1)
  Clock Uncertainty:      0.025ns  ((TSJ^2 + TIJ^2)^1/2 + DJ) / 2 + PE
    Total System Jitter     (TSJ):    0.050ns
    Total Input Jitter      (TIJ):    0.000ns
    Discrete Jitter          (DJ):    0.000ns
    Phase Error              (PE):    0.000ns
  Timing Exception:       False Path

    Location             Delay type                Incr(ns)  Path(ns)    Netlist Resource(s)
  -------------------------------------------------------------------    -------------------
                         (clock core_clk rise edge)
                                                      0.000     0.000 r  
                                                      0.000     0.000 r  clk (IN)
                         net (fo=57986, unset)        2.630     2.630    u_softmax/u_stager/clk
    SLICE_X48Y94         FDCE                                         r  u_softmax/u_stager/publish_slot_reg[1]/C
  -------------------------------------------------------------------    -------------------
    SLICE_X48Y94         FDCE (Prop_EFF_SLICEM_C_Q)
                                                      0.076     2.706 r  u_softmax/u_stager/publish_slot_reg[1]/Q
                         net (fo=233, routed)         2.538     5.244    u_softmax/u_stager/weight_wr_slot_id[1]
    SLICE_X52Y16         LUT2 (Prop_H6LUT_SLICEM_I0_O)
                                                      0.152     5.396 r  u_softmax/u_stager/weight_wr_data[26]_INST_0_i_239/O
                         net (fo=64, routed)          1.531     6.927    u_softmax/u_stager/weight_wr_data[26]_INST_0_i_239_n_0
    SLICE_X71Y33         LUT6 (Prop_B6LUT_SLICEM_I3_O)
                                                      0.089     7.016 r  u_softmax/u_stager/weight_wr_data[26]_INST_0_i_136/O
                         net (fo=1, routed)           0.017     7.033    u_softmax/u_stager/data86[26]
    SLICE_X71Y33         MUXF7 (Prop_F7MUX_AB_SLICEM_I0_O)
                                                      0.060     7.093 r  u_softmax/u_stager/weight_wr_data[26]_INST_0_i_59/O
                         net (fo=1, routed)           0.000     7.093    u_softmax/u_stager/weight_wr_data[26]_INST_0_i_59_n_0
    SLICE_X71Y33         MUXF8 (Prop_F8MUX_BOT_SLICEM_I1_O)
                                                      0.028     7.121 r  u_softmax/u_stager/weight_wr_data[26]_INST_0_i_20/O
                         net (fo=1, routed)           0.450     7.571    u_softmax/u_stager/weight_wr_data[26]_INST_0_i_20_n_0
    SLICE_X71Y23         LUT6 (Prop_C6LUT_SLICEM_I3_O)
                                                      0.145     7.716 r  u_softmax/u_stager/weight_wr_data[26]_INST_0_i_7/O
                         net (fo=1, routed)           0.021     7.737    u_softmax/u_stager/weight_wr_data[26]_INST_0_i_7_n_0
    SLICE_X71Y23         MUXF7 (Prop_F7MUX_CD_SLICEM_I1_O)
                                                      0.068     7.805 r  u_softmax/u_stager/weight_wr_data[26]_INST_0_i_2/O
                         net (fo=1, routed)           0.528     8.333    u_softmax/u_stager/weight_wr_data[26]_INST_0_i_2_n_0
    SLICE_X50Y23         LUT6 (Prop_H6LUT_SLICEL_I2_O)
                                                      0.099     8.432 r  u_softmax/u_stager/weight_wr_data[26]_INST_0/O
                         net (fo=0)                   0.000     8.432    weight_wr_data[26]
                                                                      r  weight_wr_data[26] (OUT)
  -------------------------------------------------------------------    -------------------

Slack:                    inf
  Source:                 u_softmax/u_stager/publish_slot_reg[1]/C
                            (rising edge-triggered cell FDCE clocked by core_clk  {rise@0.000ns fall@3.333ns period=6.666ns})
  Destination:            weight_wr_data[20]
                            (output port)
  Path Group:             (none)
  Path Type:              Max at Slow Process Corner
  Data Path Delay:        5.741ns  (logic 0.674ns (11.739%)  route 5.067ns (88.261%))
  Logic Levels:           7  (LUT2=1 LUT6=3 MUXF7=2 MUXF8=1)
  Clock Uncertainty:      0.025ns  ((TSJ^2 + TIJ^2)^1/2 + DJ) / 2 + PE
    Total System Jitter     (TSJ):    0.050ns
    Total Input Jitter      (TIJ):    0.000ns
    Discrete Jitter          (DJ):    0.000ns
    Phase Error              (PE):    0.000ns
  Timing Exception:       False Path

    Location             Delay type                Incr(ns)  Path(ns)    Netlist Resource(s)
  -------------------------------------------------------------------    -------------------
                         (clock core_clk rise edge)
                                                      0.000     0.000 r  
                                                      0.000     0.000 r  clk (IN)
                         net (fo=57986, unset)        2.630     2.630    u_softmax/u_stager/clk
    SLICE_X48Y94         FDCE                                         r  u_softmax/u_stager/publish_slot_reg[1]/C
  -------------------------------------------------------------------    -------------------
    SLICE_X48Y94         FDCE (Prop_EFF_SLICEM_C_Q)
                                                      0.076     2.706 f  u_softmax/u_stager/publish_slot_reg[1]/Q
                         net (fo=233, routed)         2.709     5.415    u_softmax/u_stager/weight_wr_slot_id[1]
    SLICE_X61Y15         LUT2 (Prop_D6LUT_SLICEM_I1_O)
                                                      0.122     5.537 r  u_softmax/u_stager/weight_wr_data[20]_INST_0_i_240/O
                         net (fo=64, routed)          1.419     6.956    u_softmax/u_stager/weight_wr_data[20]_INST_0_i_240_n_0
    SLICE_X68Y4          LUT6 (Prop_D6LUT_SLICEM_I5_O)
                                                      0.122     7.078 r  u_softmax/u_stager/weight_wr_data[20]_INST_0_i_122/O
                         net (fo=1, routed)           0.025     7.103    u_softmax/u_stager/data64[20]
    SLICE_X68Y4          MUXF7 (Prop_F7MUX_CD_SLICEM_I0_O)
                                                      0.062     7.165 r  u_softmax/u_stager/weight_wr_data[20]_INST_0_i_52/O
                         net (fo=1, routed)           0.000     7.165    u_softmax/u_stager/weight_wr_data[20]_INST_0_i_52_n_0
    SLICE_X68Y4          MUXF8 (Prop_F8MUX_BOT_SLICEM_I0_O)
                                                      0.030     7.195 r  u_softmax/u_stager/weight_wr_data[20]_INST_0_i_17/O
                         net (fo=1, routed)           0.407     7.602    u_softmax/u_stager/weight_wr_data[20]_INST_0_i_17_n_0
    SLICE_X67Y23         LUT6 (Prop_D6LUT_SLICEL_I5_O)
                                                      0.146     7.748 r  u_softmax/u_stager/weight_wr_data[20]_INST_0_i_6/O
                         net (fo=1, routed)           0.009     7.757    u_softmax/u_stager/weight_wr_data[20]_INST_0_i_6_n_0
    SLICE_X67Y23         MUXF7 (Prop_F7MUX_CD_SLICEL_I0_O)
                                                      0.063     7.820 r  u_softmax/u_stager/weight_wr_data[20]_INST_0_i_2/O
                         net (fo=1, routed)           0.498     8.318    u_softmax/u_stager/weight_wr_data[20]_INST_0_i_2_n_0
    SLICE_X51Y23         LUT6 (Prop_H6LUT_SLICEM_I2_O)
                                                      0.053     8.371 r  u_softmax/u_stager/weight_wr_data[20]_INST_0/O
                         net (fo=0)                   0.000     8.371    weight_wr_data[20]
                                                                      r  weight_wr_data[20] (OUT)
  -------------------------------------------------------------------    -------------------

Slack:                    inf
  Source:                 u_softmax/u_stager/publish_slot_reg[1]/C
                            (rising edge-triggered cell FDCE clocked by core_clk  {rise@0.000ns fall@3.333ns period=6.666ns})
  Destination:            weight_wr_data[10]
                            (output port)
  Path Group:             (none)
  Path Type:              Max at Slow Process Corner
  Data Path Delay:        5.728ns  (logic 0.768ns (13.409%)  route 4.960ns (86.591%))
  Logic Levels:           7  (LUT2=1 LUT6=3 MUXF7=2 MUXF8=1)
  Clock Uncertainty:      0.025ns  ((TSJ^2 + TIJ^2)^1/2 + DJ) / 2 + PE
    Total System Jitter     (TSJ):    0.050ns
    Total Input Jitter      (TIJ):    0.000ns
    Discrete Jitter          (DJ):    0.000ns
    Phase Error              (PE):    0.000ns
  Timing Exception:       False Path

    Location             Delay type                Incr(ns)  Path(ns)    Netlist Resource(s)
  -------------------------------------------------------------------    -------------------
                         (clock core_clk rise edge)
                                                      0.000     0.000 r  
                                                      0.000     0.000 r  clk (IN)
                         net (fo=57986, unset)        2.630     2.630    u_softmax/u_stager/clk
    SLICE_X48Y94         FDCE                                         r  u_softmax/u_stager/publish_slot_reg[1]/C
  -------------------------------------------------------------------    -------------------
    SLICE_X48Y94         FDCE (Prop_EFF_SLICEM_C_Q)
                                                      0.076     2.706 r  u_softmax/u_stager/publish_slot_reg[1]/Q
                         net (fo=233, routed)         3.065     5.771    u_softmax/u_stager/weight_wr_slot_id[1]
    SLICE_X71Y18         LUT2 (Prop_D5LUT_SLICEM_I0_O)
                                                      0.097     5.868 r  u_softmax/u_stager/weight_wr_data[10]_INST_0_i_239/O
                         net (fo=64, routed)          1.026     6.894    u_softmax/u_stager/weight_wr_data[10]_INST_0_i_239_n_0
    SLICE_X75Y8          LUT6 (Prop_G6LUT_SLICEL_I3_O)
                                                      0.149     7.043 r  u_softmax/u_stager/weight_wr_data[10]_INST_0_i_123/O
                         net (fo=1, routed)           0.008     7.051    u_softmax/u_stager/data65[10]
    SLICE_X75Y8          MUXF7 (Prop_F7MUX_GH_SLICEL_I1_O)
                                                      0.056     7.107 r  u_softmax/u_stager/weight_wr_data[10]_INST_0_i_52/O
                         net (fo=1, routed)           0.000     7.107    u_softmax/u_stager/weight_wr_data[10]_INST_0_i_52_n_0
    SLICE_X75Y8          MUXF8 (Prop_F8MUX_TOP_SLICEL_I0_O)
                                                      0.026     7.133 r  u_softmax/u_stager/weight_wr_data[10]_INST_0_i_17/O
                         net (fo=1, routed)           0.630     7.763    u_softmax/u_stager/weight_wr_data[10]_INST_0_i_17_n_0
    SLICE_X70Y29         LUT6 (Prop_D6LUT_SLICEM_I5_O)
                                                      0.145     7.908 r  u_softmax/u_stager/weight_wr_data[10]_INST_0_i_6/O
                         net (fo=1, routed)           0.025     7.933    u_softmax/u_stager/weight_wr_data[10]_INST_0_i_6_n_0
    SLICE_X70Y29         MUXF7 (Prop_F7MUX_CD_SLICEM_I0_O)
                                                      0.069     8.002 r  u_softmax/u_stager/weight_wr_data[10]_INST_0_i_2/O
                         net (fo=1, routed)           0.206     8.208    u_softmax/u_stager/weight_wr_data[10]_INST_0_i_2_n_0
    SLICE_X67Y29         LUT6 (Prop_H6LUT_SLICEL_I2_O)
                                                      0.150     8.358 r  u_softmax/u_stager/weight_wr_data[10]_INST_0/O
                         net (fo=0)                   0.000     8.358    weight_wr_data[10]
                                                                      r  weight_wr_data[10] (OUT)
  -------------------------------------------------------------------    -------------------

Slack:                    inf
  Source:                 u_softmax/u_stager/publish_slot_reg[1]/C
                            (rising edge-triggered cell FDCE clocked by core_clk  {rise@0.000ns fall@3.333ns period=6.666ns})
  Destination:            weight_wr_data[24]
                            (output port)
  Path Group:             (none)
  Path Type:              Max at Slow Process Corner
  Data Path Delay:        5.661ns  (logic 0.731ns (12.912%)  route 4.930ns (87.088%))
  Logic Levels:           7  (LUT2=1 LUT6=3 MUXF7=2 MUXF8=1)
  Clock Uncertainty:      0.025ns  ((TSJ^2 + TIJ^2)^1/2 + DJ) / 2 + PE
    Total System Jitter     (TSJ):    0.050ns
    Total Input Jitter      (TIJ):    0.000ns
    Discrete Jitter          (DJ):    0.000ns
    Phase Error              (PE):    0.000ns
  Timing Exception:       False Path

    Location             Delay type                Incr(ns)  Path(ns)    Netlist Resource(s)
  -------------------------------------------------------------------    -------------------
                         (clock core_clk rise edge)
                                                      0.000     0.000 r  
                                                      0.000     0.000 r  clk (IN)
                         net (fo=57986, unset)        2.630     2.630    u_softmax/u_stager/clk
    SLICE_X48Y94         FDCE                                         r  u_softmax/u_stager/publish_slot_reg[1]/C
  -------------------------------------------------------------------    -------------------
    SLICE_X48Y94         FDCE (Prop_EFF_SLICEM_C_Q)
                                                      0.076     2.706 f  u_softmax/u_stager/publish_slot_reg[1]/Q
                         net (fo=233, routed)         3.072     5.778    u_softmax/u_stager/weight_wr_slot_id[1]
    SLICE_X71Y18         LUT2 (Prop_H5LUT_SLICEM_I1_O)
                                                      0.161     5.939 r  u_softmax/u_stager/weight_wr_data[24]_INST_0_i_238/O
                         net (fo=64, routed)          0.701     6.640    u_softmax/u_stager/weight_wr_data[24]_INST_0_i_238_n_0
    SLICE_X73Y6          LUT6 (Prop_D6LUT_SLICEM_I0_O)
                                                      0.145     6.785 r  u_softmax/u_stager/weight_wr_data[24]_INST_0_i_122/O
                         net (fo=1, routed)           0.025     6.810    u_softmax/u_stager/data64[24]
    SLICE_X73Y6          MUXF7 (Prop_F7MUX_CD_SLICEM_I0_O)
                                                      0.062     6.872 r  u_softmax/u_stager/weight_wr_data[24]_INST_0_i_52/O
                         net (fo=1, routed)           0.000     6.872    u_softmax/u_stager/weight_wr_data[24]_INST_0_i_52_n_0
    SLICE_X73Y6          MUXF8 (Prop_F8MUX_BOT_SLICEM_I0_O)
                                                      0.030     6.902 r  u_softmax/u_stager/weight_wr_data[24]_INST_0_i_17/O
                         net (fo=1, routed)           0.569     7.471    u_softmax/u_stager/weight_wr_data[24]_INST_0_i_17_n_0
    SLICE_X70Y29         LUT6 (Prop_B6LUT_SLICEM_I5_O)
                                                      0.089     7.560 r  u_softmax/u_stager/weight_wr_data[24]_INST_0_i_6/O
                         net (fo=1, routed)           0.017     7.577    u_softmax/u_stager/weight_wr_data[24]_INST_0_i_6_n_0
    SLICE_X70Y29         MUXF7 (Prop_F7MUX_AB_SLICEM_I0_O)
                                                      0.067     7.644 r  u_softmax/u_stager/weight_wr_data[24]_INST_0_i_2/O
                         net (fo=1, routed)           0.546     8.190    u_softmax/u_stager/weight_wr_data[24]_INST_0_i_2_n_0
    SLICE_X52Y30         LUT6 (Prop_H6LUT_SLICEM_I2_O)
                                                      0.101     8.291 r  u_softmax/u_stager/weight_wr_data[24]_INST_0/O
                         net (fo=0)                   0.000     8.291    weight_wr_data[24]
                                                                      r  weight_wr_data[24] (OUT)
  -------------------------------------------------------------------    -------------------

Slack:                    inf
  Source:                 u_softmax/u_stager/publish_slot_reg[1]/C
                            (rising edge-triggered cell FDCE clocked by core_clk  {rise@0.000ns fall@3.333ns period=6.666ns})
  Destination:            weight_wr_data[13]
                            (output port)
  Path Group:             (none)
  Path Type:              Max at Slow Process Corner
  Data Path Delay:        5.652ns  (logic 0.782ns (13.836%)  route 4.870ns (86.164%))
  Logic Levels:           7  (LUT2=1 LUT6=3 MUXF7=2 MUXF8=1)
  Clock Uncertainty:      0.025ns  ((TSJ^2 + TIJ^2)^1/2 + DJ) / 2 + PE
    Total System Jitter     (TSJ):    0.050ns
    Total Input Jitter      (TIJ):    0.000ns
    Discrete Jitter          (DJ):    0.000ns
    Phase Error              (PE):    0.000ns
  Timing Exception:       False Path

    Location             Delay type                Incr(ns)  Path(ns)    Netlist Resource(s)
  -------------------------------------------------------------------    -------------------
                         (clock core_clk rise edge)
                                                      0.000     0.000 r  
                                                      0.000     0.000 r  clk (IN)
                         net (fo=57986, unset)        2.630     2.630    u_softmax/u_stager/clk
    SLICE_X48Y94         FDCE                                         r  u_softmax/u_stager/publish_slot_reg[1]/C
  -------------------------------------------------------------------    -------------------
    SLICE_X48Y94         FDCE (Prop_EFF_SLICEM_C_Q)
                                                      0.076     2.706 f  u_softmax/u_stager/publish_slot_reg[1]/Q
                         net (fo=233, routed)         2.845     5.551    u_softmax/u_stager/weight_wr_slot_id[1]
    SLICE_X63Y16         LUT2 (Prop_D5LUT_SLICEM_I1_O)
                                                      0.110     5.661 r  u_softmax/u_stager/weight_wr_data[13]_INST_0_i_240/O
                         net (fo=64, routed)          1.322     6.983    u_softmax/u_stager/weight_wr_data[13]_INST_0_i_240_n_0
    SLICE_X66Y33         LUT6 (Prop_G6LUT_SLICEL_I5_O)
                                                      0.149     7.132 r  u_softmax/u_stager/weight_wr_data[13]_INST_0_i_131/O
                         net (fo=1, routed)           0.008     7.140    u_softmax/u_stager/data89[13]
    SLICE_X66Y33         MUXF7 (Prop_F7MUX_GH_SLICEL_I1_O)
                                                      0.056     7.196 r  u_softmax/u_stager/weight_wr_data[13]_INST_0_i_56/O
                         net (fo=1, routed)           0.000     7.196    u_softmax/u_stager/weight_wr_data[13]_INST_0_i_56_n_0
    SLICE_X66Y33         MUXF8 (Prop_F8MUX_TOP_SLICEL_I0_O)
                                                      0.026     7.222 r  u_softmax/u_stager/weight_wr_data[13]_INST_0_i_19/O
                         net (fo=1, routed)           0.338     7.560    u_softmax/u_stager/weight_wr_data[13]_INST_0_i_19_n_0
    SLICE_X64Y28         LUT6 (Prop_C6LUT_SLICEM_I1_O)
                                                      0.145     7.705 r  u_softmax/u_stager/weight_wr_data[13]_INST_0_i_7/O
                         net (fo=1, routed)           0.021     7.726    u_softmax/u_stager/weight_wr_data[13]_INST_0_i_7_n_0
    SLICE_X64Y28         MUXF7 (Prop_F7MUX_CD_SLICEM_I1_O)
                                                      0.068     7.794 r  u_softmax/u_stager/weight_wr_data[13]_INST_0_i_2/O
                         net (fo=1, routed)           0.336     8.130    u_softmax/u_stager/weight_wr_data[13]_INST_0_i_2_n_0
    SLICE_X57Y28         LUT6 (Prop_H6LUT_SLICEM_I2_O)
                                                      0.152     8.282 r  u_softmax/u_stager/weight_wr_data[13]_INST_0/O
                         net (fo=0)                   0.000     8.282    weight_wr_data[13]
                                                                      r  weight_wr_data[13] (OUT)
  -------------------------------------------------------------------    -------------------

Slack:                    inf
  Source:                 u_softmax/u_stager/publish_slot_reg[1]/C
                            (rising edge-triggered cell FDCE clocked by core_clk  {rise@0.000ns fall@3.333ns period=6.666ns})
  Destination:            weight_wr_data[8]
                            (output port)
  Path Group:             (none)
  Path Type:              Max at Slow Process Corner
  Data Path Delay:        5.634ns  (logic 0.815ns (14.465%)  route 4.819ns (85.535%))
  Logic Levels:           7  (LUT2=1 LUT6=3 MUXF7=2 MUXF8=1)
  Clock Uncertainty:      0.025ns  ((TSJ^2 + TIJ^2)^1/2 + DJ) / 2 + PE
    Total System Jitter     (TSJ):    0.050ns
    Total Input Jitter      (TIJ):    0.000ns
    Discrete Jitter          (DJ):    0.000ns
    Phase Error              (PE):    0.000ns
  Timing Exception:       False Path

    Location             Delay type                Incr(ns)  Path(ns)    Netlist Resource(s)
  -------------------------------------------------------------------    -------------------
                         (clock core_clk rise edge)
                                                      0.000     0.000 r  
                                                      0.000     0.000 r  clk (IN)
                         net (fo=57986, unset)        2.630     2.630    u_softmax/u_stager/clk
    SLICE_X48Y94         FDCE                                         r  u_softmax/u_stager/publish_slot_reg[1]/C
  -------------------------------------------------------------------    -------------------
    SLICE_X48Y94         FDCE (Prop_EFF_SLICEM_C_Q)
                                                      0.076     2.706 f  u_softmax/u_stager/publish_slot_reg[1]/Q
                         net (fo=233, routed)         2.530     5.236    u_softmax/u_stager/weight_wr_slot_id[1]
    SLICE_X52Y16         LUT2 (Prop_G6LUT_SLICEM_I1_O)
                                                      0.150     5.386 r  u_softmax/u_stager/weight_wr_data[8]_INST_0_i_240/O
                         net (fo=64, routed)          1.245     6.631    u_softmax/u_stager/weight_wr_data[8]_INST_0_i_240_n_0
    SLICE_X69Y8          LUT6 (Prop_B6LUT_SLICEL_I5_O)
                                                      0.148     6.779 r  u_softmax/u_stager/weight_wr_data[8]_INST_0_i_116/O
                         net (fo=1, routed)           0.009     6.788    u_softmax/u_stager/data74[8]
    SLICE_X69Y8          MUXF7 (Prop_F7MUX_AB_SLICEL_I0_O)
                                                      0.056     6.844 r  u_softmax/u_stager/weight_wr_data[8]_INST_0_i_49/O
                         net (fo=1, routed)           0.000     6.844    u_softmax/u_stager/weight_wr_data[8]_INST_0_i_49_n_0
    SLICE_X69Y8          MUXF8 (Prop_F8MUX_BOT_SLICEL_I1_O)
                                                      0.026     6.870 r  u_softmax/u_stager/weight_wr_data[8]_INST_0_i_15/O
                         net (fo=1, routed)           0.381     7.251    u_softmax/u_stager/weight_wr_data[8]_INST_0_i_15_n_0
    SLICE_X68Y25         LUT6 (Prop_D6LUT_SLICEM_I1_O)
                                                      0.145     7.396 r  u_softmax/u_stager/weight_wr_data[8]_INST_0_i_6/O
                         net (fo=1, routed)           0.025     7.421    u_softmax/u_stager/weight_wr_data[8]_INST_0_i_6_n_0
    SLICE_X68Y25         MUXF7 (Prop_F7MUX_CD_SLICEM_I0_O)
                                                      0.069     7.490 r  u_softmax/u_stager/weight_wr_data[8]_INST_0_i_2/O
                         net (fo=1, routed)           0.629     8.119    u_softmax/u_stager/weight_wr_data[8]_INST_0_i_2_n_0
    SLICE_X45Y25         LUT6 (Prop_D6LUT_SLICEM_I2_O)
                                                      0.145     8.264 r  u_softmax/u_stager/weight_wr_data[8]_INST_0/O
                         net (fo=0)                   0.000     8.264    weight_wr_data[8]
                                                                      r  weight_wr_data[8] (OUT)
  -------------------------------------------------------------------    -------------------

Slack:                    inf
  Source:                 u_softmax/u_stager/publish_slot_reg[1]/C
                            (rising edge-triggered cell FDCE clocked by core_clk  {rise@0.000ns fall@3.333ns period=6.666ns})
  Destination:            weight_wr_data[28]
                            (output port)
  Path Group:             (none)
  Path Type:              Max at Slow Process Corner
  Data Path Delay:        5.621ns  (logic 0.741ns (13.182%)  route 4.880ns (86.818%))
  Logic Levels:           7  (LUT2=1 LUT6=3 MUXF7=2 MUXF8=1)
  Clock Uncertainty:      0.025ns  ((TSJ^2 + TIJ^2)^1/2 + DJ) / 2 + PE
    Total System Jitter     (TSJ):    0.050ns
    Total Input Jitter      (TIJ):    0.000ns
    Discrete Jitter          (DJ):    0.000ns
    Phase Error              (PE):    0.000ns
  Timing Exception:       False Path

    Location             Delay type                Incr(ns)  Path(ns)    Netlist Resource(s)
  -------------------------------------------------------------------    -------------------
                         (clock core_clk rise edge)
                                                      0.000     0.000 r  
                                                      0.000     0.000 r  clk (IN)
                         net (fo=57986, unset)        2.630     2.630    u_softmax/u_stager/clk
    SLICE_X48Y94         FDCE                                         r  u_softmax/u_stager/publish_slot_reg[1]/C
  -------------------------------------------------------------------    -------------------
    SLICE_X48Y94         FDCE (Prop_EFF_SLICEM_C_Q)
                                                      0.076     2.706 f  u_softmax/u_stager/publish_slot_reg[1]/Q
                         net (fo=233, routed)         2.538     5.244    u_softmax/u_stager/weight_wr_slot_id[1]
    SLICE_X52Y16         LUT2 (Prop_H5LUT_SLICEM_I1_O)
                                                      0.161     5.405 r  u_softmax/u_stager/weight_wr_data[28]_INST_0_i_238/O
                         net (fo=64, routed)          1.329     6.734    u_softmax/u_stager/weight_wr_data[28]_INST_0_i_238_n_0
    SLICE_X71Y10         LUT6 (Prop_D6LUT_SLICEM_I0_O)
                                                      0.145     6.879 r  u_softmax/u_stager/weight_wr_data[28]_INST_0_i_114/O
                         net (fo=1, routed)           0.025     6.904    u_softmax/u_stager/data72[28]
    SLICE_X71Y10         MUXF7 (Prop_F7MUX_CD_SLICEM_I0_O)
                                                      0.062     6.966 r  u_softmax/u_stager/weight_wr_data[28]_INST_0_i_48/O
                         net (fo=1, routed)           0.000     6.966    u_softmax/u_stager/weight_wr_data[28]_INST_0_i_48_n_0
    SLICE_X71Y10         MUXF8 (Prop_F8MUX_BOT_SLICEM_I0_O)
                                                      0.030     6.996 r  u_softmax/u_stager/weight_wr_data[28]_INST_0_i_15/O
                         net (fo=1, routed)           0.444     7.440    u_softmax/u_stager/weight_wr_data[28]_INST_0_i_15_n_0
    SLICE_X70Y23         LUT6 (Prop_D6LUT_SLICEM_I1_O)
                                                      0.145     7.585 r  u_softmax/u_stager/weight_wr_data[28]_INST_0_i_6/O
                         net (fo=1, routed)           0.025     7.610    u_softmax/u_stager/weight_wr_data[28]_INST_0_i_6_n_0
    SLICE_X70Y23         MUXF7 (Prop_F7MUX_CD_SLICEM_I0_O)
                                                      0.069     7.679 r  u_softmax/u_stager/weight_wr_data[28]_INST_0_i_2/O
                         net (fo=1, routed)           0.519     8.198    u_softmax/u_stager/weight_wr_data[28]_INST_0_i_2_n_0
    SLICE_X49Y23         LUT6 (Prop_H6LUT_SLICEM_I2_O)
                                                      0.053     8.251 r  u_softmax/u_stager/weight_wr_data[28]_INST_0/O
                         net (fo=0)                   0.000     8.251    weight_wr_data[28]
                                                                      r  weight_wr_data[28] (OUT)
  -------------------------------------------------------------------    -------------------

Slack:                    inf
  Source:                 u_softmax/u_stager/publish_slot_reg[1]/C
                            (rising edge-triggered cell FDCE clocked by core_clk  {rise@0.000ns fall@3.333ns period=6.666ns})
  Destination:            weight_wr_data[22]
                            (output port)
  Path Group:             (none)
  Path Type:              Max at Slow Process Corner
  Data Path Delay:        5.616ns  (logic 0.586ns (10.434%)  route 5.030ns (89.566%))
  Logic Levels:           8  (LUT2=1 LUT6=3 MUXF7=2 MUXF8=2)
  Clock Uncertainty:      0.025ns  ((TSJ^2 + TIJ^2)^1/2 + DJ) / 2 + PE
    Total System Jitter     (TSJ):    0.050ns
    Total Input Jitter      (TIJ):    0.000ns
    Discrete Jitter          (DJ):    0.000ns
    Phase Error              (PE):    0.000ns
  Timing Exception:       False Path

    Location             Delay type                Incr(ns)  Path(ns)    Netlist Resource(s)
  -------------------------------------------------------------------    -------------------
                         (clock core_clk rise edge)
                                                      0.000     0.000 r  
                                                      0.000     0.000 r  clk (IN)
                         net (fo=57986, unset)        2.630     2.630    u_softmax/u_stager/clk
    SLICE_X48Y94         FDCE                                         r  u_softmax/u_stager/publish_slot_reg[1]/C
  -------------------------------------------------------------------    -------------------
    SLICE_X48Y94         FDCE (Prop_EFF_SLICEM_C_Q)
                                                      0.076     2.706 f  u_softmax/u_stager/publish_slot_reg[1]/Q
                         net (fo=233, routed)         1.840     4.546    u_softmax/u_stager/weight_wr_slot_id[1]
    SLICE_X43Y135        LUT2 (Prop_D6LUT_SLICEL_I1_O)
                                                      0.089     4.635 r  u_softmax/u_stager/weight_wr_data[22]_INST_0_i_243/O
                         net (fo=64, routed)          1.461     6.096    u_softmax/u_stager/weight_wr_data[22]_INST_0_i_243_n_0
    SLICE_X49Y84         LUT6 (Prop_H6LUT_SLICEM_I5_O)
                                                      0.125     6.221 r  u_softmax/u_stager/weight_wr_data[22]_INST_0_i_230/O
                         net (fo=1, routed)           0.014     6.235    u_softmax/u_stager/data52[22]
    SLICE_X49Y84         MUXF7 (Prop_F7MUX_GH_SLICEM_I0_O)
                                                      0.059     6.294 r  u_softmax/u_stager/weight_wr_data[22]_INST_0_i_106/O
                         net (fo=1, routed)           0.000     6.294    u_softmax/u_stager/weight_wr_data[22]_INST_0_i_106_n_0
    SLICE_X49Y84         MUXF8 (Prop_F8MUX_TOP_SLICEM_I0_O)
                                                      0.028     6.322 r  u_softmax/u_stager/weight_wr_data[22]_INST_0_i_44/O
                         net (fo=1, routed)           0.713     7.035    u_softmax/u_stager/weight_wr_data[22]_INST_0_i_44_n_0
    SLICE_X53Y127        LUT6 (Prop_A6LUT_SLICEL_I3_O)
                                                      0.090     7.125 r  u_softmax/u_stager/weight_wr_data[22]_INST_0_i_13/O
                         net (fo=1, routed)           0.009     7.134    u_softmax/u_stager/weight_wr_data[22]_INST_0_i_13_n_0
    SLICE_X53Y127        MUXF7 (Prop_F7MUX_AB_SLICEL_I1_O)
                                                      0.057     7.191 r  u_softmax/u_stager/weight_wr_data[22]_INST_0_i_5/O
                         net (fo=1, routed)           0.000     7.191    u_softmax/u_stager/weight_wr_data[22]_INST_0_i_5_n_0
    SLICE_X53Y127        MUXF8 (Prop_F8MUX_BOT_SLICEL_I1_O)
                                                      0.026     7.217 r  u_softmax/u_stager/weight_wr_data[22]_INST_0_i_1/O
                         net (fo=1, routed)           0.993     8.210    u_softmax/u_stager/weight_wr_data[22]_INST_0_i_1_n_0
    SLICE_X53Y23         LUT6 (Prop_H6LUT_SLICEL_I0_O)
                                                      0.036     8.246 r  u_softmax/u_stager/weight_wr_data[22]_INST_0/O
                         net (fo=0)                   0.000     8.246    weight_wr_data[22]
                                                                      r  weight_wr_data[22] (OUT)
  -------------------------------------------------------------------    -------------------





--------------------------------------------------------------------------------------
Path Group:  (none)
From Clock:  
  To Clock:  core_clk

Max Delay         33549 Endpoints
Min Delay             0 Endpoints
--------------------------------------------------------------------------------------


Max Delay Paths
--------------------------------------------------------------------------------------
Slack:                    inf
  Source:                 score_bf16[0]
                            (input port)
  Destination:            u_softmax/u_compatibility/u_core/ctx_expected_key_reg[3][6]/CE
                            (rising edge-triggered cell FDCE clocked by core_clk  {rise@0.000ns fall@3.333ns period=6.666ns})
  Path Group:             (none)
  Path Type:              Setup (Max at Slow Process Corner)
  Data Path Delay:        6.106ns  (logic 1.999ns (32.736%)  route 4.107ns (67.264%))
  Logic Levels:           17  (CARRY8=4 LUT4=3 LUT5=1 LUT6=9)
  Clock Path Skew:        2.330ns (DCD - SCD + CPR)
    Destination Clock Delay (DCD):    2.330ns
    Source Clock Delay      (SCD):    0.000ns
    Clock Pessimism Removal (CPR):    0.000ns
  Clock Uncertainty:      0.025ns  ((TSJ^2 + TIJ^2)^1/2 + DJ) / 2 + PE
    Total System Jitter     (TSJ):    0.050ns
    Total Input Jitter      (TIJ):    0.000ns
    Discrete Jitter          (DJ):    0.000ns
    Phase Error              (PE):    0.000ns
  Timing Exception:       False Path

    Location             Delay type                Incr(ns)  Path(ns)    Netlist Resource(s)
  -------------------------------------------------------------------    -------------------
                                                      0.000     0.000 f  score_bf16[0] (IN)
                         net (fo=17, unset)           0.000     0.000    u_softmax/u_compatibility/u_core/score_bf16[0]
    SLICE_X60Y158        LUT6 (Prop_G6LUT_SLICEM_I0_O)
                                                      0.150     0.150 f  u_softmax/u_compatibility/u_core/calc_score_fixed[1]_i_11/O
                         net (fo=2, routed)           0.146     0.296    u_softmax/u_compatibility/u_core/calc_score_fixed[1]_i_11_n_0
    SLICE_X60Y157        LUT6 (Prop_D6LUT_SLICEM_I1_O)
                                                      0.122     0.418 r  u_softmax/u_compatibility/u_core/calc_score_fixed[3]_i_14/O
                         net (fo=3, routed)           0.202     0.620    u_softmax/u_compatibility/u_core/calc_score_fixed[3]_i_14_n_0
    SLICE_X60Y157        LUT6 (Prop_A6LUT_SLICEM_I0_O)
                                                      0.150     0.770 r  u_softmax/u_compatibility/u_core/calc_score_fixed[7]_i_18/O
                         net (fo=6, routed)           0.177     0.947    u_softmax/u_compatibility/u_core/calc_score_fixed[7]_i_18_n_0
    SLICE_X60Y156        LUT6 (Prop_D6LUT_SLICEM_I0_O)
                                                      0.145     1.092 r  u_softmax/u_compatibility/u_core/calc_score_fixed[1]_i_10/O
                         net (fo=1, routed)           0.052     1.144    u_softmax/u_compatibility/u_core/calc_score_fixed[1]_i_10_n_0
    SLICE_X60Y156        LUT6 (Prop_C6LUT_SLICEM_I1_O)
                                                      0.145     1.289 f  u_softmax/u_compatibility/u_core/calc_score_fixed[1]_i_6/O
                         net (fo=2, routed)           0.209     1.498    u_softmax/u_compatibility/u_core/calc_score_fixed[1]_i_6_n_0
    SLICE_X59Y157        LUT6 (Prop_G6LUT_SLICEL_I5_O)
                                                      0.149     1.647 r  u_softmax/u_compatibility/u_core/calc_score_fixed[1]_i_2/O
                         net (fo=2, routed)           0.280     1.926    u_softmax/u_compatibility/u_core/p_0_in__0[1]
    SLICE_X58Y158        CARRY8 (Prop_CARRY8_SLICEM_S[0]_CO[7])
                                                      0.192     2.118 r  u_softmax/u_compatibility/u_core/calc_score_fixed_reg[7]_i_3/CO[7]
                         net (fo=1, routed)           0.026     2.144    u_softmax/u_compatibility/u_core/calc_score_fixed_reg[7]_i_3_n_0
    SLICE_X58Y159        CARRY8 (Prop_CARRY8_SLICEM_CI_CO[7])
                                                      0.015     2.159 r  u_softmax/u_compatibility/u_core/calc_score_fixed_reg[16]_i_3/CO[7]
                         net (fo=1, routed)           0.026     2.185    u_softmax/u_compatibility/u_core/calc_score_fixed_reg[16]_i_3_n_0
    SLICE_X58Y160        CARRY8 (Prop_CARRY8_SLICEM_CI_O[6])
                                                      0.103     2.288 r  u_softmax/u_compatibility/u_core/calc_score_fixed_reg[22]_i_5/O[6]
                         net (fo=1, routed)           0.240     2.528    u_softmax/u_compatibility/u_core/calc_score_fixed_reg[22]_i_5_n_9
    SLICE_X57Y161        LUT6 (Prop_B6LUT_SLICEM_I4_O)
                                                      0.052     2.580 f  u_softmax/u_compatibility/u_core/calc_score_fixed[23]_i_3/O
                         net (fo=1, routed)           0.195     2.775    u_softmax/u_compatibility/u_core/calc_score_fixed[23]_i_3_n_0
    SLICE_X57Y161        LUT6 (Prop_C6LUT_SLICEM_I1_O)
                                                      0.088     2.863 r  u_softmax/u_compatibility/u_core/calc_score_fixed[23]_i_1/O
                         net (fo=3, routed)           0.280     3.143    u_softmax/u_compatibility/u_core/calc_score_fixed[23]_i_1_n_0
    SLICE_X56Y162        LUT4 (Prop_D6LUT_SLICEL_I0_O)
                                                      0.146     3.289 r  u_softmax/u_compatibility/u_core/calc_last_i_48/O
                         net (fo=1, routed)           0.009     3.298    u_softmax/u_compatibility/u_core/calc_last_i_48_n_0
    SLICE_X56Y162        CARRY8 (Prop_CARRY8_SLICEL_S[3]_CO[3])
                                                      0.128     3.426 r  u_softmax/u_compatibility/u_core/calc_last_reg_i_13/CO[3]
                         net (fo=1, routed)           0.317     3.743    u_softmax/u_compatibility/u_core/score_max_legal0
    SLICE_X60Y167        LUT6 (Prop_D6LUT_SLICEM_I2_O)
                                                      0.088     3.831 f  u_softmax/u_compatibility/u_core/calc_last_i_4/O
                         net (fo=1, routed)           0.092     3.923    u_softmax/u_compatibility/u_core/calc_last_i_4_n_0
    SLICE_X59Y167        LUT4 (Prop_H6LUT_SLICEL_I1_O)
                                                      0.051     3.974 r  u_softmax/u_compatibility/u_core/calc_last_i_2/O
                         net (fo=7, routed)           0.690     4.665    u_softmax/u_compatibility/u_core/calc_last_i_2_n_0
    SLICE_X59Y119        LUT4 (Prop_H6LUT_SLICEL_I3_O)
                                                      0.150     4.815 r  u_softmax/u_compatibility/u_core/calc_last_i_1/O
                         net (fo=89, routed)          0.867     5.682    u_softmax/u_compatibility/u_core/calc_last_i_1_n_0
    SLICE_X60Y166        LUT5 (Prop_B6LUT_SLICEM_I4_O)
                                                      0.125     5.807 r  u_softmax/u_compatibility/u_core/ctx_expected_key[3][6]_i_1/O
                         net (fo=7, routed)           0.300     6.106    u_softmax/u_compatibility/u_core/ctx_expected_key[3][6]_i_1_n_0
    SLICE_X59Y168        FDCE                                         r  u_softmax/u_compatibility/u_core/ctx_expected_key_reg[3][6]/CE
  -------------------------------------------------------------------    -------------------

                         (clock core_clk rise edge)
                                                      0.000     0.000 r  
                                                      0.000     0.000 r  clk (IN)
                         net (fo=57986, unset)        2.330     2.330    u_softmax/u_compatibility/u_core/clk
    SLICE_X59Y168        FDCE                                         r  u_softmax/u_compatibility/u_core/ctx_expected_key_reg[3][6]/C

Slack:                    inf
  Source:                 score_bf16[0]
                            (input port)
  Destination:            u_softmax/u_compatibility/u_core/ctx_expected_key_reg[1][1]/CE
                            (rising edge-triggered cell FDCE clocked by core_clk  {rise@0.000ns fall@3.333ns period=6.666ns})
  Path Group:             (none)
  Path Type:              Setup (Max at Slow Process Corner)
  Data Path Delay:        6.106ns  (logic 1.997ns (32.705%)  route 4.109ns (67.295%))
  Logic Levels:           17  (CARRY8=4 LUT4=3 LUT5=1 LUT6=9)
  Clock Path Skew:        2.390ns (DCD - SCD + CPR)
    Destination Clock Delay (DCD):    2.390ns
    Source Clock Delay      (SCD):    0.000ns
    Clock Pessimism Removal (CPR):    0.000ns
  Clock Uncertainty:      0.025ns  ((TSJ^2 + TIJ^2)^1/2 + DJ) / 2 + PE
    Total System Jitter     (TSJ):    0.050ns
    Total Input Jitter      (TIJ):    0.000ns
    Discrete Jitter          (DJ):    0.000ns
    Phase Error              (PE):    0.000ns
  Timing Exception:       False Path

    Location             Delay type                Incr(ns)  Path(ns)    Netlist Resource(s)
  -------------------------------------------------------------------    -------------------
                                                      0.000     0.000 f  score_bf16[0] (IN)
                         net (fo=17, unset)           0.000     0.000    u_softmax/u_compatibility/u_core/score_bf16[0]
    SLICE_X60Y158        LUT6 (Prop_G6LUT_SLICEM_I0_O)
                                                      0.150     0.150 f  u_softmax/u_compatibility/u_core/calc_score_fixed[1]_i_11/O
                         net (fo=2, routed)           0.146     0.296    u_softmax/u_compatibility/u_core/calc_score_fixed[1]_i_11_n_0
    SLICE_X60Y157        LUT6 (Prop_D6LUT_SLICEM_I1_O)
                                                      0.122     0.418 r  u_softmax/u_compatibility/u_core/calc_score_fixed[3]_i_14/O
                         net (fo=3, routed)           0.202     0.620    u_softmax/u_compatibility/u_core/calc_score_fixed[3]_i_14_n_0
    SLICE_X60Y157        LUT6 (Prop_A6LUT_SLICEM_I0_O)
                                                      0.150     0.770 r  u_softmax/u_compatibility/u_core/calc_score_fixed[7]_i_18/O
                         net (fo=6, routed)           0.177     0.947    u_softmax/u_compatibility/u_core/calc_score_fixed[7]_i_18_n_0
    SLICE_X60Y156        LUT6 (Prop_D6LUT_SLICEM_I0_O)
                                                      0.145     1.092 r  u_softmax/u_compatibility/u_core/calc_score_fixed[1]_i_10/O
                         net (fo=1, routed)           0.052     1.144    u_softmax/u_compatibility/u_core/calc_score_fixed[1]_i_10_n_0
    SLICE_X60Y156        LUT6 (Prop_C6LUT_SLICEM_I1_O)
                                                      0.145     1.289 f  u_softmax/u_compatibility/u_core/calc_score_fixed[1]_i_6/O
                         net (fo=2, routed)           0.209     1.498    u_softmax/u_compatibility/u_core/calc_score_fixed[1]_i_6_n_0
    SLICE_X59Y157        LUT6 (Prop_G6LUT_SLICEL_I5_O)
                                                      0.149     1.647 r  u_softmax/u_compatibility/u_core/calc_score_fixed[1]_i_2/O
                         net (fo=2, routed)           0.280     1.926    u_softmax/u_compatibility/u_core/p_0_in__0[1]
    SLICE_X58Y158        CARRY8 (Prop_CARRY8_SLICEM_S[0]_CO[7])
                                                      0.192     2.118 r  u_softmax/u_compatibility/u_core/calc_score_fixed_reg[7]_i_3/CO[7]
                         net (fo=1, routed)           0.026     2.144    u_softmax/u_compatibility/u_core/calc_score_fixed_reg[7]_i_3_n_0
    SLICE_X58Y159        CARRY8 (Prop_CARRY8_SLICEM_CI_CO[7])
                                                      0.015     2.159 r  u_softmax/u_compatibility/u_core/calc_score_fixed_reg[16]_i_3/CO[7]
                         net (fo=1, routed)           0.026     2.185    u_softmax/u_compatibility/u_core/calc_score_fixed_reg[16]_i_3_n_0
    SLICE_X58Y160        CARRY8 (Prop_CARRY8_SLICEM_CI_O[6])
                                                      0.103     2.288 r  u_softmax/u_compatibility/u_core/calc_score_fixed_reg[22]_i_5/O[6]
                         net (fo=1, routed)           0.240     2.528    u_softmax/u_compatibility/u_core/calc_score_fixed_reg[22]_i_5_n_9
    SLICE_X57Y161        LUT6 (Prop_B6LUT_SLICEM_I4_O)
                                                      0.052     2.580 f  u_softmax/u_compatibility/u_core/calc_score_fixed[23]_i_3/O
                         net (fo=1, routed)           0.195     2.775    u_softmax/u_compatibility/u_core/calc_score_fixed[23]_i_3_n_0
    SLICE_X57Y161        LUT6 (Prop_C6LUT_SLICEM_I1_O)
                                                      0.088     2.863 r  u_softmax/u_compatibility/u_core/calc_score_fixed[23]_i_1/O
                         net (fo=3, routed)           0.280     3.143    u_softmax/u_compatibility/u_core/calc_score_fixed[23]_i_1_n_0
    SLICE_X56Y162        LUT4 (Prop_D6LUT_SLICEL_I0_O)
                                                      0.146     3.289 r  u_softmax/u_compatibility/u_core/calc_last_i_48/O
                         net (fo=1, routed)           0.009     3.298    u_softmax/u_compatibility/u_core/calc_last_i_48_n_0
    SLICE_X56Y162        CARRY8 (Prop_CARRY8_SLICEL_S[3]_CO[3])
                                                      0.128     3.426 r  u_softmax/u_compatibility/u_core/calc_last_reg_i_13/CO[3]
                         net (fo=1, routed)           0.317     3.743    u_softmax/u_compatibility/u_core/score_max_legal0
    SLICE_X60Y167        LUT6 (Prop_D6LUT_SLICEM_I2_O)
                                                      0.088     3.831 f  u_softmax/u_compatibility/u_core/calc_last_i_4/O
                         net (fo=1, routed)           0.092     3.923    u_softmax/u_compatibility/u_core/calc_last_i_4_n_0
    SLICE_X59Y167        LUT4 (Prop_H6LUT_SLICEL_I1_O)
                                                      0.051     3.974 r  u_softmax/u_compatibility/u_core/calc_last_i_2/O
                         net (fo=7, routed)           0.690     4.665    u_softmax/u_compatibility/u_core/calc_last_i_2_n_0
    SLICE_X59Y119        LUT4 (Prop_H6LUT_SLICEL_I3_O)
                                                      0.150     4.815 r  u_softmax/u_compatibility/u_core/calc_last_i_1/O
                         net (fo=89, routed)          0.851     5.666    u_softmax/u_compatibility/u_core/calc_last_i_1_n_0
    SLICE_X60Y166        LUT5 (Prop_C6LUT_SLICEM_I4_O)
                                                      0.123     5.789 r  u_softmax/u_compatibility/u_core/ctx_expected_key[1][6]_i_1/O
                         net (fo=7, routed)           0.317     6.106    u_softmax/u_compatibility/u_core/ctx_expected_key[1][6]_i_1_n_0
    SLICE_X61Y167        FDCE                                         r  u_softmax/u_compatibility/u_core/ctx_expected_key_reg[1][1]/CE
  -------------------------------------------------------------------    -------------------

                         (clock core_clk rise edge)
                                                      0.000     0.000 r  
                                                      0.000     0.000 r  clk (IN)
                         net (fo=57986, unset)        2.390     2.390    u_softmax/u_compatibility/u_core/clk
    SLICE_X61Y167        FDCE                                         r  u_softmax/u_compatibility/u_core/ctx_expected_key_reg[1][1]/C

Slack:                    inf
  Source:                 score_bf16[0]
                            (input port)
  Destination:            u_softmax/u_compatibility/u_core/ctx_expected_key_reg[1][4]/CE
                            (rising edge-triggered cell FDCE clocked by core_clk  {rise@0.000ns fall@3.333ns period=6.666ns})
  Path Group:             (none)
  Path Type:              Setup (Max at Slow Process Corner)
  Data Path Delay:        6.091ns  (logic 1.997ns (32.789%)  route 4.094ns (67.211%))
  Logic Levels:           17  (CARRY8=4 LUT4=3 LUT5=1 LUT6=9)
  Clock Path Skew:        2.337ns (DCD - SCD + CPR)
    Destination Clock Delay (DCD):    2.337ns
    Source Clock Delay      (SCD):    0.000ns
    Clock Pessimism Removal (CPR):    0.000ns
  Clock Uncertainty:      0.025ns  ((TSJ^2 + TIJ^2)^1/2 + DJ) / 2 + PE
    Total System Jitter     (TSJ):    0.050ns
    Total Input Jitter      (TIJ):    0.000ns
    Discrete Jitter          (DJ):    0.000ns
    Phase Error              (PE):    0.000ns
  Timing Exception:       False Path

    Location             Delay type                Incr(ns)  Path(ns)    Netlist Resource(s)
  -------------------------------------------------------------------    -------------------
                                                      0.000     0.000 f  score_bf16[0] (IN)
                         net (fo=17, unset)           0.000     0.000    u_softmax/u_compatibility/u_core/score_bf16[0]
    SLICE_X60Y158        LUT6 (Prop_G6LUT_SLICEM_I0_O)
                                                      0.150     0.150 f  u_softmax/u_compatibility/u_core/calc_score_fixed[1]_i_11/O
                         net (fo=2, routed)           0.146     0.296    u_softmax/u_compatibility/u_core/calc_score_fixed[1]_i_11_n_0
    SLICE_X60Y157        LUT6 (Prop_D6LUT_SLICEM_I1_O)
                                                      0.122     0.418 r  u_softmax/u_compatibility/u_core/calc_score_fixed[3]_i_14/O
                         net (fo=3, routed)           0.202     0.620    u_softmax/u_compatibility/u_core/calc_score_fixed[3]_i_14_n_0
    SLICE_X60Y157        LUT6 (Prop_A6LUT_SLICEM_I0_O)
                                                      0.150     0.770 r  u_softmax/u_compatibility/u_core/calc_score_fixed[7]_i_18/O
                         net (fo=6, routed)           0.177     0.947    u_softmax/u_compatibility/u_core/calc_score_fixed[7]_i_18_n_0
    SLICE_X60Y156        LUT6 (Prop_D6LUT_SLICEM_I0_O)
                                                      0.145     1.092 r  u_softmax/u_compatibility/u_core/calc_score_fixed[1]_i_10/O
                         net (fo=1, routed)           0.052     1.144    u_softmax/u_compatibility/u_core/calc_score_fixed[1]_i_10_n_0
    SLICE_X60Y156        LUT6 (Prop_C6LUT_SLICEM_I1_O)
                                                      0.145     1.289 f  u_softmax/u_compatibility/u_core/calc_score_fixed[1]_i_6/O
                         net (fo=2, routed)           0.209     1.498    u_softmax/u_compatibility/u_core/calc_score_fixed[1]_i_6_n_0
    SLICE_X59Y157        LUT6 (Prop_G6LUT_SLICEL_I5_O)
                                                      0.149     1.647 r  u_softmax/u_compatibility/u_core/calc_score_fixed[1]_i_2/O
                         net (fo=2, routed)           0.280     1.926    u_softmax/u_compatibility/u_core/p_0_in__0[1]
    SLICE_X58Y158        CARRY8 (Prop_CARRY8_SLICEM_S[0]_CO[7])
                                                      0.192     2.118 r  u_softmax/u_compatibility/u_core/calc_score_fixed_reg[7]_i_3/CO[7]
                         net (fo=1, routed)           0.026     2.144    u_softmax/u_compatibility/u_core/calc_score_fixed_reg[7]_i_3_n_0
    SLICE_X58Y159        CARRY8 (Prop_CARRY8_SLICEM_CI_CO[7])
                                                      0.015     2.159 r  u_softmax/u_compatibility/u_core/calc_score_fixed_reg[16]_i_3/CO[7]
                         net (fo=1, routed)           0.026     2.185    u_softmax/u_compatibility/u_core/calc_score_fixed_reg[16]_i_3_n_0
    SLICE_X58Y160        CARRY8 (Prop_CARRY8_SLICEM_CI_O[6])
                                                      0.103     2.288 r  u_softmax/u_compatibility/u_core/calc_score_fixed_reg[22]_i_5/O[6]
                         net (fo=1, routed)           0.240     2.528    u_softmax/u_compatibility/u_core/calc_score_fixed_reg[22]_i_5_n_9
    SLICE_X57Y161        LUT6 (Prop_B6LUT_SLICEM_I4_O)
                                                      0.052     2.580 f  u_softmax/u_compatibility/u_core/calc_score_fixed[23]_i_3/O
                         net (fo=1, routed)           0.195     2.775    u_softmax/u_compatibility/u_core/calc_score_fixed[23]_i_3_n_0
    SLICE_X57Y161        LUT6 (Prop_C6LUT_SLICEM_I1_O)
                                                      0.088     2.863 r  u_softmax/u_compatibility/u_core/calc_score_fixed[23]_i_1/O
                         net (fo=3, routed)           0.280     3.143    u_softmax/u_compatibility/u_core/calc_score_fixed[23]_i_1_n_0
    SLICE_X56Y162        LUT4 (Prop_D6LUT_SLICEL_I0_O)
                                                      0.146     3.289 r  u_softmax/u_compatibility/u_core/calc_last_i_48/O
                         net (fo=1, routed)           0.009     3.298    u_softmax/u_compatibility/u_core/calc_last_i_48_n_0
    SLICE_X56Y162        CARRY8 (Prop_CARRY8_SLICEL_S[3]_CO[3])
                                                      0.128     3.426 r  u_softmax/u_compatibility/u_core/calc_last_reg_i_13/CO[3]
                         net (fo=1, routed)           0.317     3.743    u_softmax/u_compatibility/u_core/score_max_legal0
    SLICE_X60Y167        LUT6 (Prop_D6LUT_SLICEM_I2_O)
                                                      0.088     3.831 f  u_softmax/u_compatibility/u_core/calc_last_i_4/O
                         net (fo=1, routed)           0.092     3.923    u_softmax/u_compatibility/u_core/calc_last_i_4_n_0
    SLICE_X59Y167        LUT4 (Prop_H6LUT_SLICEL_I1_O)
                                                      0.051     3.974 r  u_softmax/u_compatibility/u_core/calc_last_i_2/O
                         net (fo=7, routed)           0.690     4.665    u_softmax/u_compatibility/u_core/calc_last_i_2_n_0
    SLICE_X59Y119        LUT4 (Prop_H6LUT_SLICEL_I3_O)
                                                      0.150     4.815 r  u_softmax/u_compatibility/u_core/calc_last_i_1/O
                         net (fo=89, routed)          0.851     5.666    u_softmax/u_compatibility/u_core/calc_last_i_1_n_0
    SLICE_X60Y166        LUT5 (Prop_C6LUT_SLICEM_I4_O)
                                                      0.123     5.789 r  u_softmax/u_compatibility/u_core/ctx_expected_key[1][6]_i_1/O
                         net (fo=7, routed)           0.302     6.091    u_softmax/u_compatibility/u_core/ctx_expected_key[1][6]_i_1_n_0
    SLICE_X60Y168        FDCE                                         r  u_softmax/u_compatibility/u_core/ctx_expected_key_reg[1][4]/CE
  -------------------------------------------------------------------    -------------------

                         (clock core_clk rise edge)
                                                      0.000     0.000 r  
                                                      0.000     0.000 r  clk (IN)
                         net (fo=57986, unset)        2.337     2.337    u_softmax/u_compatibility/u_core/clk
    SLICE_X60Y168        FDCE                                         r  u_softmax/u_compatibility/u_core/ctx_expected_key_reg[1][4]/C

Slack:                    inf
  Source:                 score_bf16[0]
                            (input port)
  Destination:            u_softmax/u_compatibility/u_core/ctx_expected_key_reg[1][5]/CE
                            (rising edge-triggered cell FDCE clocked by core_clk  {rise@0.000ns fall@3.333ns period=6.666ns})
  Path Group:             (none)
  Path Type:              Setup (Max at Slow Process Corner)
  Data Path Delay:        6.091ns  (logic 1.997ns (32.789%)  route 4.094ns (67.211%))
  Logic Levels:           17  (CARRY8=4 LUT4=3 LUT5=1 LUT6=9)
  Clock Path Skew:        2.337ns (DCD - SCD + CPR)
    Destination Clock Delay (DCD):    2.337ns
    Source Clock Delay      (SCD):    0.000ns
    Clock Pessimism Removal (CPR):    0.000ns
  Clock Uncertainty:      0.025ns  ((TSJ^2 + TIJ^2)^1/2 + DJ) / 2 + PE
    Total System Jitter     (TSJ):    0.050ns
    Total Input Jitter      (TIJ):    0.000ns
    Discrete Jitter          (DJ):    0.000ns
    Phase Error              (PE):    0.000ns
  Timing Exception:       False Path

    Location             Delay type                Incr(ns)  Path(ns)    Netlist Resource(s)
  -------------------------------------------------------------------    -------------------
                                                      0.000     0.000 f  score_bf16[0] (IN)
                         net (fo=17, unset)           0.000     0.000    u_softmax/u_compatibility/u_core/score_bf16[0]
    SLICE_X60Y158        LUT6 (Prop_G6LUT_SLICEM_I0_O)
                                                      0.150     0.150 f  u_softmax/u_compatibility/u_core/calc_score_fixed[1]_i_11/O
                         net (fo=2, routed)           0.146     0.296    u_softmax/u_compatibility/u_core/calc_score_fixed[1]_i_11_n_0
    SLICE_X60Y157        LUT6 (Prop_D6LUT_SLICEM_I1_O)
                                                      0.122     0.418 r  u_softmax/u_compatibility/u_core/calc_score_fixed[3]_i_14/O
                         net (fo=3, routed)           0.202     0.620    u_softmax/u_compatibility/u_core/calc_score_fixed[3]_i_14_n_0
    SLICE_X60Y157        LUT6 (Prop_A6LUT_SLICEM_I0_O)
                                                      0.150     0.770 r  u_softmax/u_compatibility/u_core/calc_score_fixed[7]_i_18/O
                         net (fo=6, routed)           0.177     0.947    u_softmax/u_compatibility/u_core/calc_score_fixed[7]_i_18_n_0
    SLICE_X60Y156        LUT6 (Prop_D6LUT_SLICEM_I0_O)
                                                      0.145     1.092 r  u_softmax/u_compatibility/u_core/calc_score_fixed[1]_i_10/O
                         net (fo=1, routed)           0.052     1.144    u_softmax/u_compatibility/u_core/calc_score_fixed[1]_i_10_n_0
    SLICE_X60Y156        LUT6 (Prop_C6LUT_SLICEM_I1_O)
                                                      0.145     1.289 f  u_softmax/u_compatibility/u_core/calc_score_fixed[1]_i_6/O
                         net (fo=2, routed)           0.209     1.498    u_softmax/u_compatibility/u_core/calc_score_fixed[1]_i_6_n_0
    SLICE_X59Y157        LUT6 (Prop_G6LUT_SLICEL_I5_O)
                                                      0.149     1.647 r  u_softmax/u_compatibility/u_core/calc_score_fixed[1]_i_2/O
                         net (fo=2, routed)           0.280     1.926    u_softmax/u_compatibility/u_core/p_0_in__0[1]
    SLICE_X58Y158        CARRY8 (Prop_CARRY8_SLICEM_S[0]_CO[7])
                                                      0.192     2.118 r  u_softmax/u_compatibility/u_core/calc_score_fixed_reg[7]_i_3/CO[7]
                         net (fo=1, routed)           0.026     2.144    u_softmax/u_compatibility/u_core/calc_score_fixed_reg[7]_i_3_n_0
    SLICE_X58Y159        CARRY8 (Prop_CARRY8_SLICEM_CI_CO[7])
                                                      0.015     2.159 r  u_softmax/u_compatibility/u_core/calc_score_fixed_reg[16]_i_3/CO[7]
                         net (fo=1, routed)           0.026     2.185    u_softmax/u_compatibility/u_core/calc_score_fixed_reg[16]_i_3_n_0
    SLICE_X58Y160        CARRY8 (Prop_CARRY8_SLICEM_CI_O[6])
                                                      0.103     2.288 r  u_softmax/u_compatibility/u_core/calc_score_fixed_reg[22]_i_5/O[6]
                         net (fo=1, routed)           0.240     2.528    u_softmax/u_compatibility/u_core/calc_score_fixed_reg[22]_i_5_n_9
    SLICE_X57Y161        LUT6 (Prop_B6LUT_SLICEM_I4_O)
                                                      0.052     2.580 f  u_softmax/u_compatibility/u_core/calc_score_fixed[23]_i_3/O
                         net (fo=1, routed)           0.195     2.775    u_softmax/u_compatibility/u_core/calc_score_fixed[23]_i_3_n_0
    SLICE_X57Y161        LUT6 (Prop_C6LUT_SLICEM_I1_O)
                                                      0.088     2.863 r  u_softmax/u_compatibility/u_core/calc_score_fixed[23]_i_1/O
                         net (fo=3, routed)           0.280     3.143    u_softmax/u_compatibility/u_core/calc_score_fixed[23]_i_1_n_0
    SLICE_X56Y162        LUT4 (Prop_D6LUT_SLICEL_I0_O)
                                                      0.146     3.289 r  u_softmax/u_compatibility/u_core/calc_last_i_48/O
                         net (fo=1, routed)           0.009     3.298    u_softmax/u_compatibility/u_core/calc_last_i_48_n_0
    SLICE_X56Y162        CARRY8 (Prop_CARRY8_SLICEL_S[3]_CO[3])
                                                      0.128     3.426 r  u_softmax/u_compatibility/u_core/calc_last_reg_i_13/CO[3]
                         net (fo=1, routed)           0.317     3.743    u_softmax/u_compatibility/u_core/score_max_legal0
    SLICE_X60Y167        LUT6 (Prop_D6LUT_SLICEM_I2_O)
                                                      0.088     3.831 f  u_softmax/u_compatibility/u_core/calc_last_i_4/O
                         net (fo=1, routed)           0.092     3.923    u_softmax/u_compatibility/u_core/calc_last_i_4_n_0
    SLICE_X59Y167        LUT4 (Prop_H6LUT_SLICEL_I1_O)
                                                      0.051     3.974 r  u_softmax/u_compatibility/u_core/calc_last_i_2/O
                         net (fo=7, routed)           0.690     4.665    u_softmax/u_compatibility/u_core/calc_last_i_2_n_0
    SLICE_X59Y119        LUT4 (Prop_H6LUT_SLICEL_I3_O)
                                                      0.150     4.815 r  u_softmax/u_compatibility/u_core/calc_last_i_1/O
                         net (fo=89, routed)          0.851     5.666    u_softmax/u_compatibility/u_core/calc_last_i_1_n_0
    SLICE_X60Y166        LUT5 (Prop_C6LUT_SLICEM_I4_O)
                                                      0.123     5.789 r  u_softmax/u_compatibility/u_core/ctx_expected_key[1][6]_i_1/O
                         net (fo=7, routed)           0.302     6.091    u_softmax/u_compatibility/u_core/ctx_expected_key[1][6]_i_1_n_0
    SLICE_X60Y168        FDCE                                         r  u_softmax/u_compatibility/u_core/ctx_expected_key_reg[1][5]/CE
  -------------------------------------------------------------------    -------------------

                         (clock core_clk rise edge)
                                                      0.000     0.000 r  
                                                      0.000     0.000 r  clk (IN)
                         net (fo=57986, unset)        2.337     2.337    u_softmax/u_compatibility/u_core/clk
    SLICE_X60Y168        FDCE                                         r  u_softmax/u_compatibility/u_core/ctx_expected_key_reg[1][5]/C

Slack:                    inf
  Source:                 score_bf16[0]
                            (input port)
  Destination:            u_softmax/u_compatibility/u_core/ctx_expected_key_reg[1][2]/CE
                            (rising edge-triggered cell FDCE clocked by core_clk  {rise@0.000ns fall@3.333ns period=6.666ns})
  Path Group:             (none)
  Path Type:              Setup (Max at Slow Process Corner)
  Data Path Delay:        6.083ns  (logic 1.997ns (32.827%)  route 4.086ns (67.173%))
  Logic Levels:           17  (CARRY8=4 LUT4=3 LUT5=1 LUT6=9)
  Clock Path Skew:        2.390ns (DCD - SCD + CPR)
    Destination Clock Delay (DCD):    2.390ns
    Source Clock Delay      (SCD):    0.000ns
    Clock Pessimism Removal (CPR):    0.000ns
  Clock Uncertainty:      0.025ns  ((TSJ^2 + TIJ^2)^1/2 + DJ) / 2 + PE
    Total System Jitter     (TSJ):    0.050ns
    Total Input Jitter      (TIJ):    0.000ns
    Discrete Jitter          (DJ):    0.000ns
    Phase Error              (PE):    0.000ns
  Timing Exception:       False Path

    Location             Delay type                Incr(ns)  Path(ns)    Netlist Resource(s)
  -------------------------------------------------------------------    -------------------
                                                      0.000     0.000 f  score_bf16[0] (IN)
                         net (fo=17, unset)           0.000     0.000    u_softmax/u_compatibility/u_core/score_bf16[0]
    SLICE_X60Y158        LUT6 (Prop_G6LUT_SLICEM_I0_O)
                                                      0.150     0.150 f  u_softmax/u_compatibility/u_core/calc_score_fixed[1]_i_11/O
                         net (fo=2, routed)           0.146     0.296    u_softmax/u_compatibility/u_core/calc_score_fixed[1]_i_11_n_0
    SLICE_X60Y157        LUT6 (Prop_D6LUT_SLICEM_I1_O)
                                                      0.122     0.418 r  u_softmax/u_compatibility/u_core/calc_score_fixed[3]_i_14/O
                         net (fo=3, routed)           0.202     0.620    u_softmax/u_compatibility/u_core/calc_score_fixed[3]_i_14_n_0
    SLICE_X60Y157        LUT6 (Prop_A6LUT_SLICEM_I0_O)
                                                      0.150     0.770 r  u_softmax/u_compatibility/u_core/calc_score_fixed[7]_i_18/O
                         net (fo=6, routed)           0.177     0.947    u_softmax/u_compatibility/u_core/calc_score_fixed[7]_i_18_n_0
    SLICE_X60Y156        LUT6 (Prop_D6LUT_SLICEM_I0_O)
                                                      0.145     1.092 r  u_softmax/u_compatibility/u_core/calc_score_fixed[1]_i_10/O
                         net (fo=1, routed)           0.052     1.144    u_softmax/u_compatibility/u_core/calc_score_fixed[1]_i_10_n_0
    SLICE_X60Y156        LUT6 (Prop_C6LUT_SLICEM_I1_O)
                                                      0.145     1.289 f  u_softmax/u_compatibility/u_core/calc_score_fixed[1]_i_6/O
                         net (fo=2, routed)           0.209     1.498    u_softmax/u_compatibility/u_core/calc_score_fixed[1]_i_6_n_0
    SLICE_X59Y157        LUT6 (Prop_G6LUT_SLICEL_I5_O)
                                                      0.149     1.647 r  u_softmax/u_compatibility/u_core/calc_score_fixed[1]_i_2/O
                         net (fo=2, routed)           0.280     1.926    u_softmax/u_compatibility/u_core/p_0_in__0[1]
    SLICE_X58Y158        CARRY8 (Prop_CARRY8_SLICEM_S[0]_CO[7])
                                                      0.192     2.118 r  u_softmax/u_compatibility/u_core/calc_score_fixed_reg[7]_i_3/CO[7]
                         net (fo=1, routed)           0.026     2.144    u_softmax/u_compatibility/u_core/calc_score_fixed_reg[7]_i_3_n_0
    SLICE_X58Y159        CARRY8 (Prop_CARRY8_SLICEM_CI_CO[7])
                                                      0.015     2.159 r  u_softmax/u_compatibility/u_core/calc_score_fixed_reg[16]_i_3/CO[7]
                         net (fo=1, routed)           0.026     2.185    u_softmax/u_compatibility/u_core/calc_score_fixed_reg[16]_i_3_n_0
    SLICE_X58Y160        CARRY8 (Prop_CARRY8_SLICEM_CI_O[6])
                                                      0.103     2.288 r  u_softmax/u_compatibility/u_core/calc_score_fixed_reg[22]_i_5/O[6]
                         net (fo=1, routed)           0.240     2.528    u_softmax/u_compatibility/u_core/calc_score_fixed_reg[22]_i_5_n_9
    SLICE_X57Y161        LUT6 (Prop_B6LUT_SLICEM_I4_O)
                                                      0.052     2.580 f  u_softmax/u_compatibility/u_core/calc_score_fixed[23]_i_3/O
                         net (fo=1, routed)           0.195     2.775    u_softmax/u_compatibility/u_core/calc_score_fixed[23]_i_3_n_0
    SLICE_X57Y161        LUT6 (Prop_C6LUT_SLICEM_I1_O)
                                                      0.088     2.863 r  u_softmax/u_compatibility/u_core/calc_score_fixed[23]_i_1/O
                         net (fo=3, routed)           0.280     3.143    u_softmax/u_compatibility/u_core/calc_score_fixed[23]_i_1_n_0
    SLICE_X56Y162        LUT4 (Prop_D6LUT_SLICEL_I0_O)
                                                      0.146     3.289 r  u_softmax/u_compatibility/u_core/calc_last_i_48/O
                         net (fo=1, routed)           0.009     3.298    u_softmax/u_compatibility/u_core/calc_last_i_48_n_0
    SLICE_X56Y162        CARRY8 (Prop_CARRY8_SLICEL_S[3]_CO[3])
                                                      0.128     3.426 r  u_softmax/u_compatibility/u_core/calc_last_reg_i_13/CO[3]
                         net (fo=1, routed)           0.317     3.743    u_softmax/u_compatibility/u_core/score_max_legal0
    SLICE_X60Y167        LUT6 (Prop_D6LUT_SLICEM_I2_O)
                                                      0.088     3.831 f  u_softmax/u_compatibility/u_core/calc_last_i_4/O
                         net (fo=1, routed)           0.092     3.923    u_softmax/u_compatibility/u_core/calc_last_i_4_n_0
    SLICE_X59Y167        LUT4 (Prop_H6LUT_SLICEL_I1_O)
                                                      0.051     3.974 r  u_softmax/u_compatibility/u_core/calc_last_i_2/O
                         net (fo=7, routed)           0.690     4.665    u_softmax/u_compatibility/u_core/calc_last_i_2_n_0
    SLICE_X59Y119        LUT4 (Prop_H6LUT_SLICEL_I3_O)
                                                      0.150     4.815 r  u_softmax/u_compatibility/u_core/calc_last_i_1/O
                         net (fo=89, routed)          0.851     5.666    u_softmax/u_compatibility/u_core/calc_last_i_1_n_0
    SLICE_X60Y166        LUT5 (Prop_C6LUT_SLICEM_I4_O)
                                                      0.123     5.789 r  u_softmax/u_compatibility/u_core/ctx_expected_key[1][6]_i_1/O
                         net (fo=7, routed)           0.295     6.083    u_softmax/u_compatibility/u_core/ctx_expected_key[1][6]_i_1_n_0
    SLICE_X61Y166        FDCE                                         r  u_softmax/u_compatibility/u_core/ctx_expected_key_reg[1][2]/CE
  -------------------------------------------------------------------    -------------------

                         (clock core_clk rise edge)
                                                      0.000     0.000 r  
                                                      0.000     0.000 r  clk (IN)
                         net (fo=57986, unset)        2.390     2.390    u_softmax/u_compatibility/u_core/clk
    SLICE_X61Y166        FDCE                                         r  u_softmax/u_compatibility/u_core/ctx_expected_key_reg[1][2]/C

Slack:                    inf
  Source:                 score_bf16[0]
                            (input port)
  Destination:            u_softmax/u_compatibility/u_core/ctx_expected_key_reg[1][3]/CE
                            (rising edge-triggered cell FDCE clocked by core_clk  {rise@0.000ns fall@3.333ns period=6.666ns})
  Path Group:             (none)
  Path Type:              Setup (Max at Slow Process Corner)
  Data Path Delay:        6.082ns  (logic 1.997ns (32.833%)  route 4.085ns (67.167%))
  Logic Levels:           17  (CARRY8=4 LUT4=3 LUT5=1 LUT6=9)
  Clock Path Skew:        2.390ns (DCD - SCD + CPR)
    Destination Clock Delay (DCD):    2.390ns
    Source Clock Delay      (SCD):    0.000ns
    Clock Pessimism Removal (CPR):    0.000ns
  Clock Uncertainty:      0.025ns  ((TSJ^2 + TIJ^2)^1/2 + DJ) / 2 + PE
    Total System Jitter     (TSJ):    0.050ns
    Total Input Jitter      (TIJ):    0.000ns
    Discrete Jitter          (DJ):    0.000ns
    Phase Error              (PE):    0.000ns
  Timing Exception:       False Path

    Location             Delay type                Incr(ns)  Path(ns)    Netlist Resource(s)
  -------------------------------------------------------------------    -------------------
                                                      0.000     0.000 f  score_bf16[0] (IN)
                         net (fo=17, unset)           0.000     0.000    u_softmax/u_compatibility/u_core/score_bf16[0]
    SLICE_X60Y158        LUT6 (Prop_G6LUT_SLICEM_I0_O)
                                                      0.150     0.150 f  u_softmax/u_compatibility/u_core/calc_score_fixed[1]_i_11/O
                         net (fo=2, routed)           0.146     0.296    u_softmax/u_compatibility/u_core/calc_score_fixed[1]_i_11_n_0
    SLICE_X60Y157        LUT6 (Prop_D6LUT_SLICEM_I1_O)
                                                      0.122     0.418 r  u_softmax/u_compatibility/u_core/calc_score_fixed[3]_i_14/O
                         net (fo=3, routed)           0.202     0.620    u_softmax/u_compatibility/u_core/calc_score_fixed[3]_i_14_n_0
    SLICE_X60Y157        LUT6 (Prop_A6LUT_SLICEM_I0_O)
                                                      0.150     0.770 r  u_softmax/u_compatibility/u_core/calc_score_fixed[7]_i_18/O
                         net (fo=6, routed)           0.177     0.947    u_softmax/u_compatibility/u_core/calc_score_fixed[7]_i_18_n_0
    SLICE_X60Y156        LUT6 (Prop_D6LUT_SLICEM_I0_O)
                                                      0.145     1.092 r  u_softmax/u_compatibility/u_core/calc_score_fixed[1]_i_10/O
                         net (fo=1, routed)           0.052     1.144    u_softmax/u_compatibility/u_core/calc_score_fixed[1]_i_10_n_0
    SLICE_X60Y156        LUT6 (Prop_C6LUT_SLICEM_I1_O)
                                                      0.145     1.289 f  u_softmax/u_compatibility/u_core/calc_score_fixed[1]_i_6/O
                         net (fo=2, routed)           0.209     1.498    u_softmax/u_compatibility/u_core/calc_score_fixed[1]_i_6_n_0
    SLICE_X59Y157        LUT6 (Prop_G6LUT_SLICEL_I5_O)
                                                      0.149     1.647 r  u_softmax/u_compatibility/u_core/calc_score_fixed[1]_i_2/O
                         net (fo=2, routed)           0.280     1.926    u_softmax/u_compatibility/u_core/p_0_in__0[1]
    SLICE_X58Y158        CARRY8 (Prop_CARRY8_SLICEM_S[0]_CO[7])
                                                      0.192     2.118 r  u_softmax/u_compatibility/u_core/calc_score_fixed_reg[7]_i_3/CO[7]
                         net (fo=1, routed)           0.026     2.144    u_softmax/u_compatibility/u_core/calc_score_fixed_reg[7]_i_3_n_0
    SLICE_X58Y159        CARRY8 (Prop_CARRY8_SLICEM_CI_CO[7])
                                                      0.015     2.159 r  u_softmax/u_compatibility/u_core/calc_score_fixed_reg[16]_i_3/CO[7]
                         net (fo=1, routed)           0.026     2.185    u_softmax/u_compatibility/u_core/calc_score_fixed_reg[16]_i_3_n_0
    SLICE_X58Y160        CARRY8 (Prop_CARRY8_SLICEM_CI_O[6])
                                                      0.103     2.288 r  u_softmax/u_compatibility/u_core/calc_score_fixed_reg[22]_i_5/O[6]
                         net (fo=1, routed)           0.240     2.528    u_softmax/u_compatibility/u_core/calc_score_fixed_reg[22]_i_5_n_9
    SLICE_X57Y161        LUT6 (Prop_B6LUT_SLICEM_I4_O)
                                                      0.052     2.580 f  u_softmax/u_compatibility/u_core/calc_score_fixed[23]_i_3/O
                         net (fo=1, routed)           0.195     2.775    u_softmax/u_compatibility/u_core/calc_score_fixed[23]_i_3_n_0
    SLICE_X57Y161        LUT6 (Prop_C6LUT_SLICEM_I1_O)
                                                      0.088     2.863 r  u_softmax/u_compatibility/u_core/calc_score_fixed[23]_i_1/O
                         net (fo=3, routed)           0.280     3.143    u_softmax/u_compatibility/u_core/calc_score_fixed[23]_i_1_n_0
    SLICE_X56Y162        LUT4 (Prop_D6LUT_SLICEL_I0_O)
                                                      0.146     3.289 r  u_softmax/u_compatibility/u_core/calc_last_i_48/O
                         net (fo=1, routed)           0.009     3.298    u_softmax/u_compatibility/u_core/calc_last_i_48_n_0
    SLICE_X56Y162        CARRY8 (Prop_CARRY8_SLICEL_S[3]_CO[3])
                                                      0.128     3.426 r  u_softmax/u_compatibility/u_core/calc_last_reg_i_13/CO[3]
                         net (fo=1, routed)           0.317     3.743    u_softmax/u_compatibility/u_core/score_max_legal0
    SLICE_X60Y167        LUT6 (Prop_D6LUT_SLICEM_I2_O)
                                                      0.088     3.831 f  u_softmax/u_compatibility/u_core/calc_last_i_4/O
                         net (fo=1, routed)           0.092     3.923    u_softmax/u_compatibility/u_core/calc_last_i_4_n_0
    SLICE_X59Y167        LUT4 (Prop_H6LUT_SLICEL_I1_O)
                                                      0.051     3.974 r  u_softmax/u_compatibility/u_core/calc_last_i_2/O
                         net (fo=7, routed)           0.690     4.665    u_softmax/u_compatibility/u_core/calc_last_i_2_n_0
    SLICE_X59Y119        LUT4 (Prop_H6LUT_SLICEL_I3_O)
                                                      0.150     4.815 r  u_softmax/u_compatibility/u_core/calc_last_i_1/O
                         net (fo=89, routed)          0.851     5.666    u_softmax/u_compatibility/u_core/calc_last_i_1_n_0
    SLICE_X60Y166        LUT5 (Prop_C6LUT_SLICEM_I4_O)
                                                      0.123     5.789 r  u_softmax/u_compatibility/u_core/ctx_expected_key[1][6]_i_1/O
                         net (fo=7, routed)           0.294     6.082    u_softmax/u_compatibility/u_core/ctx_expected_key[1][6]_i_1_n_0
    SLICE_X61Y166        FDCE                                         r  u_softmax/u_compatibility/u_core/ctx_expected_key_reg[1][3]/CE
  -------------------------------------------------------------------    -------------------

                         (clock core_clk rise edge)
                                                      0.000     0.000 r  
                                                      0.000     0.000 r  clk (IN)
                         net (fo=57986, unset)        2.390     2.390    u_softmax/u_compatibility/u_core/clk
    SLICE_X61Y166        FDCE                                         r  u_softmax/u_compatibility/u_core/ctx_expected_key_reg[1][3]/C

Slack:                    inf
  Source:                 score_bf16[0]
                            (input port)
  Destination:            u_softmax/u_compatibility/u_core/ctx_expected_key_reg[3][1]/CE
                            (rising edge-triggered cell FDCE clocked by core_clk  {rise@0.000ns fall@3.333ns period=6.666ns})
  Path Group:             (none)
  Path Type:              Setup (Max at Slow Process Corner)
  Data Path Delay:        6.079ns  (logic 1.999ns (32.881%)  route 4.080ns (67.119%))
  Logic Levels:           17  (CARRY8=4 LUT4=3 LUT5=1 LUT6=9)
  Clock Path Skew:        2.392ns (DCD - SCD + CPR)
    Destination Clock Delay (DCD):    2.392ns
    Source Clock Delay      (SCD):    0.000ns
    Clock Pessimism Removal (CPR):    0.000ns
  Clock Uncertainty:      0.025ns  ((TSJ^2 + TIJ^2)^1/2 + DJ) / 2 + PE
    Total System Jitter     (TSJ):    0.050ns
    Total Input Jitter      (TIJ):    0.000ns
    Discrete Jitter          (DJ):    0.000ns
    Phase Error              (PE):    0.000ns
  Timing Exception:       False Path

    Location             Delay type                Incr(ns)  Path(ns)    Netlist Resource(s)
  -------------------------------------------------------------------    -------------------
                                                      0.000     0.000 f  score_bf16[0] (IN)
                         net (fo=17, unset)           0.000     0.000    u_softmax/u_compatibility/u_core/score_bf16[0]
    SLICE_X60Y158        LUT6 (Prop_G6LUT_SLICEM_I0_O)
                                                      0.150     0.150 f  u_softmax/u_compatibility/u_core/calc_score_fixed[1]_i_11/O
                         net (fo=2, routed)           0.146     0.296    u_softmax/u_compatibility/u_core/calc_score_fixed[1]_i_11_n_0
    SLICE_X60Y157        LUT6 (Prop_D6LUT_SLICEM_I1_O)
                                                      0.122     0.418 r  u_softmax/u_compatibility/u_core/calc_score_fixed[3]_i_14/O
                         net (fo=3, routed)           0.202     0.620    u_softmax/u_compatibility/u_core/calc_score_fixed[3]_i_14_n_0
    SLICE_X60Y157        LUT6 (Prop_A6LUT_SLICEM_I0_O)
                                                      0.150     0.770 r  u_softmax/u_compatibility/u_core/calc_score_fixed[7]_i_18/O
                         net (fo=6, routed)           0.177     0.947    u_softmax/u_compatibility/u_core/calc_score_fixed[7]_i_18_n_0
    SLICE_X60Y156        LUT6 (Prop_D6LUT_SLICEM_I0_O)
                                                      0.145     1.092 r  u_softmax/u_compatibility/u_core/calc_score_fixed[1]_i_10/O
                         net (fo=1, routed)           0.052     1.144    u_softmax/u_compatibility/u_core/calc_score_fixed[1]_i_10_n_0
    SLICE_X60Y156        LUT6 (Prop_C6LUT_SLICEM_I1_O)
                                                      0.145     1.289 f  u_softmax/u_compatibility/u_core/calc_score_fixed[1]_i_6/O
                         net (fo=2, routed)           0.209     1.498    u_softmax/u_compatibility/u_core/calc_score_fixed[1]_i_6_n_0
    SLICE_X59Y157        LUT6 (Prop_G6LUT_SLICEL_I5_O)
                                                      0.149     1.647 r  u_softmax/u_compatibility/u_core/calc_score_fixed[1]_i_2/O
                         net (fo=2, routed)           0.280     1.926    u_softmax/u_compatibility/u_core/p_0_in__0[1]
    SLICE_X58Y158        CARRY8 (Prop_CARRY8_SLICEM_S[0]_CO[7])
                                                      0.192     2.118 r  u_softmax/u_compatibility/u_core/calc_score_fixed_reg[7]_i_3/CO[7]
                         net (fo=1, routed)           0.026     2.144    u_softmax/u_compatibility/u_core/calc_score_fixed_reg[7]_i_3_n_0
    SLICE_X58Y159        CARRY8 (Prop_CARRY8_SLICEM_CI_CO[7])
                                                      0.015     2.159 r  u_softmax/u_compatibility/u_core/calc_score_fixed_reg[16]_i_3/CO[7]
                         net (fo=1, routed)           0.026     2.185    u_softmax/u_compatibility/u_core/calc_score_fixed_reg[16]_i_3_n_0
    SLICE_X58Y160        CARRY8 (Prop_CARRY8_SLICEM_CI_O[6])
                                                      0.103     2.288 r  u_softmax/u_compatibility/u_core/calc_score_fixed_reg[22]_i_5/O[6]
                         net (fo=1, routed)           0.240     2.528    u_softmax/u_compatibility/u_core/calc_score_fixed_reg[22]_i_5_n_9
    SLICE_X57Y161        LUT6 (Prop_B6LUT_SLICEM_I4_O)
                                                      0.052     2.580 f  u_softmax/u_compatibility/u_core/calc_score_fixed[23]_i_3/O
                         net (fo=1, routed)           0.195     2.775    u_softmax/u_compatibility/u_core/calc_score_fixed[23]_i_3_n_0
    SLICE_X57Y161        LUT6 (Prop_C6LUT_SLICEM_I1_O)
                                                      0.088     2.863 r  u_softmax/u_compatibility/u_core/calc_score_fixed[23]_i_1/O
                         net (fo=3, routed)           0.280     3.143    u_softmax/u_compatibility/u_core/calc_score_fixed[23]_i_1_n_0
    SLICE_X56Y162        LUT4 (Prop_D6LUT_SLICEL_I0_O)
                                                      0.146     3.289 r  u_softmax/u_compatibility/u_core/calc_last_i_48/O
                         net (fo=1, routed)           0.009     3.298    u_softmax/u_compatibility/u_core/calc_last_i_48_n_0
    SLICE_X56Y162        CARRY8 (Prop_CARRY8_SLICEL_S[3]_CO[3])
                                                      0.128     3.426 r  u_softmax/u_compatibility/u_core/calc_last_reg_i_13/CO[3]
                         net (fo=1, routed)           0.317     3.743    u_softmax/u_compatibility/u_core/score_max_legal0
    SLICE_X60Y167        LUT6 (Prop_D6LUT_SLICEM_I2_O)
                                                      0.088     3.831 f  u_softmax/u_compatibility/u_core/calc_last_i_4/O
                         net (fo=1, routed)           0.092     3.923    u_softmax/u_compatibility/u_core/calc_last_i_4_n_0
    SLICE_X59Y167        LUT4 (Prop_H6LUT_SLICEL_I1_O)
                                                      0.051     3.974 r  u_softmax/u_compatibility/u_core/calc_last_i_2/O
                         net (fo=7, routed)           0.690     4.665    u_softmax/u_compatibility/u_core/calc_last_i_2_n_0
    SLICE_X59Y119        LUT4 (Prop_H6LUT_SLICEL_I3_O)
                                                      0.150     4.815 r  u_softmax/u_compatibility/u_core/calc_last_i_1/O
                         net (fo=89, routed)          0.867     5.682    u_softmax/u_compatibility/u_core/calc_last_i_1_n_0
    SLICE_X60Y166        LUT5 (Prop_B6LUT_SLICEM_I4_O)
                                                      0.125     5.807 r  u_softmax/u_compatibility/u_core/ctx_expected_key[3][6]_i_1/O
                         net (fo=7, routed)           0.273     6.079    u_softmax/u_compatibility/u_core/ctx_expected_key[3][6]_i_1_n_0
    SLICE_X61Y168        FDCE                                         r  u_softmax/u_compatibility/u_core/ctx_expected_key_reg[3][1]/CE
  -------------------------------------------------------------------    -------------------

                         (clock core_clk rise edge)
                                                      0.000     0.000 r  
                                                      0.000     0.000 r  clk (IN)
                         net (fo=57986, unset)        2.392     2.392    u_softmax/u_compatibility/u_core/clk
    SLICE_X61Y168        FDCE                                         r  u_softmax/u_compatibility/u_core/ctx_expected_key_reg[3][1]/C

Slack:                    inf
  Source:                 score_bf16[0]
                            (input port)
  Destination:            u_softmax/u_compatibility/u_core/ctx_expected_key_reg[3][2]/CE
                            (rising edge-triggered cell FDCE clocked by core_clk  {rise@0.000ns fall@3.333ns period=6.666ns})
  Path Group:             (none)
  Path Type:              Setup (Max at Slow Process Corner)
  Data Path Delay:        6.077ns  (logic 1.999ns (32.896%)  route 4.078ns (67.104%))
  Logic Levels:           17  (CARRY8=4 LUT4=3 LUT5=1 LUT6=9)
  Clock Path Skew:        2.391ns (DCD - SCD + CPR)
    Destination Clock Delay (DCD):    2.391ns
    Source Clock Delay      (SCD):    0.000ns
    Clock Pessimism Removal (CPR):    0.000ns
  Clock Uncertainty:      0.025ns  ((TSJ^2 + TIJ^2)^1/2 + DJ) / 2 + PE
    Total System Jitter     (TSJ):    0.050ns
    Total Input Jitter      (TIJ):    0.000ns
    Discrete Jitter          (DJ):    0.000ns
    Phase Error              (PE):    0.000ns
  Timing Exception:       False Path

    Location             Delay type                Incr(ns)  Path(ns)    Netlist Resource(s)
  -------------------------------------------------------------------    -------------------
                                                      0.000     0.000 f  score_bf16[0] (IN)
                         net (fo=17, unset)           0.000     0.000    u_softmax/u_compatibility/u_core/score_bf16[0]
    SLICE_X60Y158        LUT6 (Prop_G6LUT_SLICEM_I0_O)
                                                      0.150     0.150 f  u_softmax/u_compatibility/u_core/calc_score_fixed[1]_i_11/O
                         net (fo=2, routed)           0.146     0.296    u_softmax/u_compatibility/u_core/calc_score_fixed[1]_i_11_n_0
    SLICE_X60Y157        LUT6 (Prop_D6LUT_SLICEM_I1_O)
                                                      0.122     0.418 r  u_softmax/u_compatibility/u_core/calc_score_fixed[3]_i_14/O
                         net (fo=3, routed)           0.202     0.620    u_softmax/u_compatibility/u_core/calc_score_fixed[3]_i_14_n_0
    SLICE_X60Y157        LUT6 (Prop_A6LUT_SLICEM_I0_O)
                                                      0.150     0.770 r  u_softmax/u_compatibility/u_core/calc_score_fixed[7]_i_18/O
                         net (fo=6, routed)           0.177     0.947    u_softmax/u_compatibility/u_core/calc_score_fixed[7]_i_18_n_0
    SLICE_X60Y156        LUT6 (Prop_D6LUT_SLICEM_I0_O)
                                                      0.145     1.092 r  u_softmax/u_compatibility/u_core/calc_score_fixed[1]_i_10/O
                         net (fo=1, routed)           0.052     1.144    u_softmax/u_compatibility/u_core/calc_score_fixed[1]_i_10_n_0
    SLICE_X60Y156        LUT6 (Prop_C6LUT_SLICEM_I1_O)
                                                      0.145     1.289 f  u_softmax/u_compatibility/u_core/calc_score_fixed[1]_i_6/O
                         net (fo=2, routed)           0.209     1.498    u_softmax/u_compatibility/u_core/calc_score_fixed[1]_i_6_n_0
    SLICE_X59Y157        LUT6 (Prop_G6LUT_SLICEL_I5_O)
                                                      0.149     1.647 r  u_softmax/u_compatibility/u_core/calc_score_fixed[1]_i_2/O
                         net (fo=2, routed)           0.280     1.926    u_softmax/u_compatibility/u_core/p_0_in__0[1]
    SLICE_X58Y158        CARRY8 (Prop_CARRY8_SLICEM_S[0]_CO[7])
                                                      0.192     2.118 r  u_softmax/u_compatibility/u_core/calc_score_fixed_reg[7]_i_3/CO[7]
                         net (fo=1, routed)           0.026     2.144    u_softmax/u_compatibility/u_core/calc_score_fixed_reg[7]_i_3_n_0
    SLICE_X58Y159        CARRY8 (Prop_CARRY8_SLICEM_CI_CO[7])
                                                      0.015     2.159 r  u_softmax/u_compatibility/u_core/calc_score_fixed_reg[16]_i_3/CO[7]
                         net (fo=1, routed)           0.026     2.185    u_softmax/u_compatibility/u_core/calc_score_fixed_reg[16]_i_3_n_0
    SLICE_X58Y160        CARRY8 (Prop_CARRY8_SLICEM_CI_O[6])
                                                      0.103     2.288 r  u_softmax/u_compatibility/u_core/calc_score_fixed_reg[22]_i_5/O[6]
                         net (fo=1, routed)           0.240     2.528    u_softmax/u_compatibility/u_core/calc_score_fixed_reg[22]_i_5_n_9
    SLICE_X57Y161        LUT6 (Prop_B6LUT_SLICEM_I4_O)
                                                      0.052     2.580 f  u_softmax/u_compatibility/u_core/calc_score_fixed[23]_i_3/O
                         net (fo=1, routed)           0.195     2.775    u_softmax/u_compatibility/u_core/calc_score_fixed[23]_i_3_n_0
    SLICE_X57Y161        LUT6 (Prop_C6LUT_SLICEM_I1_O)
                                                      0.088     2.863 r  u_softmax/u_compatibility/u_core/calc_score_fixed[23]_i_1/O
                         net (fo=3, routed)           0.280     3.143    u_softmax/u_compatibility/u_core/calc_score_fixed[23]_i_1_n_0
    SLICE_X56Y162        LUT4 (Prop_D6LUT_SLICEL_I0_O)
                                                      0.146     3.289 r  u_softmax/u_compatibility/u_core/calc_last_i_48/O
                         net (fo=1, routed)           0.009     3.298    u_softmax/u_compatibility/u_core/calc_last_i_48_n_0
    SLICE_X56Y162        CARRY8 (Prop_CARRY8_SLICEL_S[3]_CO[3])
                                                      0.128     3.426 r  u_softmax/u_compatibility/u_core/calc_last_reg_i_13/CO[3]
                         net (fo=1, routed)           0.317     3.743    u_softmax/u_compatibility/u_core/score_max_legal0
    SLICE_X60Y167        LUT6 (Prop_D6LUT_SLICEM_I2_O)
                                                      0.088     3.831 f  u_softmax/u_compatibility/u_core/calc_last_i_4/O
                         net (fo=1, routed)           0.092     3.923    u_softmax/u_compatibility/u_core/calc_last_i_4_n_0
    SLICE_X59Y167        LUT4 (Prop_H6LUT_SLICEL_I1_O)
                                                      0.051     3.974 r  u_softmax/u_compatibility/u_core/calc_last_i_2/O
                         net (fo=7, routed)           0.690     4.665    u_softmax/u_compatibility/u_core/calc_last_i_2_n_0
    SLICE_X59Y119        LUT4 (Prop_H6LUT_SLICEL_I3_O)
                                                      0.150     4.815 r  u_softmax/u_compatibility/u_core/calc_last_i_1/O
                         net (fo=89, routed)          0.867     5.682    u_softmax/u_compatibility/u_core/calc_last_i_1_n_0
    SLICE_X60Y166        LUT5 (Prop_B6LUT_SLICEM_I4_O)
                                                      0.125     5.807 r  u_softmax/u_compatibility/u_core/ctx_expected_key[3][6]_i_1/O
                         net (fo=7, routed)           0.270     6.077    u_softmax/u_compatibility/u_core/ctx_expected_key[3][6]_i_1_n_0
    SLICE_X61Y166        FDCE                                         r  u_softmax/u_compatibility/u_core/ctx_expected_key_reg[3][2]/CE
  -------------------------------------------------------------------    -------------------

                         (clock core_clk rise edge)
                                                      0.000     0.000 r  
                                                      0.000     0.000 r  clk (IN)
                         net (fo=57986, unset)        2.391     2.391    u_softmax/u_compatibility/u_core/clk
    SLICE_X61Y166        FDCE                                         r  u_softmax/u_compatibility/u_core/ctx_expected_key_reg[3][2]/C

Slack:                    inf
  Source:                 score_bf16[0]
                            (input port)
  Destination:            u_softmax/u_compatibility/u_core/ctx_expected_key_reg[3][3]/CE
                            (rising edge-triggered cell FDCE clocked by core_clk  {rise@0.000ns fall@3.333ns period=6.666ns})
  Path Group:             (none)
  Path Type:              Setup (Max at Slow Process Corner)
  Data Path Delay:        6.077ns  (logic 1.999ns (32.896%)  route 4.078ns (67.104%))
  Logic Levels:           17  (CARRY8=4 LUT4=3 LUT5=1 LUT6=9)
  Clock Path Skew:        2.391ns (DCD - SCD + CPR)
    Destination Clock Delay (DCD):    2.391ns
    Source Clock Delay      (SCD):    0.000ns
    Clock Pessimism Removal (CPR):    0.000ns
  Clock Uncertainty:      0.025ns  ((TSJ^2 + TIJ^2)^1/2 + DJ) / 2 + PE
    Total System Jitter     (TSJ):    0.050ns
    Total Input Jitter      (TIJ):    0.000ns
    Discrete Jitter          (DJ):    0.000ns
    Phase Error              (PE):    0.000ns
  Timing Exception:       False Path

    Location             Delay type                Incr(ns)  Path(ns)    Netlist Resource(s)
  -------------------------------------------------------------------    -------------------
                                                      0.000     0.000 f  score_bf16[0] (IN)
                         net (fo=17, unset)           0.000     0.000    u_softmax/u_compatibility/u_core/score_bf16[0]
    SLICE_X60Y158        LUT6 (Prop_G6LUT_SLICEM_I0_O)
                                                      0.150     0.150 f  u_softmax/u_compatibility/u_core/calc_score_fixed[1]_i_11/O
                         net (fo=2, routed)           0.146     0.296    u_softmax/u_compatibility/u_core/calc_score_fixed[1]_i_11_n_0
    SLICE_X60Y157        LUT6 (Prop_D6LUT_SLICEM_I1_O)
                                                      0.122     0.418 r  u_softmax/u_compatibility/u_core/calc_score_fixed[3]_i_14/O
                         net (fo=3, routed)           0.202     0.620    u_softmax/u_compatibility/u_core/calc_score_fixed[3]_i_14_n_0
    SLICE_X60Y157        LUT6 (Prop_A6LUT_SLICEM_I0_O)
                                                      0.150     0.770 r  u_softmax/u_compatibility/u_core/calc_score_fixed[7]_i_18/O
                         net (fo=6, routed)           0.177     0.947    u_softmax/u_compatibility/u_core/calc_score_fixed[7]_i_18_n_0
    SLICE_X60Y156        LUT6 (Prop_D6LUT_SLICEM_I0_O)
                                                      0.145     1.092 r  u_softmax/u_compatibility/u_core/calc_score_fixed[1]_i_10/O
                         net (fo=1, routed)           0.052     1.144    u_softmax/u_compatibility/u_core/calc_score_fixed[1]_i_10_n_0
    SLICE_X60Y156        LUT6 (Prop_C6LUT_SLICEM_I1_O)
                                                      0.145     1.289 f  u_softmax/u_compatibility/u_core/calc_score_fixed[1]_i_6/O
                         net (fo=2, routed)           0.209     1.498    u_softmax/u_compatibility/u_core/calc_score_fixed[1]_i_6_n_0
    SLICE_X59Y157        LUT6 (Prop_G6LUT_SLICEL_I5_O)
                                                      0.149     1.647 r  u_softmax/u_compatibility/u_core/calc_score_fixed[1]_i_2/O
                         net (fo=2, routed)           0.280     1.926    u_softmax/u_compatibility/u_core/p_0_in__0[1]
    SLICE_X58Y158        CARRY8 (Prop_CARRY8_SLICEM_S[0]_CO[7])
                                                      0.192     2.118 r  u_softmax/u_compatibility/u_core/calc_score_fixed_reg[7]_i_3/CO[7]
                         net (fo=1, routed)           0.026     2.144    u_softmax/u_compatibility/u_core/calc_score_fixed_reg[7]_i_3_n_0
    SLICE_X58Y159        CARRY8 (Prop_CARRY8_SLICEM_CI_CO[7])
                                                      0.015     2.159 r  u_softmax/u_compatibility/u_core/calc_score_fixed_reg[16]_i_3/CO[7]
                         net (fo=1, routed)           0.026     2.185    u_softmax/u_compatibility/u_core/calc_score_fixed_reg[16]_i_3_n_0
    SLICE_X58Y160        CARRY8 (Prop_CARRY8_SLICEM_CI_O[6])
                                                      0.103     2.288 r  u_softmax/u_compatibility/u_core/calc_score_fixed_reg[22]_i_5/O[6]
                         net (fo=1, routed)           0.240     2.528    u_softmax/u_compatibility/u_core/calc_score_fixed_reg[22]_i_5_n_9
    SLICE_X57Y161        LUT6 (Prop_B6LUT_SLICEM_I4_O)
                                                      0.052     2.580 f  u_softmax/u_compatibility/u_core/calc_score_fixed[23]_i_3/O
                         net (fo=1, routed)           0.195     2.775    u_softmax/u_compatibility/u_core/calc_score_fixed[23]_i_3_n_0
    SLICE_X57Y161        LUT6 (Prop_C6LUT_SLICEM_I1_O)
                                                      0.088     2.863 r  u_softmax/u_compatibility/u_core/calc_score_fixed[23]_i_1/O
                         net (fo=3, routed)           0.280     3.143    u_softmax/u_compatibility/u_core/calc_score_fixed[23]_i_1_n_0
    SLICE_X56Y162        LUT4 (Prop_D6LUT_SLICEL_I0_O)
                                                      0.146     3.289 r  u_softmax/u_compatibility/u_core/calc_last_i_48/O
                         net (fo=1, routed)           0.009     3.298    u_softmax/u_compatibility/u_core/calc_last_i_48_n_0
    SLICE_X56Y162        CARRY8 (Prop_CARRY8_SLICEL_S[3]_CO[3])
                                                      0.128     3.426 r  u_softmax/u_compatibility/u_core/calc_last_reg_i_13/CO[3]
                         net (fo=1, routed)           0.317     3.743    u_softmax/u_compatibility/u_core/score_max_legal0
    SLICE_X60Y167        LUT6 (Prop_D6LUT_SLICEM_I2_O)
                                                      0.088     3.831 f  u_softmax/u_compatibility/u_core/calc_last_i_4/O
                         net (fo=1, routed)           0.092     3.923    u_softmax/u_compatibility/u_core/calc_last_i_4_n_0
    SLICE_X59Y167        LUT4 (Prop_H6LUT_SLICEL_I1_O)
                                                      0.051     3.974 r  u_softmax/u_compatibility/u_core/calc_last_i_2/O
                         net (fo=7, routed)           0.690     4.665    u_softmax/u_compatibility/u_core/calc_last_i_2_n_0
    SLICE_X59Y119        LUT4 (Prop_H6LUT_SLICEL_I3_O)
                                                      0.150     4.815 r  u_softmax/u_compatibility/u_core/calc_last_i_1/O
                         net (fo=89, routed)          0.867     5.682    u_softmax/u_compatibility/u_core/calc_last_i_1_n_0
    SLICE_X60Y166        LUT5 (Prop_B6LUT_SLICEM_I4_O)
                                                      0.125     5.807 r  u_softmax/u_compatibility/u_core/ctx_expected_key[3][6]_i_1/O
                         net (fo=7, routed)           0.270     6.077    u_softmax/u_compatibility/u_core/ctx_expected_key[3][6]_i_1_n_0
    SLICE_X61Y166        FDCE                                         r  u_softmax/u_compatibility/u_core/ctx_expected_key_reg[3][3]/CE
  -------------------------------------------------------------------    -------------------

                         (clock core_clk rise edge)
                                                      0.000     0.000 r  
                                                      0.000     0.000 r  clk (IN)
                         net (fo=57986, unset)        2.391     2.391    u_softmax/u_compatibility/u_core/clk
    SLICE_X61Y166        FDCE                                         r  u_softmax/u_compatibility/u_core/ctx_expected_key_reg[3][3]/C

Slack:                    inf
  Source:                 score_bf16[0]
                            (input port)
  Destination:            u_softmax/u_compatibility/u_core/ctx_expected_key_reg[1][6]/CE
                            (rising edge-triggered cell FDCE clocked by core_clk  {rise@0.000ns fall@3.333ns period=6.666ns})
  Path Group:             (none)
  Path Type:              Setup (Max at Slow Process Corner)
  Data Path Delay:        6.029ns  (logic 1.997ns (33.124%)  route 4.032ns (66.876%))
  Logic Levels:           17  (CARRY8=4 LUT4=3 LUT5=1 LUT6=9)
  Clock Path Skew:        2.332ns (DCD - SCD + CPR)
    Destination Clock Delay (DCD):    2.332ns
    Source Clock Delay      (SCD):    0.000ns
    Clock Pessimism Removal (CPR):    0.000ns
  Clock Uncertainty:      0.025ns  ((TSJ^2 + TIJ^2)^1/2 + DJ) / 2 + PE
    Total System Jitter     (TSJ):    0.050ns
    Total Input Jitter      (TIJ):    0.000ns
    Discrete Jitter          (DJ):    0.000ns
    Phase Error              (PE):    0.000ns
  Timing Exception:       False Path

    Location             Delay type                Incr(ns)  Path(ns)    Netlist Resource(s)
  -------------------------------------------------------------------    -------------------
                                                      0.000     0.000 f  score_bf16[0] (IN)
                         net (fo=17, unset)           0.000     0.000    u_softmax/u_compatibility/u_core/score_bf16[0]
    SLICE_X60Y158        LUT6 (Prop_G6LUT_SLICEM_I0_O)
                                                      0.150     0.150 f  u_softmax/u_compatibility/u_core/calc_score_fixed[1]_i_11/O
                         net (fo=2, routed)           0.146     0.296    u_softmax/u_compatibility/u_core/calc_score_fixed[1]_i_11_n_0
    SLICE_X60Y157        LUT6 (Prop_D6LUT_SLICEM_I1_O)
                                                      0.122     0.418 r  u_softmax/u_compatibility/u_core/calc_score_fixed[3]_i_14/O
                         net (fo=3, routed)           0.202     0.620    u_softmax/u_compatibility/u_core/calc_score_fixed[3]_i_14_n_0
    SLICE_X60Y157        LUT6 (Prop_A6LUT_SLICEM_I0_O)
                                                      0.150     0.770 r  u_softmax/u_compatibility/u_core/calc_score_fixed[7]_i_18/O
                         net (fo=6, routed)           0.177     0.947    u_softmax/u_compatibility/u_core/calc_score_fixed[7]_i_18_n_0
    SLICE_X60Y156        LUT6 (Prop_D6LUT_SLICEM_I0_O)
                                                      0.145     1.092 r  u_softmax/u_compatibility/u_core/calc_score_fixed[1]_i_10/O
                         net (fo=1, routed)           0.052     1.144    u_softmax/u_compatibility/u_core/calc_score_fixed[1]_i_10_n_0
    SLICE_X60Y156        LUT6 (Prop_C6LUT_SLICEM_I1_O)
                                                      0.145     1.289 f  u_softmax/u_compatibility/u_core/calc_score_fixed[1]_i_6/O
                         net (fo=2, routed)           0.209     1.498    u_softmax/u_compatibility/u_core/calc_score_fixed[1]_i_6_n_0
    SLICE_X59Y157        LUT6 (Prop_G6LUT_SLICEL_I5_O)
                                                      0.149     1.647 r  u_softmax/u_compatibility/u_core/calc_score_fixed[1]_i_2/O
                         net (fo=2, routed)           0.280     1.926    u_softmax/u_compatibility/u_core/p_0_in__0[1]
    SLICE_X58Y158        CARRY8 (Prop_CARRY8_SLICEM_S[0]_CO[7])
                                                      0.192     2.118 r  u_softmax/u_compatibility/u_core/calc_score_fixed_reg[7]_i_3/CO[7]
                         net (fo=1, routed)           0.026     2.144    u_softmax/u_compatibility/u_core/calc_score_fixed_reg[7]_i_3_n_0
    SLICE_X58Y159        CARRY8 (Prop_CARRY8_SLICEM_CI_CO[7])
                                                      0.015     2.159 r  u_softmax/u_compatibility/u_core/calc_score_fixed_reg[16]_i_3/CO[7]
                         net (fo=1, routed)           0.026     2.185    u_softmax/u_compatibility/u_core/calc_score_fixed_reg[16]_i_3_n_0
    SLICE_X58Y160        CARRY8 (Prop_CARRY8_SLICEM_CI_O[6])
                                                      0.103     2.288 r  u_softmax/u_compatibility/u_core/calc_score_fixed_reg[22]_i_5/O[6]
                         net (fo=1, routed)           0.240     2.528    u_softmax/u_compatibility/u_core/calc_score_fixed_reg[22]_i_5_n_9
    SLICE_X57Y161        LUT6 (Prop_B6LUT_SLICEM_I4_O)
                                                      0.052     2.580 f  u_softmax/u_compatibility/u_core/calc_score_fixed[23]_i_3/O
                         net (fo=1, routed)           0.195     2.775    u_softmax/u_compatibility/u_core/calc_score_fixed[23]_i_3_n_0
    SLICE_X57Y161        LUT6 (Prop_C6LUT_SLICEM_I1_O)
                                                      0.088     2.863 r  u_softmax/u_compatibility/u_core/calc_score_fixed[23]_i_1/O
                         net (fo=3, routed)           0.280     3.143    u_softmax/u_compatibility/u_core/calc_score_fixed[23]_i_1_n_0
    SLICE_X56Y162        LUT4 (Prop_D6LUT_SLICEL_I0_O)
                                                      0.146     3.289 r  u_softmax/u_compatibility/u_core/calc_last_i_48/O
                         net (fo=1, routed)           0.009     3.298    u_softmax/u_compatibility/u_core/calc_last_i_48_n_0
    SLICE_X56Y162        CARRY8 (Prop_CARRY8_SLICEL_S[3]_CO[3])
                                                      0.128     3.426 r  u_softmax/u_compatibility/u_core/calc_last_reg_i_13/CO[3]
                         net (fo=1, routed)           0.317     3.743    u_softmax/u_compatibility/u_core/score_max_legal0
    SLICE_X60Y167        LUT6 (Prop_D6LUT_SLICEM_I2_O)
                                                      0.088     3.831 f  u_softmax/u_compatibility/u_core/calc_last_i_4/O
                         net (fo=1, routed)           0.092     3.923    u_softmax/u_compatibility/u_core/calc_last_i_4_n_0
    SLICE_X59Y167        LUT4 (Prop_H6LUT_SLICEL_I1_O)
                                                      0.051     3.974 r  u_softmax/u_compatibility/u_core/calc_last_i_2/O
                         net (fo=7, routed)           0.690     4.665    u_softmax/u_compatibility/u_core/calc_last_i_2_n_0
    SLICE_X59Y119        LUT4 (Prop_H6LUT_SLICEL_I3_O)
                                                      0.150     4.815 r  u_softmax/u_compatibility/u_core/calc_last_i_1/O
                         net (fo=89, routed)          0.851     5.666    u_softmax/u_compatibility/u_core/calc_last_i_1_n_0
    SLICE_X60Y166        LUT5 (Prop_C6LUT_SLICEM_I4_O)
                                                      0.123     5.789 r  u_softmax/u_compatibility/u_core/ctx_expected_key[1][6]_i_1/O
                         net (fo=7, routed)           0.240     6.029    u_softmax/u_compatibility/u_core/ctx_expected_key[1][6]_i_1_n_0
    SLICE_X59Y168        FDCE                                         r  u_softmax/u_compatibility/u_core/ctx_expected_key_reg[1][6]/CE
  -------------------------------------------------------------------    -------------------

                         (clock core_clk rise edge)
                                                      0.000     0.000 r  
                                                      0.000     0.000 r  clk (IN)
                         net (fo=57986, unset)        2.332     2.332    u_softmax/u_compatibility/u_core/clk
    SLICE_X59Y168        FDCE                                         r  u_softmax/u_compatibility/u_core/ctx_expected_key_reg[1][6]/C

Slack:                    inf
  Source:                 score_bf16[0]
                            (input port)
  Destination:            u_softmax/u_compatibility/u_core/ctx_expected_key_reg[0][2]/CE
                            (rising edge-triggered cell FDCE clocked by core_clk  {rise@0.000ns fall@3.333ns period=6.666ns})
  Path Group:             (none)
  Path Type:              Setup (Max at Slow Process Corner)
  Data Path Delay:        6.027ns  (logic 1.911ns (31.710%)  route 4.116ns (68.290%))
  Logic Levels:           17  (CARRY8=4 LUT4=3 LUT5=1 LUT6=9)
  Clock Path Skew:        2.390ns (DCD - SCD + CPR)
    Destination Clock Delay (DCD):    2.390ns
    Source Clock Delay      (SCD):    0.000ns
    Clock Pessimism Removal (CPR):    0.000ns
  Clock Uncertainty:      0.025ns  ((TSJ^2 + TIJ^2)^1/2 + DJ) / 2 + PE
    Total System Jitter     (TSJ):    0.050ns
    Total Input Jitter      (TIJ):    0.000ns
    Discrete Jitter          (DJ):    0.000ns
    Phase Error              (PE):    0.000ns
  Timing Exception:       False Path

    Location             Delay type                Incr(ns)  Path(ns)    Netlist Resource(s)
  -------------------------------------------------------------------    -------------------
                                                      0.000     0.000 f  score_bf16[0] (IN)
                         net (fo=17, unset)           0.000     0.000    u_softmax/u_compatibility/u_core/score_bf16[0]
    SLICE_X60Y158        LUT6 (Prop_G6LUT_SLICEM_I0_O)
                                                      0.150     0.150 f  u_softmax/u_compatibility/u_core/calc_score_fixed[1]_i_11/O
                         net (fo=2, routed)           0.146     0.296    u_softmax/u_compatibility/u_core/calc_score_fixed[1]_i_11_n_0
    SLICE_X60Y157        LUT6 (Prop_D6LUT_SLICEM_I1_O)
                                                      0.122     0.418 r  u_softmax/u_compatibility/u_core/calc_score_fixed[3]_i_14/O
                         net (fo=3, routed)           0.202     0.620    u_softmax/u_compatibility/u_core/calc_score_fixed[3]_i_14_n_0
    SLICE_X60Y157        LUT6 (Prop_A6LUT_SLICEM_I0_O)
                                                      0.150     0.770 r  u_softmax/u_compatibility/u_core/calc_score_fixed[7]_i_18/O
                         net (fo=6, routed)           0.177     0.947    u_softmax/u_compatibility/u_core/calc_score_fixed[7]_i_18_n_0
    SLICE_X60Y156        LUT6 (Prop_D6LUT_SLICEM_I0_O)
                                                      0.145     1.092 r  u_softmax/u_compatibility/u_core/calc_score_fixed[1]_i_10/O
                         net (fo=1, routed)           0.052     1.144    u_softmax/u_compatibility/u_core/calc_score_fixed[1]_i_10_n_0
    SLICE_X60Y156        LUT6 (Prop_C6LUT_SLICEM_I1_O)
                                                      0.145     1.289 f  u_softmax/u_compatibility/u_core/calc_score_fixed[1]_i_6/O
                         net (fo=2, routed)           0.209     1.498    u_softmax/u_compatibility/u_core/calc_score_fixed[1]_i_6_n_0
    SLICE_X59Y157        LUT6 (Prop_G6LUT_SLICEL_I5_O)
                                                      0.149     1.647 r  u_softmax/u_compatibility/u_core/calc_score_fixed[1]_i_2/O
                         net (fo=2, routed)           0.280     1.926    u_softmax/u_compatibility/u_core/p_0_in__0[1]
    SLICE_X58Y158        CARRY8 (Prop_CARRY8_SLICEM_S[0]_CO[7])
                                                      0.192     2.118 r  u_softmax/u_compatibility/u_core/calc_score_fixed_reg[7]_i_3/CO[7]
                         net (fo=1, routed)           0.026     2.144    u_softmax/u_compatibility/u_core/calc_score_fixed_reg[7]_i_3_n_0
    SLICE_X58Y159        CARRY8 (Prop_CARRY8_SLICEM_CI_CO[7])
                                                      0.015     2.159 r  u_softmax/u_compatibility/u_core/calc_score_fixed_reg[16]_i_3/CO[7]
                         net (fo=1, routed)           0.026     2.185    u_softmax/u_compatibility/u_core/calc_score_fixed_reg[16]_i_3_n_0
    SLICE_X58Y160        CARRY8 (Prop_CARRY8_SLICEM_CI_O[6])
                                                      0.103     2.288 r  u_softmax/u_compatibility/u_core/calc_score_fixed_reg[22]_i_5/O[6]
                         net (fo=1, routed)           0.240     2.528    u_softmax/u_compatibility/u_core/calc_score_fixed_reg[22]_i_5_n_9
    SLICE_X57Y161        LUT6 (Prop_B6LUT_SLICEM_I4_O)
                                                      0.052     2.580 f  u_softmax/u_compatibility/u_core/calc_score_fixed[23]_i_3/O
                         net (fo=1, routed)           0.195     2.775    u_softmax/u_compatibility/u_core/calc_score_fixed[23]_i_3_n_0
    SLICE_X57Y161        LUT6 (Prop_C6LUT_SLICEM_I1_O)
                                                      0.088     2.863 r  u_softmax/u_compatibility/u_core/calc_score_fixed[23]_i_1/O
                         net (fo=3, routed)           0.280     3.143    u_softmax/u_compatibility/u_core/calc_score_fixed[23]_i_1_n_0
    SLICE_X56Y162        LUT4 (Prop_D6LUT_SLICEL_I0_O)
                                                      0.146     3.289 r  u_softmax/u_compatibility/u_core/calc_last_i_48/O
                         net (fo=1, routed)           0.009     3.298    u_softmax/u_compatibility/u_core/calc_last_i_48_n_0
    SLICE_X56Y162        CARRY8 (Prop_CARRY8_SLICEL_S[3]_CO[3])
                                                      0.128     3.426 r  u_softmax/u_compatibility/u_core/calc_last_reg_i_13/CO[3]
                         net (fo=1, routed)           0.317     3.743    u_softmax/u_compatibility/u_core/score_max_legal0
    SLICE_X60Y167        LUT6 (Prop_D6LUT_SLICEM_I2_O)
                                                      0.088     3.831 f  u_softmax/u_compatibility/u_core/calc_last_i_4/O
                         net (fo=1, routed)           0.092     3.923    u_softmax/u_compatibility/u_core/calc_last_i_4_n_0
    SLICE_X59Y167        LUT4 (Prop_H6LUT_SLICEL_I1_O)
                                                      0.051     3.974 r  u_softmax/u_compatibility/u_core/calc_last_i_2/O
                         net (fo=7, routed)           0.690     4.665    u_softmax/u_compatibility/u_core/calc_last_i_2_n_0
    SLICE_X59Y119        LUT4 (Prop_H6LUT_SLICEL_I3_O)
                                                      0.150     4.815 r  u_softmax/u_compatibility/u_core/calc_last_i_1/O
                         net (fo=89, routed)          0.857     5.672    u_softmax/u_compatibility/u_core/calc_last_i_1_n_0
    SLICE_X60Y166        LUT5 (Prop_F6LUT_SLICEM_I4_O)
                                                      0.037     5.709 r  u_softmax/u_compatibility/u_core/ctx_expected_key[0][6]_i_1/O
                         net (fo=7, routed)           0.318     6.027    u_softmax/u_compatibility/u_core/ctx_expected_key[0][6]_i_1_n_0
    SLICE_X61Y165        FDCE                                         r  u_softmax/u_compatibility/u_core/ctx_expected_key_reg[0][2]/CE
  -------------------------------------------------------------------    -------------------

                         (clock core_clk rise edge)
                                                      0.000     0.000 r  
                                                      0.000     0.000 r  clk (IN)
                         net (fo=57986, unset)        2.390     2.390    u_softmax/u_compatibility/u_core/clk
    SLICE_X61Y165        FDCE                                         r  u_softmax/u_compatibility/u_core/ctx_expected_key_reg[0][2]/C

Slack:                    inf
  Source:                 score_bf16[0]
                            (input port)
  Destination:            u_softmax/u_compatibility/u_core/ctx_expected_key_reg[0][3]/CE
                            (rising edge-triggered cell FDCE clocked by core_clk  {rise@0.000ns fall@3.333ns period=6.666ns})
  Path Group:             (none)
  Path Type:              Setup (Max at Slow Process Corner)
  Data Path Delay:        6.027ns  (logic 1.911ns (31.710%)  route 4.116ns (68.290%))
  Logic Levels:           17  (CARRY8=4 LUT4=3 LUT5=1 LUT6=9)
  Clock Path Skew:        2.390ns (DCD - SCD + CPR)
    Destination Clock Delay (DCD):    2.390ns
    Source Clock Delay      (SCD):    0.000ns
    Clock Pessimism Removal (CPR):    0.000ns
  Clock Uncertainty:      0.025ns  ((TSJ^2 + TIJ^2)^1/2 + DJ) / 2 + PE
    Total System Jitter     (TSJ):    0.050ns
    Total Input Jitter      (TIJ):    0.000ns
    Discrete Jitter          (DJ):    0.000ns
    Phase Error              (PE):    0.000ns
  Timing Exception:       False Path

    Location             Delay type                Incr(ns)  Path(ns)    Netlist Resource(s)
  -------------------------------------------------------------------    -------------------
                                                      0.000     0.000 f  score_bf16[0] (IN)
                         net (fo=17, unset)           0.000     0.000    u_softmax/u_compatibility/u_core/score_bf16[0]
    SLICE_X60Y158        LUT6 (Prop_G6LUT_SLICEM_I0_O)
                                                      0.150     0.150 f  u_softmax/u_compatibility/u_core/calc_score_fixed[1]_i_11/O
                         net (fo=2, routed)           0.146     0.296    u_softmax/u_compatibility/u_core/calc_score_fixed[1]_i_11_n_0
    SLICE_X60Y157        LUT6 (Prop_D6LUT_SLICEM_I1_O)
                                                      0.122     0.418 r  u_softmax/u_compatibility/u_core/calc_score_fixed[3]_i_14/O
                         net (fo=3, routed)           0.202     0.620    u_softmax/u_compatibility/u_core/calc_score_fixed[3]_i_14_n_0
    SLICE_X60Y157        LUT6 (Prop_A6LUT_SLICEM_I0_O)
                                                      0.150     0.770 r  u_softmax/u_compatibility/u_core/calc_score_fixed[7]_i_18/O
                         net (fo=6, routed)           0.177     0.947    u_softmax/u_compatibility/u_core/calc_score_fixed[7]_i_18_n_0
    SLICE_X60Y156        LUT6 (Prop_D6LUT_SLICEM_I0_O)
                                                      0.145     1.092 r  u_softmax/u_compatibility/u_core/calc_score_fixed[1]_i_10/O
                         net (fo=1, routed)           0.052     1.144    u_softmax/u_compatibility/u_core/calc_score_fixed[1]_i_10_n_0
    SLICE_X60Y156        LUT6 (Prop_C6LUT_SLICEM_I1_O)
                                                      0.145     1.289 f  u_softmax/u_compatibility/u_core/calc_score_fixed[1]_i_6/O
                         net (fo=2, routed)           0.209     1.498    u_softmax/u_compatibility/u_core/calc_score_fixed[1]_i_6_n_0
    SLICE_X59Y157        LUT6 (Prop_G6LUT_SLICEL_I5_O)
                                                      0.149     1.647 r  u_softmax/u_compatibility/u_core/calc_score_fixed[1]_i_2/O
                         net (fo=2, routed)           0.280     1.926    u_softmax/u_compatibility/u_core/p_0_in__0[1]
    SLICE_X58Y158        CARRY8 (Prop_CARRY8_SLICEM_S[0]_CO[7])
                                                      0.192     2.118 r  u_softmax/u_compatibility/u_core/calc_score_fixed_reg[7]_i_3/CO[7]
                         net (fo=1, routed)           0.026     2.144    u_softmax/u_compatibility/u_core/calc_score_fixed_reg[7]_i_3_n_0
    SLICE_X58Y159        CARRY8 (Prop_CARRY8_SLICEM_CI_CO[7])
                                                      0.015     2.159 r  u_softmax/u_compatibility/u_core/calc_score_fixed_reg[16]_i_3/CO[7]
                         net (fo=1, routed)           0.026     2.185    u_softmax/u_compatibility/u_core/calc_score_fixed_reg[16]_i_3_n_0
    SLICE_X58Y160        CARRY8 (Prop_CARRY8_SLICEM_CI_O[6])
                                                      0.103     2.288 r  u_softmax/u_compatibility/u_core/calc_score_fixed_reg[22]_i_5/O[6]
                         net (fo=1, routed)           0.240     2.528    u_softmax/u_compatibility/u_core/calc_score_fixed_reg[22]_i_5_n_9
    SLICE_X57Y161        LUT6 (Prop_B6LUT_SLICEM_I4_O)
                                                      0.052     2.580 f  u_softmax/u_compatibility/u_core/calc_score_fixed[23]_i_3/O
                         net (fo=1, routed)           0.195     2.775    u_softmax/u_compatibility/u_core/calc_score_fixed[23]_i_3_n_0
    SLICE_X57Y161        LUT6 (Prop_C6LUT_SLICEM_I1_O)
                                                      0.088     2.863 r  u_softmax/u_compatibility/u_core/calc_score_fixed[23]_i_1/O
                         net (fo=3, routed)           0.280     3.143    u_softmax/u_compatibility/u_core/calc_score_fixed[23]_i_1_n_0
    SLICE_X56Y162        LUT4 (Prop_D6LUT_SLICEL_I0_O)
                                                      0.146     3.289 r  u_softmax/u_compatibility/u_core/calc_last_i_48/O
                         net (fo=1, routed)           0.009     3.298    u_softmax/u_compatibility/u_core/calc_last_i_48_n_0
    SLICE_X56Y162        CARRY8 (Prop_CARRY8_SLICEL_S[3]_CO[3])
                                                      0.128     3.426 r  u_softmax/u_compatibility/u_core/calc_last_reg_i_13/CO[3]
                         net (fo=1, routed)           0.317     3.743    u_softmax/u_compatibility/u_core/score_max_legal0
    SLICE_X60Y167        LUT6 (Prop_D6LUT_SLICEM_I2_O)
                                                      0.088     3.831 f  u_softmax/u_compatibility/u_core/calc_last_i_4/O
                         net (fo=1, routed)           0.092     3.923    u_softmax/u_compatibility/u_core/calc_last_i_4_n_0
    SLICE_X59Y167        LUT4 (Prop_H6LUT_SLICEL_I1_O)
                                                      0.051     3.974 r  u_softmax/u_compatibility/u_core/calc_last_i_2/O
                         net (fo=7, routed)           0.690     4.665    u_softmax/u_compatibility/u_core/calc_last_i_2_n_0
    SLICE_X59Y119        LUT4 (Prop_H6LUT_SLICEL_I3_O)
                                                      0.150     4.815 r  u_softmax/u_compatibility/u_core/calc_last_i_1/O
                         net (fo=89, routed)          0.857     5.672    u_softmax/u_compatibility/u_core/calc_last_i_1_n_0
    SLICE_X60Y166        LUT5 (Prop_F6LUT_SLICEM_I4_O)
                                                      0.037     5.709 r  u_softmax/u_compatibility/u_core/ctx_expected_key[0][6]_i_1/O
                         net (fo=7, routed)           0.318     6.027    u_softmax/u_compatibility/u_core/ctx_expected_key[0][6]_i_1_n_0
    SLICE_X61Y165        FDCE                                         r  u_softmax/u_compatibility/u_core/ctx_expected_key_reg[0][3]/CE
  -------------------------------------------------------------------    -------------------

                         (clock core_clk rise edge)
                                                      0.000     0.000 r  
                                                      0.000     0.000 r  clk (IN)
                         net (fo=57986, unset)        2.390     2.390    u_softmax/u_compatibility/u_core/clk
    SLICE_X61Y165        FDCE                                         r  u_softmax/u_compatibility/u_core/ctx_expected_key_reg[0][3]/C

Slack:                    inf
  Source:                 score_bf16[0]
                            (input port)
  Destination:            u_softmax/u_compatibility/u_core/ctx_expected_key_reg[2][2]/CE
                            (rising edge-triggered cell FDCE clocked by core_clk  {rise@0.000ns fall@3.333ns period=6.666ns})
  Path Group:             (none)
  Path Type:              Setup (Max at Slow Process Corner)
  Data Path Delay:        6.025ns  (logic 1.911ns (31.719%)  route 4.114ns (68.281%))
  Logic Levels:           17  (CARRY8=4 LUT4=3 LUT5=1 LUT6=9)
  Clock Path Skew:        2.389ns (DCD - SCD + CPR)
    Destination Clock Delay (DCD):    2.389ns
    Source Clock Delay      (SCD):    0.000ns
    Clock Pessimism Removal (CPR):    0.000ns
  Clock Uncertainty:      0.025ns  ((TSJ^2 + TIJ^2)^1/2 + DJ) / 2 + PE
    Total System Jitter     (TSJ):    0.050ns
    Total Input Jitter      (TIJ):    0.000ns
    Discrete Jitter          (DJ):    0.000ns
    Phase Error              (PE):    0.000ns
  Timing Exception:       False Path

    Location             Delay type                Incr(ns)  Path(ns)    Netlist Resource(s)
  -------------------------------------------------------------------    -------------------
                                                      0.000     0.000 f  score_bf16[0] (IN)
                         net (fo=17, unset)           0.000     0.000    u_softmax/u_compatibility/u_core/score_bf16[0]
    SLICE_X60Y158        LUT6 (Prop_G6LUT_SLICEM_I0_O)
                                                      0.150     0.150 f  u_softmax/u_compatibility/u_core/calc_score_fixed[1]_i_11/O
                         net (fo=2, routed)           0.146     0.296    u_softmax/u_compatibility/u_core/calc_score_fixed[1]_i_11_n_0
    SLICE_X60Y157        LUT6 (Prop_D6LUT_SLICEM_I1_O)
                                                      0.122     0.418 r  u_softmax/u_compatibility/u_core/calc_score_fixed[3]_i_14/O
                         net (fo=3, routed)           0.202     0.620    u_softmax/u_compatibility/u_core/calc_score_fixed[3]_i_14_n_0
    SLICE_X60Y157        LUT6 (Prop_A6LUT_SLICEM_I0_O)
                                                      0.150     0.770 r  u_softmax/u_compatibility/u_core/calc_score_fixed[7]_i_18/O
                         net (fo=6, routed)           0.177     0.947    u_softmax/u_compatibility/u_core/calc_score_fixed[7]_i_18_n_0
    SLICE_X60Y156        LUT6 (Prop_D6LUT_SLICEM_I0_O)
                                                      0.145     1.092 r  u_softmax/u_compatibility/u_core/calc_score_fixed[1]_i_10/O
                         net (fo=1, routed)           0.052     1.144    u_softmax/u_compatibility/u_core/calc_score_fixed[1]_i_10_n_0
    SLICE_X60Y156        LUT6 (Prop_C6LUT_SLICEM_I1_O)
                                                      0.145     1.289 f  u_softmax/u_compatibility/u_core/calc_score_fixed[1]_i_6/O
                         net (fo=2, routed)           0.209     1.498    u_softmax/u_compatibility/u_core/calc_score_fixed[1]_i_6_n_0
    SLICE_X59Y157        LUT6 (Prop_G6LUT_SLICEL_I5_O)
                                                      0.149     1.647 r  u_softmax/u_compatibility/u_core/calc_score_fixed[1]_i_2/O
                         net (fo=2, routed)           0.280     1.926    u_softmax/u_compatibility/u_core/p_0_in__0[1]
    SLICE_X58Y158        CARRY8 (Prop_CARRY8_SLICEM_S[0]_CO[7])
                                                      0.192     2.118 r  u_softmax/u_compatibility/u_core/calc_score_fixed_reg[7]_i_3/CO[7]
                         net (fo=1, routed)           0.026     2.144    u_softmax/u_compatibility/u_core/calc_score_fixed_reg[7]_i_3_n_0
    SLICE_X58Y159        CARRY8 (Prop_CARRY8_SLICEM_CI_CO[7])
                                                      0.015     2.159 r  u_softmax/u_compatibility/u_core/calc_score_fixed_reg[16]_i_3/CO[7]
                         net (fo=1, routed)           0.026     2.185    u_softmax/u_compatibility/u_core/calc_score_fixed_reg[16]_i_3_n_0
    SLICE_X58Y160        CARRY8 (Prop_CARRY8_SLICEM_CI_O[6])
                                                      0.103     2.288 r  u_softmax/u_compatibility/u_core/calc_score_fixed_reg[22]_i_5/O[6]
                         net (fo=1, routed)           0.240     2.528    u_softmax/u_compatibility/u_core/calc_score_fixed_reg[22]_i_5_n_9
    SLICE_X57Y161        LUT6 (Prop_B6LUT_SLICEM_I4_O)
                                                      0.052     2.580 f  u_softmax/u_compatibility/u_core/calc_score_fixed[23]_i_3/O
                         net (fo=1, routed)           0.195     2.775    u_softmax/u_compatibility/u_core/calc_score_fixed[23]_i_3_n_0
    SLICE_X57Y161        LUT6 (Prop_C6LUT_SLICEM_I1_O)
                                                      0.088     2.863 r  u_softmax/u_compatibility/u_core/calc_score_fixed[23]_i_1/O
                         net (fo=3, routed)           0.280     3.143    u_softmax/u_compatibility/u_core/calc_score_fixed[23]_i_1_n_0
    SLICE_X56Y162        LUT4 (Prop_D6LUT_SLICEL_I0_O)
                                                      0.146     3.289 r  u_softmax/u_compatibility/u_core/calc_last_i_48/O
                         net (fo=1, routed)           0.009     3.298    u_softmax/u_compatibility/u_core/calc_last_i_48_n_0
    SLICE_X56Y162        CARRY8 (Prop_CARRY8_SLICEL_S[3]_CO[3])
                                                      0.128     3.426 r  u_softmax/u_compatibility/u_core/calc_last_reg_i_13/CO[3]
                         net (fo=1, routed)           0.317     3.743    u_softmax/u_compatibility/u_core/score_max_legal0
    SLICE_X60Y167        LUT6 (Prop_D6LUT_SLICEM_I2_O)
                                                      0.088     3.831 f  u_softmax/u_compatibility/u_core/calc_last_i_4/O
                         net (fo=1, routed)           0.092     3.923    u_softmax/u_compatibility/u_core/calc_last_i_4_n_0
    SLICE_X59Y167        LUT4 (Prop_H6LUT_SLICEL_I1_O)
                                                      0.051     3.974 r  u_softmax/u_compatibility/u_core/calc_last_i_2/O
                         net (fo=7, routed)           0.690     4.665    u_softmax/u_compatibility/u_core/calc_last_i_2_n_0
    SLICE_X59Y119        LUT4 (Prop_H6LUT_SLICEL_I3_O)
                                                      0.150     4.815 r  u_softmax/u_compatibility/u_core/calc_last_i_1/O
                         net (fo=89, routed)          0.857     5.672    u_softmax/u_compatibility/u_core/calc_last_i_1_n_0
    SLICE_X60Y166        LUT5 (Prop_E6LUT_SLICEM_I4_O)
                                                      0.037     5.709 r  u_softmax/u_compatibility/u_core/ctx_expected_key[2][6]_i_1/O
                         net (fo=7, routed)           0.316     6.025    u_softmax/u_compatibility/u_core/ctx_expected_key[2][6]_i_1_n_0
    SLICE_X61Y165        FDCE                                         r  u_softmax/u_compatibility/u_core/ctx_expected_key_reg[2][2]/CE
  -------------------------------------------------------------------    -------------------

                         (clock core_clk rise edge)
                                                      0.000     0.000 r  
                                                      0.000     0.000 r  clk (IN)
                         net (fo=57986, unset)        2.389     2.389    u_softmax/u_compatibility/u_core/clk
    SLICE_X61Y165        FDCE                                         r  u_softmax/u_compatibility/u_core/ctx_expected_key_reg[2][2]/C

Slack:                    inf
  Source:                 score_bf16[0]
                            (input port)
  Destination:            u_softmax/u_compatibility/u_core/ctx_expected_key_reg[2][3]/CE
                            (rising edge-triggered cell FDCE clocked by core_clk  {rise@0.000ns fall@3.333ns period=6.666ns})
  Path Group:             (none)
  Path Type:              Setup (Max at Slow Process Corner)
  Data Path Delay:        6.024ns  (logic 1.911ns (31.724%)  route 4.113ns (68.276%))
  Logic Levels:           17  (CARRY8=4 LUT4=3 LUT5=1 LUT6=9)
  Clock Path Skew:        2.389ns (DCD - SCD + CPR)
    Destination Clock Delay (DCD):    2.389ns
    Source Clock Delay      (SCD):    0.000ns
    Clock Pessimism Removal (CPR):    0.000ns
  Clock Uncertainty:      0.025ns  ((TSJ^2 + TIJ^2)^1/2 + DJ) / 2 + PE
    Total System Jitter     (TSJ):    0.050ns
    Total Input Jitter      (TIJ):    0.000ns
    Discrete Jitter          (DJ):    0.000ns
    Phase Error              (PE):    0.000ns
  Timing Exception:       False Path

    Location             Delay type                Incr(ns)  Path(ns)    Netlist Resource(s)
  -------------------------------------------------------------------    -------------------
                                                      0.000     0.000 f  score_bf16[0] (IN)
                         net (fo=17, unset)           0.000     0.000    u_softmax/u_compatibility/u_core/score_bf16[0]
    SLICE_X60Y158        LUT6 (Prop_G6LUT_SLICEM_I0_O)
                                                      0.150     0.150 f  u_softmax/u_compatibility/u_core/calc_score_fixed[1]_i_11/O
                         net (fo=2, routed)           0.146     0.296    u_softmax/u_compatibility/u_core/calc_score_fixed[1]_i_11_n_0
    SLICE_X60Y157        LUT6 (Prop_D6LUT_SLICEM_I1_O)
                                                      0.122     0.418 r  u_softmax/u_compatibility/u_core/calc_score_fixed[3]_i_14/O
                         net (fo=3, routed)           0.202     0.620    u_softmax/u_compatibility/u_core/calc_score_fixed[3]_i_14_n_0
    SLICE_X60Y157        LUT6 (Prop_A6LUT_SLICEM_I0_O)
                                                      0.150     0.770 r  u_softmax/u_compatibility/u_core/calc_score_fixed[7]_i_18/O
                         net (fo=6, routed)           0.177     0.947    u_softmax/u_compatibility/u_core/calc_score_fixed[7]_i_18_n_0
    SLICE_X60Y156        LUT6 (Prop_D6LUT_SLICEM_I0_O)
                                                      0.145     1.092 r  u_softmax/u_compatibility/u_core/calc_score_fixed[1]_i_10/O
                         net (fo=1, routed)           0.052     1.144    u_softmax/u_compatibility/u_core/calc_score_fixed[1]_i_10_n_0
    SLICE_X60Y156        LUT6 (Prop_C6LUT_SLICEM_I1_O)
                                                      0.145     1.289 f  u_softmax/u_compatibility/u_core/calc_score_fixed[1]_i_6/O
                         net (fo=2, routed)           0.209     1.498    u_softmax/u_compatibility/u_core/calc_score_fixed[1]_i_6_n_0
    SLICE_X59Y157        LUT6 (Prop_G6LUT_SLICEL_I5_O)
                                                      0.149     1.647 r  u_softmax/u_compatibility/u_core/calc_score_fixed[1]_i_2/O
                         net (fo=2, routed)           0.280     1.926    u_softmax/u_compatibility/u_core/p_0_in__0[1]
    SLICE_X58Y158        CARRY8 (Prop_CARRY8_SLICEM_S[0]_CO[7])
                                                      0.192     2.118 r  u_softmax/u_compatibility/u_core/calc_score_fixed_reg[7]_i_3/CO[7]
                         net (fo=1, routed)           0.026     2.144    u_softmax/u_compatibility/u_core/calc_score_fixed_reg[7]_i_3_n_0
    SLICE_X58Y159        CARRY8 (Prop_CARRY8_SLICEM_CI_CO[7])
                                                      0.015     2.159 r  u_softmax/u_compatibility/u_core/calc_score_fixed_reg[16]_i_3/CO[7]
                         net (fo=1, routed)           0.026     2.185    u_softmax/u_compatibility/u_core/calc_score_fixed_reg[16]_i_3_n_0
    SLICE_X58Y160        CARRY8 (Prop_CARRY8_SLICEM_CI_O[6])
                                                      0.103     2.288 r  u_softmax/u_compatibility/u_core/calc_score_fixed_reg[22]_i_5/O[6]
                         net (fo=1, routed)           0.240     2.528    u_softmax/u_compatibility/u_core/calc_score_fixed_reg[22]_i_5_n_9
    SLICE_X57Y161        LUT6 (Prop_B6LUT_SLICEM_I4_O)
                                                      0.052     2.580 f  u_softmax/u_compatibility/u_core/calc_score_fixed[23]_i_3/O
                         net (fo=1, routed)           0.195     2.775    u_softmax/u_compatibility/u_core/calc_score_fixed[23]_i_3_n_0
    SLICE_X57Y161        LUT6 (Prop_C6LUT_SLICEM_I1_O)
                                                      0.088     2.863 r  u_softmax/u_compatibility/u_core/calc_score_fixed[23]_i_1/O
                         net (fo=3, routed)           0.280     3.143    u_softmax/u_compatibility/u_core/calc_score_fixed[23]_i_1_n_0
    SLICE_X56Y162        LUT4 (Prop_D6LUT_SLICEL_I0_O)
                                                      0.146     3.289 r  u_softmax/u_compatibility/u_core/calc_last_i_48/O
                         net (fo=1, routed)           0.009     3.298    u_softmax/u_compatibility/u_core/calc_last_i_48_n_0
    SLICE_X56Y162        CARRY8 (Prop_CARRY8_SLICEL_S[3]_CO[3])
                                                      0.128     3.426 r  u_softmax/u_compatibility/u_core/calc_last_reg_i_13/CO[3]
                         net (fo=1, routed)           0.317     3.743    u_softmax/u_compatibility/u_core/score_max_legal0
    SLICE_X60Y167        LUT6 (Prop_D6LUT_SLICEM_I2_O)
                                                      0.088     3.831 f  u_softmax/u_compatibility/u_core/calc_last_i_4/O
                         net (fo=1, routed)           0.092     3.923    u_softmax/u_compatibility/u_core/calc_last_i_4_n_0
    SLICE_X59Y167        LUT4 (Prop_H6LUT_SLICEL_I1_O)
                                                      0.051     3.974 r  u_softmax/u_compatibility/u_core/calc_last_i_2/O
                         net (fo=7, routed)           0.690     4.665    u_softmax/u_compatibility/u_core/calc_last_i_2_n_0
    SLICE_X59Y119        LUT4 (Prop_H6LUT_SLICEL_I3_O)
                                                      0.150     4.815 r  u_softmax/u_compatibility/u_core/calc_last_i_1/O
                         net (fo=89, routed)          0.857     5.672    u_softmax/u_compatibility/u_core/calc_last_i_1_n_0
    SLICE_X60Y166        LUT5 (Prop_E6LUT_SLICEM_I4_O)
                                                      0.037     5.709 r  u_softmax/u_compatibility/u_core/ctx_expected_key[2][6]_i_1/O
                         net (fo=7, routed)           0.315     6.024    u_softmax/u_compatibility/u_core/ctx_expected_key[2][6]_i_1_n_0
    SLICE_X61Y165        FDCE                                         r  u_softmax/u_compatibility/u_core/ctx_expected_key_reg[2][3]/CE
  -------------------------------------------------------------------    -------------------

                         (clock core_clk rise edge)
                                                      0.000     0.000 r  
                                                      0.000     0.000 r  clk (IN)
                         net (fo=57986, unset)        2.389     2.389    u_softmax/u_compatibility/u_core/clk
    SLICE_X61Y165        FDCE                                         r  u_softmax/u_compatibility/u_core/ctx_expected_key_reg[2][3]/C

Slack:                    inf
  Source:                 score_bf16[0]
                            (input port)
  Destination:            u_softmax/u_compatibility/u_core/ctx_expected_key_reg[2][1]/CE
                            (rising edge-triggered cell FDCE clocked by core_clk  {rise@0.000ns fall@3.333ns period=6.666ns})
  Path Group:             (none)
  Path Type:              Setup (Max at Slow Process Corner)
  Data Path Delay:        6.021ns  (logic 1.911ns (31.738%)  route 4.110ns (68.262%))
  Logic Levels:           17  (CARRY8=4 LUT4=3 LUT5=1 LUT6=9)
  Clock Path Skew:        2.391ns (DCD - SCD + CPR)
    Destination Clock Delay (DCD):    2.391ns
    Source Clock Delay      (SCD):    0.000ns
    Clock Pessimism Removal (CPR):    0.000ns
  Clock Uncertainty:      0.025ns  ((TSJ^2 + TIJ^2)^1/2 + DJ) / 2 + PE
    Total System Jitter     (TSJ):    0.050ns
    Total Input Jitter      (TIJ):    0.000ns
    Discrete Jitter          (DJ):    0.000ns
    Phase Error              (PE):    0.000ns
  Timing Exception:       False Path

    Location             Delay type                Incr(ns)  Path(ns)    Netlist Resource(s)
  -------------------------------------------------------------------    -------------------
                                                      0.000     0.000 f  score_bf16[0] (IN)
                         net (fo=17, unset)           0.000     0.000    u_softmax/u_compatibility/u_core/score_bf16[0]
    SLICE_X60Y158        LUT6 (Prop_G6LUT_SLICEM_I0_O)
                                                      0.150     0.150 f  u_softmax/u_compatibility/u_core/calc_score_fixed[1]_i_11/O
                         net (fo=2, routed)           0.146     0.296    u_softmax/u_compatibility/u_core/calc_score_fixed[1]_i_11_n_0
    SLICE_X60Y157        LUT6 (Prop_D6LUT_SLICEM_I1_O)
                                                      0.122     0.418 r  u_softmax/u_compatibility/u_core/calc_score_fixed[3]_i_14/O
                         net (fo=3, routed)           0.202     0.620    u_softmax/u_compatibility/u_core/calc_score_fixed[3]_i_14_n_0
    SLICE_X60Y157        LUT6 (Prop_A6LUT_SLICEM_I0_O)
                                                      0.150     0.770 r  u_softmax/u_compatibility/u_core/calc_score_fixed[7]_i_18/O
                         net (fo=6, routed)           0.177     0.947    u_softmax/u_compatibility/u_core/calc_score_fixed[7]_i_18_n_0
    SLICE_X60Y156        LUT6 (Prop_D6LUT_SLICEM_I0_O)
                                                      0.145     1.092 r  u_softmax/u_compatibility/u_core/calc_score_fixed[1]_i_10/O
                         net (fo=1, routed)           0.052     1.144    u_softmax/u_compatibility/u_core/calc_score_fixed[1]_i_10_n_0
    SLICE_X60Y156        LUT6 (Prop_C6LUT_SLICEM_I1_O)
                                                      0.145     1.289 f  u_softmax/u_compatibility/u_core/calc_score_fixed[1]_i_6/O
                         net (fo=2, routed)           0.209     1.498    u_softmax/u_compatibility/u_core/calc_score_fixed[1]_i_6_n_0
    SLICE_X59Y157        LUT6 (Prop_G6LUT_SLICEL_I5_O)
                                                      0.149     1.647 r  u_softmax/u_compatibility/u_core/calc_score_fixed[1]_i_2/O
                         net (fo=2, routed)           0.280     1.926    u_softmax/u_compatibility/u_core/p_0_in__0[1]
    SLICE_X58Y158        CARRY8 (Prop_CARRY8_SLICEM_S[0]_CO[7])
                                                      0.192     2.118 r  u_softmax/u_compatibility/u_core/calc_score_fixed_reg[7]_i_3/CO[7]
                         net (fo=1, routed)           0.026     2.144    u_softmax/u_compatibility/u_core/calc_score_fixed_reg[7]_i_3_n_0
    SLICE_X58Y159        CARRY8 (Prop_CARRY8_SLICEM_CI_CO[7])
                                                      0.015     2.159 r  u_softmax/u_compatibility/u_core/calc_score_fixed_reg[16]_i_3/CO[7]
                         net (fo=1, routed)           0.026     2.185    u_softmax/u_compatibility/u_core/calc_score_fixed_reg[16]_i_3_n_0
    SLICE_X58Y160        CARRY8 (Prop_CARRY8_SLICEM_CI_O[6])
                                                      0.103     2.288 r  u_softmax/u_compatibility/u_core/calc_score_fixed_reg[22]_i_5/O[6]
                         net (fo=1, routed)           0.240     2.528    u_softmax/u_compatibility/u_core/calc_score_fixed_reg[22]_i_5_n_9
    SLICE_X57Y161        LUT6 (Prop_B6LUT_SLICEM_I4_O)
                                                      0.052     2.580 f  u_softmax/u_compatibility/u_core/calc_score_fixed[23]_i_3/O
                         net (fo=1, routed)           0.195     2.775    u_softmax/u_compatibility/u_core/calc_score_fixed[23]_i_3_n_0
    SLICE_X57Y161        LUT6 (Prop_C6LUT_SLICEM_I1_O)
                                                      0.088     2.863 r  u_softmax/u_compatibility/u_core/calc_score_fixed[23]_i_1/O
                         net (fo=3, routed)           0.280     3.143    u_softmax/u_compatibility/u_core/calc_score_fixed[23]_i_1_n_0
    SLICE_X56Y162        LUT4 (Prop_D6LUT_SLICEL_I0_O)
                                                      0.146     3.289 r  u_softmax/u_compatibility/u_core/calc_last_i_48/O
                         net (fo=1, routed)           0.009     3.298    u_softmax/u_compatibility/u_core/calc_last_i_48_n_0
    SLICE_X56Y162        CARRY8 (Prop_CARRY8_SLICEL_S[3]_CO[3])
                                                      0.128     3.426 r  u_softmax/u_compatibility/u_core/calc_last_reg_i_13/CO[3]
                         net (fo=1, routed)           0.317     3.743    u_softmax/u_compatibility/u_core/score_max_legal0
    SLICE_X60Y167        LUT6 (Prop_D6LUT_SLICEM_I2_O)
                                                      0.088     3.831 f  u_softmax/u_compatibility/u_core/calc_last_i_4/O
                         net (fo=1, routed)           0.092     3.923    u_softmax/u_compatibility/u_core/calc_last_i_4_n_0
    SLICE_X59Y167        LUT4 (Prop_H6LUT_SLICEL_I1_O)
                                                      0.051     3.974 r  u_softmax/u_compatibility/u_core/calc_last_i_2/O
                         net (fo=7, routed)           0.690     4.665    u_softmax/u_compatibility/u_core/calc_last_i_2_n_0
    SLICE_X59Y119        LUT4 (Prop_H6LUT_SLICEL_I3_O)
                                                      0.150     4.815 r  u_softmax/u_compatibility/u_core/calc_last_i_1/O
                         net (fo=89, routed)          0.857     5.672    u_softmax/u_compatibility/u_core/calc_last_i_1_n_0
    SLICE_X60Y166        LUT5 (Prop_E6LUT_SLICEM_I4_O)
                                                      0.037     5.709 r  u_softmax/u_compatibility/u_core/ctx_expected_key[2][6]_i_1/O
                         net (fo=7, routed)           0.313     6.021    u_softmax/u_compatibility/u_core/ctx_expected_key[2][6]_i_1_n_0
    SLICE_X61Y167        FDCE                                         r  u_softmax/u_compatibility/u_core/ctx_expected_key_reg[2][1]/CE
  -------------------------------------------------------------------    -------------------

                         (clock core_clk rise edge)
                                                      0.000     0.000 r  
                                                      0.000     0.000 r  clk (IN)
                         net (fo=57986, unset)        2.391     2.391    u_softmax/u_compatibility/u_core/clk
    SLICE_X61Y167        FDCE                                         r  u_softmax/u_compatibility/u_core/ctx_expected_key_reg[2][1]/C

Slack:                    inf
  Source:                 score_bf16[0]
                            (input port)
  Destination:            u_softmax/u_compatibility/u_core/ctx_expected_key_reg[3][4]/CE
                            (rising edge-triggered cell FDCE clocked by core_clk  {rise@0.000ns fall@3.333ns period=6.666ns})
  Path Group:             (none)
  Path Type:              Setup (Max at Slow Process Corner)
  Data Path Delay:        6.018ns  (logic 1.999ns (33.214%)  route 4.019ns (66.786%))
  Logic Levels:           17  (CARRY8=4 LUT4=3 LUT5=1 LUT6=9)
  Clock Path Skew:        2.338ns (DCD - SCD + CPR)
    Destination Clock Delay (DCD):    2.338ns
    Source Clock Delay      (SCD):    0.000ns
    Clock Pessimism Removal (CPR):    0.000ns
  Clock Uncertainty:      0.025ns  ((TSJ^2 + TIJ^2)^1/2 + DJ) / 2 + PE
    Total System Jitter     (TSJ):    0.050ns
    Total Input Jitter      (TIJ):    0.000ns
    Discrete Jitter          (DJ):    0.000ns
    Phase Error              (PE):    0.000ns
  Timing Exception:       False Path

    Location             Delay type                Incr(ns)  Path(ns)    Netlist Resource(s)
  -------------------------------------------------------------------    -------------------
                                                      0.000     0.000 f  score_bf16[0] (IN)
                         net (fo=17, unset)           0.000     0.000    u_softmax/u_compatibility/u_core/score_bf16[0]
    SLICE_X60Y158        LUT6 (Prop_G6LUT_SLICEM_I0_O)
                                                      0.150     0.150 f  u_softmax/u_compatibility/u_core/calc_score_fixed[1]_i_11/O
                         net (fo=2, routed)           0.146     0.296    u_softmax/u_compatibility/u_core/calc_score_fixed[1]_i_11_n_0
    SLICE_X60Y157        LUT6 (Prop_D6LUT_SLICEM_I1_O)
                                                      0.122     0.418 r  u_softmax/u_compatibility/u_core/calc_score_fixed[3]_i_14/O
                         net (fo=3, routed)           0.202     0.620    u_softmax/u_compatibility/u_core/calc_score_fixed[3]_i_14_n_0
    SLICE_X60Y157        LUT6 (Prop_A6LUT_SLICEM_I0_O)
                                                      0.150     0.770 r  u_softmax/u_compatibility/u_core/calc_score_fixed[7]_i_18/O
                         net (fo=6, routed)           0.177     0.947    u_softmax/u_compatibility/u_core/calc_score_fixed[7]_i_18_n_0
    SLICE_X60Y156        LUT6 (Prop_D6LUT_SLICEM_I0_O)
                                                      0.145     1.092 r  u_softmax/u_compatibility/u_core/calc_score_fixed[1]_i_10/O
                         net (fo=1, routed)           0.052     1.144    u_softmax/u_compatibility/u_core/calc_score_fixed[1]_i_10_n_0
    SLICE_X60Y156        LUT6 (Prop_C6LUT_SLICEM_I1_O)
                                                      0.145     1.289 f  u_softmax/u_compatibility/u_core/calc_score_fixed[1]_i_6/O
                         net (fo=2, routed)           0.209     1.498    u_softmax/u_compatibility/u_core/calc_score_fixed[1]_i_6_n_0
    SLICE_X59Y157        LUT6 (Prop_G6LUT_SLICEL_I5_O)
                                                      0.149     1.647 r  u_softmax/u_compatibility/u_core/calc_score_fixed[1]_i_2/O
                         net (fo=2, routed)           0.280     1.926    u_softmax/u_compatibility/u_core/p_0_in__0[1]
    SLICE_X58Y158        CARRY8 (Prop_CARRY8_SLICEM_S[0]_CO[7])
                                                      0.192     2.118 r  u_softmax/u_compatibility/u_core/calc_score_fixed_reg[7]_i_3/CO[7]
                         net (fo=1, routed)           0.026     2.144    u_softmax/u_compatibility/u_core/calc_score_fixed_reg[7]_i_3_n_0
    SLICE_X58Y159        CARRY8 (Prop_CARRY8_SLICEM_CI_CO[7])
                                                      0.015     2.159 r  u_softmax/u_compatibility/u_core/calc_score_fixed_reg[16]_i_3/CO[7]
                         net (fo=1, routed)           0.026     2.185    u_softmax/u_compatibility/u_core/calc_score_fixed_reg[16]_i_3_n_0
    SLICE_X58Y160        CARRY8 (Prop_CARRY8_SLICEM_CI_O[6])
                                                      0.103     2.288 r  u_softmax/u_compatibility/u_core/calc_score_fixed_reg[22]_i_5/O[6]
                         net (fo=1, routed)           0.240     2.528    u_softmax/u_compatibility/u_core/calc_score_fixed_reg[22]_i_5_n_9
    SLICE_X57Y161        LUT6 (Prop_B6LUT_SLICEM_I4_O)
                                                      0.052     2.580 f  u_softmax/u_compatibility/u_core/calc_score_fixed[23]_i_3/O
                         net (fo=1, routed)           0.195     2.775    u_softmax/u_compatibility/u_core/calc_score_fixed[23]_i_3_n_0
    SLICE_X57Y161        LUT6 (Prop_C6LUT_SLICEM_I1_O)
                                                      0.088     2.863 r  u_softmax/u_compatibility/u_core/calc_score_fixed[23]_i_1/O
                         net (fo=3, routed)           0.280     3.143    u_softmax/u_compatibility/u_core/calc_score_fixed[23]_i_1_n_0
    SLICE_X56Y162        LUT4 (Prop_D6LUT_SLICEL_I0_O)
                                                      0.146     3.289 r  u_softmax/u_compatibility/u_core/calc_last_i_48/O
                         net (fo=1, routed)           0.009     3.298    u_softmax/u_compatibility/u_core/calc_last_i_48_n_0
    SLICE_X56Y162        CARRY8 (Prop_CARRY8_SLICEL_S[3]_CO[3])
                                                      0.128     3.426 r  u_softmax/u_compatibility/u_core/calc_last_reg_i_13/CO[3]
                         net (fo=1, routed)           0.317     3.743    u_softmax/u_compatibility/u_core/score_max_legal0
    SLICE_X60Y167        LUT6 (Prop_D6LUT_SLICEM_I2_O)
                                                      0.088     3.831 f  u_softmax/u_compatibility/u_core/calc_last_i_4/O
                         net (fo=1, routed)           0.092     3.923    u_softmax/u_compatibility/u_core/calc_last_i_4_n_0
    SLICE_X59Y167        LUT4 (Prop_H6LUT_SLICEL_I1_O)
                                                      0.051     3.974 r  u_softmax/u_compatibility/u_core/calc_last_i_2/O
                         net (fo=7, routed)           0.690     4.665    u_softmax/u_compatibility/u_core/calc_last_i_2_n_0
    SLICE_X59Y119        LUT4 (Prop_H6LUT_SLICEL_I3_O)
                                                      0.150     4.815 r  u_softmax/u_compatibility/u_core/calc_last_i_1/O
                         net (fo=89, routed)          0.867     5.682    u_softmax/u_compatibility/u_core/calc_last_i_1_n_0
    SLICE_X60Y166        LUT5 (Prop_B6LUT_SLICEM_I4_O)
                                                      0.125     5.807 r  u_softmax/u_compatibility/u_core/ctx_expected_key[3][6]_i_1/O
                         net (fo=7, routed)           0.212     6.018    u_softmax/u_compatibility/u_core/ctx_expected_key[3][6]_i_1_n_0
    SLICE_X60Y168        FDCE                                         r  u_softmax/u_compatibility/u_core/ctx_expected_key_reg[3][4]/CE
  -------------------------------------------------------------------    -------------------

                         (clock core_clk rise edge)
                                                      0.000     0.000 r  
                                                      0.000     0.000 r  clk (IN)
                         net (fo=57986, unset)        2.338     2.338    u_softmax/u_compatibility/u_core/clk
    SLICE_X60Y168        FDCE                                         r  u_softmax/u_compatibility/u_core/ctx_expected_key_reg[3][4]/C

Slack:                    inf
  Source:                 score_bf16[0]
                            (input port)
  Destination:            u_softmax/u_compatibility/u_core/ctx_expected_key_reg[3][5]/CE
                            (rising edge-triggered cell FDCE clocked by core_clk  {rise@0.000ns fall@3.333ns period=6.666ns})
  Path Group:             (none)
  Path Type:              Setup (Max at Slow Process Corner)
  Data Path Delay:        6.018ns  (logic 1.999ns (33.214%)  route 4.019ns (66.786%))
  Logic Levels:           17  (CARRY8=4 LUT4=3 LUT5=1 LUT6=9)
  Clock Path Skew:        2.338ns (DCD - SCD + CPR)
    Destination Clock Delay (DCD):    2.338ns
    Source Clock Delay      (SCD):    0.000ns
    Clock Pessimism Removal (CPR):    0.000ns
  Clock Uncertainty:      0.025ns  ((TSJ^2 + TIJ^2)^1/2 + DJ) / 2 + PE
    Total System Jitter     (TSJ):    0.050ns
    Total Input Jitter      (TIJ):    0.000ns
    Discrete Jitter          (DJ):    0.000ns
    Phase Error              (PE):    0.000ns
  Timing Exception:       False Path

    Location             Delay type                Incr(ns)  Path(ns)    Netlist Resource(s)
  -------------------------------------------------------------------    -------------------
                                                      0.000     0.000 f  score_bf16[0] (IN)
                         net (fo=17, unset)           0.000     0.000    u_softmax/u_compatibility/u_core/score_bf16[0]
    SLICE_X60Y158        LUT6 (Prop_G6LUT_SLICEM_I0_O)
                                                      0.150     0.150 f  u_softmax/u_compatibility/u_core/calc_score_fixed[1]_i_11/O
                         net (fo=2, routed)           0.146     0.296    u_softmax/u_compatibility/u_core/calc_score_fixed[1]_i_11_n_0
    SLICE_X60Y157        LUT6 (Prop_D6LUT_SLICEM_I1_O)
                                                      0.122     0.418 r  u_softmax/u_compatibility/u_core/calc_score_fixed[3]_i_14/O
                         net (fo=3, routed)           0.202     0.620    u_softmax/u_compatibility/u_core/calc_score_fixed[3]_i_14_n_0
    SLICE_X60Y157        LUT6 (Prop_A6LUT_SLICEM_I0_O)
                                                      0.150     0.770 r  u_softmax/u_compatibility/u_core/calc_score_fixed[7]_i_18/O
                         net (fo=6, routed)           0.177     0.947    u_softmax/u_compatibility/u_core/calc_score_fixed[7]_i_18_n_0
    SLICE_X60Y156        LUT6 (Prop_D6LUT_SLICEM_I0_O)
                                                      0.145     1.092 r  u_softmax/u_compatibility/u_core/calc_score_fixed[1]_i_10/O
                         net (fo=1, routed)           0.052     1.144    u_softmax/u_compatibility/u_core/calc_score_fixed[1]_i_10_n_0
    SLICE_X60Y156        LUT6 (Prop_C6LUT_SLICEM_I1_O)
                                                      0.145     1.289 f  u_softmax/u_compatibility/u_core/calc_score_fixed[1]_i_6/O
                         net (fo=2, routed)           0.209     1.498    u_softmax/u_compatibility/u_core/calc_score_fixed[1]_i_6_n_0
    SLICE_X59Y157        LUT6 (Prop_G6LUT_SLICEL_I5_O)
                                                      0.149     1.647 r  u_softmax/u_compatibility/u_core/calc_score_fixed[1]_i_2/O
                         net (fo=2, routed)           0.280     1.926    u_softmax/u_compatibility/u_core/p_0_in__0[1]
    SLICE_X58Y158        CARRY8 (Prop_CARRY8_SLICEM_S[0]_CO[7])
                                                      0.192     2.118 r  u_softmax/u_compatibility/u_core/calc_score_fixed_reg[7]_i_3/CO[7]
                         net (fo=1, routed)           0.026     2.144    u_softmax/u_compatibility/u_core/calc_score_fixed_reg[7]_i_3_n_0
    SLICE_X58Y159        CARRY8 (Prop_CARRY8_SLICEM_CI_CO[7])
                                                      0.015     2.159 r  u_softmax/u_compatibility/u_core/calc_score_fixed_reg[16]_i_3/CO[7]
                         net (fo=1, routed)           0.026     2.185    u_softmax/u_compatibility/u_core/calc_score_fixed_reg[16]_i_3_n_0
    SLICE_X58Y160        CARRY8 (Prop_CARRY8_SLICEM_CI_O[6])
                                                      0.103     2.288 r  u_softmax/u_compatibility/u_core/calc_score_fixed_reg[22]_i_5/O[6]
                         net (fo=1, routed)           0.240     2.528    u_softmax/u_compatibility/u_core/calc_score_fixed_reg[22]_i_5_n_9
    SLICE_X57Y161        LUT6 (Prop_B6LUT_SLICEM_I4_O)
                                                      0.052     2.580 f  u_softmax/u_compatibility/u_core/calc_score_fixed[23]_i_3/O
                         net (fo=1, routed)           0.195     2.775    u_softmax/u_compatibility/u_core/calc_score_fixed[23]_i_3_n_0
    SLICE_X57Y161        LUT6 (Prop_C6LUT_SLICEM_I1_O)
                                                      0.088     2.863 r  u_softmax/u_compatibility/u_core/calc_score_fixed[23]_i_1/O
                         net (fo=3, routed)           0.280     3.143    u_softmax/u_compatibility/u_core/calc_score_fixed[23]_i_1_n_0
    SLICE_X56Y162        LUT4 (Prop_D6LUT_SLICEL_I0_O)
                                                      0.146     3.289 r  u_softmax/u_compatibility/u_core/calc_last_i_48/O
                         net (fo=1, routed)           0.009     3.298    u_softmax/u_compatibility/u_core/calc_last_i_48_n_0
    SLICE_X56Y162        CARRY8 (Prop_CARRY8_SLICEL_S[3]_CO[3])
                                                      0.128     3.426 r  u_softmax/u_compatibility/u_core/calc_last_reg_i_13/CO[3]
                         net (fo=1, routed)           0.317     3.743    u_softmax/u_compatibility/u_core/score_max_legal0
    SLICE_X60Y167        LUT6 (Prop_D6LUT_SLICEM_I2_O)
                                                      0.088     3.831 f  u_softmax/u_compatibility/u_core/calc_last_i_4/O
                         net (fo=1, routed)           0.092     3.923    u_softmax/u_compatibility/u_core/calc_last_i_4_n_0
    SLICE_X59Y167        LUT4 (Prop_H6LUT_SLICEL_I1_O)
                                                      0.051     3.974 r  u_softmax/u_compatibility/u_core/calc_last_i_2/O
                         net (fo=7, routed)           0.690     4.665    u_softmax/u_compatibility/u_core/calc_last_i_2_n_0
    SLICE_X59Y119        LUT4 (Prop_H6LUT_SLICEL_I3_O)
                                                      0.150     4.815 r  u_softmax/u_compatibility/u_core/calc_last_i_1/O
                         net (fo=89, routed)          0.867     5.682    u_softmax/u_compatibility/u_core/calc_last_i_1_n_0
    SLICE_X60Y166        LUT5 (Prop_B6LUT_SLICEM_I4_O)
                                                      0.125     5.807 r  u_softmax/u_compatibility/u_core/ctx_expected_key[3][6]_i_1/O
                         net (fo=7, routed)           0.212     6.018    u_softmax/u_compatibility/u_core/ctx_expected_key[3][6]_i_1_n_0
    SLICE_X60Y168        FDCE                                         r  u_softmax/u_compatibility/u_core/ctx_expected_key_reg[3][5]/CE
  -------------------------------------------------------------------    -------------------

                         (clock core_clk rise edge)
                                                      0.000     0.000 r  
                                                      0.000     0.000 r  clk (IN)
                         net (fo=57986, unset)        2.338     2.338    u_softmax/u_compatibility/u_core/clk
    SLICE_X60Y168        FDCE                                         r  u_softmax/u_compatibility/u_core/ctx_expected_key_reg[3][5]/C

Slack:                    inf
  Source:                 score_bf16[0]
                            (input port)
  Destination:            u_softmax/u_compatibility/u_core/ctx_expected_key_reg[2][4]/CE
                            (rising edge-triggered cell FDCE clocked by core_clk  {rise@0.000ns fall@3.333ns period=6.666ns})
  Path Group:             (none)
  Path Type:              Setup (Max at Slow Process Corner)
  Data Path Delay:        6.014ns  (logic 1.911ns (31.775%)  route 4.103ns (68.225%))
  Logic Levels:           17  (CARRY8=4 LUT4=3 LUT5=1 LUT6=9)
  Clock Path Skew:        2.337ns (DCD - SCD + CPR)
    Destination Clock Delay (DCD):    2.337ns
    Source Clock Delay      (SCD):    0.000ns
    Clock Pessimism Removal (CPR):    0.000ns
  Clock Uncertainty:      0.025ns  ((TSJ^2 + TIJ^2)^1/2 + DJ) / 2 + PE
    Total System Jitter     (TSJ):    0.050ns
    Total Input Jitter      (TIJ):    0.000ns
    Discrete Jitter          (DJ):    0.000ns
    Phase Error              (PE):    0.000ns
  Timing Exception:       False Path

    Location             Delay type                Incr(ns)  Path(ns)    Netlist Resource(s)
  -------------------------------------------------------------------    -------------------
                                                      0.000     0.000 f  score_bf16[0] (IN)
                         net (fo=17, unset)           0.000     0.000    u_softmax/u_compatibility/u_core/score_bf16[0]
    SLICE_X60Y158        LUT6 (Prop_G6LUT_SLICEM_I0_O)
                                                      0.150     0.150 f  u_softmax/u_compatibility/u_core/calc_score_fixed[1]_i_11/O
                         net (fo=2, routed)           0.146     0.296    u_softmax/u_compatibility/u_core/calc_score_fixed[1]_i_11_n_0
    SLICE_X60Y157        LUT6 (Prop_D6LUT_SLICEM_I1_O)
                                                      0.122     0.418 r  u_softmax/u_compatibility/u_core/calc_score_fixed[3]_i_14/O
                         net (fo=3, routed)           0.202     0.620    u_softmax/u_compatibility/u_core/calc_score_fixed[3]_i_14_n_0
    SLICE_X60Y157        LUT6 (Prop_A6LUT_SLICEM_I0_O)
                                                      0.150     0.770 r  u_softmax/u_compatibility/u_core/calc_score_fixed[7]_i_18/O
                         net (fo=6, routed)           0.177     0.947    u_softmax/u_compatibility/u_core/calc_score_fixed[7]_i_18_n_0
    SLICE_X60Y156        LUT6 (Prop_D6LUT_SLICEM_I0_O)
                                                      0.145     1.092 r  u_softmax/u_compatibility/u_core/calc_score_fixed[1]_i_10/O
                         net (fo=1, routed)           0.052     1.144    u_softmax/u_compatibility/u_core/calc_score_fixed[1]_i_10_n_0
    SLICE_X60Y156        LUT6 (Prop_C6LUT_SLICEM_I1_O)
                                                      0.145     1.289 f  u_softmax/u_compatibility/u_core/calc_score_fixed[1]_i_6/O
                         net (fo=2, routed)           0.209     1.498    u_softmax/u_compatibility/u_core/calc_score_fixed[1]_i_6_n_0
    SLICE_X59Y157        LUT6 (Prop_G6LUT_SLICEL_I5_O)
                                                      0.149     1.647 r  u_softmax/u_compatibility/u_core/calc_score_fixed[1]_i_2/O
                         net (fo=2, routed)           0.280     1.926    u_softmax/u_compatibility/u_core/p_0_in__0[1]
    SLICE_X58Y158        CARRY8 (Prop_CARRY8_SLICEM_S[0]_CO[7])
                                                      0.192     2.118 r  u_softmax/u_compatibility/u_core/calc_score_fixed_reg[7]_i_3/CO[7]
                         net (fo=1, routed)           0.026     2.144    u_softmax/u_compatibility/u_core/calc_score_fixed_reg[7]_i_3_n_0
    SLICE_X58Y159        CARRY8 (Prop_CARRY8_SLICEM_CI_CO[7])
                                                      0.015     2.159 r  u_softmax/u_compatibility/u_core/calc_score_fixed_reg[16]_i_3/CO[7]
                         net (fo=1, routed)           0.026     2.185    u_softmax/u_compatibility/u_core/calc_score_fixed_reg[16]_i_3_n_0
    SLICE_X58Y160        CARRY8 (Prop_CARRY8_SLICEM_CI_O[6])
                                                      0.103     2.288 r  u_softmax/u_compatibility/u_core/calc_score_fixed_reg[22]_i_5/O[6]
                         net (fo=1, routed)           0.240     2.528    u_softmax/u_compatibility/u_core/calc_score_fixed_reg[22]_i_5_n_9
    SLICE_X57Y161        LUT6 (Prop_B6LUT_SLICEM_I4_O)
                                                      0.052     2.580 f  u_softmax/u_compatibility/u_core/calc_score_fixed[23]_i_3/O
                         net (fo=1, routed)           0.195     2.775    u_softmax/u_compatibility/u_core/calc_score_fixed[23]_i_3_n_0
    SLICE_X57Y161        LUT6 (Prop_C6LUT_SLICEM_I1_O)
                                                      0.088     2.863 r  u_softmax/u_compatibility/u_core/calc_score_fixed[23]_i_1/O
                         net (fo=3, routed)           0.280     3.143    u_softmax/u_compatibility/u_core/calc_score_fixed[23]_i_1_n_0
    SLICE_X56Y162        LUT4 (Prop_D6LUT_SLICEL_I0_O)
                                                      0.146     3.289 r  u_softmax/u_compatibility/u_core/calc_last_i_48/O
                         net (fo=1, routed)           0.009     3.298    u_softmax/u_compatibility/u_core/calc_last_i_48_n_0
    SLICE_X56Y162        CARRY8 (Prop_CARRY8_SLICEL_S[3]_CO[3])
                                                      0.128     3.426 r  u_softmax/u_compatibility/u_core/calc_last_reg_i_13/CO[3]
                         net (fo=1, routed)           0.317     3.743    u_softmax/u_compatibility/u_core/score_max_legal0
    SLICE_X60Y167        LUT6 (Prop_D6LUT_SLICEM_I2_O)
                                                      0.088     3.831 f  u_softmax/u_compatibility/u_core/calc_last_i_4/O
                         net (fo=1, routed)           0.092     3.923    u_softmax/u_compatibility/u_core/calc_last_i_4_n_0
    SLICE_X59Y167        LUT4 (Prop_H6LUT_SLICEL_I1_O)
                                                      0.051     3.974 r  u_softmax/u_compatibility/u_core/calc_last_i_2/O
                         net (fo=7, routed)           0.690     4.665    u_softmax/u_compatibility/u_core/calc_last_i_2_n_0
    SLICE_X59Y119        LUT4 (Prop_H6LUT_SLICEL_I3_O)
                                                      0.150     4.815 r  u_softmax/u_compatibility/u_core/calc_last_i_1/O
                         net (fo=89, routed)          0.857     5.672    u_softmax/u_compatibility/u_core/calc_last_i_1_n_0
    SLICE_X60Y166        LUT5 (Prop_E6LUT_SLICEM_I4_O)
                                                      0.037     5.709 r  u_softmax/u_compatibility/u_core/ctx_expected_key[2][6]_i_1/O
                         net (fo=7, routed)           0.306     6.014    u_softmax/u_compatibility/u_core/ctx_expected_key[2][6]_i_1_n_0
    SLICE_X60Y168        FDCE                                         r  u_softmax/u_compatibility/u_core/ctx_expected_key_reg[2][4]/CE
  -------------------------------------------------------------------    -------------------

                         (clock core_clk rise edge)
                                                      0.000     0.000 r  
                                                      0.000     0.000 r  clk (IN)
                         net (fo=57986, unset)        2.337     2.337    u_softmax/u_compatibility/u_core/clk
    SLICE_X60Y168        FDCE                                         r  u_softmax/u_compatibility/u_core/ctx_expected_key_reg[2][4]/C

Slack:                    inf
  Source:                 score_bf16[0]
                            (input port)
  Destination:            u_softmax/u_compatibility/u_core/ctx_expected_key_reg[2][5]/CE
                            (rising edge-triggered cell FDCE clocked by core_clk  {rise@0.000ns fall@3.333ns period=6.666ns})
  Path Group:             (none)
  Path Type:              Setup (Max at Slow Process Corner)
  Data Path Delay:        6.014ns  (logic 1.911ns (31.775%)  route 4.103ns (68.225%))
  Logic Levels:           17  (CARRY8=4 LUT4=3 LUT5=1 LUT6=9)
  Clock Path Skew:        2.337ns (DCD - SCD + CPR)
    Destination Clock Delay (DCD):    2.337ns
    Source Clock Delay      (SCD):    0.000ns
    Clock Pessimism Removal (CPR):    0.000ns
  Clock Uncertainty:      0.025ns  ((TSJ^2 + TIJ^2)^1/2 + DJ) / 2 + PE
    Total System Jitter     (TSJ):    0.050ns
    Total Input Jitter      (TIJ):    0.000ns
    Discrete Jitter          (DJ):    0.000ns
    Phase Error              (PE):    0.000ns
  Timing Exception:       False Path

    Location             Delay type                Incr(ns)  Path(ns)    Netlist Resource(s)
  -------------------------------------------------------------------    -------------------
                                                      0.000     0.000 f  score_bf16[0] (IN)
                         net (fo=17, unset)           0.000     0.000    u_softmax/u_compatibility/u_core/score_bf16[0]
    SLICE_X60Y158        LUT6 (Prop_G6LUT_SLICEM_I0_O)
                                                      0.150     0.150 f  u_softmax/u_compatibility/u_core/calc_score_fixed[1]_i_11/O
                         net (fo=2, routed)           0.146     0.296    u_softmax/u_compatibility/u_core/calc_score_fixed[1]_i_11_n_0
    SLICE_X60Y157        LUT6 (Prop_D6LUT_SLICEM_I1_O)
                                                      0.122     0.418 r  u_softmax/u_compatibility/u_core/calc_score_fixed[3]_i_14/O
                         net (fo=3, routed)           0.202     0.620    u_softmax/u_compatibility/u_core/calc_score_fixed[3]_i_14_n_0
    SLICE_X60Y157        LUT6 (Prop_A6LUT_SLICEM_I0_O)
                                                      0.150     0.770 r  u_softmax/u_compatibility/u_core/calc_score_fixed[7]_i_18/O
                         net (fo=6, routed)           0.177     0.947    u_softmax/u_compatibility/u_core/calc_score_fixed[7]_i_18_n_0
    SLICE_X60Y156        LUT6 (Prop_D6LUT_SLICEM_I0_O)
                                                      0.145     1.092 r  u_softmax/u_compatibility/u_core/calc_score_fixed[1]_i_10/O
                         net (fo=1, routed)           0.052     1.144    u_softmax/u_compatibility/u_core/calc_score_fixed[1]_i_10_n_0
    SLICE_X60Y156        LUT6 (Prop_C6LUT_SLICEM_I1_O)
                                                      0.145     1.289 f  u_softmax/u_compatibility/u_core/calc_score_fixed[1]_i_6/O
                         net (fo=2, routed)           0.209     1.498    u_softmax/u_compatibility/u_core/calc_score_fixed[1]_i_6_n_0
    SLICE_X59Y157        LUT6 (Prop_G6LUT_SLICEL_I5_O)
                                                      0.149     1.647 r  u_softmax/u_compatibility/u_core/calc_score_fixed[1]_i_2/O
                         net (fo=2, routed)           0.280     1.926    u_softmax/u_compatibility/u_core/p_0_in__0[1]
    SLICE_X58Y158        CARRY8 (Prop_CARRY8_SLICEM_S[0]_CO[7])
                                                      0.192     2.118 r  u_softmax/u_compatibility/u_core/calc_score_fixed_reg[7]_i_3/CO[7]
                         net (fo=1, routed)           0.026     2.144    u_softmax/u_compatibility/u_core/calc_score_fixed_reg[7]_i_3_n_0
    SLICE_X58Y159        CARRY8 (Prop_CARRY8_SLICEM_CI_CO[7])
                                                      0.015     2.159 r  u_softmax/u_compatibility/u_core/calc_score_fixed_reg[16]_i_3/CO[7]
                         net (fo=1, routed)           0.026     2.185    u_softmax/u_compatibility/u_core/calc_score_fixed_reg[16]_i_3_n_0
    SLICE_X58Y160        CARRY8 (Prop_CARRY8_SLICEM_CI_O[6])
                                                      0.103     2.288 r  u_softmax/u_compatibility/u_core/calc_score_fixed_reg[22]_i_5/O[6]
                         net (fo=1, routed)           0.240     2.528    u_softmax/u_compatibility/u_core/calc_score_fixed_reg[22]_i_5_n_9
    SLICE_X57Y161        LUT6 (Prop_B6LUT_SLICEM_I4_O)
                                                      0.052     2.580 f  u_softmax/u_compatibility/u_core/calc_score_fixed[23]_i_3/O
                         net (fo=1, routed)           0.195     2.775    u_softmax/u_compatibility/u_core/calc_score_fixed[23]_i_3_n_0
    SLICE_X57Y161        LUT6 (Prop_C6LUT_SLICEM_I1_O)
                                                      0.088     2.863 r  u_softmax/u_compatibility/u_core/calc_score_fixed[23]_i_1/O
                         net (fo=3, routed)           0.280     3.143    u_softmax/u_compatibility/u_core/calc_score_fixed[23]_i_1_n_0
    SLICE_X56Y162        LUT4 (Prop_D6LUT_SLICEL_I0_O)
                                                      0.146     3.289 r  u_softmax/u_compatibility/u_core/calc_last_i_48/O
                         net (fo=1, routed)           0.009     3.298    u_softmax/u_compatibility/u_core/calc_last_i_48_n_0
    SLICE_X56Y162        CARRY8 (Prop_CARRY8_SLICEL_S[3]_CO[3])
                                                      0.128     3.426 r  u_softmax/u_compatibility/u_core/calc_last_reg_i_13/CO[3]
                         net (fo=1, routed)           0.317     3.743    u_softmax/u_compatibility/u_core/score_max_legal0
    SLICE_X60Y167        LUT6 (Prop_D6LUT_SLICEM_I2_O)
                                                      0.088     3.831 f  u_softmax/u_compatibility/u_core/calc_last_i_4/O
                         net (fo=1, routed)           0.092     3.923    u_softmax/u_compatibility/u_core/calc_last_i_4_n_0
    SLICE_X59Y167        LUT4 (Prop_H6LUT_SLICEL_I1_O)
                                                      0.051     3.974 r  u_softmax/u_compatibility/u_core/calc_last_i_2/O
                         net (fo=7, routed)           0.690     4.665    u_softmax/u_compatibility/u_core/calc_last_i_2_n_0
    SLICE_X59Y119        LUT4 (Prop_H6LUT_SLICEL_I3_O)
                                                      0.150     4.815 r  u_softmax/u_compatibility/u_core/calc_last_i_1/O
                         net (fo=89, routed)          0.857     5.672    u_softmax/u_compatibility/u_core/calc_last_i_1_n_0
    SLICE_X60Y166        LUT5 (Prop_E6LUT_SLICEM_I4_O)
                                                      0.037     5.709 r  u_softmax/u_compatibility/u_core/ctx_expected_key[2][6]_i_1/O
                         net (fo=7, routed)           0.306     6.014    u_softmax/u_compatibility/u_core/ctx_expected_key[2][6]_i_1_n_0
    SLICE_X60Y168        FDCE                                         r  u_softmax/u_compatibility/u_core/ctx_expected_key_reg[2][5]/CE
  -------------------------------------------------------------------    -------------------

                         (clock core_clk rise edge)
                                                      0.000     0.000 r  
                                                      0.000     0.000 r  clk (IN)
                         net (fo=57986, unset)        2.337     2.337    u_softmax/u_compatibility/u_core/clk
    SLICE_X60Y168        FDCE                                         r  u_softmax/u_compatibility/u_core/ctx_expected_key_reg[2][5]/C

Slack:                    inf
  Source:                 score_bf16[0]
                            (input port)
  Destination:            u_softmax/u_compatibility/u_core/ctx_expected_key_reg[3][0]/CE
                            (rising edge-triggered cell FDCE clocked by core_clk  {rise@0.000ns fall@3.333ns period=6.666ns})
  Path Group:             (none)
  Path Type:              Setup (Max at Slow Process Corner)
  Data Path Delay:        6.004ns  (logic 1.999ns (33.292%)  route 4.005ns (66.708%))
  Logic Levels:           17  (CARRY8=4 LUT4=3 LUT5=1 LUT6=9)
  Clock Path Skew:        2.336ns (DCD - SCD + CPR)
    Destination Clock Delay (DCD):    2.336ns
    Source Clock Delay      (SCD):    0.000ns
    Clock Pessimism Removal (CPR):    0.000ns
  Clock Uncertainty:      0.025ns  ((TSJ^2 + TIJ^2)^1/2 + DJ) / 2 + PE
    Total System Jitter     (TSJ):    0.050ns
    Total Input Jitter      (TIJ):    0.000ns
    Discrete Jitter          (DJ):    0.000ns
    Phase Error              (PE):    0.000ns
  Timing Exception:       False Path

    Location             Delay type                Incr(ns)  Path(ns)    Netlist Resource(s)
  -------------------------------------------------------------------    -------------------
                                                      0.000     0.000 f  score_bf16[0] (IN)
                         net (fo=17, unset)           0.000     0.000    u_softmax/u_compatibility/u_core/score_bf16[0]
    SLICE_X60Y158        LUT6 (Prop_G6LUT_SLICEM_I0_O)
                                                      0.150     0.150 f  u_softmax/u_compatibility/u_core/calc_score_fixed[1]_i_11/O
                         net (fo=2, routed)           0.146     0.296    u_softmax/u_compatibility/u_core/calc_score_fixed[1]_i_11_n_0
    SLICE_X60Y157        LUT6 (Prop_D6LUT_SLICEM_I1_O)
                                                      0.122     0.418 r  u_softmax/u_compatibility/u_core/calc_score_fixed[3]_i_14/O
                         net (fo=3, routed)           0.202     0.620    u_softmax/u_compatibility/u_core/calc_score_fixed[3]_i_14_n_0
    SLICE_X60Y157        LUT6 (Prop_A6LUT_SLICEM_I0_O)
                                                      0.150     0.770 r  u_softmax/u_compatibility/u_core/calc_score_fixed[7]_i_18/O
                         net (fo=6, routed)           0.177     0.947    u_softmax/u_compatibility/u_core/calc_score_fixed[7]_i_18_n_0
    SLICE_X60Y156        LUT6 (Prop_D6LUT_SLICEM_I0_O)
                                                      0.145     1.092 r  u_softmax/u_compatibility/u_core/calc_score_fixed[1]_i_10/O
                         net (fo=1, routed)           0.052     1.144    u_softmax/u_compatibility/u_core/calc_score_fixed[1]_i_10_n_0
    SLICE_X60Y156        LUT6 (Prop_C6LUT_SLICEM_I1_O)
                                                      0.145     1.289 f  u_softmax/u_compatibility/u_core/calc_score_fixed[1]_i_6/O
                         net (fo=2, routed)           0.209     1.498    u_softmax/u_compatibility/u_core/calc_score_fixed[1]_i_6_n_0
    SLICE_X59Y157        LUT6 (Prop_G6LUT_SLICEL_I5_O)
                                                      0.149     1.647 r  u_softmax/u_compatibility/u_core/calc_score_fixed[1]_i_2/O
                         net (fo=2, routed)           0.280     1.926    u_softmax/u_compatibility/u_core/p_0_in__0[1]
    SLICE_X58Y158        CARRY8 (Prop_CARRY8_SLICEM_S[0]_CO[7])
                                                      0.192     2.118 r  u_softmax/u_compatibility/u_core/calc_score_fixed_reg[7]_i_3/CO[7]
                         net (fo=1, routed)           0.026     2.144    u_softmax/u_compatibility/u_core/calc_score_fixed_reg[7]_i_3_n_0
    SLICE_X58Y159        CARRY8 (Prop_CARRY8_SLICEM_CI_CO[7])
                                                      0.015     2.159 r  u_softmax/u_compatibility/u_core/calc_score_fixed_reg[16]_i_3/CO[7]
                         net (fo=1, routed)           0.026     2.185    u_softmax/u_compatibility/u_core/calc_score_fixed_reg[16]_i_3_n_0
    SLICE_X58Y160        CARRY8 (Prop_CARRY8_SLICEM_CI_O[6])
                                                      0.103     2.288 r  u_softmax/u_compatibility/u_core/calc_score_fixed_reg[22]_i_5/O[6]
                         net (fo=1, routed)           0.240     2.528    u_softmax/u_compatibility/u_core/calc_score_fixed_reg[22]_i_5_n_9
    SLICE_X57Y161        LUT6 (Prop_B6LUT_SLICEM_I4_O)
                                                      0.052     2.580 f  u_softmax/u_compatibility/u_core/calc_score_fixed[23]_i_3/O
                         net (fo=1, routed)           0.195     2.775    u_softmax/u_compatibility/u_core/calc_score_fixed[23]_i_3_n_0
    SLICE_X57Y161        LUT6 (Prop_C6LUT_SLICEM_I1_O)
                                                      0.088     2.863 r  u_softmax/u_compatibility/u_core/calc_score_fixed[23]_i_1/O
                         net (fo=3, routed)           0.280     3.143    u_softmax/u_compatibility/u_core/calc_score_fixed[23]_i_1_n_0
    SLICE_X56Y162        LUT4 (Prop_D6LUT_SLICEL_I0_O)
                                                      0.146     3.289 r  u_softmax/u_compatibility/u_core/calc_last_i_48/O
                         net (fo=1, routed)           0.009     3.298    u_softmax/u_compatibility/u_core/calc_last_i_48_n_0
    SLICE_X56Y162        CARRY8 (Prop_CARRY8_SLICEL_S[3]_CO[3])
                                                      0.128     3.426 r  u_softmax/u_compatibility/u_core/calc_last_reg_i_13/CO[3]
                         net (fo=1, routed)           0.317     3.743    u_softmax/u_compatibility/u_core/score_max_legal0
    SLICE_X60Y167        LUT6 (Prop_D6LUT_SLICEM_I2_O)
                                                      0.088     3.831 f  u_softmax/u_compatibility/u_core/calc_last_i_4/O
                         net (fo=1, routed)           0.092     3.923    u_softmax/u_compatibility/u_core/calc_last_i_4_n_0
    SLICE_X59Y167        LUT4 (Prop_H6LUT_SLICEL_I1_O)
                                                      0.051     3.974 r  u_softmax/u_compatibility/u_core/calc_last_i_2/O
                         net (fo=7, routed)           0.690     4.665    u_softmax/u_compatibility/u_core/calc_last_i_2_n_0
    SLICE_X59Y119        LUT4 (Prop_H6LUT_SLICEL_I3_O)
                                                      0.150     4.815 r  u_softmax/u_compatibility/u_core/calc_last_i_1/O
                         net (fo=89, routed)          0.867     5.682    u_softmax/u_compatibility/u_core/calc_last_i_1_n_0
    SLICE_X60Y166        LUT5 (Prop_B6LUT_SLICEM_I4_O)
                                                      0.125     5.807 r  u_softmax/u_compatibility/u_core/ctx_expected_key[3][6]_i_1/O
                         net (fo=7, routed)           0.198     6.004    u_softmax/u_compatibility/u_core/ctx_expected_key[3][6]_i_1_n_0
    SLICE_X60Y166        FDCE                                         r  u_softmax/u_compatibility/u_core/ctx_expected_key_reg[3][0]/CE
  -------------------------------------------------------------------    -------------------

                         (clock core_clk rise edge)
                                                      0.000     0.000 r  
                                                      0.000     0.000 r  clk (IN)
                         net (fo=57986, unset)        2.336     2.336    u_softmax/u_compatibility/u_core/clk
    SLICE_X60Y166        FDCE                                         r  u_softmax/u_compatibility/u_core/ctx_expected_key_reg[3][0]/C





