Copyright 1986-2022 Xilinx, Inc. All Rights Reserved. Copyright 2022-2025 Advanced Micro Devices, Inc. All Rights Reserved.
---------------------------------------------------------------------------------------------------------------------------------------------
| Tool Version : Vivado v.2025.2 (win64) Build 6299465 Fri Nov 14 19:35:11 GMT 2025
| Date         : Sun Sep 13 00:07:15 2026
| Host         : zhangxuanhao running 64-bit major release  (build 9200)
| Command      : report_utilization -hierarchical -file C:/Users/zhangxuanhao/AppData/Local/Temp/b4v_5d455469/ooc_results/utilization.rpt
| Design       : cats_r4_b4_softmax_pv_cluster
| Device       : xczu15eg-ffvb1156-2-i
| Speed File   : -2
| Design State : Routed
---------------------------------------------------------------------------------------------------------------------------------------------

Utilization Design Information

Table of Contents
-----------------
1. Utilization by Hierarchy

1. Utilization by Hierarchy
---------------------------

+-----------------------------------------------------------+----------------------------------------------------+------------+------------+---------+------+-------+--------+--------+------+------------+
|                          Instance                         |                       Module                       | Total LUTs | Logic LUTs | LUTRAMs | SRLs |  FFs  | RAMB36 | RAMB18 | URAM | DSP Blocks |
+-----------------------------------------------------------+----------------------------------------------------+------------+------------+---------+------+-------+--------+--------+------+------------+
| cats_r4_b4_softmax_pv_cluster                             |                                              (top) |      30613 |      28037 |    1232 | 1344 | 53033 |      0 |      0 |    0 |        195 |
|   (cats_r4_b4_softmax_pv_cluster)                         |                                              (top) |        197 |        197 |       0 |    0 |   168 |      0 |      0 |    0 |          0 |
|   u_pv                                                    |                               cats_r4_b3_pv_32lane |      20067 |      17491 |    1232 | 1344 | 37292 |      0 |      0 |    0 |        192 |
|     u_normalize                                           |                     cats_r4_b3_pv_normalize_32lane |       4850 |       4366 |       4 |  480 | 10387 |      0 |      0 |    0 |         64 |
|       (u_normalize)                                       |                     cats_r4_b3_pv_normalize_32lane |        155 |        151 |       4 |    0 |   531 |      0 |      0 |    0 |          0 |
|       GEN_NORM_LANE[0].u_mul                              |             fp32_mul_ip__parameterized0__xdcDup__1 |        144 |        129 |       0 |   15 |   308 |      0 |      0 |    0 |          2 |
|         GEN_MUL2.u_fp_mul                                 |                                   floating_point_2 |        144 |        129 |       0 |   15 |   308 |      0 |      0 |    0 |          2 |
|           U0                                              |            floating_point_2_floating_point_v7_1_21 |        144 |        129 |       0 |   15 |   308 |      0 |      0 |    0 |          2 |
|             i_synth                                       |        floating_point_2_floating_point_v7_1_21_viv |        144 |        129 |       0 |   15 |   308 |      0 |      0 |    0 |          2 |
|               need_combiner.use_2to1.skid_buffer_combiner |                    floating_point_2_axi_slave_2to1 |         56 |         56 |       0 |    0 |   135 |      0 |      0 |    0 |          0 |
|               MULT.OP                                     |                          floating_point_2_flt_mult |         86 |         71 |       0 |   15 |   164 |      0 |      0 |    0 |          2 |
|                 i_non_prim.R_AND_R                        |                    floating_point_2_flt_mult_round |         21 |         13 |       0 |    8 |    61 |      0 |      0 |    0 |          0 |
|                   LOGIC.R_AND_R                           |            floating_point_2_renorm_and_round_logic |         21 |         13 |       0 |    8 |    61 |      0 |      0 |    0 |          0 |
|       GEN_NORM_LANE[10].u_mul                             |            fp32_mul_ip__parameterized0__xdcDup__11 |        143 |        128 |       0 |   15 |   308 |      0 |      0 |    0 |          2 |
|         GEN_MUL2.u_fp_mul                                 |                            floating_point_2_HD6505 |        143 |        128 |       0 |   15 |   308 |      0 |      0 |    0 |          2 |
|           U0                                              |     floating_point_2_floating_point_v7_1_21_HD6506 |        143 |        128 |       0 |   15 |   308 |      0 |      0 |    0 |          2 |
|             i_synth                                       | floating_point_2_floating_point_v7_1_21_viv_HD6507 |        143 |        128 |       0 |   15 |   308 |      0 |      0 |    0 |          2 |
|               need_combiner.use_2to1.skid_buffer_combiner |             floating_point_2_axi_slave_2to1_HD6579 |         56 |         56 |       0 |    0 |   135 |      0 |      0 |    0 |          0 |
|               MULT.OP                                     |                   floating_point_2_flt_mult_HD6508 |         85 |         70 |       0 |   15 |   164 |      0 |      0 |    0 |          2 |
|                 i_non_prim.R_AND_R                        |             floating_point_2_flt_mult_round_HD6557 |         21 |         13 |       0 |    8 |    61 |      0 |      0 |    0 |          0 |
|                   LOGIC.R_AND_R                           |     floating_point_2_renorm_and_round_logic_HD6558 |         21 |         13 |       0 |    8 |    61 |      0 |      0 |    0 |          0 |
|       GEN_NORM_LANE[11].u_mul                             |            fp32_mul_ip__parameterized0__xdcDup__12 |        145 |        130 |       0 |   15 |   308 |      0 |      0 |    0 |          2 |
|         GEN_MUL2.u_fp_mul                                 |                            floating_point_2_HD6580 |        145 |        130 |       0 |   15 |   308 |      0 |      0 |    0 |          2 |
|           U0                                              |     floating_point_2_floating_point_v7_1_21_HD6581 |        145 |        130 |       0 |   15 |   308 |      0 |      0 |    0 |          2 |
|             i_synth                                       | floating_point_2_floating_point_v7_1_21_viv_HD6582 |        145 |        130 |       0 |   15 |   308 |      0 |      0 |    0 |          2 |
|               need_combiner.use_2to1.skid_buffer_combiner |             floating_point_2_axi_slave_2to1_HD6654 |         57 |         57 |       0 |    0 |   135 |      0 |      0 |    0 |          0 |
|               MULT.OP                                     |                   floating_point_2_flt_mult_HD6583 |         86 |         71 |       0 |   15 |   164 |      0 |      0 |    0 |          2 |
|                 i_non_prim.R_AND_R                        |             floating_point_2_flt_mult_round_HD6632 |         21 |         13 |       0 |    8 |    61 |      0 |      0 |    0 |          0 |
|                   LOGIC.R_AND_R                           |     floating_point_2_renorm_and_round_logic_HD6633 |         21 |         13 |       0 |    8 |    61 |      0 |      0 |    0 |          0 |
|       GEN_NORM_LANE[12].u_mul                             |            fp32_mul_ip__parameterized0__xdcDup__13 |        143 |        128 |       0 |   15 |   308 |      0 |      0 |    0 |          2 |
|         GEN_MUL2.u_fp_mul                                 |                            floating_point_2_HD6655 |        143 |        128 |       0 |   15 |   308 |      0 |      0 |    0 |          2 |
|           U0                                              |     floating_point_2_floating_point_v7_1_21_HD6656 |        143 |        128 |       0 |   15 |   308 |      0 |      0 |    0 |          2 |
|             i_synth                                       | floating_point_2_floating_point_v7_1_21_viv_HD6657 |        143 |        128 |       0 |   15 |   308 |      0 |      0 |    0 |          2 |
|               need_combiner.use_2to1.skid_buffer_combiner |             floating_point_2_axi_slave_2to1_HD6729 |         56 |         56 |       0 |    0 |   135 |      0 |      0 |    0 |          0 |
|               MULT.OP                                     |                   floating_point_2_flt_mult_HD6658 |         85 |         70 |       0 |   15 |   164 |      0 |      0 |    0 |          2 |
|                 i_non_prim.R_AND_R                        |             floating_point_2_flt_mult_round_HD6707 |         21 |         13 |       0 |    8 |    61 |      0 |      0 |    0 |          0 |
|                   LOGIC.R_AND_R                           |     floating_point_2_renorm_and_round_logic_HD6708 |         21 |         13 |       0 |    8 |    61 |      0 |      0 |    0 |          0 |
|       GEN_NORM_LANE[13].u_mul                             |            fp32_mul_ip__parameterized0__xdcDup__14 |        143 |        128 |       0 |   15 |   308 |      0 |      0 |    0 |          2 |
|         GEN_MUL2.u_fp_mul                                 |                            floating_point_2_HD6730 |        143 |        128 |       0 |   15 |   308 |      0 |      0 |    0 |          2 |
|           U0                                              |     floating_point_2_floating_point_v7_1_21_HD6731 |        143 |        128 |       0 |   15 |   308 |      0 |      0 |    0 |          2 |
|             i_synth                                       | floating_point_2_floating_point_v7_1_21_viv_HD6732 |        143 |        128 |       0 |   15 |   308 |      0 |      0 |    0 |          2 |
|               need_combiner.use_2to1.skid_buffer_combiner |             floating_point_2_axi_slave_2to1_HD6804 |         56 |         56 |       0 |    0 |   135 |      0 |      0 |    0 |          0 |
|               MULT.OP                                     |                   floating_point_2_flt_mult_HD6733 |         85 |         70 |       0 |   15 |   164 |      0 |      0 |    0 |          2 |
|                 i_non_prim.R_AND_R                        |             floating_point_2_flt_mult_round_HD6782 |         21 |         13 |       0 |    8 |    61 |      0 |      0 |    0 |          0 |
|                   LOGIC.R_AND_R                           |     floating_point_2_renorm_and_round_logic_HD6783 |         21 |         13 |       0 |    8 |    61 |      0 |      0 |    0 |          0 |
|       GEN_NORM_LANE[14].u_mul                             |            fp32_mul_ip__parameterized0__xdcDup__15 |        144 |        129 |       0 |   15 |   308 |      0 |      0 |    0 |          2 |
|         GEN_MUL2.u_fp_mul                                 |                            floating_point_2_HD6805 |        144 |        129 |       0 |   15 |   308 |      0 |      0 |    0 |          2 |
|           U0                                              |     floating_point_2_floating_point_v7_1_21_HD6806 |        144 |        129 |       0 |   15 |   308 |      0 |      0 |    0 |          2 |
|             i_synth                                       | floating_point_2_floating_point_v7_1_21_viv_HD6807 |        144 |        129 |       0 |   15 |   308 |      0 |      0 |    0 |          2 |
|               need_combiner.use_2to1.skid_buffer_combiner |             floating_point_2_axi_slave_2to1_HD6879 |         56 |         56 |       0 |    0 |   135 |      0 |      0 |    0 |          0 |
|               MULT.OP                                     |                   floating_point_2_flt_mult_HD6808 |         86 |         71 |       0 |   15 |   164 |      0 |      0 |    0 |          2 |
|                 i_non_prim.R_AND_R                        |             floating_point_2_flt_mult_round_HD6857 |         21 |         13 |       0 |    8 |    61 |      0 |      0 |    0 |          0 |
|                   LOGIC.R_AND_R                           |     floating_point_2_renorm_and_round_logic_HD6858 |         21 |         13 |       0 |    8 |    61 |      0 |      0 |    0 |          0 |
|       GEN_NORM_LANE[15].u_mul                             |            fp32_mul_ip__parameterized0__xdcDup__16 |        142 |        127 |       0 |   15 |   308 |      0 |      0 |    0 |          2 |
|         GEN_MUL2.u_fp_mul                                 |                            floating_point_2_HD6880 |        142 |        127 |       0 |   15 |   308 |      0 |      0 |    0 |          2 |
|           U0                                              |     floating_point_2_floating_point_v7_1_21_HD6881 |        142 |        127 |       0 |   15 |   308 |      0 |      0 |    0 |          2 |
|             i_synth                                       | floating_point_2_floating_point_v7_1_21_viv_HD6882 |        142 |        127 |       0 |   15 |   308 |      0 |      0 |    0 |          2 |
|               need_combiner.use_2to1.skid_buffer_combiner |             floating_point_2_axi_slave_2to1_HD6954 |         56 |         56 |       0 |    0 |   135 |      0 |      0 |    0 |          0 |
|               MULT.OP                                     |                   floating_point_2_flt_mult_HD6883 |         84 |         69 |       0 |   15 |   164 |      0 |      0 |    0 |          2 |
|                 i_non_prim.R_AND_R                        |             floating_point_2_flt_mult_round_HD6932 |         21 |         13 |       0 |    8 |    61 |      0 |      0 |    0 |          0 |
|                   LOGIC.R_AND_R                           |     floating_point_2_renorm_and_round_logic_HD6933 |         21 |         13 |       0 |    8 |    61 |      0 |      0 |    0 |          0 |
|       GEN_NORM_LANE[16].u_mul                             |            fp32_mul_ip__parameterized0__xdcDup__17 |        144 |        129 |       0 |   15 |   308 |      0 |      0 |    0 |          2 |
|         GEN_MUL2.u_fp_mul                                 |                            floating_point_2_HD6955 |        144 |        129 |       0 |   15 |   308 |      0 |      0 |    0 |          2 |
|           U0                                              |     floating_point_2_floating_point_v7_1_21_HD6956 |        144 |        129 |       0 |   15 |   308 |      0 |      0 |    0 |          2 |
|             i_synth                                       | floating_point_2_floating_point_v7_1_21_viv_HD6957 |        144 |        129 |       0 |   15 |   308 |      0 |      0 |    0 |          2 |
|               need_combiner.use_2to1.skid_buffer_combiner |             floating_point_2_axi_slave_2to1_HD7029 |         57 |         57 |       0 |    0 |   135 |      0 |      0 |    0 |          0 |
|               MULT.OP                                     |                   floating_point_2_flt_mult_HD6958 |         85 |         70 |       0 |   15 |   164 |      0 |      0 |    0 |          2 |
|                 i_non_prim.R_AND_R                        |             floating_point_2_flt_mult_round_HD7007 |         21 |         13 |       0 |    8 |    61 |      0 |      0 |    0 |          0 |
|                   LOGIC.R_AND_R                           |     floating_point_2_renorm_and_round_logic_HD7008 |         21 |         13 |       0 |    8 |    61 |      0 |      0 |    0 |          0 |
|       GEN_NORM_LANE[17].u_mul                             |            fp32_mul_ip__parameterized0__xdcDup__18 |        143 |        128 |       0 |   15 |   308 |      0 |      0 |    0 |          2 |
|         GEN_MUL2.u_fp_mul                                 |                            floating_point_2_HD7030 |        143 |        128 |       0 |   15 |   308 |      0 |      0 |    0 |          2 |
|           U0                                              |     floating_point_2_floating_point_v7_1_21_HD7031 |        143 |        128 |       0 |   15 |   308 |      0 |      0 |    0 |          2 |
|             i_synth                                       | floating_point_2_floating_point_v7_1_21_viv_HD7032 |        143 |        128 |       0 |   15 |   308 |      0 |      0 |    0 |          2 |
|               need_combiner.use_2to1.skid_buffer_combiner |             floating_point_2_axi_slave_2to1_HD7104 |         56 |         56 |       0 |    0 |   135 |      0 |      0 |    0 |          0 |
|               MULT.OP                                     |                   floating_point_2_flt_mult_HD7033 |         85 |         70 |       0 |   15 |   164 |      0 |      0 |    0 |          2 |
|                 i_non_prim.R_AND_R                        |             floating_point_2_flt_mult_round_HD7082 |         21 |         13 |       0 |    8 |    61 |      0 |      0 |    0 |          0 |
|                   LOGIC.R_AND_R                           |     floating_point_2_renorm_and_round_logic_HD7083 |         21 |         13 |       0 |    8 |    61 |      0 |      0 |    0 |          0 |
|       GEN_NORM_LANE[18].u_mul                             |            fp32_mul_ip__parameterized0__xdcDup__19 |        143 |        128 |       0 |   15 |   308 |      0 |      0 |    0 |          2 |
|         GEN_MUL2.u_fp_mul                                 |                            floating_point_2_HD7105 |        143 |        128 |       0 |   15 |   308 |      0 |      0 |    0 |          2 |
|           U0                                              |     floating_point_2_floating_point_v7_1_21_HD7106 |        143 |        128 |       0 |   15 |   308 |      0 |      0 |    0 |          2 |
|             i_synth                                       | floating_point_2_floating_point_v7_1_21_viv_HD7107 |        143 |        128 |       0 |   15 |   308 |      0 |      0 |    0 |          2 |
|               need_combiner.use_2to1.skid_buffer_combiner |             floating_point_2_axi_slave_2to1_HD7179 |         56 |         56 |       0 |    0 |   135 |      0 |      0 |    0 |          0 |
|               MULT.OP                                     |                   floating_point_2_flt_mult_HD7108 |         85 |         70 |       0 |   15 |   164 |      0 |      0 |    0 |          2 |
|                 i_non_prim.R_AND_R                        |             floating_point_2_flt_mult_round_HD7157 |         21 |         13 |       0 |    8 |    61 |      0 |      0 |    0 |          0 |
|                   LOGIC.R_AND_R                           |     floating_point_2_renorm_and_round_logic_HD7158 |         21 |         13 |       0 |    8 |    61 |      0 |      0 |    0 |          0 |
|       GEN_NORM_LANE[19].u_mul                             |            fp32_mul_ip__parameterized0__xdcDup__20 |        143 |        128 |       0 |   15 |   308 |      0 |      0 |    0 |          2 |
|         GEN_MUL2.u_fp_mul                                 |                            floating_point_2_HD7180 |        143 |        128 |       0 |   15 |   308 |      0 |      0 |    0 |          2 |
|           U0                                              |     floating_point_2_floating_point_v7_1_21_HD7181 |        143 |        128 |       0 |   15 |   308 |      0 |      0 |    0 |          2 |
|             i_synth                                       | floating_point_2_floating_point_v7_1_21_viv_HD7182 |        143 |        128 |       0 |   15 |   308 |      0 |      0 |    0 |          2 |
|               need_combiner.use_2to1.skid_buffer_combiner |             floating_point_2_axi_slave_2to1_HD7254 |         56 |         56 |       0 |    0 |   135 |      0 |      0 |    0 |          0 |
|               MULT.OP                                     |                   floating_point_2_flt_mult_HD7183 |         85 |         70 |       0 |   15 |   164 |      0 |      0 |    0 |          2 |
|                 i_non_prim.R_AND_R                        |             floating_point_2_flt_mult_round_HD7232 |         21 |         13 |       0 |    8 |    61 |      0 |      0 |    0 |          0 |
|                   LOGIC.R_AND_R                           |     floating_point_2_renorm_and_round_logic_HD7233 |         21 |         13 |       0 |    8 |    61 |      0 |      0 |    0 |          0 |
|       GEN_NORM_LANE[1].u_mul                              |             fp32_mul_ip__parameterized0__xdcDup__2 |        143 |        128 |       0 |   15 |   308 |      0 |      0 |    0 |          2 |
|         GEN_MUL2.u_fp_mul                                 |                            floating_point_2_HD5830 |        143 |        128 |       0 |   15 |   308 |      0 |      0 |    0 |          2 |
|           U0                                              |     floating_point_2_floating_point_v7_1_21_HD5831 |        143 |        128 |       0 |   15 |   308 |      0 |      0 |    0 |          2 |
|             i_synth                                       | floating_point_2_floating_point_v7_1_21_viv_HD5832 |        143 |        128 |       0 |   15 |   308 |      0 |      0 |    0 |          2 |
|               need_combiner.use_2to1.skid_buffer_combiner |             floating_point_2_axi_slave_2to1_HD5904 |         56 |         56 |       0 |    0 |   135 |      0 |      0 |    0 |          0 |
|               MULT.OP                                     |                   floating_point_2_flt_mult_HD5833 |         85 |         70 |       0 |   15 |   164 |      0 |      0 |    0 |          2 |
|                 i_non_prim.R_AND_R                        |             floating_point_2_flt_mult_round_HD5882 |         21 |         13 |       0 |    8 |    61 |      0 |      0 |    0 |          0 |
|                   LOGIC.R_AND_R                           |     floating_point_2_renorm_and_round_logic_HD5883 |         21 |         13 |       0 |    8 |    61 |      0 |      0 |    0 |          0 |
|       GEN_NORM_LANE[20].u_mul                             |            fp32_mul_ip__parameterized0__xdcDup__21 |        144 |        129 |       0 |   15 |   308 |      0 |      0 |    0 |          2 |
|         GEN_MUL2.u_fp_mul                                 |                            floating_point_2_HD7255 |        144 |        129 |       0 |   15 |   308 |      0 |      0 |    0 |          2 |
|           U0                                              |     floating_point_2_floating_point_v7_1_21_HD7256 |        144 |        129 |       0 |   15 |   308 |      0 |      0 |    0 |          2 |
|             i_synth                                       | floating_point_2_floating_point_v7_1_21_viv_HD7257 |        144 |        129 |       0 |   15 |   308 |      0 |      0 |    0 |          2 |
|               need_combiner.use_2to1.skid_buffer_combiner |             floating_point_2_axi_slave_2to1_HD7329 |         56 |         56 |       0 |    0 |   135 |      0 |      0 |    0 |          0 |
|               MULT.OP                                     |                   floating_point_2_flt_mult_HD7258 |         86 |         71 |       0 |   15 |   164 |      0 |      0 |    0 |          2 |
|                 i_non_prim.R_AND_R                        |             floating_point_2_flt_mult_round_HD7307 |         21 |         13 |       0 |    8 |    61 |      0 |      0 |    0 |          0 |
|                   LOGIC.R_AND_R                           |     floating_point_2_renorm_and_round_logic_HD7308 |         21 |         13 |       0 |    8 |    61 |      0 |      0 |    0 |          0 |
|       GEN_NORM_LANE[21].u_mul                             |            fp32_mul_ip__parameterized0__xdcDup__22 |        144 |        129 |       0 |   15 |   308 |      0 |      0 |    0 |          2 |
|         GEN_MUL2.u_fp_mul                                 |                            floating_point_2_HD7330 |        144 |        129 |       0 |   15 |   308 |      0 |      0 |    0 |          2 |
|           U0                                              |     floating_point_2_floating_point_v7_1_21_HD7331 |        144 |        129 |       0 |   15 |   308 |      0 |      0 |    0 |          2 |
|             i_synth                                       | floating_point_2_floating_point_v7_1_21_viv_HD7332 |        144 |        129 |       0 |   15 |   308 |      0 |      0 |    0 |          2 |
|               need_combiner.use_2to1.skid_buffer_combiner |             floating_point_2_axi_slave_2to1_HD7404 |         57 |         57 |       0 |    0 |   135 |      0 |      0 |    0 |          0 |
|               MULT.OP                                     |                   floating_point_2_flt_mult_HD7333 |         85 |         70 |       0 |   15 |   164 |      0 |      0 |    0 |          2 |
|                 i_non_prim.R_AND_R                        |             floating_point_2_flt_mult_round_HD7382 |         21 |         13 |       0 |    8 |    61 |      0 |      0 |    0 |          0 |
|                   LOGIC.R_AND_R                           |     floating_point_2_renorm_and_round_logic_HD7383 |         21 |         13 |       0 |    8 |    61 |      0 |      0 |    0 |          0 |
|       GEN_NORM_LANE[22].u_mul                             |            fp32_mul_ip__parameterized0__xdcDup__23 |        143 |        128 |       0 |   15 |   308 |      0 |      0 |    0 |          2 |
|         GEN_MUL2.u_fp_mul                                 |                            floating_point_2_HD7405 |        143 |        128 |       0 |   15 |   308 |      0 |      0 |    0 |          2 |
|           U0                                              |     floating_point_2_floating_point_v7_1_21_HD7406 |        143 |        128 |       0 |   15 |   308 |      0 |      0 |    0 |          2 |
|             i_synth                                       | floating_point_2_floating_point_v7_1_21_viv_HD7407 |        143 |        128 |       0 |   15 |   308 |      0 |      0 |    0 |          2 |
|               need_combiner.use_2to1.skid_buffer_combiner |             floating_point_2_axi_slave_2to1_HD7479 |         56 |         56 |       0 |    0 |   135 |      0 |      0 |    0 |          0 |
|               MULT.OP                                     |                   floating_point_2_flt_mult_HD7408 |         85 |         70 |       0 |   15 |   164 |      0 |      0 |    0 |          2 |
|                 i_non_prim.R_AND_R                        |             floating_point_2_flt_mult_round_HD7457 |         21 |         13 |       0 |    8 |    61 |      0 |      0 |    0 |          0 |
|                   LOGIC.R_AND_R                           |     floating_point_2_renorm_and_round_logic_HD7458 |         21 |         13 |       0 |    8 |    61 |      0 |      0 |    0 |          0 |
|       GEN_NORM_LANE[23].u_mul                             |            fp32_mul_ip__parameterized0__xdcDup__24 |        143 |        128 |       0 |   15 |   308 |      0 |      0 |    0 |          2 |
|         GEN_MUL2.u_fp_mul                                 |                            floating_point_2_HD7480 |        143 |        128 |       0 |   15 |   308 |      0 |      0 |    0 |          2 |
|           U0                                              |     floating_point_2_floating_point_v7_1_21_HD7481 |        143 |        128 |       0 |   15 |   308 |      0 |      0 |    0 |          2 |
|             i_synth                                       | floating_point_2_floating_point_v7_1_21_viv_HD7482 |        143 |        128 |       0 |   15 |   308 |      0 |      0 |    0 |          2 |
|               need_combiner.use_2to1.skid_buffer_combiner |             floating_point_2_axi_slave_2to1_HD7554 |         56 |         56 |       0 |    0 |   135 |      0 |      0 |    0 |          0 |
|               MULT.OP                                     |                   floating_point_2_flt_mult_HD7483 |         85 |         70 |       0 |   15 |   164 |      0 |      0 |    0 |          2 |
|                 i_non_prim.R_AND_R                        |             floating_point_2_flt_mult_round_HD7532 |         21 |         13 |       0 |    8 |    61 |      0 |      0 |    0 |          0 |
|                   LOGIC.R_AND_R                           |     floating_point_2_renorm_and_round_logic_HD7533 |         21 |         13 |       0 |    8 |    61 |      0 |      0 |    0 |          0 |
|       GEN_NORM_LANE[24].u_mul                             |            fp32_mul_ip__parameterized0__xdcDup__25 |        144 |        129 |       0 |   15 |   308 |      0 |      0 |    0 |          2 |
|         GEN_MUL2.u_fp_mul                                 |                            floating_point_2_HD7555 |        144 |        129 |       0 |   15 |   308 |      0 |      0 |    0 |          2 |
|           U0                                              |     floating_point_2_floating_point_v7_1_21_HD7556 |        144 |        129 |       0 |   15 |   308 |      0 |      0 |    0 |          2 |
|             i_synth                                       | floating_point_2_floating_point_v7_1_21_viv_HD7557 |        144 |        129 |       0 |   15 |   308 |      0 |      0 |    0 |          2 |
|               need_combiner.use_2to1.skid_buffer_combiner |             floating_point_2_axi_slave_2to1_HD7629 |         56 |         56 |       0 |    0 |   135 |      0 |      0 |    0 |          0 |
|               MULT.OP                                     |                   floating_point_2_flt_mult_HD7558 |         86 |         71 |       0 |   15 |   164 |      0 |      0 |    0 |          2 |
|                 i_non_prim.R_AND_R                        |             floating_point_2_flt_mult_round_HD7607 |         21 |         13 |       0 |    8 |    61 |      0 |      0 |    0 |          0 |
|                   LOGIC.R_AND_R                           |     floating_point_2_renorm_and_round_logic_HD7608 |         21 |         13 |       0 |    8 |    61 |      0 |      0 |    0 |          0 |
|       GEN_NORM_LANE[25].u_mul                             |            fp32_mul_ip__parameterized0__xdcDup__26 |        143 |        128 |       0 |   15 |   308 |      0 |      0 |    0 |          2 |
|         GEN_MUL2.u_fp_mul                                 |                            floating_point_2_HD7630 |        143 |        128 |       0 |   15 |   308 |      0 |      0 |    0 |          2 |
|           U0                                              |     floating_point_2_floating_point_v7_1_21_HD7631 |        143 |        128 |       0 |   15 |   308 |      0 |      0 |    0 |          2 |
|             i_synth                                       | floating_point_2_floating_point_v7_1_21_viv_HD7632 |        143 |        128 |       0 |   15 |   308 |      0 |      0 |    0 |          2 |
|               need_combiner.use_2to1.skid_buffer_combiner |             floating_point_2_axi_slave_2to1_HD7704 |         56 |         56 |       0 |    0 |   135 |      0 |      0 |    0 |          0 |
|               MULT.OP                                     |                   floating_point_2_flt_mult_HD7633 |         85 |         70 |       0 |   15 |   164 |      0 |      0 |    0 |          2 |
|                 i_non_prim.R_AND_R                        |             floating_point_2_flt_mult_round_HD7682 |         21 |         13 |       0 |    8 |    61 |      0 |      0 |    0 |          0 |
|                   LOGIC.R_AND_R                           |     floating_point_2_renorm_and_round_logic_HD7683 |         21 |         13 |       0 |    8 |    61 |      0 |      0 |    0 |          0 |
|       GEN_NORM_LANE[26].u_mul                             |            fp32_mul_ip__parameterized0__xdcDup__27 |        143 |        128 |       0 |   15 |   308 |      0 |      0 |    0 |          2 |
|         GEN_MUL2.u_fp_mul                                 |                            floating_point_2_HD7705 |        143 |        128 |       0 |   15 |   308 |      0 |      0 |    0 |          2 |
|           U0                                              |     floating_point_2_floating_point_v7_1_21_HD7706 |        143 |        128 |       0 |   15 |   308 |      0 |      0 |    0 |          2 |
|             i_synth                                       | floating_point_2_floating_point_v7_1_21_viv_HD7707 |        143 |        128 |       0 |   15 |   308 |      0 |      0 |    0 |          2 |
|               need_combiner.use_2to1.skid_buffer_combiner |             floating_point_2_axi_slave_2to1_HD7779 |         56 |         56 |       0 |    0 |   135 |      0 |      0 |    0 |          0 |
|               MULT.OP                                     |                   floating_point_2_flt_mult_HD7708 |         85 |         70 |       0 |   15 |   164 |      0 |      0 |    0 |          2 |
|                 i_non_prim.R_AND_R                        |             floating_point_2_flt_mult_round_HD7757 |         21 |         13 |       0 |    8 |    61 |      0 |      0 |    0 |          0 |
|                   LOGIC.R_AND_R                           |     floating_point_2_renorm_and_round_logic_HD7758 |         21 |         13 |       0 |    8 |    61 |      0 |      0 |    0 |          0 |
|       GEN_NORM_LANE[27].u_mul                             |            fp32_mul_ip__parameterized0__xdcDup__28 |        144 |        129 |       0 |   15 |   308 |      0 |      0 |    0 |          2 |
|         GEN_MUL2.u_fp_mul                                 |                            floating_point_2_HD7780 |        144 |        129 |       0 |   15 |   308 |      0 |      0 |    0 |          2 |
|           U0                                              |     floating_point_2_floating_point_v7_1_21_HD7781 |        144 |        129 |       0 |   15 |   308 |      0 |      0 |    0 |          2 |
|             i_synth                                       | floating_point_2_floating_point_v7_1_21_viv_HD7782 |        144 |        129 |       0 |   15 |   308 |      0 |      0 |    0 |          2 |
|               need_combiner.use_2to1.skid_buffer_combiner |             floating_point_2_axi_slave_2to1_HD7854 |         56 |         56 |       0 |    0 |   135 |      0 |      0 |    0 |          0 |
|               MULT.OP                                     |                   floating_point_2_flt_mult_HD7783 |         86 |         71 |       0 |   15 |   164 |      0 |      0 |    0 |          2 |
|                 i_non_prim.R_AND_R                        |             floating_point_2_flt_mult_round_HD7832 |         21 |         13 |       0 |    8 |    61 |      0 |      0 |    0 |          0 |
|                   LOGIC.R_AND_R                           |     floating_point_2_renorm_and_round_logic_HD7833 |         21 |         13 |       0 |    8 |    61 |      0 |      0 |    0 |          0 |
|       GEN_NORM_LANE[28].u_mul                             |            fp32_mul_ip__parameterized0__xdcDup__29 |        143 |        128 |       0 |   15 |   308 |      0 |      0 |    0 |          2 |
|         GEN_MUL2.u_fp_mul                                 |                            floating_point_2_HD7855 |        143 |        128 |       0 |   15 |   308 |      0 |      0 |    0 |          2 |
|           U0                                              |     floating_point_2_floating_point_v7_1_21_HD7856 |        143 |        128 |       0 |   15 |   308 |      0 |      0 |    0 |          2 |
|             i_synth                                       | floating_point_2_floating_point_v7_1_21_viv_HD7857 |        143 |        128 |       0 |   15 |   308 |      0 |      0 |    0 |          2 |
|               need_combiner.use_2to1.skid_buffer_combiner |             floating_point_2_axi_slave_2to1_HD7929 |         56 |         56 |       0 |    0 |   135 |      0 |      0 |    0 |          0 |
|               MULT.OP                                     |                   floating_point_2_flt_mult_HD7858 |         85 |         70 |       0 |   15 |   164 |      0 |      0 |    0 |          2 |
|                 i_non_prim.R_AND_R                        |             floating_point_2_flt_mult_round_HD7907 |         21 |         13 |       0 |    8 |    61 |      0 |      0 |    0 |          0 |
|                   LOGIC.R_AND_R                           |     floating_point_2_renorm_and_round_logic_HD7908 |         21 |         13 |       0 |    8 |    61 |      0 |      0 |    0 |          0 |
|       GEN_NORM_LANE[29].u_mul                             |            fp32_mul_ip__parameterized0__xdcDup__30 |        143 |        128 |       0 |   15 |   308 |      0 |      0 |    0 |          2 |
|         GEN_MUL2.u_fp_mul                                 |                            floating_point_2_HD7930 |        143 |        128 |       0 |   15 |   308 |      0 |      0 |    0 |          2 |
|           U0                                              |     floating_point_2_floating_point_v7_1_21_HD7931 |        143 |        128 |       0 |   15 |   308 |      0 |      0 |    0 |          2 |
|             i_synth                                       | floating_point_2_floating_point_v7_1_21_viv_HD7932 |        143 |        128 |       0 |   15 |   308 |      0 |      0 |    0 |          2 |
|               need_combiner.use_2to1.skid_buffer_combiner |             floating_point_2_axi_slave_2to1_HD8004 |         56 |         56 |       0 |    0 |   135 |      0 |      0 |    0 |          0 |
|               MULT.OP                                     |                   floating_point_2_flt_mult_HD7933 |         85 |         70 |       0 |   15 |   164 |      0 |      0 |    0 |          2 |
|                 i_non_prim.R_AND_R                        |             floating_point_2_flt_mult_round_HD7982 |         21 |         13 |       0 |    8 |    61 |      0 |      0 |    0 |          0 |
|                   LOGIC.R_AND_R                           |     floating_point_2_renorm_and_round_logic_HD7983 |         21 |         13 |       0 |    8 |    61 |      0 |      0 |    0 |          0 |
|       GEN_NORM_LANE[2].u_mul                              |             fp32_mul_ip__parameterized0__xdcDup__3 |        143 |        128 |       0 |   15 |   308 |      0 |      0 |    0 |          2 |
|         GEN_MUL2.u_fp_mul                                 |                            floating_point_2_HD5905 |        143 |        128 |       0 |   15 |   308 |      0 |      0 |    0 |          2 |
|           U0                                              |     floating_point_2_floating_point_v7_1_21_HD5906 |        143 |        128 |       0 |   15 |   308 |      0 |      0 |    0 |          2 |
|             i_synth                                       | floating_point_2_floating_point_v7_1_21_viv_HD5907 |        143 |        128 |       0 |   15 |   308 |      0 |      0 |    0 |          2 |
|               need_combiner.use_2to1.skid_buffer_combiner |             floating_point_2_axi_slave_2to1_HD5979 |         56 |         56 |       0 |    0 |   135 |      0 |      0 |    0 |          0 |
|               MULT.OP                                     |                   floating_point_2_flt_mult_HD5908 |         85 |         70 |       0 |   15 |   164 |      0 |      0 |    0 |          2 |
|                 i_non_prim.R_AND_R                        |             floating_point_2_flt_mult_round_HD5957 |         21 |         13 |       0 |    8 |    61 |      0 |      0 |    0 |          0 |
|                   LOGIC.R_AND_R                           |     floating_point_2_renorm_and_round_logic_HD5958 |         21 |         13 |       0 |    8 |    61 |      0 |      0 |    0 |          0 |
|       GEN_NORM_LANE[30].u_mul                             |            fp32_mul_ip__parameterized0__xdcDup__31 |        143 |        128 |       0 |   15 |   308 |      0 |      0 |    0 |          2 |
|         GEN_MUL2.u_fp_mul                                 |                            floating_point_2_HD8005 |        143 |        128 |       0 |   15 |   308 |      0 |      0 |    0 |          2 |
|           U0                                              |     floating_point_2_floating_point_v7_1_21_HD8006 |        143 |        128 |       0 |   15 |   308 |      0 |      0 |    0 |          2 |
|             i_synth                                       | floating_point_2_floating_point_v7_1_21_viv_HD8007 |        143 |        128 |       0 |   15 |   308 |      0 |      0 |    0 |          2 |
|               need_combiner.use_2to1.skid_buffer_combiner |             floating_point_2_axi_slave_2to1_HD8079 |         56 |         56 |       0 |    0 |   135 |      0 |      0 |    0 |          0 |
|               MULT.OP                                     |                   floating_point_2_flt_mult_HD8008 |         85 |         70 |       0 |   15 |   164 |      0 |      0 |    0 |          2 |
|                 i_non_prim.R_AND_R                        |             floating_point_2_flt_mult_round_HD8057 |         21 |         13 |       0 |    8 |    61 |      0 |      0 |    0 |          0 |
|                   LOGIC.R_AND_R                           |     floating_point_2_renorm_and_round_logic_HD8058 |         21 |         13 |       0 |    8 |    61 |      0 |      0 |    0 |          0 |
|       GEN_NORM_LANE[31].u_mul                             |                        fp32_mul_ip__parameterized0 |        145 |        130 |       0 |   15 |   308 |      0 |      0 |    0 |          2 |
|         GEN_MUL2.u_fp_mul                                 |                            floating_point_2_HD8080 |        145 |        130 |       0 |   15 |   308 |      0 |      0 |    0 |          2 |
|           U0                                              |     floating_point_2_floating_point_v7_1_21_HD8081 |        145 |        130 |       0 |   15 |   308 |      0 |      0 |    0 |          2 |
|             i_synth                                       | floating_point_2_floating_point_v7_1_21_viv_HD8082 |        145 |        130 |       0 |   15 |   308 |      0 |      0 |    0 |          2 |
|               need_combiner.use_2to1.skid_buffer_combiner |             floating_point_2_axi_slave_2to1_HD8154 |         57 |         57 |       0 |    0 |   135 |      0 |      0 |    0 |          0 |
|               MULT.OP                                     |                   floating_point_2_flt_mult_HD8083 |         86 |         71 |       0 |   15 |   164 |      0 |      0 |    0 |          2 |
|                 i_non_prim.R_AND_R                        |             floating_point_2_flt_mult_round_HD8132 |         21 |         13 |       0 |    8 |    61 |      0 |      0 |    0 |          0 |
|                   LOGIC.R_AND_R                           |     floating_point_2_renorm_and_round_logic_HD8133 |         21 |         13 |       0 |    8 |    61 |      0 |      0 |    0 |          0 |
|       GEN_NORM_LANE[3].u_mul                              |             fp32_mul_ip__parameterized0__xdcDup__4 |        143 |        128 |       0 |   15 |   308 |      0 |      0 |    0 |          2 |
|         GEN_MUL2.u_fp_mul                                 |                            floating_point_2_HD5980 |        143 |        128 |       0 |   15 |   308 |      0 |      0 |    0 |          2 |
|           U0                                              |     floating_point_2_floating_point_v7_1_21_HD5981 |        143 |        128 |       0 |   15 |   308 |      0 |      0 |    0 |          2 |
|             i_synth                                       | floating_point_2_floating_point_v7_1_21_viv_HD5982 |        143 |        128 |       0 |   15 |   308 |      0 |      0 |    0 |          2 |
|               need_combiner.use_2to1.skid_buffer_combiner |             floating_point_2_axi_slave_2to1_HD6054 |         56 |         56 |       0 |    0 |   135 |      0 |      0 |    0 |          0 |
|               MULT.OP                                     |                   floating_point_2_flt_mult_HD5983 |         85 |         70 |       0 |   15 |   164 |      0 |      0 |    0 |          2 |
|                 i_non_prim.R_AND_R                        |             floating_point_2_flt_mult_round_HD6032 |         21 |         13 |       0 |    8 |    61 |      0 |      0 |    0 |          0 |
|                   LOGIC.R_AND_R                           |     floating_point_2_renorm_and_round_logic_HD6033 |         21 |         13 |       0 |    8 |    61 |      0 |      0 |    0 |          0 |
|       GEN_NORM_LANE[4].u_mul                              |             fp32_mul_ip__parameterized0__xdcDup__5 |        144 |        129 |       0 |   15 |   308 |      0 |      0 |    0 |          2 |
|         GEN_MUL2.u_fp_mul                                 |                            floating_point_2_HD6055 |        144 |        129 |       0 |   15 |   308 |      0 |      0 |    0 |          2 |
|           U0                                              |     floating_point_2_floating_point_v7_1_21_HD6056 |        144 |        129 |       0 |   15 |   308 |      0 |      0 |    0 |          2 |
|             i_synth                                       | floating_point_2_floating_point_v7_1_21_viv_HD6057 |        144 |        129 |       0 |   15 |   308 |      0 |      0 |    0 |          2 |
|               need_combiner.use_2to1.skid_buffer_combiner |             floating_point_2_axi_slave_2to1_HD6129 |         56 |         56 |       0 |    0 |   135 |      0 |      0 |    0 |          0 |
|               MULT.OP                                     |                   floating_point_2_flt_mult_HD6058 |         86 |         71 |       0 |   15 |   164 |      0 |      0 |    0 |          2 |
|                 i_non_prim.R_AND_R                        |             floating_point_2_flt_mult_round_HD6107 |         21 |         13 |       0 |    8 |    61 |      0 |      0 |    0 |          0 |
|                   LOGIC.R_AND_R                           |     floating_point_2_renorm_and_round_logic_HD6108 |         21 |         13 |       0 |    8 |    61 |      0 |      0 |    0 |          0 |
|       GEN_NORM_LANE[5].u_mul                              |             fp32_mul_ip__parameterized0__xdcDup__6 |        143 |        128 |       0 |   15 |   308 |      0 |      0 |    0 |          2 |
|         GEN_MUL2.u_fp_mul                                 |                            floating_point_2_HD6130 |        143 |        128 |       0 |   15 |   308 |      0 |      0 |    0 |          2 |
|           U0                                              |     floating_point_2_floating_point_v7_1_21_HD6131 |        143 |        128 |       0 |   15 |   308 |      0 |      0 |    0 |          2 |
|             i_synth                                       | floating_point_2_floating_point_v7_1_21_viv_HD6132 |        143 |        128 |       0 |   15 |   308 |      0 |      0 |    0 |          2 |
|               need_combiner.use_2to1.skid_buffer_combiner |             floating_point_2_axi_slave_2to1_HD6204 |         56 |         56 |       0 |    0 |   135 |      0 |      0 |    0 |          0 |
|               MULT.OP                                     |                   floating_point_2_flt_mult_HD6133 |         85 |         70 |       0 |   15 |   164 |      0 |      0 |    0 |          2 |
|                 i_non_prim.R_AND_R                        |             floating_point_2_flt_mult_round_HD6182 |         21 |         13 |       0 |    8 |    61 |      0 |      0 |    0 |          0 |
|                   LOGIC.R_AND_R                           |     floating_point_2_renorm_and_round_logic_HD6183 |         21 |         13 |       0 |    8 |    61 |      0 |      0 |    0 |          0 |
|       GEN_NORM_LANE[6].u_mul                              |             fp32_mul_ip__parameterized0__xdcDup__7 |        143 |        128 |       0 |   15 |   308 |      0 |      0 |    0 |          2 |
|         GEN_MUL2.u_fp_mul                                 |                            floating_point_2_HD6205 |        143 |        128 |       0 |   15 |   308 |      0 |      0 |    0 |          2 |
|           U0                                              |     floating_point_2_floating_point_v7_1_21_HD6206 |        143 |        128 |       0 |   15 |   308 |      0 |      0 |    0 |          2 |
|             i_synth                                       | floating_point_2_floating_point_v7_1_21_viv_HD6207 |        143 |        128 |       0 |   15 |   308 |      0 |      0 |    0 |          2 |
|               need_combiner.use_2to1.skid_buffer_combiner |             floating_point_2_axi_slave_2to1_HD6279 |         56 |         56 |       0 |    0 |   135 |      0 |      0 |    0 |          0 |
|               MULT.OP                                     |                   floating_point_2_flt_mult_HD6208 |         85 |         70 |       0 |   15 |   164 |      0 |      0 |    0 |          2 |
|                 i_non_prim.R_AND_R                        |             floating_point_2_flt_mult_round_HD6257 |         21 |         13 |       0 |    8 |    61 |      0 |      0 |    0 |          0 |
|                   LOGIC.R_AND_R                           |     floating_point_2_renorm_and_round_logic_HD6258 |         21 |         13 |       0 |    8 |    61 |      0 |      0 |    0 |          0 |
|       GEN_NORM_LANE[7].u_mul                              |             fp32_mul_ip__parameterized0__xdcDup__8 |        144 |        129 |       0 |   15 |   308 |      0 |      0 |    0 |          2 |
|         GEN_MUL2.u_fp_mul                                 |                            floating_point_2_HD6280 |        144 |        129 |       0 |   15 |   308 |      0 |      0 |    0 |          2 |
|           U0                                              |     floating_point_2_floating_point_v7_1_21_HD6281 |        144 |        129 |       0 |   15 |   308 |      0 |      0 |    0 |          2 |
|             i_synth                                       | floating_point_2_floating_point_v7_1_21_viv_HD6282 |        144 |        129 |       0 |   15 |   308 |      0 |      0 |    0 |          2 |
|               need_combiner.use_2to1.skid_buffer_combiner |             floating_point_2_axi_slave_2to1_HD6354 |         56 |         56 |       0 |    0 |   135 |      0 |      0 |    0 |          0 |
|               MULT.OP                                     |                   floating_point_2_flt_mult_HD6283 |         86 |         71 |       0 |   15 |   164 |      0 |      0 |    0 |          2 |
|                 i_non_prim.R_AND_R                        |             floating_point_2_flt_mult_round_HD6332 |         21 |         13 |       0 |    8 |    61 |      0 |      0 |    0 |          0 |
|                   LOGIC.R_AND_R                           |     floating_point_2_renorm_and_round_logic_HD6333 |         21 |         13 |       0 |    8 |    61 |      0 |      0 |    0 |          0 |
|       GEN_NORM_LANE[8].u_mul                              |             fp32_mul_ip__parameterized0__xdcDup__9 |        144 |        129 |       0 |   15 |   308 |      0 |      0 |    0 |          2 |
|         GEN_MUL2.u_fp_mul                                 |                            floating_point_2_HD6355 |        144 |        129 |       0 |   15 |   308 |      0 |      0 |    0 |          2 |
|           U0                                              |     floating_point_2_floating_point_v7_1_21_HD6356 |        144 |        129 |       0 |   15 |   308 |      0 |      0 |    0 |          2 |
|             i_synth                                       | floating_point_2_floating_point_v7_1_21_viv_HD6357 |        144 |        129 |       0 |   15 |   308 |      0 |      0 |    0 |          2 |
|               need_combiner.use_2to1.skid_buffer_combiner |             floating_point_2_axi_slave_2to1_HD6429 |         56 |         56 |       0 |    0 |   135 |      0 |      0 |    0 |          0 |
|               MULT.OP                                     |                   floating_point_2_flt_mult_HD6358 |         86 |         71 |       0 |   15 |   164 |      0 |      0 |    0 |          2 |
|                 i_non_prim.R_AND_R                        |             floating_point_2_flt_mult_round_HD6407 |         21 |         13 |       0 |    8 |    61 |      0 |      0 |    0 |          0 |
|                   LOGIC.R_AND_R                           |     floating_point_2_renorm_and_round_logic_HD6408 |         21 |         13 |       0 |    8 |    61 |      0 |      0 |    0 |          0 |
|       GEN_NORM_LANE[9].u_mul                              |            fp32_mul_ip__parameterized0__xdcDup__10 |        143 |        128 |       0 |   15 |   308 |      0 |      0 |    0 |          2 |
|         GEN_MUL2.u_fp_mul                                 |                            floating_point_2_HD6430 |        143 |        128 |       0 |   15 |   308 |      0 |      0 |    0 |          2 |
|           U0                                              |     floating_point_2_floating_point_v7_1_21_HD6431 |        143 |        128 |       0 |   15 |   308 |      0 |      0 |    0 |          2 |
|             i_synth                                       | floating_point_2_floating_point_v7_1_21_viv_HD6432 |        143 |        128 |       0 |   15 |   308 |      0 |      0 |    0 |          2 |
|               need_combiner.use_2to1.skid_buffer_combiner |             floating_point_2_axi_slave_2to1_HD6504 |         56 |         56 |       0 |    0 |   135 |      0 |      0 |    0 |          0 |
|               MULT.OP                                     |                   floating_point_2_flt_mult_HD6433 |         85 |         70 |       0 |   15 |   164 |      0 |      0 |    0 |          2 |
|                 i_non_prim.R_AND_R                        |             floating_point_2_flt_mult_round_HD6482 |         21 |         13 |       0 |    8 |    61 |      0 |      0 |    0 |          0 |
|                   LOGIC.R_AND_R                           |     floating_point_2_renorm_and_round_logic_HD6483 |         21 |         13 |       0 |    8 |    61 |      0 |      0 |    0 |          0 |
|     u_controller                                          |                           cats_r4_b3_pv_controller |       2770 |       2148 |     622 |    0 |  2352 |      0 |      0 |    0 |          0 |
|     u_mac                                                 |                           cats_r4_b3_pv_mac_32lane |      12449 |      10979 |     606 |  864 | 24553 |      0 |      0 |    0 |        128 |
|       (u_mac)                                             |                           cats_r4_b3_pv_mac_32lane |       1317 |        711 |     606 |    0 |  1193 |      0 |      0 |    0 |          0 |
|       GEN_PV_LANE[0].u_add                                |                             fp32_add_ip__xdcDup__1 |        216 |        204 |       0 |   12 |   454 |      0 |      0 |    0 |          2 |
|         u_fp_add                                          |                                   floating_point_1 |        216 |        204 |       0 |   12 |   454 |      0 |      0 |    0 |          2 |
|           U0                                              |            floating_point_1_floating_point_v7_1_21 |        216 |        204 |       0 |   12 |   454 |      0 |      0 |    0 |          2 |
|             i_synth                                       |        floating_point_1_floating_point_v7_1_21_viv |        216 |        204 |       0 |   12 |   454 |      0 |      0 |    0 |          2 |
|               need_combiner.use_2to1.skid_buffer_combiner |                    floating_point_1_axi_slave_2to1 |         73 |         73 |       0 |    0 |   135 |      0 |      0 |    0 |          0 |
|               ADDSUB_OP.ADDSUB                            |                           floating_point_1_flt_add |        142 |        130 |       0 |   12 |   307 |      0 |      0 |    0 |          2 |
|                 DSP.OP                                    |                       floating_point_1_flt_add_dsp |        142 |        130 |       0 |   12 |   307 |      0 |      0 |    0 |          2 |
|                   DSP48E1_BODY.ALIGN_ADD                  |             floating_point_1_align_add_dsp48e1_sgl |         13 |         12 |       0 |    1 |    73 |      0 |      0 |    0 |          1 |
|                   DSP48E1_BODY.EXP                        |                    floating_point_1_flt_add_exp_sp |         63 |         52 |       0 |   11 |    86 |      0 |      0 |    0 |          0 |
|                   DSP48E1_BODY.NORM_RND                   |        floating_point_1_norm_and_round_dsp48e1_sgl |         32 |         32 |       0 |    0 |    70 |      0 |      0 |    0 |          1 |
|       GEN_PV_LANE[0].u_mul                                |                             fp32_mul_ip__xdcDup__1 |        134 |        119 |       0 |   15 |   276 |      0 |      0 |    0 |          2 |
|         GEN_MUL0.u_fp_mul                                 |                                   floating_point_0 |        134 |        119 |       0 |   15 |   276 |      0 |      0 |    0 |          2 |
|           U0                                              |            floating_point_0_floating_point_v7_1_21 |        134 |        119 |       0 |   15 |   276 |      0 |      0 |    0 |          2 |
|             i_synth                                       |        floating_point_0_floating_point_v7_1_21_viv |        134 |        119 |       0 |   15 |   276 |      0 |      0 |    0 |          2 |
|               need_combiner.use_2to1.skid_buffer_combiner |                    floating_point_0_axi_slave_2to1 |         48 |         48 |       0 |    0 |   103 |      0 |      0 |    0 |          0 |
|               MULT.OP                                     |                          floating_point_0_flt_mult |         84 |         69 |       0 |   15 |   164 |      0 |      0 |    0 |          2 |
|                 i_non_prim.R_AND_R                        |                    floating_point_0_flt_mult_round |         21 |         13 |       0 |    8 |    61 |      0 |      0 |    0 |          0 |
|                   LOGIC.R_AND_R                           |            floating_point_0_renorm_and_round_logic |         21 |         13 |       0 |    8 |    61 |      0 |      0 |    0 |          0 |
|       GEN_PV_LANE[10].u_add                               |                            fp32_add_ip__xdcDup__11 |        215 |        203 |       0 |   12 |   454 |      0 |      0 |    0 |          2 |
|         u_fp_add                                          |                            floating_point_1_HD3467 |        215 |        203 |       0 |   12 |   454 |      0 |      0 |    0 |          2 |
|           U0                                              |     floating_point_1_floating_point_v7_1_21_HD3468 |        215 |        203 |       0 |   12 |   454 |      0 |      0 |    0 |          2 |
|             i_synth                                       | floating_point_1_floating_point_v7_1_21_viv_HD3469 |        215 |        203 |       0 |   12 |   454 |      0 |      0 |    0 |          2 |
|               need_combiner.use_2to1.skid_buffer_combiner |             floating_point_1_axi_slave_2to1_HD3572 |         73 |         73 |       0 |    0 |   135 |      0 |      0 |    0 |          0 |
|               ADDSUB_OP.ADDSUB                            |                    floating_point_1_flt_add_HD3470 |        141 |        129 |       0 |   12 |   307 |      0 |      0 |    0 |          2 |
|                 DSP.OP                                    |                floating_point_1_flt_add_dsp_HD3471 |        141 |        129 |       0 |   12 |   307 |      0 |      0 |    0 |          2 |
|                   DSP48E1_BODY.ALIGN_ADD                  |      floating_point_1_align_add_dsp48e1_sgl_HD3476 |         13 |         12 |       0 |    1 |    73 |      0 |      0 |    0 |          1 |
|                   DSP48E1_BODY.EXP                        |             floating_point_1_flt_add_exp_sp_HD3495 |         62 |         51 |       0 |   11 |    86 |      0 |      0 |    0 |          0 |
|                   DSP48E1_BODY.NORM_RND                   | floating_point_1_norm_and_round_dsp48e1_sgl_HD3549 |         32 |         32 |       0 |    0 |    70 |      0 |      0 |    0 |          1 |
|       GEN_PV_LANE[10].u_mul                               |                            fp32_mul_ip__xdcDup__11 |        133 |        118 |       0 |   15 |   276 |      0 |      0 |    0 |          2 |
|         GEN_MUL0.u_fp_mul                                 |                             floating_point_0_HD832 |        133 |        118 |       0 |   15 |   276 |      0 |      0 |    0 |          2 |
|           U0                                              |      floating_point_0_floating_point_v7_1_21_HD833 |        133 |        118 |       0 |   15 |   276 |      0 |      0 |    0 |          2 |
|             i_synth                                       |  floating_point_0_floating_point_v7_1_21_viv_HD834 |        133 |        118 |       0 |   15 |   276 |      0 |      0 |    0 |          2 |
|               need_combiner.use_2to1.skid_buffer_combiner |              floating_point_0_axi_slave_2to1_HD906 |         48 |         48 |       0 |    0 |   103 |      0 |      0 |    0 |          0 |
|               MULT.OP                                     |                    floating_point_0_flt_mult_HD835 |         83 |         68 |       0 |   15 |   164 |      0 |      0 |    0 |          2 |
|                 i_non_prim.R_AND_R                        |              floating_point_0_flt_mult_round_HD884 |         21 |         13 |       0 |    8 |    61 |      0 |      0 |    0 |          0 |
|                   LOGIC.R_AND_R                           |      floating_point_0_renorm_and_round_logic_HD885 |         21 |         13 |       0 |    8 |    61 |      0 |      0 |    0 |          0 |
|       GEN_PV_LANE[11].u_add                               |                            fp32_add_ip__xdcDup__12 |        217 |        205 |       0 |   12 |   454 |      0 |      0 |    0 |          2 |
|         u_fp_add                                          |                            floating_point_1_HD3573 |        217 |        205 |       0 |   12 |   454 |      0 |      0 |    0 |          2 |
|           U0                                              |     floating_point_1_floating_point_v7_1_21_HD3574 |        217 |        205 |       0 |   12 |   454 |      0 |      0 |    0 |          2 |
|             i_synth                                       | floating_point_1_floating_point_v7_1_21_viv_HD3575 |        217 |        205 |       0 |   12 |   454 |      0 |      0 |    0 |          2 |
|               need_combiner.use_2to1.skid_buffer_combiner |             floating_point_1_axi_slave_2to1_HD3678 |         73 |         73 |       0 |    0 |   135 |      0 |      0 |    0 |          0 |
|               ADDSUB_OP.ADDSUB                            |                    floating_point_1_flt_add_HD3576 |        143 |        131 |       0 |   12 |   307 |      0 |      0 |    0 |          2 |
|                 DSP.OP                                    |                floating_point_1_flt_add_dsp_HD3577 |        143 |        131 |       0 |   12 |   307 |      0 |      0 |    0 |          2 |
|                   DSP48E1_BODY.ALIGN_ADD                  |      floating_point_1_align_add_dsp48e1_sgl_HD3582 |         13 |         12 |       0 |    1 |    73 |      0 |      0 |    0 |          1 |
|                   DSP48E1_BODY.EXP                        |             floating_point_1_flt_add_exp_sp_HD3601 |         63 |         52 |       0 |   11 |    86 |      0 |      0 |    0 |          0 |
|                   DSP48E1_BODY.NORM_RND                   | floating_point_1_norm_and_round_dsp48e1_sgl_HD3655 |         32 |         32 |       0 |    0 |    70 |      0 |      0 |    0 |          1 |
|       GEN_PV_LANE[11].u_mul                               |                            fp32_mul_ip__xdcDup__12 |        134 |        119 |       0 |   15 |   276 |      0 |      0 |    0 |          2 |
|         GEN_MUL0.u_fp_mul                                 |                             floating_point_0_HD907 |        134 |        119 |       0 |   15 |   276 |      0 |      0 |    0 |          2 |
|           U0                                              |      floating_point_0_floating_point_v7_1_21_HD908 |        134 |        119 |       0 |   15 |   276 |      0 |      0 |    0 |          2 |
|             i_synth                                       |  floating_point_0_floating_point_v7_1_21_viv_HD909 |        134 |        119 |       0 |   15 |   276 |      0 |      0 |    0 |          2 |
|               need_combiner.use_2to1.skid_buffer_combiner |              floating_point_0_axi_slave_2to1_HD981 |         49 |         49 |       0 |    0 |   103 |      0 |      0 |    0 |          0 |
|               MULT.OP                                     |                    floating_point_0_flt_mult_HD910 |         83 |         68 |       0 |   15 |   164 |      0 |      0 |    0 |          2 |
|                 i_non_prim.R_AND_R                        |              floating_point_0_flt_mult_round_HD959 |         21 |         13 |       0 |    8 |    61 |      0 |      0 |    0 |          0 |
|                   LOGIC.R_AND_R                           |      floating_point_0_renorm_and_round_logic_HD960 |         21 |         13 |       0 |    8 |    61 |      0 |      0 |    0 |          0 |
|       GEN_PV_LANE[12].u_add                               |                            fp32_add_ip__xdcDup__13 |        216 |        204 |       0 |   12 |   454 |      0 |      0 |    0 |          2 |
|         u_fp_add                                          |                            floating_point_1_HD3679 |        216 |        204 |       0 |   12 |   454 |      0 |      0 |    0 |          2 |
|           U0                                              |     floating_point_1_floating_point_v7_1_21_HD3680 |        216 |        204 |       0 |   12 |   454 |      0 |      0 |    0 |          2 |
|             i_synth                                       | floating_point_1_floating_point_v7_1_21_viv_HD3681 |        216 |        204 |       0 |   12 |   454 |      0 |      0 |    0 |          2 |
|               need_combiner.use_2to1.skid_buffer_combiner |             floating_point_1_axi_slave_2to1_HD3784 |         72 |         72 |       0 |    0 |   135 |      0 |      0 |    0 |          0 |
|               ADDSUB_OP.ADDSUB                            |                    floating_point_1_flt_add_HD3682 |        142 |        130 |       0 |   12 |   307 |      0 |      0 |    0 |          2 |
|                 DSP.OP                                    |                floating_point_1_flt_add_dsp_HD3683 |        142 |        130 |       0 |   12 |   307 |      0 |      0 |    0 |          2 |
|                   DSP48E1_BODY.ALIGN_ADD                  |      floating_point_1_align_add_dsp48e1_sgl_HD3688 |         13 |         12 |       0 |    1 |    73 |      0 |      0 |    0 |          1 |
|                   DSP48E1_BODY.EXP                        |             floating_point_1_flt_add_exp_sp_HD3707 |         63 |         52 |       0 |   11 |    86 |      0 |      0 |    0 |          0 |
|                   DSP48E1_BODY.NORM_RND                   | floating_point_1_norm_and_round_dsp48e1_sgl_HD3761 |         32 |         32 |       0 |    0 |    70 |      0 |      0 |    0 |          1 |
|       GEN_PV_LANE[12].u_mul                               |                            fp32_mul_ip__xdcDup__13 |        133 |        118 |       0 |   15 |   276 |      0 |      0 |    0 |          2 |
|         GEN_MUL0.u_fp_mul                                 |                             floating_point_0_HD982 |        133 |        118 |       0 |   15 |   276 |      0 |      0 |    0 |          2 |
|           U0                                              |      floating_point_0_floating_point_v7_1_21_HD983 |        133 |        118 |       0 |   15 |   276 |      0 |      0 |    0 |          2 |
|             i_synth                                       |  floating_point_0_floating_point_v7_1_21_viv_HD984 |        133 |        118 |       0 |   15 |   276 |      0 |      0 |    0 |          2 |
|               need_combiner.use_2to1.skid_buffer_combiner |             floating_point_0_axi_slave_2to1_HD1056 |         48 |         48 |       0 |    0 |   103 |      0 |      0 |    0 |          0 |
|               MULT.OP                                     |                    floating_point_0_flt_mult_HD985 |         83 |         68 |       0 |   15 |   164 |      0 |      0 |    0 |          2 |
|                 i_non_prim.R_AND_R                        |             floating_point_0_flt_mult_round_HD1034 |         21 |         13 |       0 |    8 |    61 |      0 |      0 |    0 |          0 |
|                   LOGIC.R_AND_R                           |     floating_point_0_renorm_and_round_logic_HD1035 |         21 |         13 |       0 |    8 |    61 |      0 |      0 |    0 |          0 |
|       GEN_PV_LANE[13].u_add                               |                            fp32_add_ip__xdcDup__14 |        215 |        203 |       0 |   12 |   454 |      0 |      0 |    0 |          2 |
|         u_fp_add                                          |                            floating_point_1_HD3785 |        215 |        203 |       0 |   12 |   454 |      0 |      0 |    0 |          2 |
|           U0                                              |     floating_point_1_floating_point_v7_1_21_HD3786 |        215 |        203 |       0 |   12 |   454 |      0 |      0 |    0 |          2 |
|             i_synth                                       | floating_point_1_floating_point_v7_1_21_viv_HD3787 |        215 |        203 |       0 |   12 |   454 |      0 |      0 |    0 |          2 |
|               need_combiner.use_2to1.skid_buffer_combiner |             floating_point_1_axi_slave_2to1_HD3890 |         73 |         73 |       0 |    0 |   135 |      0 |      0 |    0 |          0 |
|               ADDSUB_OP.ADDSUB                            |                    floating_point_1_flt_add_HD3788 |        141 |        129 |       0 |   12 |   307 |      0 |      0 |    0 |          2 |
|                 DSP.OP                                    |                floating_point_1_flt_add_dsp_HD3789 |        141 |        129 |       0 |   12 |   307 |      0 |      0 |    0 |          2 |
|                   DSP48E1_BODY.ALIGN_ADD                  |      floating_point_1_align_add_dsp48e1_sgl_HD3794 |         13 |         12 |       0 |    1 |    73 |      0 |      0 |    0 |          1 |
|                   DSP48E1_BODY.EXP                        |             floating_point_1_flt_add_exp_sp_HD3813 |         62 |         51 |       0 |   11 |    86 |      0 |      0 |    0 |          0 |
|                   DSP48E1_BODY.NORM_RND                   | floating_point_1_norm_and_round_dsp48e1_sgl_HD3867 |         32 |         32 |       0 |    0 |    70 |      0 |      0 |    0 |          1 |
|       GEN_PV_LANE[13].u_mul                               |                            fp32_mul_ip__xdcDup__14 |        133 |        118 |       0 |   15 |   276 |      0 |      0 |    0 |          2 |
|         GEN_MUL0.u_fp_mul                                 |                            floating_point_0_HD1057 |        133 |        118 |       0 |   15 |   276 |      0 |      0 |    0 |          2 |
|           U0                                              |     floating_point_0_floating_point_v7_1_21_HD1058 |        133 |        118 |       0 |   15 |   276 |      0 |      0 |    0 |          2 |
|             i_synth                                       | floating_point_0_floating_point_v7_1_21_viv_HD1059 |        133 |        118 |       0 |   15 |   276 |      0 |      0 |    0 |          2 |
|               need_combiner.use_2to1.skid_buffer_combiner |             floating_point_0_axi_slave_2to1_HD1131 |         48 |         48 |       0 |    0 |   103 |      0 |      0 |    0 |          0 |
|               MULT.OP                                     |                   floating_point_0_flt_mult_HD1060 |         83 |         68 |       0 |   15 |   164 |      0 |      0 |    0 |          2 |
|                 i_non_prim.R_AND_R                        |             floating_point_0_flt_mult_round_HD1109 |         21 |         13 |       0 |    8 |    61 |      0 |      0 |    0 |          0 |
|                   LOGIC.R_AND_R                           |     floating_point_0_renorm_and_round_logic_HD1110 |         21 |         13 |       0 |    8 |    61 |      0 |      0 |    0 |          0 |
|       GEN_PV_LANE[14].u_add                               |                            fp32_add_ip__xdcDup__15 |        215 |        203 |       0 |   12 |   454 |      0 |      0 |    0 |          2 |
|         u_fp_add                                          |                            floating_point_1_HD3891 |        215 |        203 |       0 |   12 |   454 |      0 |      0 |    0 |          2 |
|           U0                                              |     floating_point_1_floating_point_v7_1_21_HD3892 |        215 |        203 |       0 |   12 |   454 |      0 |      0 |    0 |          2 |
|             i_synth                                       | floating_point_1_floating_point_v7_1_21_viv_HD3893 |        215 |        203 |       0 |   12 |   454 |      0 |      0 |    0 |          2 |
|               need_combiner.use_2to1.skid_buffer_combiner |             floating_point_1_axi_slave_2to1_HD3996 |         73 |         73 |       0 |    0 |   135 |      0 |      0 |    0 |          0 |
|               ADDSUB_OP.ADDSUB                            |                    floating_point_1_flt_add_HD3894 |        141 |        129 |       0 |   12 |   307 |      0 |      0 |    0 |          2 |
|                 DSP.OP                                    |                floating_point_1_flt_add_dsp_HD3895 |        141 |        129 |       0 |   12 |   307 |      0 |      0 |    0 |          2 |
|                   DSP48E1_BODY.ALIGN_ADD                  |      floating_point_1_align_add_dsp48e1_sgl_HD3900 |         13 |         12 |       0 |    1 |    73 |      0 |      0 |    0 |          1 |
|                   DSP48E1_BODY.EXP                        |             floating_point_1_flt_add_exp_sp_HD3919 |         62 |         51 |       0 |   11 |    86 |      0 |      0 |    0 |          0 |
|                   DSP48E1_BODY.NORM_RND                   | floating_point_1_norm_and_round_dsp48e1_sgl_HD3973 |         32 |         32 |       0 |    0 |    70 |      0 |      0 |    0 |          1 |
|       GEN_PV_LANE[14].u_mul                               |                            fp32_mul_ip__xdcDup__15 |        134 |        119 |       0 |   15 |   276 |      0 |      0 |    0 |          2 |
|         GEN_MUL0.u_fp_mul                                 |                            floating_point_0_HD1132 |        134 |        119 |       0 |   15 |   276 |      0 |      0 |    0 |          2 |
|           U0                                              |     floating_point_0_floating_point_v7_1_21_HD1133 |        134 |        119 |       0 |   15 |   276 |      0 |      0 |    0 |          2 |
|             i_synth                                       | floating_point_0_floating_point_v7_1_21_viv_HD1134 |        134 |        119 |       0 |   15 |   276 |      0 |      0 |    0 |          2 |
|               need_combiner.use_2to1.skid_buffer_combiner |             floating_point_0_axi_slave_2to1_HD1206 |         48 |         48 |       0 |    0 |   103 |      0 |      0 |    0 |          0 |
|               MULT.OP                                     |                   floating_point_0_flt_mult_HD1135 |         84 |         69 |       0 |   15 |   164 |      0 |      0 |    0 |          2 |
|                 i_non_prim.R_AND_R                        |             floating_point_0_flt_mult_round_HD1184 |         21 |         13 |       0 |    8 |    61 |      0 |      0 |    0 |          0 |
|                   LOGIC.R_AND_R                           |     floating_point_0_renorm_and_round_logic_HD1185 |         21 |         13 |       0 |    8 |    61 |      0 |      0 |    0 |          0 |
|       GEN_PV_LANE[15].u_add                               |                            fp32_add_ip__xdcDup__16 |        215 |        203 |       0 |   12 |   454 |      0 |      0 |    0 |          2 |
|         u_fp_add                                          |                            floating_point_1_HD3997 |        215 |        203 |       0 |   12 |   454 |      0 |      0 |    0 |          2 |
|           U0                                              |     floating_point_1_floating_point_v7_1_21_HD3998 |        215 |        203 |       0 |   12 |   454 |      0 |      0 |    0 |          2 |
|             i_synth                                       | floating_point_1_floating_point_v7_1_21_viv_HD3999 |        215 |        203 |       0 |   12 |   454 |      0 |      0 |    0 |          2 |
|               need_combiner.use_2to1.skid_buffer_combiner |             floating_point_1_axi_slave_2to1_HD4102 |         72 |         72 |       0 |    0 |   135 |      0 |      0 |    0 |          0 |
|               ADDSUB_OP.ADDSUB                            |                    floating_point_1_flt_add_HD4000 |        141 |        129 |       0 |   12 |   307 |      0 |      0 |    0 |          2 |
|                 DSP.OP                                    |                floating_point_1_flt_add_dsp_HD4001 |        141 |        129 |       0 |   12 |   307 |      0 |      0 |    0 |          2 |
|                   DSP48E1_BODY.ALIGN_ADD                  |      floating_point_1_align_add_dsp48e1_sgl_HD4006 |         13 |         12 |       0 |    1 |    73 |      0 |      0 |    0 |          1 |
|                   DSP48E1_BODY.EXP                        |             floating_point_1_flt_add_exp_sp_HD4025 |         62 |         51 |       0 |   11 |    86 |      0 |      0 |    0 |          0 |
|                   DSP48E1_BODY.NORM_RND                   | floating_point_1_norm_and_round_dsp48e1_sgl_HD4079 |         32 |         32 |       0 |    0 |    70 |      0 |      0 |    0 |          1 |
|       GEN_PV_LANE[15].u_mul                               |                            fp32_mul_ip__xdcDup__16 |        131 |        116 |       0 |   15 |   276 |      0 |      0 |    0 |          2 |
|         GEN_MUL0.u_fp_mul                                 |                            floating_point_0_HD1207 |        131 |        116 |       0 |   15 |   276 |      0 |      0 |    0 |          2 |
|           U0                                              |     floating_point_0_floating_point_v7_1_21_HD1208 |        131 |        116 |       0 |   15 |   276 |      0 |      0 |    0 |          2 |
|             i_synth                                       | floating_point_0_floating_point_v7_1_21_viv_HD1209 |        131 |        116 |       0 |   15 |   276 |      0 |      0 |    0 |          2 |
|               need_combiner.use_2to1.skid_buffer_combiner |             floating_point_0_axi_slave_2to1_HD1281 |         48 |         48 |       0 |    0 |   103 |      0 |      0 |    0 |          0 |
|               MULT.OP                                     |                   floating_point_0_flt_mult_HD1210 |         82 |         67 |       0 |   15 |   164 |      0 |      0 |    0 |          2 |
|                 i_non_prim.R_AND_R                        |             floating_point_0_flt_mult_round_HD1259 |         21 |         13 |       0 |    8 |    61 |      0 |      0 |    0 |          0 |
|                   LOGIC.R_AND_R                           |     floating_point_0_renorm_and_round_logic_HD1260 |         21 |         13 |       0 |    8 |    61 |      0 |      0 |    0 |          0 |
|       GEN_PV_LANE[16].u_add                               |                            fp32_add_ip__xdcDup__17 |        215 |        203 |       0 |   12 |   454 |      0 |      0 |    0 |          2 |
|         u_fp_add                                          |                            floating_point_1_HD4103 |        215 |        203 |       0 |   12 |   454 |      0 |      0 |    0 |          2 |
|           U0                                              |     floating_point_1_floating_point_v7_1_21_HD4104 |        215 |        203 |       0 |   12 |   454 |      0 |      0 |    0 |          2 |
|             i_synth                                       | floating_point_1_floating_point_v7_1_21_viv_HD4105 |        215 |        203 |       0 |   12 |   454 |      0 |      0 |    0 |          2 |
|               need_combiner.use_2to1.skid_buffer_combiner |             floating_point_1_axi_slave_2to1_HD4208 |         72 |         72 |       0 |    0 |   135 |      0 |      0 |    0 |          0 |
|               ADDSUB_OP.ADDSUB                            |                    floating_point_1_flt_add_HD4106 |        142 |        130 |       0 |   12 |   307 |      0 |      0 |    0 |          2 |
|                 DSP.OP                                    |                floating_point_1_flt_add_dsp_HD4107 |        142 |        130 |       0 |   12 |   307 |      0 |      0 |    0 |          2 |
|                   DSP48E1_BODY.ALIGN_ADD                  |      floating_point_1_align_add_dsp48e1_sgl_HD4112 |         13 |         12 |       0 |    1 |    73 |      0 |      0 |    0 |          1 |
|                   DSP48E1_BODY.EXP                        |             floating_point_1_flt_add_exp_sp_HD4131 |         63 |         52 |       0 |   11 |    86 |      0 |      0 |    0 |          0 |
|                   DSP48E1_BODY.NORM_RND                   | floating_point_1_norm_and_round_dsp48e1_sgl_HD4185 |         32 |         32 |       0 |    0 |    70 |      0 |      0 |    0 |          1 |
|       GEN_PV_LANE[16].u_mul                               |                            fp32_mul_ip__xdcDup__17 |        133 |        118 |       0 |   15 |   276 |      0 |      0 |    0 |          2 |
|         GEN_MUL0.u_fp_mul                                 |                            floating_point_0_HD1282 |        133 |        118 |       0 |   15 |   276 |      0 |      0 |    0 |          2 |
|           U0                                              |     floating_point_0_floating_point_v7_1_21_HD1283 |        133 |        118 |       0 |   15 |   276 |      0 |      0 |    0 |          2 |
|             i_synth                                       | floating_point_0_floating_point_v7_1_21_viv_HD1284 |        133 |        118 |       0 |   15 |   276 |      0 |      0 |    0 |          2 |
|               need_combiner.use_2to1.skid_buffer_combiner |             floating_point_0_axi_slave_2to1_HD1356 |         48 |         48 |       0 |    0 |   103 |      0 |      0 |    0 |          0 |
|               MULT.OP                                     |                   floating_point_0_flt_mult_HD1285 |         83 |         68 |       0 |   15 |   164 |      0 |      0 |    0 |          2 |
|                 i_non_prim.R_AND_R                        |             floating_point_0_flt_mult_round_HD1334 |         21 |         13 |       0 |    8 |    61 |      0 |      0 |    0 |          0 |
|                   LOGIC.R_AND_R                           |     floating_point_0_renorm_and_round_logic_HD1335 |         21 |         13 |       0 |    8 |    61 |      0 |      0 |    0 |          0 |
|       GEN_PV_LANE[17].u_add                               |                            fp32_add_ip__xdcDup__18 |        215 |        203 |       0 |   12 |   454 |      0 |      0 |    0 |          2 |
|         u_fp_add                                          |                            floating_point_1_HD4209 |        215 |        203 |       0 |   12 |   454 |      0 |      0 |    0 |          2 |
|           U0                                              |     floating_point_1_floating_point_v7_1_21_HD4210 |        215 |        203 |       0 |   12 |   454 |      0 |      0 |    0 |          2 |
|             i_synth                                       | floating_point_1_floating_point_v7_1_21_viv_HD4211 |        215 |        203 |       0 |   12 |   454 |      0 |      0 |    0 |          2 |
|               need_combiner.use_2to1.skid_buffer_combiner |             floating_point_1_axi_slave_2to1_HD4314 |         72 |         72 |       0 |    0 |   135 |      0 |      0 |    0 |          0 |
|               ADDSUB_OP.ADDSUB                            |                    floating_point_1_flt_add_HD4212 |        141 |        129 |       0 |   12 |   307 |      0 |      0 |    0 |          2 |
|                 DSP.OP                                    |                floating_point_1_flt_add_dsp_HD4213 |        141 |        129 |       0 |   12 |   307 |      0 |      0 |    0 |          2 |
|                   DSP48E1_BODY.ALIGN_ADD                  |      floating_point_1_align_add_dsp48e1_sgl_HD4218 |         13 |         12 |       0 |    1 |    73 |      0 |      0 |    0 |          1 |
|                   DSP48E1_BODY.EXP                        |             floating_point_1_flt_add_exp_sp_HD4237 |         62 |         51 |       0 |   11 |    86 |      0 |      0 |    0 |          0 |
|                   DSP48E1_BODY.NORM_RND                   | floating_point_1_norm_and_round_dsp48e1_sgl_HD4291 |         32 |         32 |       0 |    0 |    70 |      0 |      0 |    0 |          1 |
|       GEN_PV_LANE[17].u_mul                               |                            fp32_mul_ip__xdcDup__18 |        134 |        119 |       0 |   15 |   276 |      0 |      0 |    0 |          2 |
|         GEN_MUL0.u_fp_mul                                 |                            floating_point_0_HD1357 |        134 |        119 |       0 |   15 |   276 |      0 |      0 |    0 |          2 |
|           U0                                              |     floating_point_0_floating_point_v7_1_21_HD1358 |        134 |        119 |       0 |   15 |   276 |      0 |      0 |    0 |          2 |
|             i_synth                                       | floating_point_0_floating_point_v7_1_21_viv_HD1359 |        134 |        119 |       0 |   15 |   276 |      0 |      0 |    0 |          2 |
|               need_combiner.use_2to1.skid_buffer_combiner |             floating_point_0_axi_slave_2to1_HD1431 |         48 |         48 |       0 |    0 |   103 |      0 |      0 |    0 |          0 |
|               MULT.OP                                     |                   floating_point_0_flt_mult_HD1360 |         84 |         69 |       0 |   15 |   164 |      0 |      0 |    0 |          2 |
|                 i_non_prim.R_AND_R                        |             floating_point_0_flt_mult_round_HD1409 |         21 |         13 |       0 |    8 |    61 |      0 |      0 |    0 |          0 |
|                   LOGIC.R_AND_R                           |     floating_point_0_renorm_and_round_logic_HD1410 |         21 |         13 |       0 |    8 |    61 |      0 |      0 |    0 |          0 |
|       GEN_PV_LANE[18].u_add                               |                            fp32_add_ip__xdcDup__19 |        216 |        204 |       0 |   12 |   454 |      0 |      0 |    0 |          2 |
|         u_fp_add                                          |                            floating_point_1_HD4315 |        216 |        204 |       0 |   12 |   454 |      0 |      0 |    0 |          2 |
|           U0                                              |     floating_point_1_floating_point_v7_1_21_HD4316 |        216 |        204 |       0 |   12 |   454 |      0 |      0 |    0 |          2 |
|             i_synth                                       | floating_point_1_floating_point_v7_1_21_viv_HD4317 |        216 |        204 |       0 |   12 |   454 |      0 |      0 |    0 |          2 |
|               need_combiner.use_2to1.skid_buffer_combiner |             floating_point_1_axi_slave_2to1_HD4420 |         72 |         72 |       0 |    0 |   135 |      0 |      0 |    0 |          0 |
|               ADDSUB_OP.ADDSUB                            |                    floating_point_1_flt_add_HD4318 |        142 |        130 |       0 |   12 |   307 |      0 |      0 |    0 |          2 |
|                 DSP.OP                                    |                floating_point_1_flt_add_dsp_HD4319 |        142 |        130 |       0 |   12 |   307 |      0 |      0 |    0 |          2 |
|                   DSP48E1_BODY.ALIGN_ADD                  |      floating_point_1_align_add_dsp48e1_sgl_HD4324 |         13 |         12 |       0 |    1 |    73 |      0 |      0 |    0 |          1 |
|                   DSP48E1_BODY.EXP                        |             floating_point_1_flt_add_exp_sp_HD4343 |         62 |         51 |       0 |   11 |    86 |      0 |      0 |    0 |          0 |
|                   DSP48E1_BODY.NORM_RND                   | floating_point_1_norm_and_round_dsp48e1_sgl_HD4397 |         32 |         32 |       0 |    0 |    70 |      0 |      0 |    0 |          1 |
|       GEN_PV_LANE[18].u_mul                               |                            fp32_mul_ip__xdcDup__19 |        133 |        118 |       0 |   15 |   276 |      0 |      0 |    0 |          2 |
|         GEN_MUL0.u_fp_mul                                 |                            floating_point_0_HD1432 |        133 |        118 |       0 |   15 |   276 |      0 |      0 |    0 |          2 |
|           U0                                              |     floating_point_0_floating_point_v7_1_21_HD1433 |        133 |        118 |       0 |   15 |   276 |      0 |      0 |    0 |          2 |
|             i_synth                                       | floating_point_0_floating_point_v7_1_21_viv_HD1434 |        133 |        118 |       0 |   15 |   276 |      0 |      0 |    0 |          2 |
|               need_combiner.use_2to1.skid_buffer_combiner |             floating_point_0_axi_slave_2to1_HD1506 |         48 |         48 |       0 |    0 |   103 |      0 |      0 |    0 |          0 |
|               MULT.OP                                     |                   floating_point_0_flt_mult_HD1435 |         83 |         68 |       0 |   15 |   164 |      0 |      0 |    0 |          2 |
|                 i_non_prim.R_AND_R                        |             floating_point_0_flt_mult_round_HD1484 |         21 |         13 |       0 |    8 |    61 |      0 |      0 |    0 |          0 |
|                   LOGIC.R_AND_R                           |     floating_point_0_renorm_and_round_logic_HD1485 |         21 |         13 |       0 |    8 |    61 |      0 |      0 |    0 |          0 |
|       GEN_PV_LANE[19].u_add                               |                            fp32_add_ip__xdcDup__20 |        217 |        205 |       0 |   12 |   454 |      0 |      0 |    0 |          2 |
|         u_fp_add                                          |                            floating_point_1_HD4421 |        217 |        205 |       0 |   12 |   454 |      0 |      0 |    0 |          2 |
|           U0                                              |     floating_point_1_floating_point_v7_1_21_HD4422 |        217 |        205 |       0 |   12 |   454 |      0 |      0 |    0 |          2 |
|             i_synth                                       | floating_point_1_floating_point_v7_1_21_viv_HD4423 |        217 |        205 |       0 |   12 |   454 |      0 |      0 |    0 |          2 |
|               need_combiner.use_2to1.skid_buffer_combiner |             floating_point_1_axi_slave_2to1_HD4526 |         73 |         73 |       0 |    0 |   135 |      0 |      0 |    0 |          0 |
|               ADDSUB_OP.ADDSUB                            |                    floating_point_1_flt_add_HD4424 |        143 |        131 |       0 |   12 |   307 |      0 |      0 |    0 |          2 |
|                 DSP.OP                                    |                floating_point_1_flt_add_dsp_HD4425 |        143 |        131 |       0 |   12 |   307 |      0 |      0 |    0 |          2 |
|                   DSP48E1_BODY.ALIGN_ADD                  |      floating_point_1_align_add_dsp48e1_sgl_HD4430 |         13 |         12 |       0 |    1 |    73 |      0 |      0 |    0 |          1 |
|                   DSP48E1_BODY.EXP                        |             floating_point_1_flt_add_exp_sp_HD4449 |         63 |         52 |       0 |   11 |    86 |      0 |      0 |    0 |          0 |
|                   DSP48E1_BODY.NORM_RND                   | floating_point_1_norm_and_round_dsp48e1_sgl_HD4503 |         32 |         32 |       0 |    0 |    70 |      0 |      0 |    0 |          1 |
|       GEN_PV_LANE[19].u_mul                               |                            fp32_mul_ip__xdcDup__20 |        134 |        119 |       0 |   15 |   276 |      0 |      0 |    0 |          2 |
|         GEN_MUL0.u_fp_mul                                 |                            floating_point_0_HD1507 |        134 |        119 |       0 |   15 |   276 |      0 |      0 |    0 |          2 |
|           U0                                              |     floating_point_0_floating_point_v7_1_21_HD1508 |        134 |        119 |       0 |   15 |   276 |      0 |      0 |    0 |          2 |
|             i_synth                                       | floating_point_0_floating_point_v7_1_21_viv_HD1509 |        134 |        119 |       0 |   15 |   276 |      0 |      0 |    0 |          2 |
|               need_combiner.use_2to1.skid_buffer_combiner |             floating_point_0_axi_slave_2to1_HD1581 |         49 |         49 |       0 |    0 |   103 |      0 |      0 |    0 |          0 |
|               MULT.OP                                     |                   floating_point_0_flt_mult_HD1510 |         83 |         68 |       0 |   15 |   164 |      0 |      0 |    0 |          2 |
|                 i_non_prim.R_AND_R                        |             floating_point_0_flt_mult_round_HD1559 |         21 |         13 |       0 |    8 |    61 |      0 |      0 |    0 |          0 |
|                   LOGIC.R_AND_R                           |     floating_point_0_renorm_and_round_logic_HD1560 |         21 |         13 |       0 |    8 |    61 |      0 |      0 |    0 |          0 |
|       GEN_PV_LANE[1].u_add                                |                             fp32_add_ip__xdcDup__2 |        217 |        205 |       0 |   12 |   454 |      0 |      0 |    0 |          2 |
|         u_fp_add                                          |                            floating_point_1_HD2513 |        217 |        205 |       0 |   12 |   454 |      0 |      0 |    0 |          2 |
|           U0                                              |     floating_point_1_floating_point_v7_1_21_HD2514 |        217 |        205 |       0 |   12 |   454 |      0 |      0 |    0 |          2 |
|             i_synth                                       | floating_point_1_floating_point_v7_1_21_viv_HD2515 |        217 |        205 |       0 |   12 |   454 |      0 |      0 |    0 |          2 |
|               need_combiner.use_2to1.skid_buffer_combiner |             floating_point_1_axi_slave_2to1_HD2618 |         72 |         72 |       0 |    0 |   135 |      0 |      0 |    0 |          0 |
|               ADDSUB_OP.ADDSUB                            |                    floating_point_1_flt_add_HD2516 |        143 |        131 |       0 |   12 |   307 |      0 |      0 |    0 |          2 |
|                 DSP.OP                                    |                floating_point_1_flt_add_dsp_HD2517 |        143 |        131 |       0 |   12 |   307 |      0 |      0 |    0 |          2 |
|                   DSP48E1_BODY.ALIGN_ADD                  |      floating_point_1_align_add_dsp48e1_sgl_HD2522 |         13 |         12 |       0 |    1 |    73 |      0 |      0 |    0 |          1 |
|                   DSP48E1_BODY.EXP                        |             floating_point_1_flt_add_exp_sp_HD2541 |         63 |         52 |       0 |   11 |    86 |      0 |      0 |    0 |          0 |
|                   DSP48E1_BODY.NORM_RND                   | floating_point_1_norm_and_round_dsp48e1_sgl_HD2595 |         32 |         32 |       0 |    0 |    70 |      0 |      0 |    0 |          1 |
|       GEN_PV_LANE[1].u_mul                                |                             fp32_mul_ip__xdcDup__2 |        134 |        119 |       0 |   15 |   276 |      0 |      0 |    0 |          2 |
|         GEN_MUL0.u_fp_mul                                 |                             floating_point_0_HD157 |        134 |        119 |       0 |   15 |   276 |      0 |      0 |    0 |          2 |
|           U0                                              |      floating_point_0_floating_point_v7_1_21_HD158 |        134 |        119 |       0 |   15 |   276 |      0 |      0 |    0 |          2 |
|             i_synth                                       |  floating_point_0_floating_point_v7_1_21_viv_HD159 |        134 |        119 |       0 |   15 |   276 |      0 |      0 |    0 |          2 |
|               need_combiner.use_2to1.skid_buffer_combiner |              floating_point_0_axi_slave_2to1_HD231 |         49 |         49 |       0 |    0 |   103 |      0 |      0 |    0 |          0 |
|               MULT.OP                                     |                    floating_point_0_flt_mult_HD160 |         83 |         68 |       0 |   15 |   164 |      0 |      0 |    0 |          2 |
|                 i_non_prim.R_AND_R                        |              floating_point_0_flt_mult_round_HD209 |         21 |         13 |       0 |    8 |    61 |      0 |      0 |    0 |          0 |
|                   LOGIC.R_AND_R                           |      floating_point_0_renorm_and_round_logic_HD210 |         21 |         13 |       0 |    8 |    61 |      0 |      0 |    0 |          0 |
|       GEN_PV_LANE[20].u_add                               |                            fp32_add_ip__xdcDup__21 |        215 |        203 |       0 |   12 |   454 |      0 |      0 |    0 |          2 |
|         u_fp_add                                          |                            floating_point_1_HD4527 |        215 |        203 |       0 |   12 |   454 |      0 |      0 |    0 |          2 |
|           U0                                              |     floating_point_1_floating_point_v7_1_21_HD4528 |        215 |        203 |       0 |   12 |   454 |      0 |      0 |    0 |          2 |
|             i_synth                                       | floating_point_1_floating_point_v7_1_21_viv_HD4529 |        215 |        203 |       0 |   12 |   454 |      0 |      0 |    0 |          2 |
|               need_combiner.use_2to1.skid_buffer_combiner |             floating_point_1_axi_slave_2to1_HD4632 |         72 |         72 |       0 |    0 |   135 |      0 |      0 |    0 |          0 |
|               ADDSUB_OP.ADDSUB                            |                    floating_point_1_flt_add_HD4530 |        141 |        129 |       0 |   12 |   307 |      0 |      0 |    0 |          2 |
|                 DSP.OP                                    |                floating_point_1_flt_add_dsp_HD4531 |        141 |        129 |       0 |   12 |   307 |      0 |      0 |    0 |          2 |
|                   DSP48E1_BODY.ALIGN_ADD                  |      floating_point_1_align_add_dsp48e1_sgl_HD4536 |         13 |         12 |       0 |    1 |    73 |      0 |      0 |    0 |          1 |
|                   DSP48E1_BODY.EXP                        |             floating_point_1_flt_add_exp_sp_HD4555 |         62 |         51 |       0 |   11 |    86 |      0 |      0 |    0 |          0 |
|                   DSP48E1_BODY.NORM_RND                   | floating_point_1_norm_and_round_dsp48e1_sgl_HD4609 |         32 |         32 |       0 |    0 |    70 |      0 |      0 |    0 |          1 |
|       GEN_PV_LANE[20].u_mul                               |                            fp32_mul_ip__xdcDup__21 |        133 |        118 |       0 |   15 |   276 |      0 |      0 |    0 |          2 |
|         GEN_MUL0.u_fp_mul                                 |                            floating_point_0_HD1582 |        133 |        118 |       0 |   15 |   276 |      0 |      0 |    0 |          2 |
|           U0                                              |     floating_point_0_floating_point_v7_1_21_HD1583 |        133 |        118 |       0 |   15 |   276 |      0 |      0 |    0 |          2 |
|             i_synth                                       | floating_point_0_floating_point_v7_1_21_viv_HD1584 |        133 |        118 |       0 |   15 |   276 |      0 |      0 |    0 |          2 |
|               need_combiner.use_2to1.skid_buffer_combiner |             floating_point_0_axi_slave_2to1_HD1656 |         48 |         48 |       0 |    0 |   103 |      0 |      0 |    0 |          0 |
|               MULT.OP                                     |                   floating_point_0_flt_mult_HD1585 |         83 |         68 |       0 |   15 |   164 |      0 |      0 |    0 |          2 |
|                 i_non_prim.R_AND_R                        |             floating_point_0_flt_mult_round_HD1634 |         21 |         13 |       0 |    8 |    61 |      0 |      0 |    0 |          0 |
|                   LOGIC.R_AND_R                           |     floating_point_0_renorm_and_round_logic_HD1635 |         21 |         13 |       0 |    8 |    61 |      0 |      0 |    0 |          0 |
|       GEN_PV_LANE[21].u_add                               |                            fp32_add_ip__xdcDup__22 |        216 |        204 |       0 |   12 |   454 |      0 |      0 |    0 |          2 |
|         u_fp_add                                          |                            floating_point_1_HD4633 |        216 |        204 |       0 |   12 |   454 |      0 |      0 |    0 |          2 |
|           U0                                              |     floating_point_1_floating_point_v7_1_21_HD4634 |        216 |        204 |       0 |   12 |   454 |      0 |      0 |    0 |          2 |
|             i_synth                                       | floating_point_1_floating_point_v7_1_21_viv_HD4635 |        216 |        204 |       0 |   12 |   454 |      0 |      0 |    0 |          2 |
|               need_combiner.use_2to1.skid_buffer_combiner |             floating_point_1_axi_slave_2to1_HD4738 |         73 |         73 |       0 |    0 |   135 |      0 |      0 |    0 |          0 |
|               ADDSUB_OP.ADDSUB                            |                    floating_point_1_flt_add_HD4636 |        142 |        130 |       0 |   12 |   307 |      0 |      0 |    0 |          2 |
|                 DSP.OP                                    |                floating_point_1_flt_add_dsp_HD4637 |        142 |        130 |       0 |   12 |   307 |      0 |      0 |    0 |          2 |
|                   DSP48E1_BODY.ALIGN_ADD                  |      floating_point_1_align_add_dsp48e1_sgl_HD4642 |         13 |         12 |       0 |    1 |    73 |      0 |      0 |    0 |          1 |
|                   DSP48E1_BODY.EXP                        |             floating_point_1_flt_add_exp_sp_HD4661 |         63 |         52 |       0 |   11 |    86 |      0 |      0 |    0 |          0 |
|                   DSP48E1_BODY.NORM_RND                   | floating_point_1_norm_and_round_dsp48e1_sgl_HD4715 |         32 |         32 |       0 |    0 |    70 |      0 |      0 |    0 |          1 |
|       GEN_PV_LANE[21].u_mul                               |                            fp32_mul_ip__xdcDup__22 |        133 |        118 |       0 |   15 |   276 |      0 |      0 |    0 |          2 |
|         GEN_MUL0.u_fp_mul                                 |                            floating_point_0_HD1657 |        133 |        118 |       0 |   15 |   276 |      0 |      0 |    0 |          2 |
|           U0                                              |     floating_point_0_floating_point_v7_1_21_HD1658 |        133 |        118 |       0 |   15 |   276 |      0 |      0 |    0 |          2 |
|             i_synth                                       | floating_point_0_floating_point_v7_1_21_viv_HD1659 |        133 |        118 |       0 |   15 |   276 |      0 |      0 |    0 |          2 |
|               need_combiner.use_2to1.skid_buffer_combiner |             floating_point_0_axi_slave_2to1_HD1731 |         48 |         48 |       0 |    0 |   103 |      0 |      0 |    0 |          0 |
|               MULT.OP                                     |                   floating_point_0_flt_mult_HD1660 |         83 |         68 |       0 |   15 |   164 |      0 |      0 |    0 |          2 |
|                 i_non_prim.R_AND_R                        |             floating_point_0_flt_mult_round_HD1709 |         21 |         13 |       0 |    8 |    61 |      0 |      0 |    0 |          0 |
|                   LOGIC.R_AND_R                           |     floating_point_0_renorm_and_round_logic_HD1710 |         21 |         13 |       0 |    8 |    61 |      0 |      0 |    0 |          0 |
|       GEN_PV_LANE[22].u_add                               |                            fp32_add_ip__xdcDup__23 |        216 |        204 |       0 |   12 |   454 |      0 |      0 |    0 |          2 |
|         u_fp_add                                          |                            floating_point_1_HD4739 |        216 |        204 |       0 |   12 |   454 |      0 |      0 |    0 |          2 |
|           U0                                              |     floating_point_1_floating_point_v7_1_21_HD4740 |        216 |        204 |       0 |   12 |   454 |      0 |      0 |    0 |          2 |
|             i_synth                                       | floating_point_1_floating_point_v7_1_21_viv_HD4741 |        216 |        204 |       0 |   12 |   454 |      0 |      0 |    0 |          2 |
|               need_combiner.use_2to1.skid_buffer_combiner |             floating_point_1_axi_slave_2to1_HD4844 |         73 |         73 |       0 |    0 |   135 |      0 |      0 |    0 |          0 |
|               ADDSUB_OP.ADDSUB                            |                    floating_point_1_flt_add_HD4742 |        142 |        130 |       0 |   12 |   307 |      0 |      0 |    0 |          2 |
|                 DSP.OP                                    |                floating_point_1_flt_add_dsp_HD4743 |        142 |        130 |       0 |   12 |   307 |      0 |      0 |    0 |          2 |
|                   DSP48E1_BODY.ALIGN_ADD                  |      floating_point_1_align_add_dsp48e1_sgl_HD4748 |         13 |         12 |       0 |    1 |    73 |      0 |      0 |    0 |          1 |
|                   DSP48E1_BODY.EXP                        |             floating_point_1_flt_add_exp_sp_HD4767 |         63 |         52 |       0 |   11 |    86 |      0 |      0 |    0 |          0 |
|                   DSP48E1_BODY.NORM_RND                   | floating_point_1_norm_and_round_dsp48e1_sgl_HD4821 |         32 |         32 |       0 |    0 |    70 |      0 |      0 |    0 |          1 |
|       GEN_PV_LANE[22].u_mul                               |                            fp32_mul_ip__xdcDup__23 |        133 |        118 |       0 |   15 |   276 |      0 |      0 |    0 |          2 |
|         GEN_MUL0.u_fp_mul                                 |                            floating_point_0_HD1732 |        133 |        118 |       0 |   15 |   276 |      0 |      0 |    0 |          2 |
|           U0                                              |     floating_point_0_floating_point_v7_1_21_HD1733 |        133 |        118 |       0 |   15 |   276 |      0 |      0 |    0 |          2 |
|             i_synth                                       | floating_point_0_floating_point_v7_1_21_viv_HD1734 |        133 |        118 |       0 |   15 |   276 |      0 |      0 |    0 |          2 |
|               need_combiner.use_2to1.skid_buffer_combiner |             floating_point_0_axi_slave_2to1_HD1806 |         48 |         48 |       0 |    0 |   103 |      0 |      0 |    0 |          0 |
|               MULT.OP                                     |                   floating_point_0_flt_mult_HD1735 |         83 |         68 |       0 |   15 |   164 |      0 |      0 |    0 |          2 |
|                 i_non_prim.R_AND_R                        |             floating_point_0_flt_mult_round_HD1784 |         21 |         13 |       0 |    8 |    61 |      0 |      0 |    0 |          0 |
|                   LOGIC.R_AND_R                           |     floating_point_0_renorm_and_round_logic_HD1785 |         21 |         13 |       0 |    8 |    61 |      0 |      0 |    0 |          0 |
|       GEN_PV_LANE[23].u_add                               |                            fp32_add_ip__xdcDup__24 |        217 |        205 |       0 |   12 |   454 |      0 |      0 |    0 |          2 |
|         u_fp_add                                          |                            floating_point_1_HD4845 |        217 |        205 |       0 |   12 |   454 |      0 |      0 |    0 |          2 |
|           U0                                              |     floating_point_1_floating_point_v7_1_21_HD4846 |        217 |        205 |       0 |   12 |   454 |      0 |      0 |    0 |          2 |
|             i_synth                                       | floating_point_1_floating_point_v7_1_21_viv_HD4847 |        217 |        205 |       0 |   12 |   454 |      0 |      0 |    0 |          2 |
|               need_combiner.use_2to1.skid_buffer_combiner |             floating_point_1_axi_slave_2to1_HD4950 |         73 |         73 |       0 |    0 |   135 |      0 |      0 |    0 |          0 |
|               ADDSUB_OP.ADDSUB                            |                    floating_point_1_flt_add_HD4848 |        143 |        131 |       0 |   12 |   307 |      0 |      0 |    0 |          2 |
|                 DSP.OP                                    |                floating_point_1_flt_add_dsp_HD4849 |        143 |        131 |       0 |   12 |   307 |      0 |      0 |    0 |          2 |
|                   DSP48E1_BODY.ALIGN_ADD                  |      floating_point_1_align_add_dsp48e1_sgl_HD4854 |         13 |         12 |       0 |    1 |    73 |      0 |      0 |    0 |          1 |
|                   DSP48E1_BODY.EXP                        |             floating_point_1_flt_add_exp_sp_HD4873 |         63 |         52 |       0 |   11 |    86 |      0 |      0 |    0 |          0 |
|                   DSP48E1_BODY.NORM_RND                   | floating_point_1_norm_and_round_dsp48e1_sgl_HD4927 |         32 |         32 |       0 |    0 |    70 |      0 |      0 |    0 |          1 |
|       GEN_PV_LANE[23].u_mul                               |                            fp32_mul_ip__xdcDup__24 |        131 |        116 |       0 |   15 |   276 |      0 |      0 |    0 |          2 |
|         GEN_MUL0.u_fp_mul                                 |                            floating_point_0_HD1807 |        131 |        116 |       0 |   15 |   276 |      0 |      0 |    0 |          2 |
|           U0                                              |     floating_point_0_floating_point_v7_1_21_HD1808 |        131 |        116 |       0 |   15 |   276 |      0 |      0 |    0 |          2 |
|             i_synth                                       | floating_point_0_floating_point_v7_1_21_viv_HD1809 |        131 |        116 |       0 |   15 |   276 |      0 |      0 |    0 |          2 |
|               need_combiner.use_2to1.skid_buffer_combiner |             floating_point_0_axi_slave_2to1_HD1881 |         48 |         48 |       0 |    0 |   103 |      0 |      0 |    0 |          0 |
|               MULT.OP                                     |                   floating_point_0_flt_mult_HD1810 |         81 |         66 |       0 |   15 |   164 |      0 |      0 |    0 |          2 |
|                 i_non_prim.R_AND_R                        |             floating_point_0_flt_mult_round_HD1859 |         21 |         13 |       0 |    8 |    61 |      0 |      0 |    0 |          0 |
|                   LOGIC.R_AND_R                           |     floating_point_0_renorm_and_round_logic_HD1860 |         21 |         13 |       0 |    8 |    61 |      0 |      0 |    0 |          0 |
|       GEN_PV_LANE[24].u_add                               |                            fp32_add_ip__xdcDup__25 |        216 |        204 |       0 |   12 |   454 |      0 |      0 |    0 |          2 |
|         u_fp_add                                          |                            floating_point_1_HD4951 |        216 |        204 |       0 |   12 |   454 |      0 |      0 |    0 |          2 |
|           U0                                              |     floating_point_1_floating_point_v7_1_21_HD4952 |        216 |        204 |       0 |   12 |   454 |      0 |      0 |    0 |          2 |
|             i_synth                                       | floating_point_1_floating_point_v7_1_21_viv_HD4953 |        216 |        204 |       0 |   12 |   454 |      0 |      0 |    0 |          2 |
|               need_combiner.use_2to1.skid_buffer_combiner |             floating_point_1_axi_slave_2to1_HD5056 |         73 |         73 |       0 |    0 |   135 |      0 |      0 |    0 |          0 |
|               ADDSUB_OP.ADDSUB                            |                    floating_point_1_flt_add_HD4954 |        142 |        130 |       0 |   12 |   307 |      0 |      0 |    0 |          2 |
|                 DSP.OP                                    |                floating_point_1_flt_add_dsp_HD4955 |        142 |        130 |       0 |   12 |   307 |      0 |      0 |    0 |          2 |
|                   DSP48E1_BODY.ALIGN_ADD                  |      floating_point_1_align_add_dsp48e1_sgl_HD4960 |         13 |         12 |       0 |    1 |    73 |      0 |      0 |    0 |          1 |
|                   DSP48E1_BODY.EXP                        |             floating_point_1_flt_add_exp_sp_HD4979 |         62 |         51 |       0 |   11 |    86 |      0 |      0 |    0 |          0 |
|                   DSP48E1_BODY.NORM_RND                   | floating_point_1_norm_and_round_dsp48e1_sgl_HD5033 |         32 |         32 |       0 |    0 |    70 |      0 |      0 |    0 |          1 |
|       GEN_PV_LANE[24].u_mul                               |                            fp32_mul_ip__xdcDup__25 |        134 |        119 |       0 |   15 |   276 |      0 |      0 |    0 |          2 |
|         GEN_MUL0.u_fp_mul                                 |                            floating_point_0_HD1882 |        134 |        119 |       0 |   15 |   276 |      0 |      0 |    0 |          2 |
|           U0                                              |     floating_point_0_floating_point_v7_1_21_HD1883 |        134 |        119 |       0 |   15 |   276 |      0 |      0 |    0 |          2 |
|             i_synth                                       | floating_point_0_floating_point_v7_1_21_viv_HD1884 |        134 |        119 |       0 |   15 |   276 |      0 |      0 |    0 |          2 |
|               need_combiner.use_2to1.skid_buffer_combiner |             floating_point_0_axi_slave_2to1_HD1956 |         48 |         48 |       0 |    0 |   103 |      0 |      0 |    0 |          0 |
|               MULT.OP                                     |                   floating_point_0_flt_mult_HD1885 |         84 |         69 |       0 |   15 |   164 |      0 |      0 |    0 |          2 |
|                 i_non_prim.R_AND_R                        |             floating_point_0_flt_mult_round_HD1934 |         21 |         13 |       0 |    8 |    61 |      0 |      0 |    0 |          0 |
|                   LOGIC.R_AND_R                           |     floating_point_0_renorm_and_round_logic_HD1935 |         21 |         13 |       0 |    8 |    61 |      0 |      0 |    0 |          0 |
|       GEN_PV_LANE[25].u_add                               |                            fp32_add_ip__xdcDup__26 |        216 |        204 |       0 |   12 |   454 |      0 |      0 |    0 |          2 |
|         u_fp_add                                          |                            floating_point_1_HD5057 |        216 |        204 |       0 |   12 |   454 |      0 |      0 |    0 |          2 |
|           U0                                              |     floating_point_1_floating_point_v7_1_21_HD5058 |        216 |        204 |       0 |   12 |   454 |      0 |      0 |    0 |          2 |
|             i_synth                                       | floating_point_1_floating_point_v7_1_21_viv_HD5059 |        216 |        204 |       0 |   12 |   454 |      0 |      0 |    0 |          2 |
|               need_combiner.use_2to1.skid_buffer_combiner |             floating_point_1_axi_slave_2to1_HD5162 |         72 |         72 |       0 |    0 |   135 |      0 |      0 |    0 |          0 |
|               ADDSUB_OP.ADDSUB                            |                    floating_point_1_flt_add_HD5060 |        143 |        131 |       0 |   12 |   307 |      0 |      0 |    0 |          2 |
|                 DSP.OP                                    |                floating_point_1_flt_add_dsp_HD5061 |        143 |        131 |       0 |   12 |   307 |      0 |      0 |    0 |          2 |
|                   DSP48E1_BODY.ALIGN_ADD                  |      floating_point_1_align_add_dsp48e1_sgl_HD5066 |         13 |         12 |       0 |    1 |    73 |      0 |      0 |    0 |          1 |
|                   DSP48E1_BODY.EXP                        |             floating_point_1_flt_add_exp_sp_HD5085 |         63 |         52 |       0 |   11 |    86 |      0 |      0 |    0 |          0 |
|                   DSP48E1_BODY.NORM_RND                   | floating_point_1_norm_and_round_dsp48e1_sgl_HD5139 |         32 |         32 |       0 |    0 |    70 |      0 |      0 |    0 |          1 |
|       GEN_PV_LANE[25].u_mul                               |                            fp32_mul_ip__xdcDup__26 |        135 |        120 |       0 |   15 |   276 |      0 |      0 |    0 |          2 |
|         GEN_MUL0.u_fp_mul                                 |                            floating_point_0_HD1957 |        135 |        120 |       0 |   15 |   276 |      0 |      0 |    0 |          2 |
|           U0                                              |     floating_point_0_floating_point_v7_1_21_HD1958 |        135 |        120 |       0 |   15 |   276 |      0 |      0 |    0 |          2 |
|             i_synth                                       | floating_point_0_floating_point_v7_1_21_viv_HD1959 |        135 |        120 |       0 |   15 |   276 |      0 |      0 |    0 |          2 |
|               need_combiner.use_2to1.skid_buffer_combiner |             floating_point_0_axi_slave_2to1_HD2031 |         49 |         49 |       0 |    0 |   103 |      0 |      0 |    0 |          0 |
|               MULT.OP                                     |                   floating_point_0_flt_mult_HD1960 |         84 |         69 |       0 |   15 |   164 |      0 |      0 |    0 |          2 |
|                 i_non_prim.R_AND_R                        |             floating_point_0_flt_mult_round_HD2009 |         21 |         13 |       0 |    8 |    61 |      0 |      0 |    0 |          0 |
|                   LOGIC.R_AND_R                           |     floating_point_0_renorm_and_round_logic_HD2010 |         21 |         13 |       0 |    8 |    61 |      0 |      0 |    0 |          0 |
|       GEN_PV_LANE[26].u_add                               |                            fp32_add_ip__xdcDup__27 |        216 |        204 |       0 |   12 |   454 |      0 |      0 |    0 |          2 |
|         u_fp_add                                          |                            floating_point_1_HD5163 |        216 |        204 |       0 |   12 |   454 |      0 |      0 |    0 |          2 |
|           U0                                              |     floating_point_1_floating_point_v7_1_21_HD5164 |        216 |        204 |       0 |   12 |   454 |      0 |      0 |    0 |          2 |
|             i_synth                                       | floating_point_1_floating_point_v7_1_21_viv_HD5165 |        216 |        204 |       0 |   12 |   454 |      0 |      0 |    0 |          2 |
|               need_combiner.use_2to1.skid_buffer_combiner |             floating_point_1_axi_slave_2to1_HD5268 |         73 |         73 |       0 |    0 |   135 |      0 |      0 |    0 |          0 |
|               ADDSUB_OP.ADDSUB                            |                    floating_point_1_flt_add_HD5166 |        142 |        130 |       0 |   12 |   307 |      0 |      0 |    0 |          2 |
|                 DSP.OP                                    |                floating_point_1_flt_add_dsp_HD5167 |        142 |        130 |       0 |   12 |   307 |      0 |      0 |    0 |          2 |
|                   DSP48E1_BODY.ALIGN_ADD                  |      floating_point_1_align_add_dsp48e1_sgl_HD5172 |         13 |         12 |       0 |    1 |    73 |      0 |      0 |    0 |          1 |
|                   DSP48E1_BODY.EXP                        |             floating_point_1_flt_add_exp_sp_HD5191 |         62 |         51 |       0 |   11 |    86 |      0 |      0 |    0 |          0 |
|                   DSP48E1_BODY.NORM_RND                   | floating_point_1_norm_and_round_dsp48e1_sgl_HD5245 |         32 |         32 |       0 |    0 |    70 |      0 |      0 |    0 |          1 |
|       GEN_PV_LANE[26].u_mul                               |                            fp32_mul_ip__xdcDup__27 |        134 |        119 |       0 |   15 |   276 |      0 |      0 |    0 |          2 |
|         GEN_MUL0.u_fp_mul                                 |                            floating_point_0_HD2032 |        134 |        119 |       0 |   15 |   276 |      0 |      0 |    0 |          2 |
|           U0                                              |     floating_point_0_floating_point_v7_1_21_HD2033 |        134 |        119 |       0 |   15 |   276 |      0 |      0 |    0 |          2 |
|             i_synth                                       | floating_point_0_floating_point_v7_1_21_viv_HD2034 |        134 |        119 |       0 |   15 |   276 |      0 |      0 |    0 |          2 |
|               need_combiner.use_2to1.skid_buffer_combiner |             floating_point_0_axi_slave_2to1_HD2106 |         48 |         48 |       0 |    0 |   103 |      0 |      0 |    0 |          0 |
|               MULT.OP                                     |                   floating_point_0_flt_mult_HD2035 |         84 |         69 |       0 |   15 |   164 |      0 |      0 |    0 |          2 |
|                 i_non_prim.R_AND_R                        |             floating_point_0_flt_mult_round_HD2084 |         21 |         13 |       0 |    8 |    61 |      0 |      0 |    0 |          0 |
|                   LOGIC.R_AND_R                           |     floating_point_0_renorm_and_round_logic_HD2085 |         21 |         13 |       0 |    8 |    61 |      0 |      0 |    0 |          0 |
|       GEN_PV_LANE[27].u_add                               |                            fp32_add_ip__xdcDup__28 |        215 |        203 |       0 |   12 |   454 |      0 |      0 |    0 |          2 |
|         u_fp_add                                          |                            floating_point_1_HD5269 |        215 |        203 |       0 |   12 |   454 |      0 |      0 |    0 |          2 |
|           U0                                              |     floating_point_1_floating_point_v7_1_21_HD5270 |        215 |        203 |       0 |   12 |   454 |      0 |      0 |    0 |          2 |
|             i_synth                                       | floating_point_1_floating_point_v7_1_21_viv_HD5271 |        215 |        203 |       0 |   12 |   454 |      0 |      0 |    0 |          2 |
|               need_combiner.use_2to1.skid_buffer_combiner |             floating_point_1_axi_slave_2to1_HD5374 |         73 |         73 |       0 |    0 |   135 |      0 |      0 |    0 |          0 |
|               ADDSUB_OP.ADDSUB                            |                    floating_point_1_flt_add_HD5272 |        142 |        130 |       0 |   12 |   307 |      0 |      0 |    0 |          2 |
|                 DSP.OP                                    |                floating_point_1_flt_add_dsp_HD5273 |        142 |        130 |       0 |   12 |   307 |      0 |      0 |    0 |          2 |
|                   DSP48E1_BODY.ALIGN_ADD                  |      floating_point_1_align_add_dsp48e1_sgl_HD5278 |         13 |         12 |       0 |    1 |    73 |      0 |      0 |    0 |          1 |
|                   DSP48E1_BODY.EXP                        |             floating_point_1_flt_add_exp_sp_HD5297 |         63 |         52 |       0 |   11 |    86 |      0 |      0 |    0 |          0 |
|                   DSP48E1_BODY.NORM_RND                   | floating_point_1_norm_and_round_dsp48e1_sgl_HD5351 |         32 |         32 |       0 |    0 |    70 |      0 |      0 |    0 |          1 |
|       GEN_PV_LANE[27].u_mul                               |                            fp32_mul_ip__xdcDup__28 |        133 |        118 |       0 |   15 |   276 |      0 |      0 |    0 |          2 |
|         GEN_MUL0.u_fp_mul                                 |                            floating_point_0_HD2107 |        133 |        118 |       0 |   15 |   276 |      0 |      0 |    0 |          2 |
|           U0                                              |     floating_point_0_floating_point_v7_1_21_HD2108 |        133 |        118 |       0 |   15 |   276 |      0 |      0 |    0 |          2 |
|             i_synth                                       | floating_point_0_floating_point_v7_1_21_viv_HD2109 |        133 |        118 |       0 |   15 |   276 |      0 |      0 |    0 |          2 |
|               need_combiner.use_2to1.skid_buffer_combiner |             floating_point_0_axi_slave_2to1_HD2181 |         48 |         48 |       0 |    0 |   103 |      0 |      0 |    0 |          0 |
|               MULT.OP                                     |                   floating_point_0_flt_mult_HD2110 |         83 |         68 |       0 |   15 |   164 |      0 |      0 |    0 |          2 |
|                 i_non_prim.R_AND_R                        |             floating_point_0_flt_mult_round_HD2159 |         21 |         13 |       0 |    8 |    61 |      0 |      0 |    0 |          0 |
|                   LOGIC.R_AND_R                           |     floating_point_0_renorm_and_round_logic_HD2160 |         21 |         13 |       0 |    8 |    61 |      0 |      0 |    0 |          0 |
|       GEN_PV_LANE[28].u_add                               |                            fp32_add_ip__xdcDup__29 |        215 |        203 |       0 |   12 |   454 |      0 |      0 |    0 |          2 |
|         u_fp_add                                          |                            floating_point_1_HD5375 |        215 |        203 |       0 |   12 |   454 |      0 |      0 |    0 |          2 |
|           U0                                              |     floating_point_1_floating_point_v7_1_21_HD5376 |        215 |        203 |       0 |   12 |   454 |      0 |      0 |    0 |          2 |
|             i_synth                                       | floating_point_1_floating_point_v7_1_21_viv_HD5377 |        215 |        203 |       0 |   12 |   454 |      0 |      0 |    0 |          2 |
|               need_combiner.use_2to1.skid_buffer_combiner |             floating_point_1_axi_slave_2to1_HD5480 |         73 |         73 |       0 |    0 |   135 |      0 |      0 |    0 |          0 |
|               ADDSUB_OP.ADDSUB                            |                    floating_point_1_flt_add_HD5378 |        141 |        129 |       0 |   12 |   307 |      0 |      0 |    0 |          2 |
|                 DSP.OP                                    |                floating_point_1_flt_add_dsp_HD5379 |        141 |        129 |       0 |   12 |   307 |      0 |      0 |    0 |          2 |
|                   DSP48E1_BODY.ALIGN_ADD                  |      floating_point_1_align_add_dsp48e1_sgl_HD5384 |         13 |         12 |       0 |    1 |    73 |      0 |      0 |    0 |          1 |
|                   DSP48E1_BODY.EXP                        |             floating_point_1_flt_add_exp_sp_HD5403 |         62 |         51 |       0 |   11 |    86 |      0 |      0 |    0 |          0 |
|                   DSP48E1_BODY.NORM_RND                   | floating_point_1_norm_and_round_dsp48e1_sgl_HD5457 |         32 |         32 |       0 |    0 |    70 |      0 |      0 |    0 |          1 |
|       GEN_PV_LANE[28].u_mul                               |                            fp32_mul_ip__xdcDup__29 |        134 |        119 |       0 |   15 |   276 |      0 |      0 |    0 |          2 |
|         GEN_MUL0.u_fp_mul                                 |                            floating_point_0_HD2182 |        134 |        119 |       0 |   15 |   276 |      0 |      0 |    0 |          2 |
|           U0                                              |     floating_point_0_floating_point_v7_1_21_HD2183 |        134 |        119 |       0 |   15 |   276 |      0 |      0 |    0 |          2 |
|             i_synth                                       | floating_point_0_floating_point_v7_1_21_viv_HD2184 |        134 |        119 |       0 |   15 |   276 |      0 |      0 |    0 |          2 |
|               need_combiner.use_2to1.skid_buffer_combiner |             floating_point_0_axi_slave_2to1_HD2256 |         48 |         48 |       0 |    0 |   103 |      0 |      0 |    0 |          0 |
|               MULT.OP                                     |                   floating_point_0_flt_mult_HD2185 |         84 |         69 |       0 |   15 |   164 |      0 |      0 |    0 |          2 |
|                 i_non_prim.R_AND_R                        |             floating_point_0_flt_mult_round_HD2234 |         21 |         13 |       0 |    8 |    61 |      0 |      0 |    0 |          0 |
|                   LOGIC.R_AND_R                           |     floating_point_0_renorm_and_round_logic_HD2235 |         21 |         13 |       0 |    8 |    61 |      0 |      0 |    0 |          0 |
|       GEN_PV_LANE[29].u_add                               |                            fp32_add_ip__xdcDup__30 |        217 |        205 |       0 |   12 |   454 |      0 |      0 |    0 |          2 |
|         u_fp_add                                          |                            floating_point_1_HD5481 |        217 |        205 |       0 |   12 |   454 |      0 |      0 |    0 |          2 |
|           U0                                              |     floating_point_1_floating_point_v7_1_21_HD5482 |        217 |        205 |       0 |   12 |   454 |      0 |      0 |    0 |          2 |
|             i_synth                                       | floating_point_1_floating_point_v7_1_21_viv_HD5483 |        217 |        205 |       0 |   12 |   454 |      0 |      0 |    0 |          2 |
|               need_combiner.use_2to1.skid_buffer_combiner |             floating_point_1_axi_slave_2to1_HD5586 |         73 |         73 |       0 |    0 |   135 |      0 |      0 |    0 |          0 |
|               ADDSUB_OP.ADDSUB                            |                    floating_point_1_flt_add_HD5484 |        143 |        131 |       0 |   12 |   307 |      0 |      0 |    0 |          2 |
|                 DSP.OP                                    |                floating_point_1_flt_add_dsp_HD5485 |        143 |        131 |       0 |   12 |   307 |      0 |      0 |    0 |          2 |
|                   DSP48E1_BODY.ALIGN_ADD                  |      floating_point_1_align_add_dsp48e1_sgl_HD5490 |         13 |         12 |       0 |    1 |    73 |      0 |      0 |    0 |          1 |
|                   DSP48E1_BODY.EXP                        |             floating_point_1_flt_add_exp_sp_HD5509 |         63 |         52 |       0 |   11 |    86 |      0 |      0 |    0 |          0 |
|                   DSP48E1_BODY.NORM_RND                   | floating_point_1_norm_and_round_dsp48e1_sgl_HD5563 |         32 |         32 |       0 |    0 |    70 |      0 |      0 |    0 |          1 |
|       GEN_PV_LANE[29].u_mul                               |                            fp32_mul_ip__xdcDup__30 |        133 |        118 |       0 |   15 |   276 |      0 |      0 |    0 |          2 |
|         GEN_MUL0.u_fp_mul                                 |                            floating_point_0_HD2257 |        133 |        118 |       0 |   15 |   276 |      0 |      0 |    0 |          2 |
|           U0                                              |     floating_point_0_floating_point_v7_1_21_HD2258 |        133 |        118 |       0 |   15 |   276 |      0 |      0 |    0 |          2 |
|             i_synth                                       | floating_point_0_floating_point_v7_1_21_viv_HD2259 |        133 |        118 |       0 |   15 |   276 |      0 |      0 |    0 |          2 |
|               need_combiner.use_2to1.skid_buffer_combiner |             floating_point_0_axi_slave_2to1_HD2331 |         48 |         48 |       0 |    0 |   103 |      0 |      0 |    0 |          0 |
|               MULT.OP                                     |                   floating_point_0_flt_mult_HD2260 |         83 |         68 |       0 |   15 |   164 |      0 |      0 |    0 |          2 |
|                 i_non_prim.R_AND_R                        |             floating_point_0_flt_mult_round_HD2309 |         21 |         13 |       0 |    8 |    61 |      0 |      0 |    0 |          0 |
|                   LOGIC.R_AND_R                           |     floating_point_0_renorm_and_round_logic_HD2310 |         21 |         13 |       0 |    8 |    61 |      0 |      0 |    0 |          0 |
|       GEN_PV_LANE[2].u_add                                |                             fp32_add_ip__xdcDup__3 |        217 |        205 |       0 |   12 |   454 |      0 |      0 |    0 |          2 |
|         u_fp_add                                          |                            floating_point_1_HD2619 |        217 |        205 |       0 |   12 |   454 |      0 |      0 |    0 |          2 |
|           U0                                              |     floating_point_1_floating_point_v7_1_21_HD2620 |        217 |        205 |       0 |   12 |   454 |      0 |      0 |    0 |          2 |
|             i_synth                                       | floating_point_1_floating_point_v7_1_21_viv_HD2621 |        217 |        205 |       0 |   12 |   454 |      0 |      0 |    0 |          2 |
|               need_combiner.use_2to1.skid_buffer_combiner |             floating_point_1_axi_slave_2to1_HD2724 |         72 |         72 |       0 |    0 |   135 |      0 |      0 |    0 |          0 |
|               ADDSUB_OP.ADDSUB                            |                    floating_point_1_flt_add_HD2622 |        143 |        131 |       0 |   12 |   307 |      0 |      0 |    0 |          2 |
|                 DSP.OP                                    |                floating_point_1_flt_add_dsp_HD2623 |        143 |        131 |       0 |   12 |   307 |      0 |      0 |    0 |          2 |
|                   DSP48E1_BODY.ALIGN_ADD                  |      floating_point_1_align_add_dsp48e1_sgl_HD2628 |         13 |         12 |       0 |    1 |    73 |      0 |      0 |    0 |          1 |
|                   DSP48E1_BODY.EXP                        |             floating_point_1_flt_add_exp_sp_HD2647 |         63 |         52 |       0 |   11 |    86 |      0 |      0 |    0 |          0 |
|                   DSP48E1_BODY.NORM_RND                   | floating_point_1_norm_and_round_dsp48e1_sgl_HD2701 |         32 |         32 |       0 |    0 |    70 |      0 |      0 |    0 |          1 |
|       GEN_PV_LANE[2].u_mul                                |                             fp32_mul_ip__xdcDup__3 |        134 |        119 |       0 |   15 |   276 |      0 |      0 |    0 |          2 |
|         GEN_MUL0.u_fp_mul                                 |                             floating_point_0_HD232 |        134 |        119 |       0 |   15 |   276 |      0 |      0 |    0 |          2 |
|           U0                                              |      floating_point_0_floating_point_v7_1_21_HD233 |        134 |        119 |       0 |   15 |   276 |      0 |      0 |    0 |          2 |
|             i_synth                                       |  floating_point_0_floating_point_v7_1_21_viv_HD234 |        134 |        119 |       0 |   15 |   276 |      0 |      0 |    0 |          2 |
|               need_combiner.use_2to1.skid_buffer_combiner |              floating_point_0_axi_slave_2to1_HD306 |         48 |         48 |       0 |    0 |   103 |      0 |      0 |    0 |          0 |
|               MULT.OP                                     |                    floating_point_0_flt_mult_HD235 |         84 |         69 |       0 |   15 |   164 |      0 |      0 |    0 |          2 |
|                 i_non_prim.R_AND_R                        |              floating_point_0_flt_mult_round_HD284 |         21 |         13 |       0 |    8 |    61 |      0 |      0 |    0 |          0 |
|                   LOGIC.R_AND_R                           |      floating_point_0_renorm_and_round_logic_HD285 |         21 |         13 |       0 |    8 |    61 |      0 |      0 |    0 |          0 |
|       GEN_PV_LANE[30].u_add                               |                            fp32_add_ip__xdcDup__31 |        217 |        205 |       0 |   12 |   454 |      0 |      0 |    0 |          2 |
|         u_fp_add                                          |                            floating_point_1_HD5587 |        217 |        205 |       0 |   12 |   454 |      0 |      0 |    0 |          2 |
|           U0                                              |     floating_point_1_floating_point_v7_1_21_HD5588 |        217 |        205 |       0 |   12 |   454 |      0 |      0 |    0 |          2 |
|             i_synth                                       | floating_point_1_floating_point_v7_1_21_viv_HD5589 |        217 |        205 |       0 |   12 |   454 |      0 |      0 |    0 |          2 |
|               need_combiner.use_2to1.skid_buffer_combiner |             floating_point_1_axi_slave_2to1_HD5692 |         72 |         72 |       0 |    0 |   135 |      0 |      0 |    0 |          0 |
|               ADDSUB_OP.ADDSUB                            |                    floating_point_1_flt_add_HD5590 |        143 |        131 |       0 |   12 |   307 |      0 |      0 |    0 |          2 |
|                 DSP.OP                                    |                floating_point_1_flt_add_dsp_HD5591 |        143 |        131 |       0 |   12 |   307 |      0 |      0 |    0 |          2 |
|                   DSP48E1_BODY.ALIGN_ADD                  |      floating_point_1_align_add_dsp48e1_sgl_HD5596 |         13 |         12 |       0 |    1 |    73 |      0 |      0 |    0 |          1 |
|                   DSP48E1_BODY.EXP                        |             floating_point_1_flt_add_exp_sp_HD5615 |         63 |         52 |       0 |   11 |    86 |      0 |      0 |    0 |          0 |
|                   DSP48E1_BODY.NORM_RND                   | floating_point_1_norm_and_round_dsp48e1_sgl_HD5669 |         32 |         32 |       0 |    0 |    70 |      0 |      0 |    0 |          1 |
|       GEN_PV_LANE[30].u_mul                               |                            fp32_mul_ip__xdcDup__31 |        133 |        118 |       0 |   15 |   276 |      0 |      0 |    0 |          2 |
|         GEN_MUL0.u_fp_mul                                 |                            floating_point_0_HD2332 |        133 |        118 |       0 |   15 |   276 |      0 |      0 |    0 |          2 |
|           U0                                              |     floating_point_0_floating_point_v7_1_21_HD2333 |        133 |        118 |       0 |   15 |   276 |      0 |      0 |    0 |          2 |
|             i_synth                                       | floating_point_0_floating_point_v7_1_21_viv_HD2334 |        133 |        118 |       0 |   15 |   276 |      0 |      0 |    0 |          2 |
|               need_combiner.use_2to1.skid_buffer_combiner |             floating_point_0_axi_slave_2to1_HD2406 |         48 |         48 |       0 |    0 |   103 |      0 |      0 |    0 |          0 |
|               MULT.OP                                     |                   floating_point_0_flt_mult_HD2335 |         83 |         68 |       0 |   15 |   164 |      0 |      0 |    0 |          2 |
|                 i_non_prim.R_AND_R                        |             floating_point_0_flt_mult_round_HD2384 |         21 |         13 |       0 |    8 |    61 |      0 |      0 |    0 |          0 |
|                   LOGIC.R_AND_R                           |     floating_point_0_renorm_and_round_logic_HD2385 |         21 |         13 |       0 |    8 |    61 |      0 |      0 |    0 |          0 |
|       GEN_PV_LANE[31].u_add                               |                                        fp32_add_ip |        216 |        204 |       0 |   12 |   454 |      0 |      0 |    0 |          2 |
|         u_fp_add                                          |                            floating_point_1_HD5693 |        216 |        204 |       0 |   12 |   454 |      0 |      0 |    0 |          2 |
|           U0                                              |     floating_point_1_floating_point_v7_1_21_HD5694 |        216 |        204 |       0 |   12 |   454 |      0 |      0 |    0 |          2 |
|             i_synth                                       | floating_point_1_floating_point_v7_1_21_viv_HD5695 |        216 |        204 |       0 |   12 |   454 |      0 |      0 |    0 |          2 |
|               need_combiner.use_2to1.skid_buffer_combiner |             floating_point_1_axi_slave_2to1_HD5798 |         73 |         73 |       0 |    0 |   135 |      0 |      0 |    0 |          0 |
|               ADDSUB_OP.ADDSUB                            |                    floating_point_1_flt_add_HD5696 |        143 |        131 |       0 |   12 |   307 |      0 |      0 |    0 |          2 |
|                 DSP.OP                                    |                floating_point_1_flt_add_dsp_HD5697 |        143 |        131 |       0 |   12 |   307 |      0 |      0 |    0 |          2 |
|                   DSP48E1_BODY.ALIGN_ADD                  |      floating_point_1_align_add_dsp48e1_sgl_HD5702 |         13 |         12 |       0 |    1 |    73 |      0 |      0 |    0 |          1 |
|                   DSP48E1_BODY.EXP                        |             floating_point_1_flt_add_exp_sp_HD5721 |         63 |         52 |       0 |   11 |    86 |      0 |      0 |    0 |          0 |
|                   DSP48E1_BODY.NORM_RND                   | floating_point_1_norm_and_round_dsp48e1_sgl_HD5775 |         32 |         32 |       0 |    0 |    70 |      0 |      0 |    0 |          1 |
|       GEN_PV_LANE[31].u_mul                               |                                        fp32_mul_ip |        133 |        118 |       0 |   15 |   276 |      0 |      0 |    0 |          2 |
|         GEN_MUL0.u_fp_mul                                 |                            floating_point_0_HD2407 |        133 |        118 |       0 |   15 |   276 |      0 |      0 |    0 |          2 |
|           U0                                              |     floating_point_0_floating_point_v7_1_21_HD2408 |        133 |        118 |       0 |   15 |   276 |      0 |      0 |    0 |          2 |
|             i_synth                                       | floating_point_0_floating_point_v7_1_21_viv_HD2409 |        133 |        118 |       0 |   15 |   276 |      0 |      0 |    0 |          2 |
|               need_combiner.use_2to1.skid_buffer_combiner |             floating_point_0_axi_slave_2to1_HD2481 |         48 |         48 |       0 |    0 |   103 |      0 |      0 |    0 |          0 |
|               MULT.OP                                     |                   floating_point_0_flt_mult_HD2410 |         83 |         68 |       0 |   15 |   164 |      0 |      0 |    0 |          2 |
|                 i_non_prim.R_AND_R                        |             floating_point_0_flt_mult_round_HD2459 |         21 |         13 |       0 |    8 |    61 |      0 |      0 |    0 |          0 |
|                   LOGIC.R_AND_R                           |     floating_point_0_renorm_and_round_logic_HD2460 |         21 |         13 |       0 |    8 |    61 |      0 |      0 |    0 |          0 |
|       GEN_PV_LANE[3].u_add                                |                             fp32_add_ip__xdcDup__4 |        216 |        204 |       0 |   12 |   454 |      0 |      0 |    0 |          2 |
|         u_fp_add                                          |                            floating_point_1_HD2725 |        216 |        204 |       0 |   12 |   454 |      0 |      0 |    0 |          2 |
|           U0                                              |     floating_point_1_floating_point_v7_1_21_HD2726 |        216 |        204 |       0 |   12 |   454 |      0 |      0 |    0 |          2 |
|             i_synth                                       | floating_point_1_floating_point_v7_1_21_viv_HD2727 |        216 |        204 |       0 |   12 |   454 |      0 |      0 |    0 |          2 |
|               need_combiner.use_2to1.skid_buffer_combiner |             floating_point_1_axi_slave_2to1_HD2830 |         73 |         73 |       0 |    0 |   135 |      0 |      0 |    0 |          0 |
|               ADDSUB_OP.ADDSUB                            |                    floating_point_1_flt_add_HD2728 |        141 |        129 |       0 |   12 |   307 |      0 |      0 |    0 |          2 |
|                 DSP.OP                                    |                floating_point_1_flt_add_dsp_HD2729 |        141 |        129 |       0 |   12 |   307 |      0 |      0 |    0 |          2 |
|                   DSP48E1_BODY.ALIGN_ADD                  |      floating_point_1_align_add_dsp48e1_sgl_HD2734 |         13 |         12 |       0 |    1 |    73 |      0 |      0 |    0 |          1 |
|                   DSP48E1_BODY.EXP                        |             floating_point_1_flt_add_exp_sp_HD2753 |         62 |         51 |       0 |   11 |    86 |      0 |      0 |    0 |          0 |
|                   DSP48E1_BODY.NORM_RND                   | floating_point_1_norm_and_round_dsp48e1_sgl_HD2807 |         32 |         32 |       0 |    0 |    70 |      0 |      0 |    0 |          1 |
|       GEN_PV_LANE[3].u_mul                                |                             fp32_mul_ip__xdcDup__4 |        132 |        117 |       0 |   15 |   276 |      0 |      0 |    0 |          2 |
|         GEN_MUL0.u_fp_mul                                 |                             floating_point_0_HD307 |        132 |        117 |       0 |   15 |   276 |      0 |      0 |    0 |          2 |
|           U0                                              |      floating_point_0_floating_point_v7_1_21_HD308 |        132 |        117 |       0 |   15 |   276 |      0 |      0 |    0 |          2 |
|             i_synth                                       |  floating_point_0_floating_point_v7_1_21_viv_HD309 |        132 |        117 |       0 |   15 |   276 |      0 |      0 |    0 |          2 |
|               need_combiner.use_2to1.skid_buffer_combiner |              floating_point_0_axi_slave_2to1_HD381 |         48 |         48 |       0 |    0 |   103 |      0 |      0 |    0 |          0 |
|               MULT.OP                                     |                    floating_point_0_flt_mult_HD310 |         82 |         67 |       0 |   15 |   164 |      0 |      0 |    0 |          2 |
|                 i_non_prim.R_AND_R                        |              floating_point_0_flt_mult_round_HD359 |         21 |         13 |       0 |    8 |    61 |      0 |      0 |    0 |          0 |
|                   LOGIC.R_AND_R                           |      floating_point_0_renorm_and_round_logic_HD360 |         21 |         13 |       0 |    8 |    61 |      0 |      0 |    0 |          0 |
|       GEN_PV_LANE[4].u_add                                |                             fp32_add_ip__xdcDup__5 |        216 |        204 |       0 |   12 |   454 |      0 |      0 |    0 |          2 |
|         u_fp_add                                          |                            floating_point_1_HD2831 |        216 |        204 |       0 |   12 |   454 |      0 |      0 |    0 |          2 |
|           U0                                              |     floating_point_1_floating_point_v7_1_21_HD2832 |        216 |        204 |       0 |   12 |   454 |      0 |      0 |    0 |          2 |
|             i_synth                                       | floating_point_1_floating_point_v7_1_21_viv_HD2833 |        216 |        204 |       0 |   12 |   454 |      0 |      0 |    0 |          2 |
|               need_combiner.use_2to1.skid_buffer_combiner |             floating_point_1_axi_slave_2to1_HD2936 |         73 |         73 |       0 |    0 |   135 |      0 |      0 |    0 |          0 |
|               ADDSUB_OP.ADDSUB                            |                    floating_point_1_flt_add_HD2834 |        142 |        130 |       0 |   12 |   307 |      0 |      0 |    0 |          2 |
|                 DSP.OP                                    |                floating_point_1_flt_add_dsp_HD2835 |        142 |        130 |       0 |   12 |   307 |      0 |      0 |    0 |          2 |
|                   DSP48E1_BODY.ALIGN_ADD                  |      floating_point_1_align_add_dsp48e1_sgl_HD2840 |         13 |         12 |       0 |    1 |    73 |      0 |      0 |    0 |          1 |
|                   DSP48E1_BODY.EXP                        |             floating_point_1_flt_add_exp_sp_HD2859 |         63 |         52 |       0 |   11 |    86 |      0 |      0 |    0 |          0 |
|                   DSP48E1_BODY.NORM_RND                   | floating_point_1_norm_and_round_dsp48e1_sgl_HD2913 |         32 |         32 |       0 |    0 |    70 |      0 |      0 |    0 |          1 |
|       GEN_PV_LANE[4].u_mul                                |                             fp32_mul_ip__xdcDup__5 |        134 |        119 |       0 |   15 |   276 |      0 |      0 |    0 |          2 |
|         GEN_MUL0.u_fp_mul                                 |                             floating_point_0_HD382 |        134 |        119 |       0 |   15 |   276 |      0 |      0 |    0 |          2 |
|           U0                                              |      floating_point_0_floating_point_v7_1_21_HD383 |        134 |        119 |       0 |   15 |   276 |      0 |      0 |    0 |          2 |
|             i_synth                                       |  floating_point_0_floating_point_v7_1_21_viv_HD384 |        134 |        119 |       0 |   15 |   276 |      0 |      0 |    0 |          2 |
|               need_combiner.use_2to1.skid_buffer_combiner |              floating_point_0_axi_slave_2to1_HD456 |         48 |         48 |       0 |    0 |   103 |      0 |      0 |    0 |          0 |
|               MULT.OP                                     |                    floating_point_0_flt_mult_HD385 |         84 |         69 |       0 |   15 |   164 |      0 |      0 |    0 |          2 |
|                 i_non_prim.R_AND_R                        |              floating_point_0_flt_mult_round_HD434 |         21 |         13 |       0 |    8 |    61 |      0 |      0 |    0 |          0 |
|                   LOGIC.R_AND_R                           |      floating_point_0_renorm_and_round_logic_HD435 |         21 |         13 |       0 |    8 |    61 |      0 |      0 |    0 |          0 |
|       GEN_PV_LANE[5].u_add                                |                             fp32_add_ip__xdcDup__6 |        216 |        204 |       0 |   12 |   454 |      0 |      0 |    0 |          2 |
|         u_fp_add                                          |                            floating_point_1_HD2937 |        216 |        204 |       0 |   12 |   454 |      0 |      0 |    0 |          2 |
|           U0                                              |     floating_point_1_floating_point_v7_1_21_HD2938 |        216 |        204 |       0 |   12 |   454 |      0 |      0 |    0 |          2 |
|             i_synth                                       | floating_point_1_floating_point_v7_1_21_viv_HD2939 |        216 |        204 |       0 |   12 |   454 |      0 |      0 |    0 |          2 |
|               need_combiner.use_2to1.skid_buffer_combiner |             floating_point_1_axi_slave_2to1_HD3042 |         72 |         72 |       0 |    0 |   135 |      0 |      0 |    0 |          0 |
|               ADDSUB_OP.ADDSUB                            |                    floating_point_1_flt_add_HD2940 |        142 |        130 |       0 |   12 |   307 |      0 |      0 |    0 |          2 |
|                 DSP.OP                                    |                floating_point_1_flt_add_dsp_HD2941 |        142 |        130 |       0 |   12 |   307 |      0 |      0 |    0 |          2 |
|                   DSP48E1_BODY.ALIGN_ADD                  |      floating_point_1_align_add_dsp48e1_sgl_HD2946 |         13 |         12 |       0 |    1 |    73 |      0 |      0 |    0 |          1 |
|                   DSP48E1_BODY.EXP                        |             floating_point_1_flt_add_exp_sp_HD2965 |         63 |         52 |       0 |   11 |    86 |      0 |      0 |    0 |          0 |
|                   DSP48E1_BODY.NORM_RND                   | floating_point_1_norm_and_round_dsp48e1_sgl_HD3019 |         32 |         32 |       0 |    0 |    70 |      0 |      0 |    0 |          1 |
|       GEN_PV_LANE[5].u_mul                                |                             fp32_mul_ip__xdcDup__6 |        132 |        117 |       0 |   15 |   276 |      0 |      0 |    0 |          2 |
|         GEN_MUL0.u_fp_mul                                 |                             floating_point_0_HD457 |        132 |        117 |       0 |   15 |   276 |      0 |      0 |    0 |          2 |
|           U0                                              |      floating_point_0_floating_point_v7_1_21_HD458 |        132 |        117 |       0 |   15 |   276 |      0 |      0 |    0 |          2 |
|             i_synth                                       |  floating_point_0_floating_point_v7_1_21_viv_HD459 |        132 |        117 |       0 |   15 |   276 |      0 |      0 |    0 |          2 |
|               need_combiner.use_2to1.skid_buffer_combiner |              floating_point_0_axi_slave_2to1_HD531 |         48 |         48 |       0 |    0 |   103 |      0 |      0 |    0 |          0 |
|               MULT.OP                                     |                    floating_point_0_flt_mult_HD460 |         83 |         68 |       0 |   15 |   164 |      0 |      0 |    0 |          2 |
|                 i_non_prim.R_AND_R                        |              floating_point_0_flt_mult_round_HD509 |         21 |         13 |       0 |    8 |    61 |      0 |      0 |    0 |          0 |
|                   LOGIC.R_AND_R                           |      floating_point_0_renorm_and_round_logic_HD510 |         21 |         13 |       0 |    8 |    61 |      0 |      0 |    0 |          0 |
|       GEN_PV_LANE[6].u_add                                |                             fp32_add_ip__xdcDup__7 |        215 |        203 |       0 |   12 |   454 |      0 |      0 |    0 |          2 |
|         u_fp_add                                          |                            floating_point_1_HD3043 |        215 |        203 |       0 |   12 |   454 |      0 |      0 |    0 |          2 |
|           U0                                              |     floating_point_1_floating_point_v7_1_21_HD3044 |        215 |        203 |       0 |   12 |   454 |      0 |      0 |    0 |          2 |
|             i_synth                                       | floating_point_1_floating_point_v7_1_21_viv_HD3045 |        215 |        203 |       0 |   12 |   454 |      0 |      0 |    0 |          2 |
|               need_combiner.use_2to1.skid_buffer_combiner |             floating_point_1_axi_slave_2to1_HD3148 |         72 |         72 |       0 |    0 |   135 |      0 |      0 |    0 |          0 |
|               ADDSUB_OP.ADDSUB                            |                    floating_point_1_flt_add_HD3046 |        141 |        129 |       0 |   12 |   307 |      0 |      0 |    0 |          2 |
|                 DSP.OP                                    |                floating_point_1_flt_add_dsp_HD3047 |        141 |        129 |       0 |   12 |   307 |      0 |      0 |    0 |          2 |
|                   DSP48E1_BODY.ALIGN_ADD                  |      floating_point_1_align_add_dsp48e1_sgl_HD3052 |         13 |         12 |       0 |    1 |    73 |      0 |      0 |    0 |          1 |
|                   DSP48E1_BODY.EXP                        |             floating_point_1_flt_add_exp_sp_HD3071 |         62 |         51 |       0 |   11 |    86 |      0 |      0 |    0 |          0 |
|                   DSP48E1_BODY.NORM_RND                   | floating_point_1_norm_and_round_dsp48e1_sgl_HD3125 |         32 |         32 |       0 |    0 |    70 |      0 |      0 |    0 |          1 |
|       GEN_PV_LANE[6].u_mul                                |                             fp32_mul_ip__xdcDup__7 |        133 |        118 |       0 |   15 |   276 |      0 |      0 |    0 |          2 |
|         GEN_MUL0.u_fp_mul                                 |                             floating_point_0_HD532 |        133 |        118 |       0 |   15 |   276 |      0 |      0 |    0 |          2 |
|           U0                                              |      floating_point_0_floating_point_v7_1_21_HD533 |        133 |        118 |       0 |   15 |   276 |      0 |      0 |    0 |          2 |
|             i_synth                                       |  floating_point_0_floating_point_v7_1_21_viv_HD534 |        133 |        118 |       0 |   15 |   276 |      0 |      0 |    0 |          2 |
|               need_combiner.use_2to1.skid_buffer_combiner |              floating_point_0_axi_slave_2to1_HD606 |         48 |         48 |       0 |    0 |   103 |      0 |      0 |    0 |          0 |
|               MULT.OP                                     |                    floating_point_0_flt_mult_HD535 |         83 |         68 |       0 |   15 |   164 |      0 |      0 |    0 |          2 |
|                 i_non_prim.R_AND_R                        |              floating_point_0_flt_mult_round_HD584 |         21 |         13 |       0 |    8 |    61 |      0 |      0 |    0 |          0 |
|                   LOGIC.R_AND_R                           |      floating_point_0_renorm_and_round_logic_HD585 |         21 |         13 |       0 |    8 |    61 |      0 |      0 |    0 |          0 |
|       GEN_PV_LANE[7].u_add                                |                             fp32_add_ip__xdcDup__8 |        217 |        205 |       0 |   12 |   454 |      0 |      0 |    0 |          2 |
|         u_fp_add                                          |                            floating_point_1_HD3149 |        217 |        205 |       0 |   12 |   454 |      0 |      0 |    0 |          2 |
|           U0                                              |     floating_point_1_floating_point_v7_1_21_HD3150 |        217 |        205 |       0 |   12 |   454 |      0 |      0 |    0 |          2 |
|             i_synth                                       | floating_point_1_floating_point_v7_1_21_viv_HD3151 |        217 |        205 |       0 |   12 |   454 |      0 |      0 |    0 |          2 |
|               need_combiner.use_2to1.skid_buffer_combiner |             floating_point_1_axi_slave_2to1_HD3254 |         73 |         73 |       0 |    0 |   135 |      0 |      0 |    0 |          0 |
|               ADDSUB_OP.ADDSUB                            |                    floating_point_1_flt_add_HD3152 |        142 |        130 |       0 |   12 |   307 |      0 |      0 |    0 |          2 |
|                 DSP.OP                                    |                floating_point_1_flt_add_dsp_HD3153 |        142 |        130 |       0 |   12 |   307 |      0 |      0 |    0 |          2 |
|                   DSP48E1_BODY.ALIGN_ADD                  |      floating_point_1_align_add_dsp48e1_sgl_HD3158 |         13 |         12 |       0 |    1 |    73 |      0 |      0 |    0 |          1 |
|                   DSP48E1_BODY.EXP                        |             floating_point_1_flt_add_exp_sp_HD3177 |         62 |         51 |       0 |   11 |    86 |      0 |      0 |    0 |          0 |
|                   DSP48E1_BODY.NORM_RND                   | floating_point_1_norm_and_round_dsp48e1_sgl_HD3231 |         32 |         32 |       0 |    0 |    70 |      0 |      0 |    0 |          1 |
|       GEN_PV_LANE[7].u_mul                                |                             fp32_mul_ip__xdcDup__8 |        132 |        117 |       0 |   15 |   276 |      0 |      0 |    0 |          2 |
|         GEN_MUL0.u_fp_mul                                 |                             floating_point_0_HD607 |        132 |        117 |       0 |   15 |   276 |      0 |      0 |    0 |          2 |
|           U0                                              |      floating_point_0_floating_point_v7_1_21_HD608 |        132 |        117 |       0 |   15 |   276 |      0 |      0 |    0 |          2 |
|             i_synth                                       |  floating_point_0_floating_point_v7_1_21_viv_HD609 |        132 |        117 |       0 |   15 |   276 |      0 |      0 |    0 |          2 |
|               need_combiner.use_2to1.skid_buffer_combiner |              floating_point_0_axi_slave_2to1_HD681 |         48 |         48 |       0 |    0 |   103 |      0 |      0 |    0 |          0 |
|               MULT.OP                                     |                    floating_point_0_flt_mult_HD610 |         82 |         67 |       0 |   15 |   164 |      0 |      0 |    0 |          2 |
|                 i_non_prim.R_AND_R                        |              floating_point_0_flt_mult_round_HD659 |         21 |         13 |       0 |    8 |    61 |      0 |      0 |    0 |          0 |
|                   LOGIC.R_AND_R                           |      floating_point_0_renorm_and_round_logic_HD660 |         21 |         13 |       0 |    8 |    61 |      0 |      0 |    0 |          0 |
|       GEN_PV_LANE[8].u_add                                |                             fp32_add_ip__xdcDup__9 |        216 |        204 |       0 |   12 |   454 |      0 |      0 |    0 |          2 |
|         u_fp_add                                          |                            floating_point_1_HD3255 |        216 |        204 |       0 |   12 |   454 |      0 |      0 |    0 |          2 |
|           U0                                              |     floating_point_1_floating_point_v7_1_21_HD3256 |        216 |        204 |       0 |   12 |   454 |      0 |      0 |    0 |          2 |
|             i_synth                                       | floating_point_1_floating_point_v7_1_21_viv_HD3257 |        216 |        204 |       0 |   12 |   454 |      0 |      0 |    0 |          2 |
|               need_combiner.use_2to1.skid_buffer_combiner |             floating_point_1_axi_slave_2to1_HD3360 |         73 |         73 |       0 |    0 |   135 |      0 |      0 |    0 |          0 |
|               ADDSUB_OP.ADDSUB                            |                    floating_point_1_flt_add_HD3258 |        142 |        130 |       0 |   12 |   307 |      0 |      0 |    0 |          2 |
|                 DSP.OP                                    |                floating_point_1_flt_add_dsp_HD3259 |        142 |        130 |       0 |   12 |   307 |      0 |      0 |    0 |          2 |
|                   DSP48E1_BODY.ALIGN_ADD                  |      floating_point_1_align_add_dsp48e1_sgl_HD3264 |         13 |         12 |       0 |    1 |    73 |      0 |      0 |    0 |          1 |
|                   DSP48E1_BODY.EXP                        |             floating_point_1_flt_add_exp_sp_HD3283 |         63 |         52 |       0 |   11 |    86 |      0 |      0 |    0 |          0 |
|                   DSP48E1_BODY.NORM_RND                   | floating_point_1_norm_and_round_dsp48e1_sgl_HD3337 |         32 |         32 |       0 |    0 |    70 |      0 |      0 |    0 |          1 |
|       GEN_PV_LANE[8].u_mul                                |                             fp32_mul_ip__xdcDup__9 |        133 |        118 |       0 |   15 |   276 |      0 |      0 |    0 |          2 |
|         GEN_MUL0.u_fp_mul                                 |                             floating_point_0_HD682 |        133 |        118 |       0 |   15 |   276 |      0 |      0 |    0 |          2 |
|           U0                                              |      floating_point_0_floating_point_v7_1_21_HD683 |        133 |        118 |       0 |   15 |   276 |      0 |      0 |    0 |          2 |
|             i_synth                                       |  floating_point_0_floating_point_v7_1_21_viv_HD684 |        133 |        118 |       0 |   15 |   276 |      0 |      0 |    0 |          2 |
|               need_combiner.use_2to1.skid_buffer_combiner |              floating_point_0_axi_slave_2to1_HD756 |         48 |         48 |       0 |    0 |   103 |      0 |      0 |    0 |          0 |
|               MULT.OP                                     |                    floating_point_0_flt_mult_HD685 |         83 |         68 |       0 |   15 |   164 |      0 |      0 |    0 |          2 |
|                 i_non_prim.R_AND_R                        |              floating_point_0_flt_mult_round_HD734 |         21 |         13 |       0 |    8 |    61 |      0 |      0 |    0 |          0 |
|                   LOGIC.R_AND_R                           |      floating_point_0_renorm_and_round_logic_HD735 |         21 |         13 |       0 |    8 |    61 |      0 |      0 |    0 |          0 |
|       GEN_PV_LANE[9].u_add                                |                            fp32_add_ip__xdcDup__10 |        216 |        204 |       0 |   12 |   454 |      0 |      0 |    0 |          2 |
|         u_fp_add                                          |                            floating_point_1_HD3361 |        216 |        204 |       0 |   12 |   454 |      0 |      0 |    0 |          2 |
|           U0                                              |     floating_point_1_floating_point_v7_1_21_HD3362 |        216 |        204 |       0 |   12 |   454 |      0 |      0 |    0 |          2 |
|             i_synth                                       | floating_point_1_floating_point_v7_1_21_viv_HD3363 |        216 |        204 |       0 |   12 |   454 |      0 |      0 |    0 |          2 |
|               need_combiner.use_2to1.skid_buffer_combiner |             floating_point_1_axi_slave_2to1_HD3466 |         73 |         73 |       0 |    0 |   135 |      0 |      0 |    0 |          0 |
|               ADDSUB_OP.ADDSUB                            |                    floating_point_1_flt_add_HD3364 |        143 |        131 |       0 |   12 |   307 |      0 |      0 |    0 |          2 |
|                 DSP.OP                                    |                floating_point_1_flt_add_dsp_HD3365 |        143 |        131 |       0 |   12 |   307 |      0 |      0 |    0 |          2 |
|                   DSP48E1_BODY.ALIGN_ADD                  |      floating_point_1_align_add_dsp48e1_sgl_HD3370 |         13 |         12 |       0 |    1 |    73 |      0 |      0 |    0 |          1 |
|                   DSP48E1_BODY.EXP                        |             floating_point_1_flt_add_exp_sp_HD3389 |         63 |         52 |       0 |   11 |    86 |      0 |      0 |    0 |          0 |
|                   DSP48E1_BODY.NORM_RND                   | floating_point_1_norm_and_round_dsp48e1_sgl_HD3443 |         32 |         32 |       0 |    0 |    70 |      0 |      0 |    0 |          1 |
|       GEN_PV_LANE[9].u_mul                                |                            fp32_mul_ip__xdcDup__10 |        135 |        120 |       0 |   15 |   276 |      0 |      0 |    0 |          2 |
|         GEN_MUL0.u_fp_mul                                 |                             floating_point_0_HD757 |        135 |        120 |       0 |   15 |   276 |      0 |      0 |    0 |          2 |
|           U0                                              |      floating_point_0_floating_point_v7_1_21_HD758 |        135 |        120 |       0 |   15 |   276 |      0 |      0 |    0 |          2 |
|             i_synth                                       |  floating_point_0_floating_point_v7_1_21_viv_HD759 |        135 |        120 |       0 |   15 |   276 |      0 |      0 |    0 |          2 |
|               need_combiner.use_2to1.skid_buffer_combiner |              floating_point_0_axi_slave_2to1_HD831 |         49 |         49 |       0 |    0 |   103 |      0 |      0 |    0 |          0 |
|               MULT.OP                                     |                    floating_point_0_flt_mult_HD760 |         84 |         69 |       0 |   15 |   164 |      0 |      0 |    0 |          2 |
|                 i_non_prim.R_AND_R                        |              floating_point_0_flt_mult_round_HD809 |         21 |         13 |       0 |    8 |    61 |      0 |      0 |    0 |          0 |
|                   LOGIC.R_AND_R                           |      floating_point_0_renorm_and_round_logic_HD810 |         21 |         13 |       0 |    8 |    61 |      0 |      0 |    0 |          0 |
|   u_softmax                                               |                cats_r4_b2_shared_stager_v3_wrapper |      10349 |      10349 |       0 |    0 | 15573 |      0 |      0 |    0 |          3 |
|     (u_softmax)                                           |                cats_r4_b2_shared_stager_v3_wrapper |        603 |        603 |       0 |    0 |   171 |      0 |      0 |    0 |          0 |
|     u_accuracy                                            |                       cats_r4_row_softmax_accuracy |       2480 |       2480 |       0 |    0 |  1588 |      0 |      0 |    0 |          3 |
|       (u_accuracy)                                        |                       cats_r4_row_softmax_accuracy |        604 |        604 |       0 |    0 |   465 |      0 |      0 |    0 |          0 |
|       u_exp                                               |                         cats_r4_accuracy_exp_fixed |       1187 |       1187 |       0 |    0 |   626 |      0 |      0 |    0 |          3 |
|       u_reciprocal                                        |                        cats_r4_fp32_row_reciprocal |        270 |        270 |       0 |    0 |   363 |      0 |      0 |    0 |          0 |
|         (u_reciprocal)                                    |                        cats_r4_fp32_row_reciprocal |        213 |        213 |       0 |    0 |   233 |      0 |      0 |    0 |          0 |
|         u_divider                                         |         unsigned_restoring_divider__parameterized0 |         57 |         57 |       0 |    0 |   130 |      0 |      0 |    0 |          0 |
|       u_sum                                               |                          cats_r4_fp32_positive_add |        419 |        419 |       0 |    0 |   134 |      0 |      0 |    0 |          0 |
|     u_compatibility                                       |              cats_r4_b2_compatibility_core_adapter |       1554 |       1554 |       0 |    0 |  1127 |      0 |      0 |    0 |          0 |
|       (u_compatibility)                                   |              cats_r4_b2_compatibility_core_adapter |         86 |         86 |       0 |    0 |     0 |      0 |      0 |    0 |          0 |
|       u_core                                              |                  cats_r4_row_softmax_compatibility |       1469 |       1469 |       0 |    0 |  1127 |      0 |      0 |    0 |          0 |
|         (u_core)                                          |                  cats_r4_row_softmax_compatibility |       1209 |       1209 |       0 |    0 |  1010 |      0 |      0 |    0 |          0 |
|         u_exp_lut                                         |                                            exp_lut |        182 |        182 |       0 |    0 |     0 |      0 |      0 |    0 |          0 |
|         u_reciprocal                                      |                         unsigned_restoring_divider |         79 |         79 |       0 |    0 |   117 |      0 |      0 |    0 |          0 |
|     u_stager                                              |                           cats_r4_b2_weight_stager |       5700 |       5700 |       0 |    0 | 12681 |      0 |      0 |    0 |          0 |
+-----------------------------------------------------------+----------------------------------------------------+------------+------------+---------+------+-------+--------+--------+------+------------+
* Note: The sum of lower-level cells may be larger than their parent cells total, due to cross-hierarchy LUT combining


