Copyright 1986-2022 Xilinx, Inc. All Rights Reserved. Copyright 2022-2025 Advanced Micro Devices, Inc. All Rights Reserved.
-------------------------------------------------------------------------------------------------------------------------------------------------------------------------
| Tool Version      : Vivado v.2025.2 (win64) Build 6299465 Fri Nov 14 19:35:11 GMT 2025
| Date              : Fri Sep 11 10:45:10 2026
| Host              : zhangxuanhao running 64-bit major release  (build 9200)
| Command           : report_timing_summary -delay_type max -max_paths 20 -report_unconstrained -file X:/artifacts/b2_shared_ooc_pipe_20260911_103436/timing_summary.rpt
| Design            : cats_r4_b2_shared_stager_v3_wrapper
| Device            : xczu15eg-ffvb1156
| Speed File        : -2  PRODUCTION 1.30 05-15-2022
| Design State      : Synthesized
| Temperature Grade : I
-------------------------------------------------------------------------------------------------------------------------------------------------------------------------

Timing Summary Report

------------------------------------------------------------------------------------------------
| Timer Settings
| --------------
------------------------------------------------------------------------------------------------

  Enable Multi Corner Analysis               :  Yes
  Enable Pessimism Removal                   :  Yes
  Pessimism Removal Resolution               :  Nearest Common Node
  Enable Input Delay Default Clock           :  No
  Enable Preset / Clear Arcs                 :  No
  Disable Flight Delays                      :  No
  Ignore I/O Paths                           :  No
  Timing Early Launch at Borrowing Latches   :  No
  Borrow Time for Max Delay Exceptions       :  Yes
  Merge Timing Exceptions                    :  Yes
  Inter-SLR Compensation                     :  Conservative

  Corner  Analyze    Analyze    
  Name    Max Paths  Min Paths  
  ------  ---------  ---------  
  Slow    Yes        Yes        
  Fast    Yes        Yes        


------------------------------------------------------------------------------------------------
| Report Methodology
| ------------------
------------------------------------------------------------------------------------------------

No report available as report_methodology has not been run prior. Run report_methodology on the current design for the summary of methodology violations.



check_timing report

Table of Contents
-----------------
1. checking no_clock (0)
2. checking constant_clock (0)
3. checking pulse_width_clock (0)
4. checking unconstrained_internal_endpoints (0)
5. checking no_input_delay (0)
6. checking no_output_delay (0)
7. checking multiple_clock (0)
8. checking generated_clocks (0)
9. checking loops (0)
10. checking partial_input_delay (0)
11. checking partial_output_delay (0)
12. checking latch_loops (0)

1. checking no_clock (0)
------------------------
 There are 0 register/latch pins with no clock.


2. checking constant_clock (0)
------------------------------
 There are 0 register/latch pins with constant_clock.


3. checking pulse_width_clock (0)
---------------------------------
 There are 0 register/latch pins which need pulse_width check


4. checking unconstrained_internal_endpoints (0)
------------------------------------------------
 There are 0 pins that are not constrained for maximum delay.

 There are 0 pins that are not constrained for maximum delay due to constant clock.


5. checking no_input_delay (0)
------------------------------
 There are 0 input ports with no input delay specified.

 There are 0 input ports with no input delay but user has a false path constraint.


6. checking no_output_delay (0)
-------------------------------
 There are 0 ports with no output delay specified.

 There are 0 ports with no output delay but user has a false path constraint

 There are 0 ports with no output delay but with a timing clock defined on it or propagating through it


7. checking multiple_clock (0)
------------------------------
 There are 0 register/latch pins with multiple clocks.


8. checking generated_clocks (0)
--------------------------------
 There are 0 generated clocks that are not connected to a clock source.


9. checking loops (0)
---------------------
 There are 0 combinational loops in the design.


10. checking partial_input_delay (0)
------------------------------------
 There are 0 input ports with partial input delay specified.


11. checking partial_output_delay (0)
-------------------------------------
 There are 0 ports with partial output delay specified.


12. checking latch_loops (0)
----------------------------
 There are 0 combinational latch loops in the design through latch input



------------------------------------------------------------------------------------------------
| Design Timing Summary
| ---------------------
------------------------------------------------------------------------------------------------

    WNS(ns)      TNS(ns)  TNS Failing Endpoints  TNS Total Endpoints     WPWS(ns)     TPWS(ns)  TPWS Failing Endpoints  TPWS Total Endpoints  
    -------      -------  ---------------------  -------------------     --------     --------  ----------------------  --------------------  
     -2.106     -228.043                    248                39611        3.058        0.000                       0                 16561  


Timing constraints are not met.


------------------------------------------------------------------------------------------------
| Clock Summary
| -------------
------------------------------------------------------------------------------------------------

Clock     Waveform(ns)         Period(ns)      Frequency(MHz)
-----     ------------         ----------      --------------
core_clk  {0.000 3.333}        6.666           150.015         


------------------------------------------------------------------------------------------------
| Intra Clock Table
| -----------------
------------------------------------------------------------------------------------------------

Clock             WNS(ns)      TNS(ns)  TNS Failing Endpoints  TNS Total Endpoints     WPWS(ns)     TPWS(ns)  TPWS Failing Endpoints  TPWS Total Endpoints  
-----             -------      -------  ---------------------  -------------------     --------     --------  ----------------------  --------------------  
core_clk           -2.106     -228.043                    248                35201        3.058        0.000                       0                 16561  


------------------------------------------------------------------------------------------------
| Inter Clock Table
| -----------------
------------------------------------------------------------------------------------------------

From Clock    To Clock          WNS(ns)      TNS(ns)  TNS Failing Endpoints  TNS Total Endpoints  
----------    --------          -------      -------  ---------------------  -------------------  


------------------------------------------------------------------------------------------------
| Other Path Groups Table
| -----------------------
------------------------------------------------------------------------------------------------

Path Group         From Clock         To Clock               WNS(ns)      TNS(ns)  TNS Failing Endpoints  TNS Total Endpoints  
----------         ----------         --------               -------      -------  ---------------------  -------------------  
**async_default**  core_clk           core_clk                 5.115        0.000                      0                 4410  


------------------------------------------------------------------------------------------------
| User Ignored Path Table
| -----------------------
------------------------------------------------------------------------------------------------

Path Group    From Clock    To Clock    
----------    ----------    --------    


------------------------------------------------------------------------------------------------
| Unconstrained Path Table
| ------------------------
------------------------------------------------------------------------------------------------

Path Group    From Clock    To Clock    
----------    ----------    --------    


------------------------------------------------------------------------------------------------
| Timing Details
| --------------
------------------------------------------------------------------------------------------------


---------------------------------------------------------------------------------------------------
From Clock:  core_clk
  To Clock:  core_clk

Setup :          248  Failing Endpoints,  Worst Slack       -2.106ns,  Total Violation     -228.043ns
Hold  :           NA  Failing Endpoints,  Worst Slack           NA  ,  Total Violation           NA
PW    :            0  Failing Endpoints,  Worst Slack        3.058ns,  Total Violation        0.000ns
---------------------------------------------------------------------------------------------------


Max Delay Paths
--------------------------------------------------------------------------------------
Slack (VIOLATED) :        -2.106ns  (required time - arrival time)
  Source:                 u_accuracy/u_exp/stage0_max_bf16_reg[8]/C
                            (rising edge-triggered cell FDCE clocked by core_clk  {rise@0.000ns fall@3.333ns period=6.666ns})
  Destination:            u_accuracy/u_exp/stage1_binary_exponent_reg[7]/D
                            (rising edge-triggered cell FDCE clocked by core_clk  {rise@0.000ns fall@3.333ns period=6.666ns})
  Path Group:             core_clk
  Path Type:              Setup (Max at Slow Process Corner)
  Requirement:            6.666ns  (core_clk rise@6.666ns - core_clk rise@0.000ns)
  Data Path Delay:        8.762ns  (logic 3.762ns (42.935%)  route 5.000ns (57.065%))
  Logic Levels:           34  (CARRY8=12 DSP_A_B_DATA=1 DSP_ALU=1 DSP_M_DATA=1 DSP_MULTIPLIER=1 DSP_OUTPUT=1 DSP_PREADD_DATA=1 LUT2=1 LUT3=2 LUT4=4 LUT5=3 LUT6=6)
  Clock Uncertainty:      0.035ns  ((TSJ^2 + TIJ^2)^1/2 + DJ) / 2 + PE
    Total System Jitter     (TSJ):    0.071ns
    Total Input Jitter      (TIJ):    0.000ns
    Discrete Jitter          (DJ):    0.000ns
    Phase Error              (PE):    0.000ns

    Location             Delay type                Incr(ns)  Path(ns)    Netlist Resource(s)
  -------------------------------------------------------------------    -------------------
                         (clock core_clk rise edge)
                                                      0.000     0.000 r  
                                                      0.000     0.000 r  clk (IN)
                         net (fo=16560, unset)        0.000     0.000    u_accuracy/u_exp/clk
                         FDCE                                         r  u_accuracy/u_exp/stage0_max_bf16_reg[8]/C
  -------------------------------------------------------------------    -------------------
                         FDCE (Prop_FDCE_C_Q)         0.077     0.077 r  u_accuracy/u_exp/stage0_max_bf16_reg[8]/Q
                         net (fo=118, unplaced)       0.275     0.352    u_accuracy/u_exp/p_0_in[1]
                         LUT3 (Prop_LUT3_I2_O)        0.038     0.390 r  u_accuracy/u_exp/stage1_binary_exponent1_i_407/O
                         net (fo=18, unplaced)        0.279     0.669    u_accuracy/u_exp/stage1_binary_exponent1_i_407_n_0
                         LUT6 (Prop_LUT6_I3_O)        0.038     0.707 f  u_accuracy/u_exp/stage1_binary_exponent1_i_321/O
                         net (fo=25, unplaced)        0.286     0.993    u_accuracy/u_exp/stage1_binary_exponent1_i_321_n_0
                         LUT4 (Prop_LUT4_I3_O)        0.070     1.063 r  u_accuracy/u_exp/stage1_binary_exponent1_i_575/O
                         net (fo=1, unplaced)         0.253     1.316    u_accuracy/u_exp/stage1_binary_exponent1_i_575_n_0
                         CARRY8 (Prop_CARRY8_DI[0]_O[4])
                                                      0.177     1.493 r  u_accuracy/u_exp/stage1_binary_exponent1_i_544/O[4]
                         net (fo=2, unplaced)         0.232     1.725    u_accuracy/u_exp/quotient42_in[5]
                         LUT6 (Prop_LUT6_I1_O)        0.038     1.763 f  u_accuracy/u_exp/stage1_binary_exponent1_i_553/O
                         net (fo=2, unplaced)         0.232     1.995    u_accuracy/u_exp/stage1_binary_exponent1_i_553_n_0
                         LUT4 (Prop_LUT4_I0_O)        0.038     2.033 r  u_accuracy/u_exp/stage1_binary_exponent1_i_543/O
                         net (fo=1, unplaced)         0.232     2.265    u_accuracy/u_exp/stage1_binary_exponent1_i_543_n_0
                         LUT4 (Prop_LUT4_I0_O)        0.037     2.302 r  u_accuracy/u_exp/stage1_binary_exponent1_i_478/O
                         net (fo=1, unplaced)         0.023     2.325    u_accuracy/u_exp/stage1_binary_exponent1_i_478_n_0
                         CARRY8 (Prop_CARRY8_S[1]_CO[7])
                                                      0.197     2.522 f  u_accuracy/u_exp/stage1_binary_exponent1_i_412/CO[7]
                         net (fo=1, unplaced)         0.005     2.527    u_accuracy/u_exp/stage1_binary_exponent1_i_412_n_0
                         CARRY8 (Prop_CARRY8_CI_CO[2])
                                                      0.057     2.584 f  u_accuracy/u_exp/stage1_binary_exponent1_i_329/CO[2]
                         net (fo=5, unplaced)         0.250     2.834    u_accuracy/u_exp/quotient38_out
                         LUT5 (Prop_LUT5_I1_O)        0.038     2.872 r  u_accuracy/u_exp/stage1_binary_exponent1_i_323/O
                         net (fo=3, unplaced)         0.238     3.110    u_accuracy/u_exp/stage1_binary_exponent1_i_323_n_0
                         LUT4 (Prop_LUT4_I1_O)        0.038     3.148 f  u_accuracy/u_exp/stage1_binary_exponent1_i_314/O
                         net (fo=3, unplaced)         0.238     3.386    u_accuracy/u_exp/stage1_binary_exponent1_i_314_n_0
                         LUT6 (Prop_LUT6_I5_O)        0.038     3.424 f  u_accuracy/u_exp/stage1_binary_exponent1_i_311/O
                         net (fo=2, unplaced)         0.232     3.656    u_accuracy/u_exp/stage1_binary_exponent1_i_311_n_0
                         LUT5 (Prop_LUT5_I3_O)        0.037     3.693 r  u_accuracy/u_exp/stage1_binary_exponent1_i_291/O
                         net (fo=1, unplaced)         0.023     3.716    u_accuracy/u_exp/stage1_binary_exponent1_i_291_n_0
                         CARRY8 (Prop_CARRY8_S[6]_CO[7])
                                                      0.124     3.840 r  u_accuracy/u_exp/stage1_binary_exponent1_i_158/CO[7]
                         net (fo=1, unplaced)         0.005     3.845    u_accuracy/u_exp/stage1_binary_exponent1_i_158_n_0
                         CARRY8 (Prop_CARRY8_CI_O[0])
                                                      0.056     3.901 r  u_accuracy/u_exp/stage1_binary_exponent1_i_139/O[0]
                         net (fo=2, unplaced)         0.232     4.133    u_accuracy/u_exp/bf16_to_q16_return0[9]
                         LUT3 (Prop_LUT3_I0_O)        0.038     4.171 r  u_accuracy/u_exp/stage1_binary_exponent1_i_74/O
                         net (fo=1, unplaced)         0.256     4.427    u_accuracy/u_exp/bf16_to_q16_return[9]
                         CARRY8 (Prop_CARRY8_DI[1]_CO[7])
                                                      0.127     4.554 r  u_accuracy/u_exp/stage1_binary_exponent1_i_30/CO[7]
                         net (fo=1, unplaced)         0.005     4.559    u_accuracy/u_exp/stage1_binary_exponent1_i_30_n_0
                         CARRY8 (Prop_CARRY8_CI_O[5])
                                                      0.116     4.675 r  u_accuracy/u_exp/stage1_binary_exponent1_i_29/O[5]
                         net (fo=4, unplaced)         0.214     4.889    u_accuracy/u_exp/stage1_binary_exponent1_i_29_n_10
                         LUT2 (Prop_LUT2_I0_O)        0.099     4.988 r  u_accuracy/u_exp/stage1_binary_exponent1_i_208/O
                         net (fo=1, unplaced)         0.251     5.239    u_accuracy/u_exp/stage1_binary_exponent1_i_208_n_0
                         CARRY8 (Prop_CARRY8_DI[2]_CO[7])
                                                      0.117     5.356 r  u_accuracy/u_exp/stage1_binary_exponent1_i_130/CO[7]
                         net (fo=1, unplaced)         0.005     5.361    u_accuracy/u_exp/stage1_binary_exponent1_i_130_n_0
                         CARRY8 (Prop_CARRY8_CI_CO[0])
                                                      0.052     5.413 r  u_accuracy/u_exp/stage1_binary_exponent1_i_51/CO[0]
                         net (fo=1, unplaced)         0.232     5.645    u_accuracy/u_exp/gap_q162
                         LUT5 (Prop_LUT5_I4_O)        0.038     5.683 r  u_accuracy/u_exp/stage1_binary_exponent1_i_28/O
                         net (fo=23, unplaced)        0.284     5.967    u_accuracy/u_exp/stage1_binary_exponent1_i_28_n_0
                         LUT6 (Prop_LUT6_I5_O)        0.038     6.005 f  u_accuracy/u_exp/stage1_binary_exponent1_i_23/O
                         net (fo=1, unplaced)         0.209     6.214    u_accuracy/u_exp/stage1_binary_exponent1/A[0]
                         DSP_A_B_DATA (Prop_DSP_A_B_DATA_A[0]_A2_DATA[0])
                                                      0.192     6.406 r  u_accuracy/u_exp/stage1_binary_exponent1/DSP_A_B_DATA_INST/A2_DATA[0]
                         net (fo=1, unplaced)         0.000     6.406    u_accuracy/u_exp/stage1_binary_exponent1/DSP_A_B_DATA.A2_DATA<0>
                         DSP_PREADD_DATA (Prop_DSP_PREADD_DATA_A2_DATA[0]_A2A1[0])
                                                      0.076     6.482 r  u_accuracy/u_exp/stage1_binary_exponent1/DSP_PREADD_DATA_INST/A2A1[0]
                         net (fo=1, unplaced)         0.000     6.482    u_accuracy/u_exp/stage1_binary_exponent1/DSP_PREADD_DATA.A2A1<0>
                         DSP_MULTIPLIER (Prop_DSP_MULTIPLIER_A2A1[0]_U[1])
                                                      0.505     6.987 f  u_accuracy/u_exp/stage1_binary_exponent1/DSP_MULTIPLIER_INST/U[1]
                         net (fo=1, unplaced)         0.000     6.987    u_accuracy/u_exp/stage1_binary_exponent1/DSP_MULTIPLIER.U<1>
                         DSP_M_DATA (Prop_DSP_M_DATA_U[1]_U_DATA[1])
                                                      0.047     7.034 r  u_accuracy/u_exp/stage1_binary_exponent1/DSP_M_DATA_INST/U_DATA[1]
                         net (fo=1, unplaced)         0.000     7.034    u_accuracy/u_exp/stage1_binary_exponent1/DSP_M_DATA.U_DATA<1>
                         DSP_ALU (Prop_DSP_ALU_U_DATA[1]_ALU_OUT[1])
                                                      0.585     7.619 f  u_accuracy/u_exp/stage1_binary_exponent1/DSP_ALU_INST/ALU_OUT[1]
                         net (fo=1, unplaced)         0.000     7.619    u_accuracy/u_exp/stage1_binary_exponent1/DSP_ALU.ALU_OUT<1>
                         DSP_OUTPUT (Prop_DSP_OUTPUT_ALU_OUT[1]_P[1])
                                                      0.109     7.728 r  u_accuracy/u_exp/stage1_binary_exponent1/DSP_OUTPUT_INST/P[1]
                         net (fo=1, unplaced)         0.221     7.949    u_accuracy/u_exp/stage1_binary_exponent1_n_104
                         LUT6 (Prop_LUT6_I0_O)        0.150     8.099 r  u_accuracy/u_exp/stage1_binary_fraction[7]_i_5/O
                         net (fo=1, unplaced)         0.232     8.331    u_accuracy/u_exp/stage1_binary_fraction[7]_i_5_n_0
                         LUT6 (Prop_LUT6_I5_O)        0.038     8.369 r  u_accuracy/u_exp/stage1_binary_fraction[7]_i_2/O
                         net (fo=1, unplaced)         0.020     8.389    u_accuracy/u_exp/stage1_binary_fraction[7]_i_2_n_0
                         CARRY8 (Prop_CARRY8_S[0]_CO[7])
                                                      0.199     8.588 r  u_accuracy/u_exp/stage1_binary_fraction_reg[7]_i_1/CO[7]
                         net (fo=1, unplaced)         0.005     8.593    u_accuracy/u_exp/stage1_binary_fraction_reg[7]_i_1_n_0
                         CARRY8 (Prop_CARRY8_CI_CO[7])
                                                      0.022     8.615 r  u_accuracy/u_exp/stage1_binary_fraction_reg[15]_i_2/CO[7]
                         net (fo=1, unplaced)         0.005     8.620    u_accuracy/u_exp/stage1_binary_fraction_reg[15]_i_2_n_0
                         CARRY8 (Prop_CARRY8_CI_O[7])
                                                      0.116     8.736 r  u_accuracy/u_exp/stage1_binary_exponent_reg[7]_i_1/O[7]
                         net (fo=1, unplaced)         0.026     8.762    u_accuracy/u_exp/stage1_binary_exponent_comb[7]
                         FDCE                                         r  u_accuracy/u_exp/stage1_binary_exponent_reg[7]/D
  -------------------------------------------------------------------    -------------------

                         (clock core_clk rise edge)
                                                      6.666     6.666 r  
                                                      0.000     6.666 r  clk (IN)
                         net (fo=16560, unset)        0.000     6.666    u_accuracy/u_exp/clk
                         FDCE                                         r  u_accuracy/u_exp/stage1_binary_exponent_reg[7]/C
                         clock pessimism              0.000     6.666    
                         clock uncertainty           -0.035     6.631    
                         FDCE (Setup_FDCE_C_D)        0.025     6.656    u_accuracy/u_exp/stage1_binary_exponent_reg[7]
  -------------------------------------------------------------------
                         required time                          6.656    
                         arrival time                          -8.762    
  -------------------------------------------------------------------
                         slack                                 -2.106    

Slack (VIOLATED) :        -2.105ns  (required time - arrival time)
  Source:                 u_accuracy/u_exp/stage0_max_bf16_reg[8]/C
                            (rising edge-triggered cell FDCE clocked by core_clk  {rise@0.000ns fall@3.333ns period=6.666ns})
  Destination:            u_accuracy/u_exp/stage1_binary_exponent_reg[5]/D
                            (rising edge-triggered cell FDCE clocked by core_clk  {rise@0.000ns fall@3.333ns period=6.666ns})
  Path Group:             core_clk
  Path Type:              Setup (Max at Slow Process Corner)
  Requirement:            6.666ns  (core_clk rise@6.666ns - core_clk rise@0.000ns)
  Data Path Delay:        8.761ns  (logic 3.762ns (42.940%)  route 4.999ns (57.060%))
  Logic Levels:           34  (CARRY8=12 DSP_A_B_DATA=1 DSP_ALU=1 DSP_M_DATA=1 DSP_MULTIPLIER=1 DSP_OUTPUT=1 DSP_PREADD_DATA=1 LUT2=1 LUT3=2 LUT4=4 LUT5=3 LUT6=6)
  Clock Uncertainty:      0.035ns  ((TSJ^2 + TIJ^2)^1/2 + DJ) / 2 + PE
    Total System Jitter     (TSJ):    0.071ns
    Total Input Jitter      (TIJ):    0.000ns
    Discrete Jitter          (DJ):    0.000ns
    Phase Error              (PE):    0.000ns

    Location             Delay type                Incr(ns)  Path(ns)    Netlist Resource(s)
  -------------------------------------------------------------------    -------------------
                         (clock core_clk rise edge)
                                                      0.000     0.000 r  
                                                      0.000     0.000 r  clk (IN)
                         net (fo=16560, unset)        0.000     0.000    u_accuracy/u_exp/clk
                         FDCE                                         r  u_accuracy/u_exp/stage0_max_bf16_reg[8]/C
  -------------------------------------------------------------------    -------------------
                         FDCE (Prop_FDCE_C_Q)         0.077     0.077 r  u_accuracy/u_exp/stage0_max_bf16_reg[8]/Q
                         net (fo=118, unplaced)       0.275     0.352    u_accuracy/u_exp/p_0_in[1]
                         LUT3 (Prop_LUT3_I2_O)        0.038     0.390 r  u_accuracy/u_exp/stage1_binary_exponent1_i_407/O
                         net (fo=18, unplaced)        0.279     0.669    u_accuracy/u_exp/stage1_binary_exponent1_i_407_n_0
                         LUT6 (Prop_LUT6_I3_O)        0.038     0.707 f  u_accuracy/u_exp/stage1_binary_exponent1_i_321/O
                         net (fo=25, unplaced)        0.286     0.993    u_accuracy/u_exp/stage1_binary_exponent1_i_321_n_0
                         LUT4 (Prop_LUT4_I3_O)        0.070     1.063 r  u_accuracy/u_exp/stage1_binary_exponent1_i_575/O
                         net (fo=1, unplaced)         0.253     1.316    u_accuracy/u_exp/stage1_binary_exponent1_i_575_n_0
                         CARRY8 (Prop_CARRY8_DI[0]_O[4])
                                                      0.177     1.493 r  u_accuracy/u_exp/stage1_binary_exponent1_i_544/O[4]
                         net (fo=2, unplaced)         0.232     1.725    u_accuracy/u_exp/quotient42_in[5]
                         LUT6 (Prop_LUT6_I1_O)        0.038     1.763 f  u_accuracy/u_exp/stage1_binary_exponent1_i_553/O
                         net (fo=2, unplaced)         0.232     1.995    u_accuracy/u_exp/stage1_binary_exponent1_i_553_n_0
                         LUT4 (Prop_LUT4_I0_O)        0.038     2.033 r  u_accuracy/u_exp/stage1_binary_exponent1_i_543/O
                         net (fo=1, unplaced)         0.232     2.265    u_accuracy/u_exp/stage1_binary_exponent1_i_543_n_0
                         LUT4 (Prop_LUT4_I0_O)        0.037     2.302 r  u_accuracy/u_exp/stage1_binary_exponent1_i_478/O
                         net (fo=1, unplaced)         0.023     2.325    u_accuracy/u_exp/stage1_binary_exponent1_i_478_n_0
                         CARRY8 (Prop_CARRY8_S[1]_CO[7])
                                                      0.197     2.522 f  u_accuracy/u_exp/stage1_binary_exponent1_i_412/CO[7]
                         net (fo=1, unplaced)         0.005     2.527    u_accuracy/u_exp/stage1_binary_exponent1_i_412_n_0
                         CARRY8 (Prop_CARRY8_CI_CO[2])
                                                      0.057     2.584 f  u_accuracy/u_exp/stage1_binary_exponent1_i_329/CO[2]
                         net (fo=5, unplaced)         0.250     2.834    u_accuracy/u_exp/quotient38_out
                         LUT5 (Prop_LUT5_I1_O)        0.038     2.872 r  u_accuracy/u_exp/stage1_binary_exponent1_i_323/O
                         net (fo=3, unplaced)         0.238     3.110    u_accuracy/u_exp/stage1_binary_exponent1_i_323_n_0
                         LUT4 (Prop_LUT4_I1_O)        0.038     3.148 f  u_accuracy/u_exp/stage1_binary_exponent1_i_314/O
                         net (fo=3, unplaced)         0.238     3.386    u_accuracy/u_exp/stage1_binary_exponent1_i_314_n_0
                         LUT6 (Prop_LUT6_I5_O)        0.038     3.424 f  u_accuracy/u_exp/stage1_binary_exponent1_i_311/O
                         net (fo=2, unplaced)         0.232     3.656    u_accuracy/u_exp/stage1_binary_exponent1_i_311_n_0
                         LUT5 (Prop_LUT5_I3_O)        0.037     3.693 r  u_accuracy/u_exp/stage1_binary_exponent1_i_291/O
                         net (fo=1, unplaced)         0.023     3.716    u_accuracy/u_exp/stage1_binary_exponent1_i_291_n_0
                         CARRY8 (Prop_CARRY8_S[6]_CO[7])
                                                      0.124     3.840 r  u_accuracy/u_exp/stage1_binary_exponent1_i_158/CO[7]
                         net (fo=1, unplaced)         0.005     3.845    u_accuracy/u_exp/stage1_binary_exponent1_i_158_n_0
                         CARRY8 (Prop_CARRY8_CI_O[0])
                                                      0.056     3.901 r  u_accuracy/u_exp/stage1_binary_exponent1_i_139/O[0]
                         net (fo=2, unplaced)         0.232     4.133    u_accuracy/u_exp/bf16_to_q16_return0[9]
                         LUT3 (Prop_LUT3_I0_O)        0.038     4.171 r  u_accuracy/u_exp/stage1_binary_exponent1_i_74/O
                         net (fo=1, unplaced)         0.256     4.427    u_accuracy/u_exp/bf16_to_q16_return[9]
                         CARRY8 (Prop_CARRY8_DI[1]_CO[7])
                                                      0.127     4.554 r  u_accuracy/u_exp/stage1_binary_exponent1_i_30/CO[7]
                         net (fo=1, unplaced)         0.005     4.559    u_accuracy/u_exp/stage1_binary_exponent1_i_30_n_0
                         CARRY8 (Prop_CARRY8_CI_O[5])
                                                      0.116     4.675 r  u_accuracy/u_exp/stage1_binary_exponent1_i_29/O[5]
                         net (fo=4, unplaced)         0.214     4.889    u_accuracy/u_exp/stage1_binary_exponent1_i_29_n_10
                         LUT2 (Prop_LUT2_I0_O)        0.099     4.988 r  u_accuracy/u_exp/stage1_binary_exponent1_i_208/O
                         net (fo=1, unplaced)         0.251     5.239    u_accuracy/u_exp/stage1_binary_exponent1_i_208_n_0
                         CARRY8 (Prop_CARRY8_DI[2]_CO[7])
                                                      0.117     5.356 r  u_accuracy/u_exp/stage1_binary_exponent1_i_130/CO[7]
                         net (fo=1, unplaced)         0.005     5.361    u_accuracy/u_exp/stage1_binary_exponent1_i_130_n_0
                         CARRY8 (Prop_CARRY8_CI_CO[0])
                                                      0.052     5.413 r  u_accuracy/u_exp/stage1_binary_exponent1_i_51/CO[0]
                         net (fo=1, unplaced)         0.232     5.645    u_accuracy/u_exp/gap_q162
                         LUT5 (Prop_LUT5_I4_O)        0.038     5.683 r  u_accuracy/u_exp/stage1_binary_exponent1_i_28/O
                         net (fo=23, unplaced)        0.284     5.967    u_accuracy/u_exp/stage1_binary_exponent1_i_28_n_0
                         LUT6 (Prop_LUT6_I5_O)        0.038     6.005 f  u_accuracy/u_exp/stage1_binary_exponent1_i_23/O
                         net (fo=1, unplaced)         0.209     6.214    u_accuracy/u_exp/stage1_binary_exponent1/A[0]
                         DSP_A_B_DATA (Prop_DSP_A_B_DATA_A[0]_A2_DATA[0])
                                                      0.192     6.406 r  u_accuracy/u_exp/stage1_binary_exponent1/DSP_A_B_DATA_INST/A2_DATA[0]
                         net (fo=1, unplaced)         0.000     6.406    u_accuracy/u_exp/stage1_binary_exponent1/DSP_A_B_DATA.A2_DATA<0>
                         DSP_PREADD_DATA (Prop_DSP_PREADD_DATA_A2_DATA[0]_A2A1[0])
                                                      0.076     6.482 r  u_accuracy/u_exp/stage1_binary_exponent1/DSP_PREADD_DATA_INST/A2A1[0]
                         net (fo=1, unplaced)         0.000     6.482    u_accuracy/u_exp/stage1_binary_exponent1/DSP_PREADD_DATA.A2A1<0>
                         DSP_MULTIPLIER (Prop_DSP_MULTIPLIER_A2A1[0]_U[1])
                                                      0.505     6.987 f  u_accuracy/u_exp/stage1_binary_exponent1/DSP_MULTIPLIER_INST/U[1]
                         net (fo=1, unplaced)         0.000     6.987    u_accuracy/u_exp/stage1_binary_exponent1/DSP_MULTIPLIER.U<1>
                         DSP_M_DATA (Prop_DSP_M_DATA_U[1]_U_DATA[1])
                                                      0.047     7.034 r  u_accuracy/u_exp/stage1_binary_exponent1/DSP_M_DATA_INST/U_DATA[1]
                         net (fo=1, unplaced)         0.000     7.034    u_accuracy/u_exp/stage1_binary_exponent1/DSP_M_DATA.U_DATA<1>
                         DSP_ALU (Prop_DSP_ALU_U_DATA[1]_ALU_OUT[1])
                                                      0.585     7.619 f  u_accuracy/u_exp/stage1_binary_exponent1/DSP_ALU_INST/ALU_OUT[1]
                         net (fo=1, unplaced)         0.000     7.619    u_accuracy/u_exp/stage1_binary_exponent1/DSP_ALU.ALU_OUT<1>
                         DSP_OUTPUT (Prop_DSP_OUTPUT_ALU_OUT[1]_P[1])
                                                      0.109     7.728 r  u_accuracy/u_exp/stage1_binary_exponent1/DSP_OUTPUT_INST/P[1]
                         net (fo=1, unplaced)         0.221     7.949    u_accuracy/u_exp/stage1_binary_exponent1_n_104
                         LUT6 (Prop_LUT6_I0_O)        0.150     8.099 r  u_accuracy/u_exp/stage1_binary_fraction[7]_i_5/O
                         net (fo=1, unplaced)         0.232     8.331    u_accuracy/u_exp/stage1_binary_fraction[7]_i_5_n_0
                         LUT6 (Prop_LUT6_I5_O)        0.038     8.369 r  u_accuracy/u_exp/stage1_binary_fraction[7]_i_2/O
                         net (fo=1, unplaced)         0.020     8.389    u_accuracy/u_exp/stage1_binary_fraction[7]_i_2_n_0
                         CARRY8 (Prop_CARRY8_S[0]_CO[7])
                                                      0.199     8.588 r  u_accuracy/u_exp/stage1_binary_fraction_reg[7]_i_1/CO[7]
                         net (fo=1, unplaced)         0.005     8.593    u_accuracy/u_exp/stage1_binary_fraction_reg[7]_i_1_n_0
                         CARRY8 (Prop_CARRY8_CI_CO[7])
                                                      0.022     8.615 r  u_accuracy/u_exp/stage1_binary_fraction_reg[15]_i_2/CO[7]
                         net (fo=1, unplaced)         0.005     8.620    u_accuracy/u_exp/stage1_binary_fraction_reg[15]_i_2_n_0
                         CARRY8 (Prop_CARRY8_CI_O[5])
                                                      0.116     8.736 r  u_accuracy/u_exp/stage1_binary_exponent_reg[7]_i_1/O[5]
                         net (fo=1, unplaced)         0.025     8.761    u_accuracy/u_exp/stage1_binary_exponent_comb[5]
                         FDCE                                         r  u_accuracy/u_exp/stage1_binary_exponent_reg[5]/D
  -------------------------------------------------------------------    -------------------

                         (clock core_clk rise edge)
                                                      6.666     6.666 r  
                                                      0.000     6.666 r  clk (IN)
                         net (fo=16560, unset)        0.000     6.666    u_accuracy/u_exp/clk
                         FDCE                                         r  u_accuracy/u_exp/stage1_binary_exponent_reg[5]/C
                         clock pessimism              0.000     6.666    
                         clock uncertainty           -0.035     6.631    
                         FDCE (Setup_FDCE_C_D)        0.025     6.656    u_accuracy/u_exp/stage1_binary_exponent_reg[5]
  -------------------------------------------------------------------
                         required time                          6.656    
                         arrival time                          -8.761    
  -------------------------------------------------------------------
                         slack                                 -2.105    

Slack (VIOLATED) :        -2.093ns  (required time - arrival time)
  Source:                 u_accuracy/u_exp/stage0_max_bf16_reg[8]/C
                            (rising edge-triggered cell FDCE clocked by core_clk  {rise@0.000ns fall@3.333ns period=6.666ns})
  Destination:            u_accuracy/u_exp/stage1_binary_exponent_reg[6]/D
                            (rising edge-triggered cell FDCE clocked by core_clk  {rise@0.000ns fall@3.333ns period=6.666ns})
  Path Group:             core_clk
  Path Type:              Setup (Max at Slow Process Corner)
  Requirement:            6.666ns  (core_clk rise@6.666ns - core_clk rise@0.000ns)
  Data Path Delay:        8.749ns  (logic 3.749ns (42.851%)  route 5.000ns (57.149%))
  Logic Levels:           34  (CARRY8=12 DSP_A_B_DATA=1 DSP_ALU=1 DSP_M_DATA=1 DSP_MULTIPLIER=1 DSP_OUTPUT=1 DSP_PREADD_DATA=1 LUT2=1 LUT3=2 LUT4=4 LUT5=3 LUT6=6)
  Clock Uncertainty:      0.035ns  ((TSJ^2 + TIJ^2)^1/2 + DJ) / 2 + PE
    Total System Jitter     (TSJ):    0.071ns
    Total Input Jitter      (TIJ):    0.000ns
    Discrete Jitter          (DJ):    0.000ns
    Phase Error              (PE):    0.000ns

    Location             Delay type                Incr(ns)  Path(ns)    Netlist Resource(s)
  -------------------------------------------------------------------    -------------------
                         (clock core_clk rise edge)
                                                      0.000     0.000 r  
                                                      0.000     0.000 r  clk (IN)
                         net (fo=16560, unset)        0.000     0.000    u_accuracy/u_exp/clk
                         FDCE                                         r  u_accuracy/u_exp/stage0_max_bf16_reg[8]/C
  -------------------------------------------------------------------    -------------------
                         FDCE (Prop_FDCE_C_Q)         0.077     0.077 r  u_accuracy/u_exp/stage0_max_bf16_reg[8]/Q
                         net (fo=118, unplaced)       0.275     0.352    u_accuracy/u_exp/p_0_in[1]
                         LUT3 (Prop_LUT3_I2_O)        0.038     0.390 r  u_accuracy/u_exp/stage1_binary_exponent1_i_407/O
                         net (fo=18, unplaced)        0.279     0.669    u_accuracy/u_exp/stage1_binary_exponent1_i_407_n_0
                         LUT6 (Prop_LUT6_I3_O)        0.038     0.707 f  u_accuracy/u_exp/stage1_binary_exponent1_i_321/O
                         net (fo=25, unplaced)        0.286     0.993    u_accuracy/u_exp/stage1_binary_exponent1_i_321_n_0
                         LUT4 (Prop_LUT4_I3_O)        0.070     1.063 r  u_accuracy/u_exp/stage1_binary_exponent1_i_575/O
                         net (fo=1, unplaced)         0.253     1.316    u_accuracy/u_exp/stage1_binary_exponent1_i_575_n_0
                         CARRY8 (Prop_CARRY8_DI[0]_O[4])
                                                      0.177     1.493 r  u_accuracy/u_exp/stage1_binary_exponent1_i_544/O[4]
                         net (fo=2, unplaced)         0.232     1.725    u_accuracy/u_exp/quotient42_in[5]
                         LUT6 (Prop_LUT6_I1_O)        0.038     1.763 f  u_accuracy/u_exp/stage1_binary_exponent1_i_553/O
                         net (fo=2, unplaced)         0.232     1.995    u_accuracy/u_exp/stage1_binary_exponent1_i_553_n_0
                         LUT4 (Prop_LUT4_I0_O)        0.038     2.033 r  u_accuracy/u_exp/stage1_binary_exponent1_i_543/O
                         net (fo=1, unplaced)         0.232     2.265    u_accuracy/u_exp/stage1_binary_exponent1_i_543_n_0
                         LUT4 (Prop_LUT4_I0_O)        0.037     2.302 r  u_accuracy/u_exp/stage1_binary_exponent1_i_478/O
                         net (fo=1, unplaced)         0.023     2.325    u_accuracy/u_exp/stage1_binary_exponent1_i_478_n_0
                         CARRY8 (Prop_CARRY8_S[1]_CO[7])
                                                      0.197     2.522 f  u_accuracy/u_exp/stage1_binary_exponent1_i_412/CO[7]
                         net (fo=1, unplaced)         0.005     2.527    u_accuracy/u_exp/stage1_binary_exponent1_i_412_n_0
                         CARRY8 (Prop_CARRY8_CI_CO[2])
                                                      0.057     2.584 f  u_accuracy/u_exp/stage1_binary_exponent1_i_329/CO[2]
                         net (fo=5, unplaced)         0.250     2.834    u_accuracy/u_exp/quotient38_out
                         LUT5 (Prop_LUT5_I1_O)        0.038     2.872 r  u_accuracy/u_exp/stage1_binary_exponent1_i_323/O
                         net (fo=3, unplaced)         0.238     3.110    u_accuracy/u_exp/stage1_binary_exponent1_i_323_n_0
                         LUT4 (Prop_LUT4_I1_O)        0.038     3.148 f  u_accuracy/u_exp/stage1_binary_exponent1_i_314/O
                         net (fo=3, unplaced)         0.238     3.386    u_accuracy/u_exp/stage1_binary_exponent1_i_314_n_0
                         LUT6 (Prop_LUT6_I5_O)        0.038     3.424 f  u_accuracy/u_exp/stage1_binary_exponent1_i_311/O
                         net (fo=2, unplaced)         0.232     3.656    u_accuracy/u_exp/stage1_binary_exponent1_i_311_n_0
                         LUT5 (Prop_LUT5_I3_O)        0.037     3.693 r  u_accuracy/u_exp/stage1_binary_exponent1_i_291/O
                         net (fo=1, unplaced)         0.023     3.716    u_accuracy/u_exp/stage1_binary_exponent1_i_291_n_0
                         CARRY8 (Prop_CARRY8_S[6]_CO[7])
                                                      0.124     3.840 r  u_accuracy/u_exp/stage1_binary_exponent1_i_158/CO[7]
                         net (fo=1, unplaced)         0.005     3.845    u_accuracy/u_exp/stage1_binary_exponent1_i_158_n_0
                         CARRY8 (Prop_CARRY8_CI_O[0])
                                                      0.056     3.901 r  u_accuracy/u_exp/stage1_binary_exponent1_i_139/O[0]
                         net (fo=2, unplaced)         0.232     4.133    u_accuracy/u_exp/bf16_to_q16_return0[9]
                         LUT3 (Prop_LUT3_I0_O)        0.038     4.171 r  u_accuracy/u_exp/stage1_binary_exponent1_i_74/O
                         net (fo=1, unplaced)         0.256     4.427    u_accuracy/u_exp/bf16_to_q16_return[9]
                         CARRY8 (Prop_CARRY8_DI[1]_CO[7])
                                                      0.127     4.554 r  u_accuracy/u_exp/stage1_binary_exponent1_i_30/CO[7]
                         net (fo=1, unplaced)         0.005     4.559    u_accuracy/u_exp/stage1_binary_exponent1_i_30_n_0
                         CARRY8 (Prop_CARRY8_CI_O[5])
                                                      0.116     4.675 r  u_accuracy/u_exp/stage1_binary_exponent1_i_29/O[5]
                         net (fo=4, unplaced)         0.214     4.889    u_accuracy/u_exp/stage1_binary_exponent1_i_29_n_10
                         LUT2 (Prop_LUT2_I0_O)        0.099     4.988 r  u_accuracy/u_exp/stage1_binary_exponent1_i_208/O
                         net (fo=1, unplaced)         0.251     5.239    u_accuracy/u_exp/stage1_binary_exponent1_i_208_n_0
                         CARRY8 (Prop_CARRY8_DI[2]_CO[7])
                                                      0.117     5.356 r  u_accuracy/u_exp/stage1_binary_exponent1_i_130/CO[7]
                         net (fo=1, unplaced)         0.005     5.361    u_accuracy/u_exp/stage1_binary_exponent1_i_130_n_0
                         CARRY8 (Prop_CARRY8_CI_CO[0])
                                                      0.052     5.413 r  u_accuracy/u_exp/stage1_binary_exponent1_i_51/CO[0]
                         net (fo=1, unplaced)         0.232     5.645    u_accuracy/u_exp/gap_q162
                         LUT5 (Prop_LUT5_I4_O)        0.038     5.683 r  u_accuracy/u_exp/stage1_binary_exponent1_i_28/O
                         net (fo=23, unplaced)        0.284     5.967    u_accuracy/u_exp/stage1_binary_exponent1_i_28_n_0
                         LUT6 (Prop_LUT6_I5_O)        0.038     6.005 f  u_accuracy/u_exp/stage1_binary_exponent1_i_23/O
                         net (fo=1, unplaced)         0.209     6.214    u_accuracy/u_exp/stage1_binary_exponent1/A[0]
                         DSP_A_B_DATA (Prop_DSP_A_B_DATA_A[0]_A2_DATA[0])
                                                      0.192     6.406 r  u_accuracy/u_exp/stage1_binary_exponent1/DSP_A_B_DATA_INST/A2_DATA[0]
                         net (fo=1, unplaced)         0.000     6.406    u_accuracy/u_exp/stage1_binary_exponent1/DSP_A_B_DATA.A2_DATA<0>
                         DSP_PREADD_DATA (Prop_DSP_PREADD_DATA_A2_DATA[0]_A2A1[0])
                                                      0.076     6.482 r  u_accuracy/u_exp/stage1_binary_exponent1/DSP_PREADD_DATA_INST/A2A1[0]
                         net (fo=1, unplaced)         0.000     6.482    u_accuracy/u_exp/stage1_binary_exponent1/DSP_PREADD_DATA.A2A1<0>
                         DSP_MULTIPLIER (Prop_DSP_MULTIPLIER_A2A1[0]_U[1])
                                                      0.505     6.987 f  u_accuracy/u_exp/stage1_binary_exponent1/DSP_MULTIPLIER_INST/U[1]
                         net (fo=1, unplaced)         0.000     6.987    u_accuracy/u_exp/stage1_binary_exponent1/DSP_MULTIPLIER.U<1>
                         DSP_M_DATA (Prop_DSP_M_DATA_U[1]_U_DATA[1])
                                                      0.047     7.034 r  u_accuracy/u_exp/stage1_binary_exponent1/DSP_M_DATA_INST/U_DATA[1]
                         net (fo=1, unplaced)         0.000     7.034    u_accuracy/u_exp/stage1_binary_exponent1/DSP_M_DATA.U_DATA<1>
                         DSP_ALU (Prop_DSP_ALU_U_DATA[1]_ALU_OUT[1])
                                                      0.585     7.619 f  u_accuracy/u_exp/stage1_binary_exponent1/DSP_ALU_INST/ALU_OUT[1]
                         net (fo=1, unplaced)         0.000     7.619    u_accuracy/u_exp/stage1_binary_exponent1/DSP_ALU.ALU_OUT<1>
                         DSP_OUTPUT (Prop_DSP_OUTPUT_ALU_OUT[1]_P[1])
                                                      0.109     7.728 r  u_accuracy/u_exp/stage1_binary_exponent1/DSP_OUTPUT_INST/P[1]
                         net (fo=1, unplaced)         0.221     7.949    u_accuracy/u_exp/stage1_binary_exponent1_n_104
                         LUT6 (Prop_LUT6_I0_O)        0.150     8.099 r  u_accuracy/u_exp/stage1_binary_fraction[7]_i_5/O
                         net (fo=1, unplaced)         0.232     8.331    u_accuracy/u_exp/stage1_binary_fraction[7]_i_5_n_0
                         LUT6 (Prop_LUT6_I5_O)        0.038     8.369 r  u_accuracy/u_exp/stage1_binary_fraction[7]_i_2/O
                         net (fo=1, unplaced)         0.020     8.389    u_accuracy/u_exp/stage1_binary_fraction[7]_i_2_n_0
                         CARRY8 (Prop_CARRY8_S[0]_CO[7])
                                                      0.199     8.588 r  u_accuracy/u_exp/stage1_binary_fraction_reg[7]_i_1/CO[7]
                         net (fo=1, unplaced)         0.005     8.593    u_accuracy/u_exp/stage1_binary_fraction_reg[7]_i_1_n_0
                         CARRY8 (Prop_CARRY8_CI_CO[7])
                                                      0.022     8.615 r  u_accuracy/u_exp/stage1_binary_fraction_reg[15]_i_2/CO[7]
                         net (fo=1, unplaced)         0.005     8.620    u_accuracy/u_exp/stage1_binary_fraction_reg[15]_i_2_n_0
                         CARRY8 (Prop_CARRY8_CI_O[6])
                                                      0.103     8.723 r  u_accuracy/u_exp/stage1_binary_exponent_reg[7]_i_1/O[6]
                         net (fo=1, unplaced)         0.026     8.749    u_accuracy/u_exp/stage1_binary_exponent_comb[6]
                         FDCE                                         r  u_accuracy/u_exp/stage1_binary_exponent_reg[6]/D
  -------------------------------------------------------------------    -------------------

                         (clock core_clk rise edge)
                                                      6.666     6.666 r  
                                                      0.000     6.666 r  clk (IN)
                         net (fo=16560, unset)        0.000     6.666    u_accuracy/u_exp/clk
                         FDCE                                         r  u_accuracy/u_exp/stage1_binary_exponent_reg[6]/C
                         clock pessimism              0.000     6.666    
                         clock uncertainty           -0.035     6.631    
                         FDCE (Setup_FDCE_C_D)        0.025     6.656    u_accuracy/u_exp/stage1_binary_exponent_reg[6]
  -------------------------------------------------------------------
                         required time                          6.656    
                         arrival time                          -8.749    
  -------------------------------------------------------------------
                         slack                                 -2.093    

Slack (VIOLATED) :        -2.079ns  (required time - arrival time)
  Source:                 u_accuracy/u_exp/stage0_max_bf16_reg[8]/C
                            (rising edge-triggered cell FDCE clocked by core_clk  {rise@0.000ns fall@3.333ns period=6.666ns})
  Destination:            u_accuracy/u_exp/stage1_binary_fraction_reg[15]/D
                            (rising edge-triggered cell FDCE clocked by core_clk  {rise@0.000ns fall@3.333ns period=6.666ns})
  Path Group:             core_clk
  Path Type:              Setup (Max at Slow Process Corner)
  Requirement:            6.666ns  (core_clk rise@6.666ns - core_clk rise@0.000ns)
  Data Path Delay:        8.735ns  (logic 3.740ns (42.816%)  route 4.995ns (57.184%))
  Logic Levels:           33  (CARRY8=11 DSP_A_B_DATA=1 DSP_ALU=1 DSP_M_DATA=1 DSP_MULTIPLIER=1 DSP_OUTPUT=1 DSP_PREADD_DATA=1 LUT2=1 LUT3=2 LUT4=4 LUT5=3 LUT6=6)
  Clock Uncertainty:      0.035ns  ((TSJ^2 + TIJ^2)^1/2 + DJ) / 2 + PE
    Total System Jitter     (TSJ):    0.071ns
    Total Input Jitter      (TIJ):    0.000ns
    Discrete Jitter          (DJ):    0.000ns
    Phase Error              (PE):    0.000ns

    Location             Delay type                Incr(ns)  Path(ns)    Netlist Resource(s)
  -------------------------------------------------------------------    -------------------
                         (clock core_clk rise edge)
                                                      0.000     0.000 r  
                                                      0.000     0.000 r  clk (IN)
                         net (fo=16560, unset)        0.000     0.000    u_accuracy/u_exp/clk
                         FDCE                                         r  u_accuracy/u_exp/stage0_max_bf16_reg[8]/C
  -------------------------------------------------------------------    -------------------
                         FDCE (Prop_FDCE_C_Q)         0.077     0.077 r  u_accuracy/u_exp/stage0_max_bf16_reg[8]/Q
                         net (fo=118, unplaced)       0.275     0.352    u_accuracy/u_exp/p_0_in[1]
                         LUT3 (Prop_LUT3_I2_O)        0.038     0.390 r  u_accuracy/u_exp/stage1_binary_exponent1_i_407/O
                         net (fo=18, unplaced)        0.279     0.669    u_accuracy/u_exp/stage1_binary_exponent1_i_407_n_0
                         LUT6 (Prop_LUT6_I3_O)        0.038     0.707 f  u_accuracy/u_exp/stage1_binary_exponent1_i_321/O
                         net (fo=25, unplaced)        0.286     0.993    u_accuracy/u_exp/stage1_binary_exponent1_i_321_n_0
                         LUT4 (Prop_LUT4_I3_O)        0.070     1.063 r  u_accuracy/u_exp/stage1_binary_exponent1_i_575/O
                         net (fo=1, unplaced)         0.253     1.316    u_accuracy/u_exp/stage1_binary_exponent1_i_575_n_0
                         CARRY8 (Prop_CARRY8_DI[0]_O[4])
                                                      0.177     1.493 r  u_accuracy/u_exp/stage1_binary_exponent1_i_544/O[4]
                         net (fo=2, unplaced)         0.232     1.725    u_accuracy/u_exp/quotient42_in[5]
                         LUT6 (Prop_LUT6_I1_O)        0.038     1.763 f  u_accuracy/u_exp/stage1_binary_exponent1_i_553/O
                         net (fo=2, unplaced)         0.232     1.995    u_accuracy/u_exp/stage1_binary_exponent1_i_553_n_0
                         LUT4 (Prop_LUT4_I0_O)        0.038     2.033 r  u_accuracy/u_exp/stage1_binary_exponent1_i_543/O
                         net (fo=1, unplaced)         0.232     2.265    u_accuracy/u_exp/stage1_binary_exponent1_i_543_n_0
                         LUT4 (Prop_LUT4_I0_O)        0.037     2.302 r  u_accuracy/u_exp/stage1_binary_exponent1_i_478/O
                         net (fo=1, unplaced)         0.023     2.325    u_accuracy/u_exp/stage1_binary_exponent1_i_478_n_0
                         CARRY8 (Prop_CARRY8_S[1]_CO[7])
                                                      0.197     2.522 f  u_accuracy/u_exp/stage1_binary_exponent1_i_412/CO[7]
                         net (fo=1, unplaced)         0.005     2.527    u_accuracy/u_exp/stage1_binary_exponent1_i_412_n_0
                         CARRY8 (Prop_CARRY8_CI_CO[2])
                                                      0.057     2.584 f  u_accuracy/u_exp/stage1_binary_exponent1_i_329/CO[2]
                         net (fo=5, unplaced)         0.250     2.834    u_accuracy/u_exp/quotient38_out
                         LUT5 (Prop_LUT5_I1_O)        0.038     2.872 r  u_accuracy/u_exp/stage1_binary_exponent1_i_323/O
                         net (fo=3, unplaced)         0.238     3.110    u_accuracy/u_exp/stage1_binary_exponent1_i_323_n_0
                         LUT4 (Prop_LUT4_I1_O)        0.038     3.148 f  u_accuracy/u_exp/stage1_binary_exponent1_i_314/O
                         net (fo=3, unplaced)         0.238     3.386    u_accuracy/u_exp/stage1_binary_exponent1_i_314_n_0
                         LUT6 (Prop_LUT6_I5_O)        0.038     3.424 f  u_accuracy/u_exp/stage1_binary_exponent1_i_311/O
                         net (fo=2, unplaced)         0.232     3.656    u_accuracy/u_exp/stage1_binary_exponent1_i_311_n_0
                         LUT5 (Prop_LUT5_I3_O)        0.037     3.693 r  u_accuracy/u_exp/stage1_binary_exponent1_i_291/O
                         net (fo=1, unplaced)         0.023     3.716    u_accuracy/u_exp/stage1_binary_exponent1_i_291_n_0
                         CARRY8 (Prop_CARRY8_S[6]_CO[7])
                                                      0.124     3.840 r  u_accuracy/u_exp/stage1_binary_exponent1_i_158/CO[7]
                         net (fo=1, unplaced)         0.005     3.845    u_accuracy/u_exp/stage1_binary_exponent1_i_158_n_0
                         CARRY8 (Prop_CARRY8_CI_O[0])
                                                      0.056     3.901 r  u_accuracy/u_exp/stage1_binary_exponent1_i_139/O[0]
                         net (fo=2, unplaced)         0.232     4.133    u_accuracy/u_exp/bf16_to_q16_return0[9]
                         LUT3 (Prop_LUT3_I0_O)        0.038     4.171 r  u_accuracy/u_exp/stage1_binary_exponent1_i_74/O
                         net (fo=1, unplaced)         0.256     4.427    u_accuracy/u_exp/bf16_to_q16_return[9]
                         CARRY8 (Prop_CARRY8_DI[1]_CO[7])
                                                      0.127     4.554 r  u_accuracy/u_exp/stage1_binary_exponent1_i_30/CO[7]
                         net (fo=1, unplaced)         0.005     4.559    u_accuracy/u_exp/stage1_binary_exponent1_i_30_n_0
                         CARRY8 (Prop_CARRY8_CI_O[5])
                                                      0.116     4.675 r  u_accuracy/u_exp/stage1_binary_exponent1_i_29/O[5]
                         net (fo=4, unplaced)         0.214     4.889    u_accuracy/u_exp/stage1_binary_exponent1_i_29_n_10
                         LUT2 (Prop_LUT2_I0_O)        0.099     4.988 r  u_accuracy/u_exp/stage1_binary_exponent1_i_208/O
                         net (fo=1, unplaced)         0.251     5.239    u_accuracy/u_exp/stage1_binary_exponent1_i_208_n_0
                         CARRY8 (Prop_CARRY8_DI[2]_CO[7])
                                                      0.117     5.356 r  u_accuracy/u_exp/stage1_binary_exponent1_i_130/CO[7]
                         net (fo=1, unplaced)         0.005     5.361    u_accuracy/u_exp/stage1_binary_exponent1_i_130_n_0
                         CARRY8 (Prop_CARRY8_CI_CO[0])
                                                      0.052     5.413 r  u_accuracy/u_exp/stage1_binary_exponent1_i_51/CO[0]
                         net (fo=1, unplaced)         0.232     5.645    u_accuracy/u_exp/gap_q162
                         LUT5 (Prop_LUT5_I4_O)        0.038     5.683 r  u_accuracy/u_exp/stage1_binary_exponent1_i_28/O
                         net (fo=23, unplaced)        0.284     5.967    u_accuracy/u_exp/stage1_binary_exponent1_i_28_n_0
                         LUT6 (Prop_LUT6_I5_O)        0.038     6.005 f  u_accuracy/u_exp/stage1_binary_exponent1_i_23/O
                         net (fo=1, unplaced)         0.209     6.214    u_accuracy/u_exp/stage1_binary_exponent1/A[0]
                         DSP_A_B_DATA (Prop_DSP_A_B_DATA_A[0]_A2_DATA[0])
                                                      0.192     6.406 r  u_accuracy/u_exp/stage1_binary_exponent1/DSP_A_B_DATA_INST/A2_DATA[0]
                         net (fo=1, unplaced)         0.000     6.406    u_accuracy/u_exp/stage1_binary_exponent1/DSP_A_B_DATA.A2_DATA<0>
                         DSP_PREADD_DATA (Prop_DSP_PREADD_DATA_A2_DATA[0]_A2A1[0])
                                                      0.076     6.482 r  u_accuracy/u_exp/stage1_binary_exponent1/DSP_PREADD_DATA_INST/A2A1[0]
                         net (fo=1, unplaced)         0.000     6.482    u_accuracy/u_exp/stage1_binary_exponent1/DSP_PREADD_DATA.A2A1<0>
                         DSP_MULTIPLIER (Prop_DSP_MULTIPLIER_A2A1[0]_U[1])
                                                      0.505     6.987 f  u_accuracy/u_exp/stage1_binary_exponent1/DSP_MULTIPLIER_INST/U[1]
                         net (fo=1, unplaced)         0.000     6.987    u_accuracy/u_exp/stage1_binary_exponent1/DSP_MULTIPLIER.U<1>
                         DSP_M_DATA (Prop_DSP_M_DATA_U[1]_U_DATA[1])
                                                      0.047     7.034 r  u_accuracy/u_exp/stage1_binary_exponent1/DSP_M_DATA_INST/U_DATA[1]
                         net (fo=1, unplaced)         0.000     7.034    u_accuracy/u_exp/stage1_binary_exponent1/DSP_M_DATA.U_DATA<1>
                         DSP_ALU (Prop_DSP_ALU_U_DATA[1]_ALU_OUT[1])
                                                      0.585     7.619 f  u_accuracy/u_exp/stage1_binary_exponent1/DSP_ALU_INST/ALU_OUT[1]
                         net (fo=1, unplaced)         0.000     7.619    u_accuracy/u_exp/stage1_binary_exponent1/DSP_ALU.ALU_OUT<1>
                         DSP_OUTPUT (Prop_DSP_OUTPUT_ALU_OUT[1]_P[1])
                                                      0.109     7.728 r  u_accuracy/u_exp/stage1_binary_exponent1/DSP_OUTPUT_INST/P[1]
                         net (fo=1, unplaced)         0.221     7.949    u_accuracy/u_exp/stage1_binary_exponent1_n_104
                         LUT6 (Prop_LUT6_I0_O)        0.150     8.099 r  u_accuracy/u_exp/stage1_binary_fraction[7]_i_5/O
                         net (fo=1, unplaced)         0.232     8.331    u_accuracy/u_exp/stage1_binary_fraction[7]_i_5_n_0
                         LUT6 (Prop_LUT6_I5_O)        0.038     8.369 r  u_accuracy/u_exp/stage1_binary_fraction[7]_i_2/O
                         net (fo=1, unplaced)         0.020     8.389    u_accuracy/u_exp/stage1_binary_fraction[7]_i_2_n_0
                         CARRY8 (Prop_CARRY8_S[0]_CO[7])
                                                      0.199     8.588 r  u_accuracy/u_exp/stage1_binary_fraction_reg[7]_i_1/CO[7]
                         net (fo=1, unplaced)         0.005     8.593    u_accuracy/u_exp/stage1_binary_fraction_reg[7]_i_1_n_0
                         CARRY8 (Prop_CARRY8_CI_O[7])
                                                      0.116     8.709 r  u_accuracy/u_exp/stage1_binary_fraction_reg[15]_i_2/O[7]
                         net (fo=1, unplaced)         0.026     8.735    u_accuracy/u_exp/stage1_binary_fraction_reg[15]_i_2_n_8
                         FDCE                                         r  u_accuracy/u_exp/stage1_binary_fraction_reg[15]/D
  -------------------------------------------------------------------    -------------------

                         (clock core_clk rise edge)
                                                      6.666     6.666 r  
                                                      0.000     6.666 r  clk (IN)
                         net (fo=16560, unset)        0.000     6.666    u_accuracy/u_exp/clk
                         FDCE                                         r  u_accuracy/u_exp/stage1_binary_fraction_reg[15]/C
                         clock pessimism              0.000     6.666    
                         clock uncertainty           -0.035     6.631    
                         FDCE (Setup_FDCE_C_D)        0.025     6.656    u_accuracy/u_exp/stage1_binary_fraction_reg[15]
  -------------------------------------------------------------------
                         required time                          6.656    
                         arrival time                          -8.735    
  -------------------------------------------------------------------
                         slack                                 -2.079    

Slack (VIOLATED) :        -2.078ns  (required time - arrival time)
  Source:                 u_accuracy/u_exp/stage0_max_bf16_reg[8]/C
                            (rising edge-triggered cell FDCE clocked by core_clk  {rise@0.000ns fall@3.333ns period=6.666ns})
  Destination:            u_accuracy/u_exp/stage1_binary_fraction_reg[13]/D
                            (rising edge-triggered cell FDCE clocked by core_clk  {rise@0.000ns fall@3.333ns period=6.666ns})
  Path Group:             core_clk
  Path Type:              Setup (Max at Slow Process Corner)
  Requirement:            6.666ns  (core_clk rise@6.666ns - core_clk rise@0.000ns)
  Data Path Delay:        8.734ns  (logic 3.740ns (42.821%)  route 4.994ns (57.179%))
  Logic Levels:           33  (CARRY8=11 DSP_A_B_DATA=1 DSP_ALU=1 DSP_M_DATA=1 DSP_MULTIPLIER=1 DSP_OUTPUT=1 DSP_PREADD_DATA=1 LUT2=1 LUT3=2 LUT4=4 LUT5=3 LUT6=6)
  Clock Uncertainty:      0.035ns  ((TSJ^2 + TIJ^2)^1/2 + DJ) / 2 + PE
    Total System Jitter     (TSJ):    0.071ns
    Total Input Jitter      (TIJ):    0.000ns
    Discrete Jitter          (DJ):    0.000ns
    Phase Error              (PE):    0.000ns

    Location             Delay type                Incr(ns)  Path(ns)    Netlist Resource(s)
  -------------------------------------------------------------------    -------------------
                         (clock core_clk rise edge)
                                                      0.000     0.000 r  
                                                      0.000     0.000 r  clk (IN)
                         net (fo=16560, unset)        0.000     0.000    u_accuracy/u_exp/clk
                         FDCE                                         r  u_accuracy/u_exp/stage0_max_bf16_reg[8]/C
  -------------------------------------------------------------------    -------------------
                         FDCE (Prop_FDCE_C_Q)         0.077     0.077 r  u_accuracy/u_exp/stage0_max_bf16_reg[8]/Q
                         net (fo=118, unplaced)       0.275     0.352    u_accuracy/u_exp/p_0_in[1]
                         LUT3 (Prop_LUT3_I2_O)        0.038     0.390 r  u_accuracy/u_exp/stage1_binary_exponent1_i_407/O
                         net (fo=18, unplaced)        0.279     0.669    u_accuracy/u_exp/stage1_binary_exponent1_i_407_n_0
                         LUT6 (Prop_LUT6_I3_O)        0.038     0.707 f  u_accuracy/u_exp/stage1_binary_exponent1_i_321/O
                         net (fo=25, unplaced)        0.286     0.993    u_accuracy/u_exp/stage1_binary_exponent1_i_321_n_0
                         LUT4 (Prop_LUT4_I3_O)        0.070     1.063 r  u_accuracy/u_exp/stage1_binary_exponent1_i_575/O
                         net (fo=1, unplaced)         0.253     1.316    u_accuracy/u_exp/stage1_binary_exponent1_i_575_n_0
                         CARRY8 (Prop_CARRY8_DI[0]_O[4])
                                                      0.177     1.493 r  u_accuracy/u_exp/stage1_binary_exponent1_i_544/O[4]
                         net (fo=2, unplaced)         0.232     1.725    u_accuracy/u_exp/quotient42_in[5]
                         LUT6 (Prop_LUT6_I1_O)        0.038     1.763 f  u_accuracy/u_exp/stage1_binary_exponent1_i_553/O
                         net (fo=2, unplaced)         0.232     1.995    u_accuracy/u_exp/stage1_binary_exponent1_i_553_n_0
                         LUT4 (Prop_LUT4_I0_O)        0.038     2.033 r  u_accuracy/u_exp/stage1_binary_exponent1_i_543/O
                         net (fo=1, unplaced)         0.232     2.265    u_accuracy/u_exp/stage1_binary_exponent1_i_543_n_0
                         LUT4 (Prop_LUT4_I0_O)        0.037     2.302 r  u_accuracy/u_exp/stage1_binary_exponent1_i_478/O
                         net (fo=1, unplaced)         0.023     2.325    u_accuracy/u_exp/stage1_binary_exponent1_i_478_n_0
                         CARRY8 (Prop_CARRY8_S[1]_CO[7])
                                                      0.197     2.522 f  u_accuracy/u_exp/stage1_binary_exponent1_i_412/CO[7]
                         net (fo=1, unplaced)         0.005     2.527    u_accuracy/u_exp/stage1_binary_exponent1_i_412_n_0
                         CARRY8 (Prop_CARRY8_CI_CO[2])
                                                      0.057     2.584 f  u_accuracy/u_exp/stage1_binary_exponent1_i_329/CO[2]
                         net (fo=5, unplaced)         0.250     2.834    u_accuracy/u_exp/quotient38_out
                         LUT5 (Prop_LUT5_I1_O)        0.038     2.872 r  u_accuracy/u_exp/stage1_binary_exponent1_i_323/O
                         net (fo=3, unplaced)         0.238     3.110    u_accuracy/u_exp/stage1_binary_exponent1_i_323_n_0
                         LUT4 (Prop_LUT4_I1_O)        0.038     3.148 f  u_accuracy/u_exp/stage1_binary_exponent1_i_314/O
                         net (fo=3, unplaced)         0.238     3.386    u_accuracy/u_exp/stage1_binary_exponent1_i_314_n_0
                         LUT6 (Prop_LUT6_I5_O)        0.038     3.424 f  u_accuracy/u_exp/stage1_binary_exponent1_i_311/O
                         net (fo=2, unplaced)         0.232     3.656    u_accuracy/u_exp/stage1_binary_exponent1_i_311_n_0
                         LUT5 (Prop_LUT5_I3_O)        0.037     3.693 r  u_accuracy/u_exp/stage1_binary_exponent1_i_291/O
                         net (fo=1, unplaced)         0.023     3.716    u_accuracy/u_exp/stage1_binary_exponent1_i_291_n_0
                         CARRY8 (Prop_CARRY8_S[6]_CO[7])
                                                      0.124     3.840 r  u_accuracy/u_exp/stage1_binary_exponent1_i_158/CO[7]
                         net (fo=1, unplaced)         0.005     3.845    u_accuracy/u_exp/stage1_binary_exponent1_i_158_n_0
                         CARRY8 (Prop_CARRY8_CI_O[0])
                                                      0.056     3.901 r  u_accuracy/u_exp/stage1_binary_exponent1_i_139/O[0]
                         net (fo=2, unplaced)         0.232     4.133    u_accuracy/u_exp/bf16_to_q16_return0[9]
                         LUT3 (Prop_LUT3_I0_O)        0.038     4.171 r  u_accuracy/u_exp/stage1_binary_exponent1_i_74/O
                         net (fo=1, unplaced)         0.256     4.427    u_accuracy/u_exp/bf16_to_q16_return[9]
                         CARRY8 (Prop_CARRY8_DI[1]_CO[7])
                                                      0.127     4.554 r  u_accuracy/u_exp/stage1_binary_exponent1_i_30/CO[7]
                         net (fo=1, unplaced)         0.005     4.559    u_accuracy/u_exp/stage1_binary_exponent1_i_30_n_0
                         CARRY8 (Prop_CARRY8_CI_O[5])
                                                      0.116     4.675 r  u_accuracy/u_exp/stage1_binary_exponent1_i_29/O[5]
                         net (fo=4, unplaced)         0.214     4.889    u_accuracy/u_exp/stage1_binary_exponent1_i_29_n_10
                         LUT2 (Prop_LUT2_I0_O)        0.099     4.988 r  u_accuracy/u_exp/stage1_binary_exponent1_i_208/O
                         net (fo=1, unplaced)         0.251     5.239    u_accuracy/u_exp/stage1_binary_exponent1_i_208_n_0
                         CARRY8 (Prop_CARRY8_DI[2]_CO[7])
                                                      0.117     5.356 r  u_accuracy/u_exp/stage1_binary_exponent1_i_130/CO[7]
                         net (fo=1, unplaced)         0.005     5.361    u_accuracy/u_exp/stage1_binary_exponent1_i_130_n_0
                         CARRY8 (Prop_CARRY8_CI_CO[0])
                                                      0.052     5.413 r  u_accuracy/u_exp/stage1_binary_exponent1_i_51/CO[0]
                         net (fo=1, unplaced)         0.232     5.645    u_accuracy/u_exp/gap_q162
                         LUT5 (Prop_LUT5_I4_O)        0.038     5.683 r  u_accuracy/u_exp/stage1_binary_exponent1_i_28/O
                         net (fo=23, unplaced)        0.284     5.967    u_accuracy/u_exp/stage1_binary_exponent1_i_28_n_0
                         LUT6 (Prop_LUT6_I5_O)        0.038     6.005 f  u_accuracy/u_exp/stage1_binary_exponent1_i_23/O
                         net (fo=1, unplaced)         0.209     6.214    u_accuracy/u_exp/stage1_binary_exponent1/A[0]
                         DSP_A_B_DATA (Prop_DSP_A_B_DATA_A[0]_A2_DATA[0])
                                                      0.192     6.406 r  u_accuracy/u_exp/stage1_binary_exponent1/DSP_A_B_DATA_INST/A2_DATA[0]
                         net (fo=1, unplaced)         0.000     6.406    u_accuracy/u_exp/stage1_binary_exponent1/DSP_A_B_DATA.A2_DATA<0>
                         DSP_PREADD_DATA (Prop_DSP_PREADD_DATA_A2_DATA[0]_A2A1[0])
                                                      0.076     6.482 r  u_accuracy/u_exp/stage1_binary_exponent1/DSP_PREADD_DATA_INST/A2A1[0]
                         net (fo=1, unplaced)         0.000     6.482    u_accuracy/u_exp/stage1_binary_exponent1/DSP_PREADD_DATA.A2A1<0>
                         DSP_MULTIPLIER (Prop_DSP_MULTIPLIER_A2A1[0]_U[1])
                                                      0.505     6.987 f  u_accuracy/u_exp/stage1_binary_exponent1/DSP_MULTIPLIER_INST/U[1]
                         net (fo=1, unplaced)         0.000     6.987    u_accuracy/u_exp/stage1_binary_exponent1/DSP_MULTIPLIER.U<1>
                         DSP_M_DATA (Prop_DSP_M_DATA_U[1]_U_DATA[1])
                                                      0.047     7.034 r  u_accuracy/u_exp/stage1_binary_exponent1/DSP_M_DATA_INST/U_DATA[1]
                         net (fo=1, unplaced)         0.000     7.034    u_accuracy/u_exp/stage1_binary_exponent1/DSP_M_DATA.U_DATA<1>
                         DSP_ALU (Prop_DSP_ALU_U_DATA[1]_ALU_OUT[1])
                                                      0.585     7.619 f  u_accuracy/u_exp/stage1_binary_exponent1/DSP_ALU_INST/ALU_OUT[1]
                         net (fo=1, unplaced)         0.000     7.619    u_accuracy/u_exp/stage1_binary_exponent1/DSP_ALU.ALU_OUT<1>
                         DSP_OUTPUT (Prop_DSP_OUTPUT_ALU_OUT[1]_P[1])
                                                      0.109     7.728 r  u_accuracy/u_exp/stage1_binary_exponent1/DSP_OUTPUT_INST/P[1]
                         net (fo=1, unplaced)         0.221     7.949    u_accuracy/u_exp/stage1_binary_exponent1_n_104
                         LUT6 (Prop_LUT6_I0_O)        0.150     8.099 r  u_accuracy/u_exp/stage1_binary_fraction[7]_i_5/O
                         net (fo=1, unplaced)         0.232     8.331    u_accuracy/u_exp/stage1_binary_fraction[7]_i_5_n_0
                         LUT6 (Prop_LUT6_I5_O)        0.038     8.369 r  u_accuracy/u_exp/stage1_binary_fraction[7]_i_2/O
                         net (fo=1, unplaced)         0.020     8.389    u_accuracy/u_exp/stage1_binary_fraction[7]_i_2_n_0
                         CARRY8 (Prop_CARRY8_S[0]_CO[7])
                                                      0.199     8.588 r  u_accuracy/u_exp/stage1_binary_fraction_reg[7]_i_1/CO[7]
                         net (fo=1, unplaced)         0.005     8.593    u_accuracy/u_exp/stage1_binary_fraction_reg[7]_i_1_n_0
                         CARRY8 (Prop_CARRY8_CI_O[5])
                                                      0.116     8.709 r  u_accuracy/u_exp/stage1_binary_fraction_reg[15]_i_2/O[5]
                         net (fo=1, unplaced)         0.025     8.734    u_accuracy/u_exp/stage1_binary_fraction_reg[15]_i_2_n_10
                         FDCE                                         r  u_accuracy/u_exp/stage1_binary_fraction_reg[13]/D
  -------------------------------------------------------------------    -------------------

                         (clock core_clk rise edge)
                                                      6.666     6.666 r  
                                                      0.000     6.666 r  clk (IN)
                         net (fo=16560, unset)        0.000     6.666    u_accuracy/u_exp/clk
                         FDCE                                         r  u_accuracy/u_exp/stage1_binary_fraction_reg[13]/C
                         clock pessimism              0.000     6.666    
                         clock uncertainty           -0.035     6.631    
                         FDCE (Setup_FDCE_C_D)        0.025     6.656    u_accuracy/u_exp/stage1_binary_fraction_reg[13]
  -------------------------------------------------------------------
                         required time                          6.656    
                         arrival time                          -8.734    
  -------------------------------------------------------------------
                         slack                                 -2.078    

Slack (VIOLATED) :        -2.075ns  (required time - arrival time)
  Source:                 u_accuracy/u_exp/stage0_max_bf16_reg[8]/C
                            (rising edge-triggered cell FDCE clocked by core_clk  {rise@0.000ns fall@3.333ns period=6.666ns})
  Destination:            u_accuracy/u_exp/stage1_binary_exponent_reg[4]/D
                            (rising edge-triggered cell FDCE clocked by core_clk  {rise@0.000ns fall@3.333ns period=6.666ns})
  Path Group:             core_clk
  Path Type:              Setup (Max at Slow Process Corner)
  Requirement:            6.666ns  (core_clk rise@6.666ns - core_clk rise@0.000ns)
  Data Path Delay:        8.731ns  (logic 3.732ns (42.744%)  route 4.999ns (57.256%))
  Logic Levels:           34  (CARRY8=12 DSP_A_B_DATA=1 DSP_ALU=1 DSP_M_DATA=1 DSP_MULTIPLIER=1 DSP_OUTPUT=1 DSP_PREADD_DATA=1 LUT2=1 LUT3=2 LUT4=4 LUT5=3 LUT6=6)
  Clock Uncertainty:      0.035ns  ((TSJ^2 + TIJ^2)^1/2 + DJ) / 2 + PE
    Total System Jitter     (TSJ):    0.071ns
    Total Input Jitter      (TIJ):    0.000ns
    Discrete Jitter          (DJ):    0.000ns
    Phase Error              (PE):    0.000ns

    Location             Delay type                Incr(ns)  Path(ns)    Netlist Resource(s)
  -------------------------------------------------------------------    -------------------
                         (clock core_clk rise edge)
                                                      0.000     0.000 r  
                                                      0.000     0.000 r  clk (IN)
                         net (fo=16560, unset)        0.000     0.000    u_accuracy/u_exp/clk
                         FDCE                                         r  u_accuracy/u_exp/stage0_max_bf16_reg[8]/C
  -------------------------------------------------------------------    -------------------
                         FDCE (Prop_FDCE_C_Q)         0.077     0.077 r  u_accuracy/u_exp/stage0_max_bf16_reg[8]/Q
                         net (fo=118, unplaced)       0.275     0.352    u_accuracy/u_exp/p_0_in[1]
                         LUT3 (Prop_LUT3_I2_O)        0.038     0.390 r  u_accuracy/u_exp/stage1_binary_exponent1_i_407/O
                         net (fo=18, unplaced)        0.279     0.669    u_accuracy/u_exp/stage1_binary_exponent1_i_407_n_0
                         LUT6 (Prop_LUT6_I3_O)        0.038     0.707 f  u_accuracy/u_exp/stage1_binary_exponent1_i_321/O
                         net (fo=25, unplaced)        0.286     0.993    u_accuracy/u_exp/stage1_binary_exponent1_i_321_n_0
                         LUT4 (Prop_LUT4_I3_O)        0.070     1.063 r  u_accuracy/u_exp/stage1_binary_exponent1_i_575/O
                         net (fo=1, unplaced)         0.253     1.316    u_accuracy/u_exp/stage1_binary_exponent1_i_575_n_0
                         CARRY8 (Prop_CARRY8_DI[0]_O[4])
                                                      0.177     1.493 r  u_accuracy/u_exp/stage1_binary_exponent1_i_544/O[4]
                         net (fo=2, unplaced)         0.232     1.725    u_accuracy/u_exp/quotient42_in[5]
                         LUT6 (Prop_LUT6_I1_O)        0.038     1.763 f  u_accuracy/u_exp/stage1_binary_exponent1_i_553/O
                         net (fo=2, unplaced)         0.232     1.995    u_accuracy/u_exp/stage1_binary_exponent1_i_553_n_0
                         LUT4 (Prop_LUT4_I0_O)        0.038     2.033 r  u_accuracy/u_exp/stage1_binary_exponent1_i_543/O
                         net (fo=1, unplaced)         0.232     2.265    u_accuracy/u_exp/stage1_binary_exponent1_i_543_n_0
                         LUT4 (Prop_LUT4_I0_O)        0.037     2.302 r  u_accuracy/u_exp/stage1_binary_exponent1_i_478/O
                         net (fo=1, unplaced)         0.023     2.325    u_accuracy/u_exp/stage1_binary_exponent1_i_478_n_0
                         CARRY8 (Prop_CARRY8_S[1]_CO[7])
                                                      0.197     2.522 f  u_accuracy/u_exp/stage1_binary_exponent1_i_412/CO[7]
                         net (fo=1, unplaced)         0.005     2.527    u_accuracy/u_exp/stage1_binary_exponent1_i_412_n_0
                         CARRY8 (Prop_CARRY8_CI_CO[2])
                                                      0.057     2.584 f  u_accuracy/u_exp/stage1_binary_exponent1_i_329/CO[2]
                         net (fo=5, unplaced)         0.250     2.834    u_accuracy/u_exp/quotient38_out
                         LUT5 (Prop_LUT5_I1_O)        0.038     2.872 r  u_accuracy/u_exp/stage1_binary_exponent1_i_323/O
                         net (fo=3, unplaced)         0.238     3.110    u_accuracy/u_exp/stage1_binary_exponent1_i_323_n_0
                         LUT4 (Prop_LUT4_I1_O)        0.038     3.148 f  u_accuracy/u_exp/stage1_binary_exponent1_i_314/O
                         net (fo=3, unplaced)         0.238     3.386    u_accuracy/u_exp/stage1_binary_exponent1_i_314_n_0
                         LUT6 (Prop_LUT6_I5_O)        0.038     3.424 f  u_accuracy/u_exp/stage1_binary_exponent1_i_311/O
                         net (fo=2, unplaced)         0.232     3.656    u_accuracy/u_exp/stage1_binary_exponent1_i_311_n_0
                         LUT5 (Prop_LUT5_I3_O)        0.037     3.693 r  u_accuracy/u_exp/stage1_binary_exponent1_i_291/O
                         net (fo=1, unplaced)         0.023     3.716    u_accuracy/u_exp/stage1_binary_exponent1_i_291_n_0
                         CARRY8 (Prop_CARRY8_S[6]_CO[7])
                                                      0.124     3.840 r  u_accuracy/u_exp/stage1_binary_exponent1_i_158/CO[7]
                         net (fo=1, unplaced)         0.005     3.845    u_accuracy/u_exp/stage1_binary_exponent1_i_158_n_0
                         CARRY8 (Prop_CARRY8_CI_O[0])
                                                      0.056     3.901 r  u_accuracy/u_exp/stage1_binary_exponent1_i_139/O[0]
                         net (fo=2, unplaced)         0.232     4.133    u_accuracy/u_exp/bf16_to_q16_return0[9]
                         LUT3 (Prop_LUT3_I0_O)        0.038     4.171 r  u_accuracy/u_exp/stage1_binary_exponent1_i_74/O
                         net (fo=1, unplaced)         0.256     4.427    u_accuracy/u_exp/bf16_to_q16_return[9]
                         CARRY8 (Prop_CARRY8_DI[1]_CO[7])
                                                      0.127     4.554 r  u_accuracy/u_exp/stage1_binary_exponent1_i_30/CO[7]
                         net (fo=1, unplaced)         0.005     4.559    u_accuracy/u_exp/stage1_binary_exponent1_i_30_n_0
                         CARRY8 (Prop_CARRY8_CI_O[5])
                                                      0.116     4.675 r  u_accuracy/u_exp/stage1_binary_exponent1_i_29/O[5]
                         net (fo=4, unplaced)         0.214     4.889    u_accuracy/u_exp/stage1_binary_exponent1_i_29_n_10
                         LUT2 (Prop_LUT2_I0_O)        0.099     4.988 r  u_accuracy/u_exp/stage1_binary_exponent1_i_208/O
                         net (fo=1, unplaced)         0.251     5.239    u_accuracy/u_exp/stage1_binary_exponent1_i_208_n_0
                         CARRY8 (Prop_CARRY8_DI[2]_CO[7])
                                                      0.117     5.356 r  u_accuracy/u_exp/stage1_binary_exponent1_i_130/CO[7]
                         net (fo=1, unplaced)         0.005     5.361    u_accuracy/u_exp/stage1_binary_exponent1_i_130_n_0
                         CARRY8 (Prop_CARRY8_CI_CO[0])
                                                      0.052     5.413 r  u_accuracy/u_exp/stage1_binary_exponent1_i_51/CO[0]
                         net (fo=1, unplaced)         0.232     5.645    u_accuracy/u_exp/gap_q162
                         LUT5 (Prop_LUT5_I4_O)        0.038     5.683 r  u_accuracy/u_exp/stage1_binary_exponent1_i_28/O
                         net (fo=23, unplaced)        0.284     5.967    u_accuracy/u_exp/stage1_binary_exponent1_i_28_n_0
                         LUT6 (Prop_LUT6_I5_O)        0.038     6.005 f  u_accuracy/u_exp/stage1_binary_exponent1_i_23/O
                         net (fo=1, unplaced)         0.209     6.214    u_accuracy/u_exp/stage1_binary_exponent1/A[0]
                         DSP_A_B_DATA (Prop_DSP_A_B_DATA_A[0]_A2_DATA[0])
                                                      0.192     6.406 r  u_accuracy/u_exp/stage1_binary_exponent1/DSP_A_B_DATA_INST/A2_DATA[0]
                         net (fo=1, unplaced)         0.000     6.406    u_accuracy/u_exp/stage1_binary_exponent1/DSP_A_B_DATA.A2_DATA<0>
                         DSP_PREADD_DATA (Prop_DSP_PREADD_DATA_A2_DATA[0]_A2A1[0])
                                                      0.076     6.482 r  u_accuracy/u_exp/stage1_binary_exponent1/DSP_PREADD_DATA_INST/A2A1[0]
                         net (fo=1, unplaced)         0.000     6.482    u_accuracy/u_exp/stage1_binary_exponent1/DSP_PREADD_DATA.A2A1<0>
                         DSP_MULTIPLIER (Prop_DSP_MULTIPLIER_A2A1[0]_U[1])
                                                      0.505     6.987 f  u_accuracy/u_exp/stage1_binary_exponent1/DSP_MULTIPLIER_INST/U[1]
                         net (fo=1, unplaced)         0.000     6.987    u_accuracy/u_exp/stage1_binary_exponent1/DSP_MULTIPLIER.U<1>
                         DSP_M_DATA (Prop_DSP_M_DATA_U[1]_U_DATA[1])
                                                      0.047     7.034 r  u_accuracy/u_exp/stage1_binary_exponent1/DSP_M_DATA_INST/U_DATA[1]
                         net (fo=1, unplaced)         0.000     7.034    u_accuracy/u_exp/stage1_binary_exponent1/DSP_M_DATA.U_DATA<1>
                         DSP_ALU (Prop_DSP_ALU_U_DATA[1]_ALU_OUT[1])
                                                      0.585     7.619 f  u_accuracy/u_exp/stage1_binary_exponent1/DSP_ALU_INST/ALU_OUT[1]
                         net (fo=1, unplaced)         0.000     7.619    u_accuracy/u_exp/stage1_binary_exponent1/DSP_ALU.ALU_OUT<1>
                         DSP_OUTPUT (Prop_DSP_OUTPUT_ALU_OUT[1]_P[1])
                                                      0.109     7.728 r  u_accuracy/u_exp/stage1_binary_exponent1/DSP_OUTPUT_INST/P[1]
                         net (fo=1, unplaced)         0.221     7.949    u_accuracy/u_exp/stage1_binary_exponent1_n_104
                         LUT6 (Prop_LUT6_I0_O)        0.150     8.099 r  u_accuracy/u_exp/stage1_binary_fraction[7]_i_5/O
                         net (fo=1, unplaced)         0.232     8.331    u_accuracy/u_exp/stage1_binary_fraction[7]_i_5_n_0
                         LUT6 (Prop_LUT6_I5_O)        0.038     8.369 r  u_accuracy/u_exp/stage1_binary_fraction[7]_i_2/O
                         net (fo=1, unplaced)         0.020     8.389    u_accuracy/u_exp/stage1_binary_fraction[7]_i_2_n_0
                         CARRY8 (Prop_CARRY8_S[0]_CO[7])
                                                      0.199     8.588 r  u_accuracy/u_exp/stage1_binary_fraction_reg[7]_i_1/CO[7]
                         net (fo=1, unplaced)         0.005     8.593    u_accuracy/u_exp/stage1_binary_fraction_reg[7]_i_1_n_0
                         CARRY8 (Prop_CARRY8_CI_CO[7])
                                                      0.022     8.615 r  u_accuracy/u_exp/stage1_binary_fraction_reg[15]_i_2/CO[7]
                         net (fo=1, unplaced)         0.005     8.620    u_accuracy/u_exp/stage1_binary_fraction_reg[15]_i_2_n_0
                         CARRY8 (Prop_CARRY8_CI_O[4])
                                                      0.086     8.706 r  u_accuracy/u_exp/stage1_binary_exponent_reg[7]_i_1/O[4]
                         net (fo=1, unplaced)         0.025     8.731    u_accuracy/u_exp/stage1_binary_exponent_comb[4]
                         FDCE                                         r  u_accuracy/u_exp/stage1_binary_exponent_reg[4]/D
  -------------------------------------------------------------------    -------------------

                         (clock core_clk rise edge)
                                                      6.666     6.666 r  
                                                      0.000     6.666 r  clk (IN)
                         net (fo=16560, unset)        0.000     6.666    u_accuracy/u_exp/clk
                         FDCE                                         r  u_accuracy/u_exp/stage1_binary_exponent_reg[4]/C
                         clock pessimism              0.000     6.666    
                         clock uncertainty           -0.035     6.631    
                         FDCE (Setup_FDCE_C_D)        0.025     6.656    u_accuracy/u_exp/stage1_binary_exponent_reg[4]
  -------------------------------------------------------------------
                         required time                          6.656    
                         arrival time                          -8.731    
  -------------------------------------------------------------------
                         slack                                 -2.075    

Slack (VIOLATED) :        -2.072ns  (required time - arrival time)
  Source:                 u_accuracy/u_exp/stage0_max_bf16_reg[8]/C
                            (rising edge-triggered cell FDCE clocked by core_clk  {rise@0.000ns fall@3.333ns period=6.666ns})
  Destination:            u_accuracy/u_exp/stage1_binary_exponent_reg[3]/D
                            (rising edge-triggered cell FDCE clocked by core_clk  {rise@0.000ns fall@3.333ns period=6.666ns})
  Path Group:             core_clk
  Path Type:              Setup (Max at Slow Process Corner)
  Requirement:            6.666ns  (core_clk rise@6.666ns - core_clk rise@0.000ns)
  Data Path Delay:        8.728ns  (logic 3.728ns (42.713%)  route 5.000ns (57.287%))
  Logic Levels:           34  (CARRY8=12 DSP_A_B_DATA=1 DSP_ALU=1 DSP_M_DATA=1 DSP_MULTIPLIER=1 DSP_OUTPUT=1 DSP_PREADD_DATA=1 LUT2=1 LUT3=2 LUT4=4 LUT5=3 LUT6=6)
  Clock Uncertainty:      0.035ns  ((TSJ^2 + TIJ^2)^1/2 + DJ) / 2 + PE
    Total System Jitter     (TSJ):    0.071ns
    Total Input Jitter      (TIJ):    0.000ns
    Discrete Jitter          (DJ):    0.000ns
    Phase Error              (PE):    0.000ns

    Location             Delay type                Incr(ns)  Path(ns)    Netlist Resource(s)
  -------------------------------------------------------------------    -------------------
                         (clock core_clk rise edge)
                                                      0.000     0.000 r  
                                                      0.000     0.000 r  clk (IN)
                         net (fo=16560, unset)        0.000     0.000    u_accuracy/u_exp/clk
                         FDCE                                         r  u_accuracy/u_exp/stage0_max_bf16_reg[8]/C
  -------------------------------------------------------------------    -------------------
                         FDCE (Prop_FDCE_C_Q)         0.077     0.077 r  u_accuracy/u_exp/stage0_max_bf16_reg[8]/Q
                         net (fo=118, unplaced)       0.275     0.352    u_accuracy/u_exp/p_0_in[1]
                         LUT3 (Prop_LUT3_I2_O)        0.038     0.390 r  u_accuracy/u_exp/stage1_binary_exponent1_i_407/O
                         net (fo=18, unplaced)        0.279     0.669    u_accuracy/u_exp/stage1_binary_exponent1_i_407_n_0
                         LUT6 (Prop_LUT6_I3_O)        0.038     0.707 f  u_accuracy/u_exp/stage1_binary_exponent1_i_321/O
                         net (fo=25, unplaced)        0.286     0.993    u_accuracy/u_exp/stage1_binary_exponent1_i_321_n_0
                         LUT4 (Prop_LUT4_I3_O)        0.070     1.063 r  u_accuracy/u_exp/stage1_binary_exponent1_i_575/O
                         net (fo=1, unplaced)         0.253     1.316    u_accuracy/u_exp/stage1_binary_exponent1_i_575_n_0
                         CARRY8 (Prop_CARRY8_DI[0]_O[4])
                                                      0.177     1.493 r  u_accuracy/u_exp/stage1_binary_exponent1_i_544/O[4]
                         net (fo=2, unplaced)         0.232     1.725    u_accuracy/u_exp/quotient42_in[5]
                         LUT6 (Prop_LUT6_I1_O)        0.038     1.763 f  u_accuracy/u_exp/stage1_binary_exponent1_i_553/O
                         net (fo=2, unplaced)         0.232     1.995    u_accuracy/u_exp/stage1_binary_exponent1_i_553_n_0
                         LUT4 (Prop_LUT4_I0_O)        0.038     2.033 r  u_accuracy/u_exp/stage1_binary_exponent1_i_543/O
                         net (fo=1, unplaced)         0.232     2.265    u_accuracy/u_exp/stage1_binary_exponent1_i_543_n_0
                         LUT4 (Prop_LUT4_I0_O)        0.037     2.302 r  u_accuracy/u_exp/stage1_binary_exponent1_i_478/O
                         net (fo=1, unplaced)         0.023     2.325    u_accuracy/u_exp/stage1_binary_exponent1_i_478_n_0
                         CARRY8 (Prop_CARRY8_S[1]_CO[7])
                                                      0.197     2.522 f  u_accuracy/u_exp/stage1_binary_exponent1_i_412/CO[7]
                         net (fo=1, unplaced)         0.005     2.527    u_accuracy/u_exp/stage1_binary_exponent1_i_412_n_0
                         CARRY8 (Prop_CARRY8_CI_CO[2])
                                                      0.057     2.584 f  u_accuracy/u_exp/stage1_binary_exponent1_i_329/CO[2]
                         net (fo=5, unplaced)         0.250     2.834    u_accuracy/u_exp/quotient38_out
                         LUT5 (Prop_LUT5_I1_O)        0.038     2.872 r  u_accuracy/u_exp/stage1_binary_exponent1_i_323/O
                         net (fo=3, unplaced)         0.238     3.110    u_accuracy/u_exp/stage1_binary_exponent1_i_323_n_0
                         LUT4 (Prop_LUT4_I1_O)        0.038     3.148 f  u_accuracy/u_exp/stage1_binary_exponent1_i_314/O
                         net (fo=3, unplaced)         0.238     3.386    u_accuracy/u_exp/stage1_binary_exponent1_i_314_n_0
                         LUT6 (Prop_LUT6_I5_O)        0.038     3.424 f  u_accuracy/u_exp/stage1_binary_exponent1_i_311/O
                         net (fo=2, unplaced)         0.232     3.656    u_accuracy/u_exp/stage1_binary_exponent1_i_311_n_0
                         LUT5 (Prop_LUT5_I3_O)        0.037     3.693 r  u_accuracy/u_exp/stage1_binary_exponent1_i_291/O
                         net (fo=1, unplaced)         0.023     3.716    u_accuracy/u_exp/stage1_binary_exponent1_i_291_n_0
                         CARRY8 (Prop_CARRY8_S[6]_CO[7])
                                                      0.124     3.840 r  u_accuracy/u_exp/stage1_binary_exponent1_i_158/CO[7]
                         net (fo=1, unplaced)         0.005     3.845    u_accuracy/u_exp/stage1_binary_exponent1_i_158_n_0
                         CARRY8 (Prop_CARRY8_CI_O[0])
                                                      0.056     3.901 r  u_accuracy/u_exp/stage1_binary_exponent1_i_139/O[0]
                         net (fo=2, unplaced)         0.232     4.133    u_accuracy/u_exp/bf16_to_q16_return0[9]
                         LUT3 (Prop_LUT3_I0_O)        0.038     4.171 r  u_accuracy/u_exp/stage1_binary_exponent1_i_74/O
                         net (fo=1, unplaced)         0.256     4.427    u_accuracy/u_exp/bf16_to_q16_return[9]
                         CARRY8 (Prop_CARRY8_DI[1]_CO[7])
                                                      0.127     4.554 r  u_accuracy/u_exp/stage1_binary_exponent1_i_30/CO[7]
                         net (fo=1, unplaced)         0.005     4.559    u_accuracy/u_exp/stage1_binary_exponent1_i_30_n_0
                         CARRY8 (Prop_CARRY8_CI_O[5])
                                                      0.116     4.675 r  u_accuracy/u_exp/stage1_binary_exponent1_i_29/O[5]
                         net (fo=4, unplaced)         0.214     4.889    u_accuracy/u_exp/stage1_binary_exponent1_i_29_n_10
                         LUT2 (Prop_LUT2_I0_O)        0.099     4.988 r  u_accuracy/u_exp/stage1_binary_exponent1_i_208/O
                         net (fo=1, unplaced)         0.251     5.239    u_accuracy/u_exp/stage1_binary_exponent1_i_208_n_0
                         CARRY8 (Prop_CARRY8_DI[2]_CO[7])
                                                      0.117     5.356 r  u_accuracy/u_exp/stage1_binary_exponent1_i_130/CO[7]
                         net (fo=1, unplaced)         0.005     5.361    u_accuracy/u_exp/stage1_binary_exponent1_i_130_n_0
                         CARRY8 (Prop_CARRY8_CI_CO[0])
                                                      0.052     5.413 r  u_accuracy/u_exp/stage1_binary_exponent1_i_51/CO[0]
                         net (fo=1, unplaced)         0.232     5.645    u_accuracy/u_exp/gap_q162
                         LUT5 (Prop_LUT5_I4_O)        0.038     5.683 r  u_accuracy/u_exp/stage1_binary_exponent1_i_28/O
                         net (fo=23, unplaced)        0.284     5.967    u_accuracy/u_exp/stage1_binary_exponent1_i_28_n_0
                         LUT6 (Prop_LUT6_I5_O)        0.038     6.005 f  u_accuracy/u_exp/stage1_binary_exponent1_i_23/O
                         net (fo=1, unplaced)         0.209     6.214    u_accuracy/u_exp/stage1_binary_exponent1/A[0]
                         DSP_A_B_DATA (Prop_DSP_A_B_DATA_A[0]_A2_DATA[0])
                                                      0.192     6.406 r  u_accuracy/u_exp/stage1_binary_exponent1/DSP_A_B_DATA_INST/A2_DATA[0]
                         net (fo=1, unplaced)         0.000     6.406    u_accuracy/u_exp/stage1_binary_exponent1/DSP_A_B_DATA.A2_DATA<0>
                         DSP_PREADD_DATA (Prop_DSP_PREADD_DATA_A2_DATA[0]_A2A1[0])
                                                      0.076     6.482 r  u_accuracy/u_exp/stage1_binary_exponent1/DSP_PREADD_DATA_INST/A2A1[0]
                         net (fo=1, unplaced)         0.000     6.482    u_accuracy/u_exp/stage1_binary_exponent1/DSP_PREADD_DATA.A2A1<0>
                         DSP_MULTIPLIER (Prop_DSP_MULTIPLIER_A2A1[0]_U[1])
                                                      0.505     6.987 f  u_accuracy/u_exp/stage1_binary_exponent1/DSP_MULTIPLIER_INST/U[1]
                         net (fo=1, unplaced)         0.000     6.987    u_accuracy/u_exp/stage1_binary_exponent1/DSP_MULTIPLIER.U<1>
                         DSP_M_DATA (Prop_DSP_M_DATA_U[1]_U_DATA[1])
                                                      0.047     7.034 r  u_accuracy/u_exp/stage1_binary_exponent1/DSP_M_DATA_INST/U_DATA[1]
                         net (fo=1, unplaced)         0.000     7.034    u_accuracy/u_exp/stage1_binary_exponent1/DSP_M_DATA.U_DATA<1>
                         DSP_ALU (Prop_DSP_ALU_U_DATA[1]_ALU_OUT[1])
                                                      0.585     7.619 f  u_accuracy/u_exp/stage1_binary_exponent1/DSP_ALU_INST/ALU_OUT[1]
                         net (fo=1, unplaced)         0.000     7.619    u_accuracy/u_exp/stage1_binary_exponent1/DSP_ALU.ALU_OUT<1>
                         DSP_OUTPUT (Prop_DSP_OUTPUT_ALU_OUT[1]_P[1])
                                                      0.109     7.728 r  u_accuracy/u_exp/stage1_binary_exponent1/DSP_OUTPUT_INST/P[1]
                         net (fo=1, unplaced)         0.221     7.949    u_accuracy/u_exp/stage1_binary_exponent1_n_104
                         LUT6 (Prop_LUT6_I0_O)        0.150     8.099 r  u_accuracy/u_exp/stage1_binary_fraction[7]_i_5/O
                         net (fo=1, unplaced)         0.232     8.331    u_accuracy/u_exp/stage1_binary_fraction[7]_i_5_n_0
                         LUT6 (Prop_LUT6_I5_O)        0.038     8.369 r  u_accuracy/u_exp/stage1_binary_fraction[7]_i_2/O
                         net (fo=1, unplaced)         0.020     8.389    u_accuracy/u_exp/stage1_binary_fraction[7]_i_2_n_0
                         CARRY8 (Prop_CARRY8_S[0]_CO[7])
                                                      0.199     8.588 r  u_accuracy/u_exp/stage1_binary_fraction_reg[7]_i_1/CO[7]
                         net (fo=1, unplaced)         0.005     8.593    u_accuracy/u_exp/stage1_binary_fraction_reg[7]_i_1_n_0
                         CARRY8 (Prop_CARRY8_CI_CO[7])
                                                      0.022     8.615 r  u_accuracy/u_exp/stage1_binary_fraction_reg[15]_i_2/CO[7]
                         net (fo=1, unplaced)         0.005     8.620    u_accuracy/u_exp/stage1_binary_fraction_reg[15]_i_2_n_0
                         CARRY8 (Prop_CARRY8_CI_O[3])
                                                      0.082     8.702 r  u_accuracy/u_exp/stage1_binary_exponent_reg[7]_i_1/O[3]
                         net (fo=1, unplaced)         0.026     8.728    u_accuracy/u_exp/stage1_binary_exponent_comb[3]
                         FDCE                                         r  u_accuracy/u_exp/stage1_binary_exponent_reg[3]/D
  -------------------------------------------------------------------    -------------------

                         (clock core_clk rise edge)
                                                      6.666     6.666 r  
                                                      0.000     6.666 r  clk (IN)
                         net (fo=16560, unset)        0.000     6.666    u_accuracy/u_exp/clk
                         FDCE                                         r  u_accuracy/u_exp/stage1_binary_exponent_reg[3]/C
                         clock pessimism              0.000     6.666    
                         clock uncertainty           -0.035     6.631    
                         FDCE (Setup_FDCE_C_D)        0.025     6.656    u_accuracy/u_exp/stage1_binary_exponent_reg[3]
  -------------------------------------------------------------------
                         required time                          6.656    
                         arrival time                          -8.728    
  -------------------------------------------------------------------
                         slack                                 -2.072    

Slack (VIOLATED) :        -2.066ns  (required time - arrival time)
  Source:                 u_accuracy/u_exp/stage0_max_bf16_reg[8]/C
                            (rising edge-triggered cell FDCE clocked by core_clk  {rise@0.000ns fall@3.333ns period=6.666ns})
  Destination:            u_accuracy/u_exp/stage1_binary_fraction_reg[14]/D
                            (rising edge-triggered cell FDCE clocked by core_clk  {rise@0.000ns fall@3.333ns period=6.666ns})
  Path Group:             core_clk
  Path Type:              Setup (Max at Slow Process Corner)
  Requirement:            6.666ns  (core_clk rise@6.666ns - core_clk rise@0.000ns)
  Data Path Delay:        8.722ns  (logic 3.727ns (42.731%)  route 4.995ns (57.269%))
  Logic Levels:           33  (CARRY8=11 DSP_A_B_DATA=1 DSP_ALU=1 DSP_M_DATA=1 DSP_MULTIPLIER=1 DSP_OUTPUT=1 DSP_PREADD_DATA=1 LUT2=1 LUT3=2 LUT4=4 LUT5=3 LUT6=6)
  Clock Uncertainty:      0.035ns  ((TSJ^2 + TIJ^2)^1/2 + DJ) / 2 + PE
    Total System Jitter     (TSJ):    0.071ns
    Total Input Jitter      (TIJ):    0.000ns
    Discrete Jitter          (DJ):    0.000ns
    Phase Error              (PE):    0.000ns

    Location             Delay type                Incr(ns)  Path(ns)    Netlist Resource(s)
  -------------------------------------------------------------------    -------------------
                         (clock core_clk rise edge)
                                                      0.000     0.000 r  
                                                      0.000     0.000 r  clk (IN)
                         net (fo=16560, unset)        0.000     0.000    u_accuracy/u_exp/clk
                         FDCE                                         r  u_accuracy/u_exp/stage0_max_bf16_reg[8]/C
  -------------------------------------------------------------------    -------------------
                         FDCE (Prop_FDCE_C_Q)         0.077     0.077 r  u_accuracy/u_exp/stage0_max_bf16_reg[8]/Q
                         net (fo=118, unplaced)       0.275     0.352    u_accuracy/u_exp/p_0_in[1]
                         LUT3 (Prop_LUT3_I2_O)        0.038     0.390 r  u_accuracy/u_exp/stage1_binary_exponent1_i_407/O
                         net (fo=18, unplaced)        0.279     0.669    u_accuracy/u_exp/stage1_binary_exponent1_i_407_n_0
                         LUT6 (Prop_LUT6_I3_O)        0.038     0.707 f  u_accuracy/u_exp/stage1_binary_exponent1_i_321/O
                         net (fo=25, unplaced)        0.286     0.993    u_accuracy/u_exp/stage1_binary_exponent1_i_321_n_0
                         LUT4 (Prop_LUT4_I3_O)        0.070     1.063 r  u_accuracy/u_exp/stage1_binary_exponent1_i_575/O
                         net (fo=1, unplaced)         0.253     1.316    u_accuracy/u_exp/stage1_binary_exponent1_i_575_n_0
                         CARRY8 (Prop_CARRY8_DI[0]_O[4])
                                                      0.177     1.493 r  u_accuracy/u_exp/stage1_binary_exponent1_i_544/O[4]
                         net (fo=2, unplaced)         0.232     1.725    u_accuracy/u_exp/quotient42_in[5]
                         LUT6 (Prop_LUT6_I1_O)        0.038     1.763 f  u_accuracy/u_exp/stage1_binary_exponent1_i_553/O
                         net (fo=2, unplaced)         0.232     1.995    u_accuracy/u_exp/stage1_binary_exponent1_i_553_n_0
                         LUT4 (Prop_LUT4_I0_O)        0.038     2.033 r  u_accuracy/u_exp/stage1_binary_exponent1_i_543/O
                         net (fo=1, unplaced)         0.232     2.265    u_accuracy/u_exp/stage1_binary_exponent1_i_543_n_0
                         LUT4 (Prop_LUT4_I0_O)        0.037     2.302 r  u_accuracy/u_exp/stage1_binary_exponent1_i_478/O
                         net (fo=1, unplaced)         0.023     2.325    u_accuracy/u_exp/stage1_binary_exponent1_i_478_n_0
                         CARRY8 (Prop_CARRY8_S[1]_CO[7])
                                                      0.197     2.522 f  u_accuracy/u_exp/stage1_binary_exponent1_i_412/CO[7]
                         net (fo=1, unplaced)         0.005     2.527    u_accuracy/u_exp/stage1_binary_exponent1_i_412_n_0
                         CARRY8 (Prop_CARRY8_CI_CO[2])
                                                      0.057     2.584 f  u_accuracy/u_exp/stage1_binary_exponent1_i_329/CO[2]
                         net (fo=5, unplaced)         0.250     2.834    u_accuracy/u_exp/quotient38_out
                         LUT5 (Prop_LUT5_I1_O)        0.038     2.872 r  u_accuracy/u_exp/stage1_binary_exponent1_i_323/O
                         net (fo=3, unplaced)         0.238     3.110    u_accuracy/u_exp/stage1_binary_exponent1_i_323_n_0
                         LUT4 (Prop_LUT4_I1_O)        0.038     3.148 f  u_accuracy/u_exp/stage1_binary_exponent1_i_314/O
                         net (fo=3, unplaced)         0.238     3.386    u_accuracy/u_exp/stage1_binary_exponent1_i_314_n_0
                         LUT6 (Prop_LUT6_I5_O)        0.038     3.424 f  u_accuracy/u_exp/stage1_binary_exponent1_i_311/O
                         net (fo=2, unplaced)         0.232     3.656    u_accuracy/u_exp/stage1_binary_exponent1_i_311_n_0
                         LUT5 (Prop_LUT5_I3_O)        0.037     3.693 r  u_accuracy/u_exp/stage1_binary_exponent1_i_291/O
                         net (fo=1, unplaced)         0.023     3.716    u_accuracy/u_exp/stage1_binary_exponent1_i_291_n_0
                         CARRY8 (Prop_CARRY8_S[6]_CO[7])
                                                      0.124     3.840 r  u_accuracy/u_exp/stage1_binary_exponent1_i_158/CO[7]
                         net (fo=1, unplaced)         0.005     3.845    u_accuracy/u_exp/stage1_binary_exponent1_i_158_n_0
                         CARRY8 (Prop_CARRY8_CI_O[0])
                                                      0.056     3.901 r  u_accuracy/u_exp/stage1_binary_exponent1_i_139/O[0]
                         net (fo=2, unplaced)         0.232     4.133    u_accuracy/u_exp/bf16_to_q16_return0[9]
                         LUT3 (Prop_LUT3_I0_O)        0.038     4.171 r  u_accuracy/u_exp/stage1_binary_exponent1_i_74/O
                         net (fo=1, unplaced)         0.256     4.427    u_accuracy/u_exp/bf16_to_q16_return[9]
                         CARRY8 (Prop_CARRY8_DI[1]_CO[7])
                                                      0.127     4.554 r  u_accuracy/u_exp/stage1_binary_exponent1_i_30/CO[7]
                         net (fo=1, unplaced)         0.005     4.559    u_accuracy/u_exp/stage1_binary_exponent1_i_30_n_0
                         CARRY8 (Prop_CARRY8_CI_O[5])
                                                      0.116     4.675 r  u_accuracy/u_exp/stage1_binary_exponent1_i_29/O[5]
                         net (fo=4, unplaced)         0.214     4.889    u_accuracy/u_exp/stage1_binary_exponent1_i_29_n_10
                         LUT2 (Prop_LUT2_I0_O)        0.099     4.988 r  u_accuracy/u_exp/stage1_binary_exponent1_i_208/O
                         net (fo=1, unplaced)         0.251     5.239    u_accuracy/u_exp/stage1_binary_exponent1_i_208_n_0
                         CARRY8 (Prop_CARRY8_DI[2]_CO[7])
                                                      0.117     5.356 r  u_accuracy/u_exp/stage1_binary_exponent1_i_130/CO[7]
                         net (fo=1, unplaced)         0.005     5.361    u_accuracy/u_exp/stage1_binary_exponent1_i_130_n_0
                         CARRY8 (Prop_CARRY8_CI_CO[0])
                                                      0.052     5.413 r  u_accuracy/u_exp/stage1_binary_exponent1_i_51/CO[0]
                         net (fo=1, unplaced)         0.232     5.645    u_accuracy/u_exp/gap_q162
                         LUT5 (Prop_LUT5_I4_O)        0.038     5.683 r  u_accuracy/u_exp/stage1_binary_exponent1_i_28/O
                         net (fo=23, unplaced)        0.284     5.967    u_accuracy/u_exp/stage1_binary_exponent1_i_28_n_0
                         LUT6 (Prop_LUT6_I5_O)        0.038     6.005 f  u_accuracy/u_exp/stage1_binary_exponent1_i_23/O
                         net (fo=1, unplaced)         0.209     6.214    u_accuracy/u_exp/stage1_binary_exponent1/A[0]
                         DSP_A_B_DATA (Prop_DSP_A_B_DATA_A[0]_A2_DATA[0])
                                                      0.192     6.406 r  u_accuracy/u_exp/stage1_binary_exponent1/DSP_A_B_DATA_INST/A2_DATA[0]
                         net (fo=1, unplaced)         0.000     6.406    u_accuracy/u_exp/stage1_binary_exponent1/DSP_A_B_DATA.A2_DATA<0>
                         DSP_PREADD_DATA (Prop_DSP_PREADD_DATA_A2_DATA[0]_A2A1[0])
                                                      0.076     6.482 r  u_accuracy/u_exp/stage1_binary_exponent1/DSP_PREADD_DATA_INST/A2A1[0]
                         net (fo=1, unplaced)         0.000     6.482    u_accuracy/u_exp/stage1_binary_exponent1/DSP_PREADD_DATA.A2A1<0>
                         DSP_MULTIPLIER (Prop_DSP_MULTIPLIER_A2A1[0]_U[1])
                                                      0.505     6.987 f  u_accuracy/u_exp/stage1_binary_exponent1/DSP_MULTIPLIER_INST/U[1]
                         net (fo=1, unplaced)         0.000     6.987    u_accuracy/u_exp/stage1_binary_exponent1/DSP_MULTIPLIER.U<1>
                         DSP_M_DATA (Prop_DSP_M_DATA_U[1]_U_DATA[1])
                                                      0.047     7.034 r  u_accuracy/u_exp/stage1_binary_exponent1/DSP_M_DATA_INST/U_DATA[1]
                         net (fo=1, unplaced)         0.000     7.034    u_accuracy/u_exp/stage1_binary_exponent1/DSP_M_DATA.U_DATA<1>
                         DSP_ALU (Prop_DSP_ALU_U_DATA[1]_ALU_OUT[1])
                                                      0.585     7.619 f  u_accuracy/u_exp/stage1_binary_exponent1/DSP_ALU_INST/ALU_OUT[1]
                         net (fo=1, unplaced)         0.000     7.619    u_accuracy/u_exp/stage1_binary_exponent1/DSP_ALU.ALU_OUT<1>
                         DSP_OUTPUT (Prop_DSP_OUTPUT_ALU_OUT[1]_P[1])
                                                      0.109     7.728 r  u_accuracy/u_exp/stage1_binary_exponent1/DSP_OUTPUT_INST/P[1]
                         net (fo=1, unplaced)         0.221     7.949    u_accuracy/u_exp/stage1_binary_exponent1_n_104
                         LUT6 (Prop_LUT6_I0_O)        0.150     8.099 r  u_accuracy/u_exp/stage1_binary_fraction[7]_i_5/O
                         net (fo=1, unplaced)         0.232     8.331    u_accuracy/u_exp/stage1_binary_fraction[7]_i_5_n_0
                         LUT6 (Prop_LUT6_I5_O)        0.038     8.369 r  u_accuracy/u_exp/stage1_binary_fraction[7]_i_2/O
                         net (fo=1, unplaced)         0.020     8.389    u_accuracy/u_exp/stage1_binary_fraction[7]_i_2_n_0
                         CARRY8 (Prop_CARRY8_S[0]_CO[7])
                                                      0.199     8.588 r  u_accuracy/u_exp/stage1_binary_fraction_reg[7]_i_1/CO[7]
                         net (fo=1, unplaced)         0.005     8.593    u_accuracy/u_exp/stage1_binary_fraction_reg[7]_i_1_n_0
                         CARRY8 (Prop_CARRY8_CI_O[6])
                                                      0.103     8.696 r  u_accuracy/u_exp/stage1_binary_fraction_reg[15]_i_2/O[6]
                         net (fo=1, unplaced)         0.026     8.722    u_accuracy/u_exp/stage1_binary_fraction_reg[15]_i_2_n_9
                         FDCE                                         r  u_accuracy/u_exp/stage1_binary_fraction_reg[14]/D
  -------------------------------------------------------------------    -------------------

                         (clock core_clk rise edge)
                                                      6.666     6.666 r  
                                                      0.000     6.666 r  clk (IN)
                         net (fo=16560, unset)        0.000     6.666    u_accuracy/u_exp/clk
                         FDCE                                         r  u_accuracy/u_exp/stage1_binary_fraction_reg[14]/C
                         clock pessimism              0.000     6.666    
                         clock uncertainty           -0.035     6.631    
                         FDCE (Setup_FDCE_C_D)        0.025     6.656    u_accuracy/u_exp/stage1_binary_fraction_reg[14]
  -------------------------------------------------------------------
                         required time                          6.656    
                         arrival time                          -8.722    
  -------------------------------------------------------------------
                         slack                                 -2.066    

Slack (VIOLATED) :        -2.065ns  (required time - arrival time)
  Source:                 u_accuracy/u_exp/stage0_max_bf16_reg[8]/C
                            (rising edge-triggered cell FDCE clocked by core_clk  {rise@0.000ns fall@3.333ns period=6.666ns})
  Destination:            u_accuracy/u_exp/stage1_binary_exponent_reg[1]/D
                            (rising edge-triggered cell FDCE clocked by core_clk  {rise@0.000ns fall@3.333ns period=6.666ns})
  Path Group:             core_clk
  Path Type:              Setup (Max at Slow Process Corner)
  Requirement:            6.666ns  (core_clk rise@6.666ns - core_clk rise@0.000ns)
  Data Path Delay:        8.721ns  (logic 3.722ns (42.679%)  route 4.999ns (57.321%))
  Logic Levels:           34  (CARRY8=12 DSP_A_B_DATA=1 DSP_ALU=1 DSP_M_DATA=1 DSP_MULTIPLIER=1 DSP_OUTPUT=1 DSP_PREADD_DATA=1 LUT2=1 LUT3=2 LUT4=4 LUT5=3 LUT6=6)
  Clock Uncertainty:      0.035ns  ((TSJ^2 + TIJ^2)^1/2 + DJ) / 2 + PE
    Total System Jitter     (TSJ):    0.071ns
    Total Input Jitter      (TIJ):    0.000ns
    Discrete Jitter          (DJ):    0.000ns
    Phase Error              (PE):    0.000ns

    Location             Delay type                Incr(ns)  Path(ns)    Netlist Resource(s)
  -------------------------------------------------------------------    -------------------
                         (clock core_clk rise edge)
                                                      0.000     0.000 r  
                                                      0.000     0.000 r  clk (IN)
                         net (fo=16560, unset)        0.000     0.000    u_accuracy/u_exp/clk
                         FDCE                                         r  u_accuracy/u_exp/stage0_max_bf16_reg[8]/C
  -------------------------------------------------------------------    -------------------
                         FDCE (Prop_FDCE_C_Q)         0.077     0.077 r  u_accuracy/u_exp/stage0_max_bf16_reg[8]/Q
                         net (fo=118, unplaced)       0.275     0.352    u_accuracy/u_exp/p_0_in[1]
                         LUT3 (Prop_LUT3_I2_O)        0.038     0.390 r  u_accuracy/u_exp/stage1_binary_exponent1_i_407/O
                         net (fo=18, unplaced)        0.279     0.669    u_accuracy/u_exp/stage1_binary_exponent1_i_407_n_0
                         LUT6 (Prop_LUT6_I3_O)        0.038     0.707 f  u_accuracy/u_exp/stage1_binary_exponent1_i_321/O
                         net (fo=25, unplaced)        0.286     0.993    u_accuracy/u_exp/stage1_binary_exponent1_i_321_n_0
                         LUT4 (Prop_LUT4_I3_O)        0.070     1.063 r  u_accuracy/u_exp/stage1_binary_exponent1_i_575/O
                         net (fo=1, unplaced)         0.253     1.316    u_accuracy/u_exp/stage1_binary_exponent1_i_575_n_0
                         CARRY8 (Prop_CARRY8_DI[0]_O[4])
                                                      0.177     1.493 r  u_accuracy/u_exp/stage1_binary_exponent1_i_544/O[4]
                         net (fo=2, unplaced)         0.232     1.725    u_accuracy/u_exp/quotient42_in[5]
                         LUT6 (Prop_LUT6_I1_O)        0.038     1.763 f  u_accuracy/u_exp/stage1_binary_exponent1_i_553/O
                         net (fo=2, unplaced)         0.232     1.995    u_accuracy/u_exp/stage1_binary_exponent1_i_553_n_0
                         LUT4 (Prop_LUT4_I0_O)        0.038     2.033 r  u_accuracy/u_exp/stage1_binary_exponent1_i_543/O
                         net (fo=1, unplaced)         0.232     2.265    u_accuracy/u_exp/stage1_binary_exponent1_i_543_n_0
                         LUT4 (Prop_LUT4_I0_O)        0.037     2.302 r  u_accuracy/u_exp/stage1_binary_exponent1_i_478/O
                         net (fo=1, unplaced)         0.023     2.325    u_accuracy/u_exp/stage1_binary_exponent1_i_478_n_0
                         CARRY8 (Prop_CARRY8_S[1]_CO[7])
                                                      0.197     2.522 f  u_accuracy/u_exp/stage1_binary_exponent1_i_412/CO[7]
                         net (fo=1, unplaced)         0.005     2.527    u_accuracy/u_exp/stage1_binary_exponent1_i_412_n_0
                         CARRY8 (Prop_CARRY8_CI_CO[2])
                                                      0.057     2.584 f  u_accuracy/u_exp/stage1_binary_exponent1_i_329/CO[2]
                         net (fo=5, unplaced)         0.250     2.834    u_accuracy/u_exp/quotient38_out
                         LUT5 (Prop_LUT5_I1_O)        0.038     2.872 r  u_accuracy/u_exp/stage1_binary_exponent1_i_323/O
                         net (fo=3, unplaced)         0.238     3.110    u_accuracy/u_exp/stage1_binary_exponent1_i_323_n_0
                         LUT4 (Prop_LUT4_I1_O)        0.038     3.148 f  u_accuracy/u_exp/stage1_binary_exponent1_i_314/O
                         net (fo=3, unplaced)         0.238     3.386    u_accuracy/u_exp/stage1_binary_exponent1_i_314_n_0
                         LUT6 (Prop_LUT6_I5_O)        0.038     3.424 f  u_accuracy/u_exp/stage1_binary_exponent1_i_311/O
                         net (fo=2, unplaced)         0.232     3.656    u_accuracy/u_exp/stage1_binary_exponent1_i_311_n_0
                         LUT5 (Prop_LUT5_I3_O)        0.037     3.693 r  u_accuracy/u_exp/stage1_binary_exponent1_i_291/O
                         net (fo=1, unplaced)         0.023     3.716    u_accuracy/u_exp/stage1_binary_exponent1_i_291_n_0
                         CARRY8 (Prop_CARRY8_S[6]_CO[7])
                                                      0.124     3.840 r  u_accuracy/u_exp/stage1_binary_exponent1_i_158/CO[7]
                         net (fo=1, unplaced)         0.005     3.845    u_accuracy/u_exp/stage1_binary_exponent1_i_158_n_0
                         CARRY8 (Prop_CARRY8_CI_O[0])
                                                      0.056     3.901 r  u_accuracy/u_exp/stage1_binary_exponent1_i_139/O[0]
                         net (fo=2, unplaced)         0.232     4.133    u_accuracy/u_exp/bf16_to_q16_return0[9]
                         LUT3 (Prop_LUT3_I0_O)        0.038     4.171 r  u_accuracy/u_exp/stage1_binary_exponent1_i_74/O
                         net (fo=1, unplaced)         0.256     4.427    u_accuracy/u_exp/bf16_to_q16_return[9]
                         CARRY8 (Prop_CARRY8_DI[1]_CO[7])
                                                      0.127     4.554 r  u_accuracy/u_exp/stage1_binary_exponent1_i_30/CO[7]
                         net (fo=1, unplaced)         0.005     4.559    u_accuracy/u_exp/stage1_binary_exponent1_i_30_n_0
                         CARRY8 (Prop_CARRY8_CI_O[5])
                                                      0.116     4.675 r  u_accuracy/u_exp/stage1_binary_exponent1_i_29/O[5]
                         net (fo=4, unplaced)         0.214     4.889    u_accuracy/u_exp/stage1_binary_exponent1_i_29_n_10
                         LUT2 (Prop_LUT2_I0_O)        0.099     4.988 r  u_accuracy/u_exp/stage1_binary_exponent1_i_208/O
                         net (fo=1, unplaced)         0.251     5.239    u_accuracy/u_exp/stage1_binary_exponent1_i_208_n_0
                         CARRY8 (Prop_CARRY8_DI[2]_CO[7])
                                                      0.117     5.356 r  u_accuracy/u_exp/stage1_binary_exponent1_i_130/CO[7]
                         net (fo=1, unplaced)         0.005     5.361    u_accuracy/u_exp/stage1_binary_exponent1_i_130_n_0
                         CARRY8 (Prop_CARRY8_CI_CO[0])
                                                      0.052     5.413 r  u_accuracy/u_exp/stage1_binary_exponent1_i_51/CO[0]
                         net (fo=1, unplaced)         0.232     5.645    u_accuracy/u_exp/gap_q162
                         LUT5 (Prop_LUT5_I4_O)        0.038     5.683 r  u_accuracy/u_exp/stage1_binary_exponent1_i_28/O
                         net (fo=23, unplaced)        0.284     5.967    u_accuracy/u_exp/stage1_binary_exponent1_i_28_n_0
                         LUT6 (Prop_LUT6_I5_O)        0.038     6.005 f  u_accuracy/u_exp/stage1_binary_exponent1_i_23/O
                         net (fo=1, unplaced)         0.209     6.214    u_accuracy/u_exp/stage1_binary_exponent1/A[0]
                         DSP_A_B_DATA (Prop_DSP_A_B_DATA_A[0]_A2_DATA[0])
                                                      0.192     6.406 r  u_accuracy/u_exp/stage1_binary_exponent1/DSP_A_B_DATA_INST/A2_DATA[0]
                         net (fo=1, unplaced)         0.000     6.406    u_accuracy/u_exp/stage1_binary_exponent1/DSP_A_B_DATA.A2_DATA<0>
                         DSP_PREADD_DATA (Prop_DSP_PREADD_DATA_A2_DATA[0]_A2A1[0])
                                                      0.076     6.482 r  u_accuracy/u_exp/stage1_binary_exponent1/DSP_PREADD_DATA_INST/A2A1[0]
                         net (fo=1, unplaced)         0.000     6.482    u_accuracy/u_exp/stage1_binary_exponent1/DSP_PREADD_DATA.A2A1<0>
                         DSP_MULTIPLIER (Prop_DSP_MULTIPLIER_A2A1[0]_U[1])
                                                      0.505     6.987 f  u_accuracy/u_exp/stage1_binary_exponent1/DSP_MULTIPLIER_INST/U[1]
                         net (fo=1, unplaced)         0.000     6.987    u_accuracy/u_exp/stage1_binary_exponent1/DSP_MULTIPLIER.U<1>
                         DSP_M_DATA (Prop_DSP_M_DATA_U[1]_U_DATA[1])
                                                      0.047     7.034 r  u_accuracy/u_exp/stage1_binary_exponent1/DSP_M_DATA_INST/U_DATA[1]
                         net (fo=1, unplaced)         0.000     7.034    u_accuracy/u_exp/stage1_binary_exponent1/DSP_M_DATA.U_DATA<1>
                         DSP_ALU (Prop_DSP_ALU_U_DATA[1]_ALU_OUT[1])
                                                      0.585     7.619 f  u_accuracy/u_exp/stage1_binary_exponent1/DSP_ALU_INST/ALU_OUT[1]
                         net (fo=1, unplaced)         0.000     7.619    u_accuracy/u_exp/stage1_binary_exponent1/DSP_ALU.ALU_OUT<1>
                         DSP_OUTPUT (Prop_DSP_OUTPUT_ALU_OUT[1]_P[1])
                                                      0.109     7.728 r  u_accuracy/u_exp/stage1_binary_exponent1/DSP_OUTPUT_INST/P[1]
                         net (fo=1, unplaced)         0.221     7.949    u_accuracy/u_exp/stage1_binary_exponent1_n_104
                         LUT6 (Prop_LUT6_I0_O)        0.150     8.099 r  u_accuracy/u_exp/stage1_binary_fraction[7]_i_5/O
                         net (fo=1, unplaced)         0.232     8.331    u_accuracy/u_exp/stage1_binary_fraction[7]_i_5_n_0
                         LUT6 (Prop_LUT6_I5_O)        0.038     8.369 r  u_accuracy/u_exp/stage1_binary_fraction[7]_i_2/O
                         net (fo=1, unplaced)         0.020     8.389    u_accuracy/u_exp/stage1_binary_fraction[7]_i_2_n_0
                         CARRY8 (Prop_CARRY8_S[0]_CO[7])
                                                      0.199     8.588 r  u_accuracy/u_exp/stage1_binary_fraction_reg[7]_i_1/CO[7]
                         net (fo=1, unplaced)         0.005     8.593    u_accuracy/u_exp/stage1_binary_fraction_reg[7]_i_1_n_0
                         CARRY8 (Prop_CARRY8_CI_CO[7])
                                                      0.022     8.615 r  u_accuracy/u_exp/stage1_binary_fraction_reg[15]_i_2/CO[7]
                         net (fo=1, unplaced)         0.005     8.620    u_accuracy/u_exp/stage1_binary_fraction_reg[15]_i_2_n_0
                         CARRY8 (Prop_CARRY8_CI_O[1])
                                                      0.076     8.696 r  u_accuracy/u_exp/stage1_binary_exponent_reg[7]_i_1/O[1]
                         net (fo=1, unplaced)         0.025     8.721    u_accuracy/u_exp/stage1_binary_exponent_comb[1]
                         FDCE                                         r  u_accuracy/u_exp/stage1_binary_exponent_reg[1]/D
  -------------------------------------------------------------------    -------------------

                         (clock core_clk rise edge)
                                                      6.666     6.666 r  
                                                      0.000     6.666 r  clk (IN)
                         net (fo=16560, unset)        0.000     6.666    u_accuracy/u_exp/clk
                         FDCE                                         r  u_accuracy/u_exp/stage1_binary_exponent_reg[1]/C
                         clock pessimism              0.000     6.666    
                         clock uncertainty           -0.035     6.631    
                         FDCE (Setup_FDCE_C_D)        0.025     6.656    u_accuracy/u_exp/stage1_binary_exponent_reg[1]
  -------------------------------------------------------------------
                         required time                          6.656    
                         arrival time                          -8.721    
  -------------------------------------------------------------------
                         slack                                 -2.065    

Slack (VIOLATED) :        -2.057ns  (required time - arrival time)
  Source:                 u_accuracy/u_exp/stage0_max_bf16_reg[8]/C
                            (rising edge-triggered cell FDCE clocked by core_clk  {rise@0.000ns fall@3.333ns period=6.666ns})
  Destination:            u_accuracy/u_exp/stage1_binary_exponent_reg[2]/D
                            (rising edge-triggered cell FDCE clocked by core_clk  {rise@0.000ns fall@3.333ns period=6.666ns})
  Path Group:             core_clk
  Path Type:              Setup (Max at Slow Process Corner)
  Requirement:            6.666ns  (core_clk rise@6.666ns - core_clk rise@0.000ns)
  Data Path Delay:        8.713ns  (logic 3.713ns (42.614%)  route 5.000ns (57.386%))
  Logic Levels:           34  (CARRY8=12 DSP_A_B_DATA=1 DSP_ALU=1 DSP_M_DATA=1 DSP_MULTIPLIER=1 DSP_OUTPUT=1 DSP_PREADD_DATA=1 LUT2=1 LUT3=2 LUT4=4 LUT5=3 LUT6=6)
  Clock Uncertainty:      0.035ns  ((TSJ^2 + TIJ^2)^1/2 + DJ) / 2 + PE
    Total System Jitter     (TSJ):    0.071ns
    Total Input Jitter      (TIJ):    0.000ns
    Discrete Jitter          (DJ):    0.000ns
    Phase Error              (PE):    0.000ns

    Location             Delay type                Incr(ns)  Path(ns)    Netlist Resource(s)
  -------------------------------------------------------------------    -------------------
                         (clock core_clk rise edge)
                                                      0.000     0.000 r  
                                                      0.000     0.000 r  clk (IN)
                         net (fo=16560, unset)        0.000     0.000    u_accuracy/u_exp/clk
                         FDCE                                         r  u_accuracy/u_exp/stage0_max_bf16_reg[8]/C
  -------------------------------------------------------------------    -------------------
                         FDCE (Prop_FDCE_C_Q)         0.077     0.077 r  u_accuracy/u_exp/stage0_max_bf16_reg[8]/Q
                         net (fo=118, unplaced)       0.275     0.352    u_accuracy/u_exp/p_0_in[1]
                         LUT3 (Prop_LUT3_I2_O)        0.038     0.390 r  u_accuracy/u_exp/stage1_binary_exponent1_i_407/O
                         net (fo=18, unplaced)        0.279     0.669    u_accuracy/u_exp/stage1_binary_exponent1_i_407_n_0
                         LUT6 (Prop_LUT6_I3_O)        0.038     0.707 f  u_accuracy/u_exp/stage1_binary_exponent1_i_321/O
                         net (fo=25, unplaced)        0.286     0.993    u_accuracy/u_exp/stage1_binary_exponent1_i_321_n_0
                         LUT4 (Prop_LUT4_I3_O)        0.070     1.063 r  u_accuracy/u_exp/stage1_binary_exponent1_i_575/O
                         net (fo=1, unplaced)         0.253     1.316    u_accuracy/u_exp/stage1_binary_exponent1_i_575_n_0
                         CARRY8 (Prop_CARRY8_DI[0]_O[4])
                                                      0.177     1.493 r  u_accuracy/u_exp/stage1_binary_exponent1_i_544/O[4]
                         net (fo=2, unplaced)         0.232     1.725    u_accuracy/u_exp/quotient42_in[5]
                         LUT6 (Prop_LUT6_I1_O)        0.038     1.763 f  u_accuracy/u_exp/stage1_binary_exponent1_i_553/O
                         net (fo=2, unplaced)         0.232     1.995    u_accuracy/u_exp/stage1_binary_exponent1_i_553_n_0
                         LUT4 (Prop_LUT4_I0_O)        0.038     2.033 r  u_accuracy/u_exp/stage1_binary_exponent1_i_543/O
                         net (fo=1, unplaced)         0.232     2.265    u_accuracy/u_exp/stage1_binary_exponent1_i_543_n_0
                         LUT4 (Prop_LUT4_I0_O)        0.037     2.302 r  u_accuracy/u_exp/stage1_binary_exponent1_i_478/O
                         net (fo=1, unplaced)         0.023     2.325    u_accuracy/u_exp/stage1_binary_exponent1_i_478_n_0
                         CARRY8 (Prop_CARRY8_S[1]_CO[7])
                                                      0.197     2.522 f  u_accuracy/u_exp/stage1_binary_exponent1_i_412/CO[7]
                         net (fo=1, unplaced)         0.005     2.527    u_accuracy/u_exp/stage1_binary_exponent1_i_412_n_0
                         CARRY8 (Prop_CARRY8_CI_CO[2])
                                                      0.057     2.584 f  u_accuracy/u_exp/stage1_binary_exponent1_i_329/CO[2]
                         net (fo=5, unplaced)         0.250     2.834    u_accuracy/u_exp/quotient38_out
                         LUT5 (Prop_LUT5_I1_O)        0.038     2.872 r  u_accuracy/u_exp/stage1_binary_exponent1_i_323/O
                         net (fo=3, unplaced)         0.238     3.110    u_accuracy/u_exp/stage1_binary_exponent1_i_323_n_0
                         LUT4 (Prop_LUT4_I1_O)        0.038     3.148 f  u_accuracy/u_exp/stage1_binary_exponent1_i_314/O
                         net (fo=3, unplaced)         0.238     3.386    u_accuracy/u_exp/stage1_binary_exponent1_i_314_n_0
                         LUT6 (Prop_LUT6_I5_O)        0.038     3.424 f  u_accuracy/u_exp/stage1_binary_exponent1_i_311/O
                         net (fo=2, unplaced)         0.232     3.656    u_accuracy/u_exp/stage1_binary_exponent1_i_311_n_0
                         LUT5 (Prop_LUT5_I3_O)        0.037     3.693 r  u_accuracy/u_exp/stage1_binary_exponent1_i_291/O
                         net (fo=1, unplaced)         0.023     3.716    u_accuracy/u_exp/stage1_binary_exponent1_i_291_n_0
                         CARRY8 (Prop_CARRY8_S[6]_CO[7])
                                                      0.124     3.840 r  u_accuracy/u_exp/stage1_binary_exponent1_i_158/CO[7]
                         net (fo=1, unplaced)         0.005     3.845    u_accuracy/u_exp/stage1_binary_exponent1_i_158_n_0
                         CARRY8 (Prop_CARRY8_CI_O[0])
                                                      0.056     3.901 r  u_accuracy/u_exp/stage1_binary_exponent1_i_139/O[0]
                         net (fo=2, unplaced)         0.232     4.133    u_accuracy/u_exp/bf16_to_q16_return0[9]
                         LUT3 (Prop_LUT3_I0_O)        0.038     4.171 r  u_accuracy/u_exp/stage1_binary_exponent1_i_74/O
                         net (fo=1, unplaced)         0.256     4.427    u_accuracy/u_exp/bf16_to_q16_return[9]
                         CARRY8 (Prop_CARRY8_DI[1]_CO[7])
                                                      0.127     4.554 r  u_accuracy/u_exp/stage1_binary_exponent1_i_30/CO[7]
                         net (fo=1, unplaced)         0.005     4.559    u_accuracy/u_exp/stage1_binary_exponent1_i_30_n_0
                         CARRY8 (Prop_CARRY8_CI_O[5])
                                                      0.116     4.675 r  u_accuracy/u_exp/stage1_binary_exponent1_i_29/O[5]
                         net (fo=4, unplaced)         0.214     4.889    u_accuracy/u_exp/stage1_binary_exponent1_i_29_n_10
                         LUT2 (Prop_LUT2_I0_O)        0.099     4.988 r  u_accuracy/u_exp/stage1_binary_exponent1_i_208/O
                         net (fo=1, unplaced)         0.251     5.239    u_accuracy/u_exp/stage1_binary_exponent1_i_208_n_0
                         CARRY8 (Prop_CARRY8_DI[2]_CO[7])
                                                      0.117     5.356 r  u_accuracy/u_exp/stage1_binary_exponent1_i_130/CO[7]
                         net (fo=1, unplaced)         0.005     5.361    u_accuracy/u_exp/stage1_binary_exponent1_i_130_n_0
                         CARRY8 (Prop_CARRY8_CI_CO[0])
                                                      0.052     5.413 r  u_accuracy/u_exp/stage1_binary_exponent1_i_51/CO[0]
                         net (fo=1, unplaced)         0.232     5.645    u_accuracy/u_exp/gap_q162
                         LUT5 (Prop_LUT5_I4_O)        0.038     5.683 r  u_accuracy/u_exp/stage1_binary_exponent1_i_28/O
                         net (fo=23, unplaced)        0.284     5.967    u_accuracy/u_exp/stage1_binary_exponent1_i_28_n_0
                         LUT6 (Prop_LUT6_I5_O)        0.038     6.005 f  u_accuracy/u_exp/stage1_binary_exponent1_i_23/O
                         net (fo=1, unplaced)         0.209     6.214    u_accuracy/u_exp/stage1_binary_exponent1/A[0]
                         DSP_A_B_DATA (Prop_DSP_A_B_DATA_A[0]_A2_DATA[0])
                                                      0.192     6.406 r  u_accuracy/u_exp/stage1_binary_exponent1/DSP_A_B_DATA_INST/A2_DATA[0]
                         net (fo=1, unplaced)         0.000     6.406    u_accuracy/u_exp/stage1_binary_exponent1/DSP_A_B_DATA.A2_DATA<0>
                         DSP_PREADD_DATA (Prop_DSP_PREADD_DATA_A2_DATA[0]_A2A1[0])
                                                      0.076     6.482 r  u_accuracy/u_exp/stage1_binary_exponent1/DSP_PREADD_DATA_INST/A2A1[0]
                         net (fo=1, unplaced)         0.000     6.482    u_accuracy/u_exp/stage1_binary_exponent1/DSP_PREADD_DATA.A2A1<0>
                         DSP_MULTIPLIER (Prop_DSP_MULTIPLIER_A2A1[0]_U[1])
                                                      0.505     6.987 f  u_accuracy/u_exp/stage1_binary_exponent1/DSP_MULTIPLIER_INST/U[1]
                         net (fo=1, unplaced)         0.000     6.987    u_accuracy/u_exp/stage1_binary_exponent1/DSP_MULTIPLIER.U<1>
                         DSP_M_DATA (Prop_DSP_M_DATA_U[1]_U_DATA[1])
                                                      0.047     7.034 r  u_accuracy/u_exp/stage1_binary_exponent1/DSP_M_DATA_INST/U_DATA[1]
                         net (fo=1, unplaced)         0.000     7.034    u_accuracy/u_exp/stage1_binary_exponent1/DSP_M_DATA.U_DATA<1>
                         DSP_ALU (Prop_DSP_ALU_U_DATA[1]_ALU_OUT[1])
                                                      0.585     7.619 f  u_accuracy/u_exp/stage1_binary_exponent1/DSP_ALU_INST/ALU_OUT[1]
                         net (fo=1, unplaced)         0.000     7.619    u_accuracy/u_exp/stage1_binary_exponent1/DSP_ALU.ALU_OUT<1>
                         DSP_OUTPUT (Prop_DSP_OUTPUT_ALU_OUT[1]_P[1])
                                                      0.109     7.728 r  u_accuracy/u_exp/stage1_binary_exponent1/DSP_OUTPUT_INST/P[1]
                         net (fo=1, unplaced)         0.221     7.949    u_accuracy/u_exp/stage1_binary_exponent1_n_104
                         LUT6 (Prop_LUT6_I0_O)        0.150     8.099 r  u_accuracy/u_exp/stage1_binary_fraction[7]_i_5/O
                         net (fo=1, unplaced)         0.232     8.331    u_accuracy/u_exp/stage1_binary_fraction[7]_i_5_n_0
                         LUT6 (Prop_LUT6_I5_O)        0.038     8.369 r  u_accuracy/u_exp/stage1_binary_fraction[7]_i_2/O
                         net (fo=1, unplaced)         0.020     8.389    u_accuracy/u_exp/stage1_binary_fraction[7]_i_2_n_0
                         CARRY8 (Prop_CARRY8_S[0]_CO[7])
                                                      0.199     8.588 r  u_accuracy/u_exp/stage1_binary_fraction_reg[7]_i_1/CO[7]
                         net (fo=1, unplaced)         0.005     8.593    u_accuracy/u_exp/stage1_binary_fraction_reg[7]_i_1_n_0
                         CARRY8 (Prop_CARRY8_CI_CO[7])
                                                      0.022     8.615 r  u_accuracy/u_exp/stage1_binary_fraction_reg[15]_i_2/CO[7]
                         net (fo=1, unplaced)         0.005     8.620    u_accuracy/u_exp/stage1_binary_fraction_reg[15]_i_2_n_0
                         CARRY8 (Prop_CARRY8_CI_O[2])
                                                      0.067     8.687 r  u_accuracy/u_exp/stage1_binary_exponent_reg[7]_i_1/O[2]
                         net (fo=1, unplaced)         0.026     8.713    u_accuracy/u_exp/stage1_binary_exponent_comb[2]
                         FDCE                                         r  u_accuracy/u_exp/stage1_binary_exponent_reg[2]/D
  -------------------------------------------------------------------    -------------------

                         (clock core_clk rise edge)
                                                      6.666     6.666 r  
                                                      0.000     6.666 r  clk (IN)
                         net (fo=16560, unset)        0.000     6.666    u_accuracy/u_exp/clk
                         FDCE                                         r  u_accuracy/u_exp/stage1_binary_exponent_reg[2]/C
                         clock pessimism              0.000     6.666    
                         clock uncertainty           -0.035     6.631    
                         FDCE (Setup_FDCE_C_D)        0.025     6.656    u_accuracy/u_exp/stage1_binary_exponent_reg[2]
  -------------------------------------------------------------------
                         required time                          6.656    
                         arrival time                          -8.713    
  -------------------------------------------------------------------
                         slack                                 -2.057    

Slack (VIOLATED) :        -2.048ns  (required time - arrival time)
  Source:                 u_accuracy/u_exp/stage0_max_bf16_reg[8]/C
                            (rising edge-triggered cell FDCE clocked by core_clk  {rise@0.000ns fall@3.333ns period=6.666ns})
  Destination:            u_accuracy/u_exp/stage1_binary_fraction_reg[12]/D
                            (rising edge-triggered cell FDCE clocked by core_clk  {rise@0.000ns fall@3.333ns period=6.666ns})
  Path Group:             core_clk
  Path Type:              Setup (Max at Slow Process Corner)
  Requirement:            6.666ns  (core_clk rise@6.666ns - core_clk rise@0.000ns)
  Data Path Delay:        8.704ns  (logic 3.710ns (42.624%)  route 4.994ns (57.376%))
  Logic Levels:           33  (CARRY8=11 DSP_A_B_DATA=1 DSP_ALU=1 DSP_M_DATA=1 DSP_MULTIPLIER=1 DSP_OUTPUT=1 DSP_PREADD_DATA=1 LUT2=1 LUT3=2 LUT4=4 LUT5=3 LUT6=6)
  Clock Uncertainty:      0.035ns  ((TSJ^2 + TIJ^2)^1/2 + DJ) / 2 + PE
    Total System Jitter     (TSJ):    0.071ns
    Total Input Jitter      (TIJ):    0.000ns
    Discrete Jitter          (DJ):    0.000ns
    Phase Error              (PE):    0.000ns

    Location             Delay type                Incr(ns)  Path(ns)    Netlist Resource(s)
  -------------------------------------------------------------------    -------------------
                         (clock core_clk rise edge)
                                                      0.000     0.000 r  
                                                      0.000     0.000 r  clk (IN)
                         net (fo=16560, unset)        0.000     0.000    u_accuracy/u_exp/clk
                         FDCE                                         r  u_accuracy/u_exp/stage0_max_bf16_reg[8]/C
  -------------------------------------------------------------------    -------------------
                         FDCE (Prop_FDCE_C_Q)         0.077     0.077 r  u_accuracy/u_exp/stage0_max_bf16_reg[8]/Q
                         net (fo=118, unplaced)       0.275     0.352    u_accuracy/u_exp/p_0_in[1]
                         LUT3 (Prop_LUT3_I2_O)        0.038     0.390 r  u_accuracy/u_exp/stage1_binary_exponent1_i_407/O
                         net (fo=18, unplaced)        0.279     0.669    u_accuracy/u_exp/stage1_binary_exponent1_i_407_n_0
                         LUT6 (Prop_LUT6_I3_O)        0.038     0.707 f  u_accuracy/u_exp/stage1_binary_exponent1_i_321/O
                         net (fo=25, unplaced)        0.286     0.993    u_accuracy/u_exp/stage1_binary_exponent1_i_321_n_0
                         LUT4 (Prop_LUT4_I3_O)        0.070     1.063 r  u_accuracy/u_exp/stage1_binary_exponent1_i_575/O
                         net (fo=1, unplaced)         0.253     1.316    u_accuracy/u_exp/stage1_binary_exponent1_i_575_n_0
                         CARRY8 (Prop_CARRY8_DI[0]_O[4])
                                                      0.177     1.493 r  u_accuracy/u_exp/stage1_binary_exponent1_i_544/O[4]
                         net (fo=2, unplaced)         0.232     1.725    u_accuracy/u_exp/quotient42_in[5]
                         LUT6 (Prop_LUT6_I1_O)        0.038     1.763 f  u_accuracy/u_exp/stage1_binary_exponent1_i_553/O
                         net (fo=2, unplaced)         0.232     1.995    u_accuracy/u_exp/stage1_binary_exponent1_i_553_n_0
                         LUT4 (Prop_LUT4_I0_O)        0.038     2.033 r  u_accuracy/u_exp/stage1_binary_exponent1_i_543/O
                         net (fo=1, unplaced)         0.232     2.265    u_accuracy/u_exp/stage1_binary_exponent1_i_543_n_0
                         LUT4 (Prop_LUT4_I0_O)        0.037     2.302 r  u_accuracy/u_exp/stage1_binary_exponent1_i_478/O
                         net (fo=1, unplaced)         0.023     2.325    u_accuracy/u_exp/stage1_binary_exponent1_i_478_n_0
                         CARRY8 (Prop_CARRY8_S[1]_CO[7])
                                                      0.197     2.522 f  u_accuracy/u_exp/stage1_binary_exponent1_i_412/CO[7]
                         net (fo=1, unplaced)         0.005     2.527    u_accuracy/u_exp/stage1_binary_exponent1_i_412_n_0
                         CARRY8 (Prop_CARRY8_CI_CO[2])
                                                      0.057     2.584 f  u_accuracy/u_exp/stage1_binary_exponent1_i_329/CO[2]
                         net (fo=5, unplaced)         0.250     2.834    u_accuracy/u_exp/quotient38_out
                         LUT5 (Prop_LUT5_I1_O)        0.038     2.872 r  u_accuracy/u_exp/stage1_binary_exponent1_i_323/O
                         net (fo=3, unplaced)         0.238     3.110    u_accuracy/u_exp/stage1_binary_exponent1_i_323_n_0
                         LUT4 (Prop_LUT4_I1_O)        0.038     3.148 f  u_accuracy/u_exp/stage1_binary_exponent1_i_314/O
                         net (fo=3, unplaced)         0.238     3.386    u_accuracy/u_exp/stage1_binary_exponent1_i_314_n_0
                         LUT6 (Prop_LUT6_I5_O)        0.038     3.424 f  u_accuracy/u_exp/stage1_binary_exponent1_i_311/O
                         net (fo=2, unplaced)         0.232     3.656    u_accuracy/u_exp/stage1_binary_exponent1_i_311_n_0
                         LUT5 (Prop_LUT5_I3_O)        0.037     3.693 r  u_accuracy/u_exp/stage1_binary_exponent1_i_291/O
                         net (fo=1, unplaced)         0.023     3.716    u_accuracy/u_exp/stage1_binary_exponent1_i_291_n_0
                         CARRY8 (Prop_CARRY8_S[6]_CO[7])
                                                      0.124     3.840 r  u_accuracy/u_exp/stage1_binary_exponent1_i_158/CO[7]
                         net (fo=1, unplaced)         0.005     3.845    u_accuracy/u_exp/stage1_binary_exponent1_i_158_n_0
                         CARRY8 (Prop_CARRY8_CI_O[0])
                                                      0.056     3.901 r  u_accuracy/u_exp/stage1_binary_exponent1_i_139/O[0]
                         net (fo=2, unplaced)         0.232     4.133    u_accuracy/u_exp/bf16_to_q16_return0[9]
                         LUT3 (Prop_LUT3_I0_O)        0.038     4.171 r  u_accuracy/u_exp/stage1_binary_exponent1_i_74/O
                         net (fo=1, unplaced)         0.256     4.427    u_accuracy/u_exp/bf16_to_q16_return[9]
                         CARRY8 (Prop_CARRY8_DI[1]_CO[7])
                                                      0.127     4.554 r  u_accuracy/u_exp/stage1_binary_exponent1_i_30/CO[7]
                         net (fo=1, unplaced)         0.005     4.559    u_accuracy/u_exp/stage1_binary_exponent1_i_30_n_0
                         CARRY8 (Prop_CARRY8_CI_O[5])
                                                      0.116     4.675 r  u_accuracy/u_exp/stage1_binary_exponent1_i_29/O[5]
                         net (fo=4, unplaced)         0.214     4.889    u_accuracy/u_exp/stage1_binary_exponent1_i_29_n_10
                         LUT2 (Prop_LUT2_I0_O)        0.099     4.988 r  u_accuracy/u_exp/stage1_binary_exponent1_i_208/O
                         net (fo=1, unplaced)         0.251     5.239    u_accuracy/u_exp/stage1_binary_exponent1_i_208_n_0
                         CARRY8 (Prop_CARRY8_DI[2]_CO[7])
                                                      0.117     5.356 r  u_accuracy/u_exp/stage1_binary_exponent1_i_130/CO[7]
                         net (fo=1, unplaced)         0.005     5.361    u_accuracy/u_exp/stage1_binary_exponent1_i_130_n_0
                         CARRY8 (Prop_CARRY8_CI_CO[0])
                                                      0.052     5.413 r  u_accuracy/u_exp/stage1_binary_exponent1_i_51/CO[0]
                         net (fo=1, unplaced)         0.232     5.645    u_accuracy/u_exp/gap_q162
                         LUT5 (Prop_LUT5_I4_O)        0.038     5.683 r  u_accuracy/u_exp/stage1_binary_exponent1_i_28/O
                         net (fo=23, unplaced)        0.284     5.967    u_accuracy/u_exp/stage1_binary_exponent1_i_28_n_0
                         LUT6 (Prop_LUT6_I5_O)        0.038     6.005 f  u_accuracy/u_exp/stage1_binary_exponent1_i_23/O
                         net (fo=1, unplaced)         0.209     6.214    u_accuracy/u_exp/stage1_binary_exponent1/A[0]
                         DSP_A_B_DATA (Prop_DSP_A_B_DATA_A[0]_A2_DATA[0])
                                                      0.192     6.406 r  u_accuracy/u_exp/stage1_binary_exponent1/DSP_A_B_DATA_INST/A2_DATA[0]
                         net (fo=1, unplaced)         0.000     6.406    u_accuracy/u_exp/stage1_binary_exponent1/DSP_A_B_DATA.A2_DATA<0>
                         DSP_PREADD_DATA (Prop_DSP_PREADD_DATA_A2_DATA[0]_A2A1[0])
                                                      0.076     6.482 r  u_accuracy/u_exp/stage1_binary_exponent1/DSP_PREADD_DATA_INST/A2A1[0]
                         net (fo=1, unplaced)         0.000     6.482    u_accuracy/u_exp/stage1_binary_exponent1/DSP_PREADD_DATA.A2A1<0>
                         DSP_MULTIPLIER (Prop_DSP_MULTIPLIER_A2A1[0]_U[1])
                                                      0.505     6.987 f  u_accuracy/u_exp/stage1_binary_exponent1/DSP_MULTIPLIER_INST/U[1]
                         net (fo=1, unplaced)         0.000     6.987    u_accuracy/u_exp/stage1_binary_exponent1/DSP_MULTIPLIER.U<1>
                         DSP_M_DATA (Prop_DSP_M_DATA_U[1]_U_DATA[1])
                                                      0.047     7.034 r  u_accuracy/u_exp/stage1_binary_exponent1/DSP_M_DATA_INST/U_DATA[1]
                         net (fo=1, unplaced)         0.000     7.034    u_accuracy/u_exp/stage1_binary_exponent1/DSP_M_DATA.U_DATA<1>
                         DSP_ALU (Prop_DSP_ALU_U_DATA[1]_ALU_OUT[1])
                                                      0.585     7.619 f  u_accuracy/u_exp/stage1_binary_exponent1/DSP_ALU_INST/ALU_OUT[1]
                         net (fo=1, unplaced)         0.000     7.619    u_accuracy/u_exp/stage1_binary_exponent1/DSP_ALU.ALU_OUT<1>
                         DSP_OUTPUT (Prop_DSP_OUTPUT_ALU_OUT[1]_P[1])
                                                      0.109     7.728 r  u_accuracy/u_exp/stage1_binary_exponent1/DSP_OUTPUT_INST/P[1]
                         net (fo=1, unplaced)         0.221     7.949    u_accuracy/u_exp/stage1_binary_exponent1_n_104
                         LUT6 (Prop_LUT6_I0_O)        0.150     8.099 r  u_accuracy/u_exp/stage1_binary_fraction[7]_i_5/O
                         net (fo=1, unplaced)         0.232     8.331    u_accuracy/u_exp/stage1_binary_fraction[7]_i_5_n_0
                         LUT6 (Prop_LUT6_I5_O)        0.038     8.369 r  u_accuracy/u_exp/stage1_binary_fraction[7]_i_2/O
                         net (fo=1, unplaced)         0.020     8.389    u_accuracy/u_exp/stage1_binary_fraction[7]_i_2_n_0
                         CARRY8 (Prop_CARRY8_S[0]_CO[7])
                                                      0.199     8.588 r  u_accuracy/u_exp/stage1_binary_fraction_reg[7]_i_1/CO[7]
                         net (fo=1, unplaced)         0.005     8.593    u_accuracy/u_exp/stage1_binary_fraction_reg[7]_i_1_n_0
                         CARRY8 (Prop_CARRY8_CI_O[4])
                                                      0.086     8.679 r  u_accuracy/u_exp/stage1_binary_fraction_reg[15]_i_2/O[4]
                         net (fo=1, unplaced)         0.025     8.704    u_accuracy/u_exp/stage1_binary_fraction_reg[15]_i_2_n_11
                         FDCE                                         r  u_accuracy/u_exp/stage1_binary_fraction_reg[12]/D
  -------------------------------------------------------------------    -------------------

                         (clock core_clk rise edge)
                                                      6.666     6.666 r  
                                                      0.000     6.666 r  clk (IN)
                         net (fo=16560, unset)        0.000     6.666    u_accuracy/u_exp/clk
                         FDCE                                         r  u_accuracy/u_exp/stage1_binary_fraction_reg[12]/C
                         clock pessimism              0.000     6.666    
                         clock uncertainty           -0.035     6.631    
                         FDCE (Setup_FDCE_C_D)        0.025     6.656    u_accuracy/u_exp/stage1_binary_fraction_reg[12]
  -------------------------------------------------------------------
                         required time                          6.656    
                         arrival time                          -8.704    
  -------------------------------------------------------------------
                         slack                                 -2.048    

Slack (VIOLATED) :        -2.045ns  (required time - arrival time)
  Source:                 u_accuracy/u_exp/stage0_max_bf16_reg[8]/C
                            (rising edge-triggered cell FDCE clocked by core_clk  {rise@0.000ns fall@3.333ns period=6.666ns})
  Destination:            u_accuracy/u_exp/stage1_binary_fraction_reg[11]/D
                            (rising edge-triggered cell FDCE clocked by core_clk  {rise@0.000ns fall@3.333ns period=6.666ns})
  Path Group:             core_clk
  Path Type:              Setup (Max at Slow Process Corner)
  Requirement:            6.666ns  (core_clk rise@6.666ns - core_clk rise@0.000ns)
  Data Path Delay:        8.701ns  (logic 3.706ns (42.593%)  route 4.995ns (57.407%))
  Logic Levels:           33  (CARRY8=11 DSP_A_B_DATA=1 DSP_ALU=1 DSP_M_DATA=1 DSP_MULTIPLIER=1 DSP_OUTPUT=1 DSP_PREADD_DATA=1 LUT2=1 LUT3=2 LUT4=4 LUT5=3 LUT6=6)
  Clock Uncertainty:      0.035ns  ((TSJ^2 + TIJ^2)^1/2 + DJ) / 2 + PE
    Total System Jitter     (TSJ):    0.071ns
    Total Input Jitter      (TIJ):    0.000ns
    Discrete Jitter          (DJ):    0.000ns
    Phase Error              (PE):    0.000ns

    Location             Delay type                Incr(ns)  Path(ns)    Netlist Resource(s)
  -------------------------------------------------------------------    -------------------
                         (clock core_clk rise edge)
                                                      0.000     0.000 r  
                                                      0.000     0.000 r  clk (IN)
                         net (fo=16560, unset)        0.000     0.000    u_accuracy/u_exp/clk
                         FDCE                                         r  u_accuracy/u_exp/stage0_max_bf16_reg[8]/C
  -------------------------------------------------------------------    -------------------
                         FDCE (Prop_FDCE_C_Q)         0.077     0.077 r  u_accuracy/u_exp/stage0_max_bf16_reg[8]/Q
                         net (fo=118, unplaced)       0.275     0.352    u_accuracy/u_exp/p_0_in[1]
                         LUT3 (Prop_LUT3_I2_O)        0.038     0.390 r  u_accuracy/u_exp/stage1_binary_exponent1_i_407/O
                         net (fo=18, unplaced)        0.279     0.669    u_accuracy/u_exp/stage1_binary_exponent1_i_407_n_0
                         LUT6 (Prop_LUT6_I3_O)        0.038     0.707 f  u_accuracy/u_exp/stage1_binary_exponent1_i_321/O
                         net (fo=25, unplaced)        0.286     0.993    u_accuracy/u_exp/stage1_binary_exponent1_i_321_n_0
                         LUT4 (Prop_LUT4_I3_O)        0.070     1.063 r  u_accuracy/u_exp/stage1_binary_exponent1_i_575/O
                         net (fo=1, unplaced)         0.253     1.316    u_accuracy/u_exp/stage1_binary_exponent1_i_575_n_0
                         CARRY8 (Prop_CARRY8_DI[0]_O[4])
                                                      0.177     1.493 r  u_accuracy/u_exp/stage1_binary_exponent1_i_544/O[4]
                         net (fo=2, unplaced)         0.232     1.725    u_accuracy/u_exp/quotient42_in[5]
                         LUT6 (Prop_LUT6_I1_O)        0.038     1.763 f  u_accuracy/u_exp/stage1_binary_exponent1_i_553/O
                         net (fo=2, unplaced)         0.232     1.995    u_accuracy/u_exp/stage1_binary_exponent1_i_553_n_0
                         LUT4 (Prop_LUT4_I0_O)        0.038     2.033 r  u_accuracy/u_exp/stage1_binary_exponent1_i_543/O
                         net (fo=1, unplaced)         0.232     2.265    u_accuracy/u_exp/stage1_binary_exponent1_i_543_n_0
                         LUT4 (Prop_LUT4_I0_O)        0.037     2.302 r  u_accuracy/u_exp/stage1_binary_exponent1_i_478/O
                         net (fo=1, unplaced)         0.023     2.325    u_accuracy/u_exp/stage1_binary_exponent1_i_478_n_0
                         CARRY8 (Prop_CARRY8_S[1]_CO[7])
                                                      0.197     2.522 f  u_accuracy/u_exp/stage1_binary_exponent1_i_412/CO[7]
                         net (fo=1, unplaced)         0.005     2.527    u_accuracy/u_exp/stage1_binary_exponent1_i_412_n_0
                         CARRY8 (Prop_CARRY8_CI_CO[2])
                                                      0.057     2.584 f  u_accuracy/u_exp/stage1_binary_exponent1_i_329/CO[2]
                         net (fo=5, unplaced)         0.250     2.834    u_accuracy/u_exp/quotient38_out
                         LUT5 (Prop_LUT5_I1_O)        0.038     2.872 r  u_accuracy/u_exp/stage1_binary_exponent1_i_323/O
                         net (fo=3, unplaced)         0.238     3.110    u_accuracy/u_exp/stage1_binary_exponent1_i_323_n_0
                         LUT4 (Prop_LUT4_I1_O)        0.038     3.148 f  u_accuracy/u_exp/stage1_binary_exponent1_i_314/O
                         net (fo=3, unplaced)         0.238     3.386    u_accuracy/u_exp/stage1_binary_exponent1_i_314_n_0
                         LUT6 (Prop_LUT6_I5_O)        0.038     3.424 f  u_accuracy/u_exp/stage1_binary_exponent1_i_311/O
                         net (fo=2, unplaced)         0.232     3.656    u_accuracy/u_exp/stage1_binary_exponent1_i_311_n_0
                         LUT5 (Prop_LUT5_I3_O)        0.037     3.693 r  u_accuracy/u_exp/stage1_binary_exponent1_i_291/O
                         net (fo=1, unplaced)         0.023     3.716    u_accuracy/u_exp/stage1_binary_exponent1_i_291_n_0
                         CARRY8 (Prop_CARRY8_S[6]_CO[7])
                                                      0.124     3.840 r  u_accuracy/u_exp/stage1_binary_exponent1_i_158/CO[7]
                         net (fo=1, unplaced)         0.005     3.845    u_accuracy/u_exp/stage1_binary_exponent1_i_158_n_0
                         CARRY8 (Prop_CARRY8_CI_O[0])
                                                      0.056     3.901 r  u_accuracy/u_exp/stage1_binary_exponent1_i_139/O[0]
                         net (fo=2, unplaced)         0.232     4.133    u_accuracy/u_exp/bf16_to_q16_return0[9]
                         LUT3 (Prop_LUT3_I0_O)        0.038     4.171 r  u_accuracy/u_exp/stage1_binary_exponent1_i_74/O
                         net (fo=1, unplaced)         0.256     4.427    u_accuracy/u_exp/bf16_to_q16_return[9]
                         CARRY8 (Prop_CARRY8_DI[1]_CO[7])
                                                      0.127     4.554 r  u_accuracy/u_exp/stage1_binary_exponent1_i_30/CO[7]
                         net (fo=1, unplaced)         0.005     4.559    u_accuracy/u_exp/stage1_binary_exponent1_i_30_n_0
                         CARRY8 (Prop_CARRY8_CI_O[5])
                                                      0.116     4.675 r  u_accuracy/u_exp/stage1_binary_exponent1_i_29/O[5]
                         net (fo=4, unplaced)         0.214     4.889    u_accuracy/u_exp/stage1_binary_exponent1_i_29_n_10
                         LUT2 (Prop_LUT2_I0_O)        0.099     4.988 r  u_accuracy/u_exp/stage1_binary_exponent1_i_208/O
                         net (fo=1, unplaced)         0.251     5.239    u_accuracy/u_exp/stage1_binary_exponent1_i_208_n_0
                         CARRY8 (Prop_CARRY8_DI[2]_CO[7])
                                                      0.117     5.356 r  u_accuracy/u_exp/stage1_binary_exponent1_i_130/CO[7]
                         net (fo=1, unplaced)         0.005     5.361    u_accuracy/u_exp/stage1_binary_exponent1_i_130_n_0
                         CARRY8 (Prop_CARRY8_CI_CO[0])
                                                      0.052     5.413 r  u_accuracy/u_exp/stage1_binary_exponent1_i_51/CO[0]
                         net (fo=1, unplaced)         0.232     5.645    u_accuracy/u_exp/gap_q162
                         LUT5 (Prop_LUT5_I4_O)        0.038     5.683 r  u_accuracy/u_exp/stage1_binary_exponent1_i_28/O
                         net (fo=23, unplaced)        0.284     5.967    u_accuracy/u_exp/stage1_binary_exponent1_i_28_n_0
                         LUT6 (Prop_LUT6_I5_O)        0.038     6.005 f  u_accuracy/u_exp/stage1_binary_exponent1_i_23/O
                         net (fo=1, unplaced)         0.209     6.214    u_accuracy/u_exp/stage1_binary_exponent1/A[0]
                         DSP_A_B_DATA (Prop_DSP_A_B_DATA_A[0]_A2_DATA[0])
                                                      0.192     6.406 r  u_accuracy/u_exp/stage1_binary_exponent1/DSP_A_B_DATA_INST/A2_DATA[0]
                         net (fo=1, unplaced)         0.000     6.406    u_accuracy/u_exp/stage1_binary_exponent1/DSP_A_B_DATA.A2_DATA<0>
                         DSP_PREADD_DATA (Prop_DSP_PREADD_DATA_A2_DATA[0]_A2A1[0])
                                                      0.076     6.482 r  u_accuracy/u_exp/stage1_binary_exponent1/DSP_PREADD_DATA_INST/A2A1[0]
                         net (fo=1, unplaced)         0.000     6.482    u_accuracy/u_exp/stage1_binary_exponent1/DSP_PREADD_DATA.A2A1<0>
                         DSP_MULTIPLIER (Prop_DSP_MULTIPLIER_A2A1[0]_U[1])
                                                      0.505     6.987 f  u_accuracy/u_exp/stage1_binary_exponent1/DSP_MULTIPLIER_INST/U[1]
                         net (fo=1, unplaced)         0.000     6.987    u_accuracy/u_exp/stage1_binary_exponent1/DSP_MULTIPLIER.U<1>
                         DSP_M_DATA (Prop_DSP_M_DATA_U[1]_U_DATA[1])
                                                      0.047     7.034 r  u_accuracy/u_exp/stage1_binary_exponent1/DSP_M_DATA_INST/U_DATA[1]
                         net (fo=1, unplaced)         0.000     7.034    u_accuracy/u_exp/stage1_binary_exponent1/DSP_M_DATA.U_DATA<1>
                         DSP_ALU (Prop_DSP_ALU_U_DATA[1]_ALU_OUT[1])
                                                      0.585     7.619 f  u_accuracy/u_exp/stage1_binary_exponent1/DSP_ALU_INST/ALU_OUT[1]
                         net (fo=1, unplaced)         0.000     7.619    u_accuracy/u_exp/stage1_binary_exponent1/DSP_ALU.ALU_OUT<1>
                         DSP_OUTPUT (Prop_DSP_OUTPUT_ALU_OUT[1]_P[1])
                                                      0.109     7.728 r  u_accuracy/u_exp/stage1_binary_exponent1/DSP_OUTPUT_INST/P[1]
                         net (fo=1, unplaced)         0.221     7.949    u_accuracy/u_exp/stage1_binary_exponent1_n_104
                         LUT6 (Prop_LUT6_I0_O)        0.150     8.099 r  u_accuracy/u_exp/stage1_binary_fraction[7]_i_5/O
                         net (fo=1, unplaced)         0.232     8.331    u_accuracy/u_exp/stage1_binary_fraction[7]_i_5_n_0
                         LUT6 (Prop_LUT6_I5_O)        0.038     8.369 r  u_accuracy/u_exp/stage1_binary_fraction[7]_i_2/O
                         net (fo=1, unplaced)         0.020     8.389    u_accuracy/u_exp/stage1_binary_fraction[7]_i_2_n_0
                         CARRY8 (Prop_CARRY8_S[0]_CO[7])
                                                      0.199     8.588 r  u_accuracy/u_exp/stage1_binary_fraction_reg[7]_i_1/CO[7]
                         net (fo=1, unplaced)         0.005     8.593    u_accuracy/u_exp/stage1_binary_fraction_reg[7]_i_1_n_0
                         CARRY8 (Prop_CARRY8_CI_O[3])
                                                      0.082     8.675 r  u_accuracy/u_exp/stage1_binary_fraction_reg[15]_i_2/O[3]
                         net (fo=1, unplaced)         0.026     8.701    u_accuracy/u_exp/stage1_binary_fraction_reg[15]_i_2_n_12
                         FDCE                                         r  u_accuracy/u_exp/stage1_binary_fraction_reg[11]/D
  -------------------------------------------------------------------    -------------------

                         (clock core_clk rise edge)
                                                      6.666     6.666 r  
                                                      0.000     6.666 r  clk (IN)
                         net (fo=16560, unset)        0.000     6.666    u_accuracy/u_exp/clk
                         FDCE                                         r  u_accuracy/u_exp/stage1_binary_fraction_reg[11]/C
                         clock pessimism              0.000     6.666    
                         clock uncertainty           -0.035     6.631    
                         FDCE (Setup_FDCE_C_D)        0.025     6.656    u_accuracy/u_exp/stage1_binary_fraction_reg[11]
  -------------------------------------------------------------------
                         required time                          6.656    
                         arrival time                          -8.701    
  -------------------------------------------------------------------
                         slack                                 -2.045    

Slack (VIOLATED) :        -2.045ns  (required time - arrival time)
  Source:                 u_accuracy/u_exp/stage0_max_bf16_reg[8]/C
                            (rising edge-triggered cell FDCE clocked by core_clk  {rise@0.000ns fall@3.333ns period=6.666ns})
  Destination:            u_accuracy/u_exp/stage1_binary_exponent_reg[0]/D
                            (rising edge-triggered cell FDCE clocked by core_clk  {rise@0.000ns fall@3.333ns period=6.666ns})
  Path Group:             core_clk
  Path Type:              Setup (Max at Slow Process Corner)
  Requirement:            6.666ns  (core_clk rise@6.666ns - core_clk rise@0.000ns)
  Data Path Delay:        8.701ns  (logic 3.702ns (42.547%)  route 4.999ns (57.453%))
  Logic Levels:           34  (CARRY8=12 DSP_A_B_DATA=1 DSP_ALU=1 DSP_M_DATA=1 DSP_MULTIPLIER=1 DSP_OUTPUT=1 DSP_PREADD_DATA=1 LUT2=1 LUT3=2 LUT4=4 LUT5=3 LUT6=6)
  Clock Uncertainty:      0.035ns  ((TSJ^2 + TIJ^2)^1/2 + DJ) / 2 + PE
    Total System Jitter     (TSJ):    0.071ns
    Total Input Jitter      (TIJ):    0.000ns
    Discrete Jitter          (DJ):    0.000ns
    Phase Error              (PE):    0.000ns

    Location             Delay type                Incr(ns)  Path(ns)    Netlist Resource(s)
  -------------------------------------------------------------------    -------------------
                         (clock core_clk rise edge)
                                                      0.000     0.000 r  
                                                      0.000     0.000 r  clk (IN)
                         net (fo=16560, unset)        0.000     0.000    u_accuracy/u_exp/clk
                         FDCE                                         r  u_accuracy/u_exp/stage0_max_bf16_reg[8]/C
  -------------------------------------------------------------------    -------------------
                         FDCE (Prop_FDCE_C_Q)         0.077     0.077 r  u_accuracy/u_exp/stage0_max_bf16_reg[8]/Q
                         net (fo=118, unplaced)       0.275     0.352    u_accuracy/u_exp/p_0_in[1]
                         LUT3 (Prop_LUT3_I2_O)        0.038     0.390 r  u_accuracy/u_exp/stage1_binary_exponent1_i_407/O
                         net (fo=18, unplaced)        0.279     0.669    u_accuracy/u_exp/stage1_binary_exponent1_i_407_n_0
                         LUT6 (Prop_LUT6_I3_O)        0.038     0.707 f  u_accuracy/u_exp/stage1_binary_exponent1_i_321/O
                         net (fo=25, unplaced)        0.286     0.993    u_accuracy/u_exp/stage1_binary_exponent1_i_321_n_0
                         LUT4 (Prop_LUT4_I3_O)        0.070     1.063 r  u_accuracy/u_exp/stage1_binary_exponent1_i_575/O
                         net (fo=1, unplaced)         0.253     1.316    u_accuracy/u_exp/stage1_binary_exponent1_i_575_n_0
                         CARRY8 (Prop_CARRY8_DI[0]_O[4])
                                                      0.177     1.493 r  u_accuracy/u_exp/stage1_binary_exponent1_i_544/O[4]
                         net (fo=2, unplaced)         0.232     1.725    u_accuracy/u_exp/quotient42_in[5]
                         LUT6 (Prop_LUT6_I1_O)        0.038     1.763 f  u_accuracy/u_exp/stage1_binary_exponent1_i_553/O
                         net (fo=2, unplaced)         0.232     1.995    u_accuracy/u_exp/stage1_binary_exponent1_i_553_n_0
                         LUT4 (Prop_LUT4_I0_O)        0.038     2.033 r  u_accuracy/u_exp/stage1_binary_exponent1_i_543/O
                         net (fo=1, unplaced)         0.232     2.265    u_accuracy/u_exp/stage1_binary_exponent1_i_543_n_0
                         LUT4 (Prop_LUT4_I0_O)        0.037     2.302 r  u_accuracy/u_exp/stage1_binary_exponent1_i_478/O
                         net (fo=1, unplaced)         0.023     2.325    u_accuracy/u_exp/stage1_binary_exponent1_i_478_n_0
                         CARRY8 (Prop_CARRY8_S[1]_CO[7])
                                                      0.197     2.522 f  u_accuracy/u_exp/stage1_binary_exponent1_i_412/CO[7]
                         net (fo=1, unplaced)         0.005     2.527    u_accuracy/u_exp/stage1_binary_exponent1_i_412_n_0
                         CARRY8 (Prop_CARRY8_CI_CO[2])
                                                      0.057     2.584 f  u_accuracy/u_exp/stage1_binary_exponent1_i_329/CO[2]
                         net (fo=5, unplaced)         0.250     2.834    u_accuracy/u_exp/quotient38_out
                         LUT5 (Prop_LUT5_I1_O)        0.038     2.872 r  u_accuracy/u_exp/stage1_binary_exponent1_i_323/O
                         net (fo=3, unplaced)         0.238     3.110    u_accuracy/u_exp/stage1_binary_exponent1_i_323_n_0
                         LUT4 (Prop_LUT4_I1_O)        0.038     3.148 f  u_accuracy/u_exp/stage1_binary_exponent1_i_314/O
                         net (fo=3, unplaced)         0.238     3.386    u_accuracy/u_exp/stage1_binary_exponent1_i_314_n_0
                         LUT6 (Prop_LUT6_I5_O)        0.038     3.424 f  u_accuracy/u_exp/stage1_binary_exponent1_i_311/O
                         net (fo=2, unplaced)         0.232     3.656    u_accuracy/u_exp/stage1_binary_exponent1_i_311_n_0
                         LUT5 (Prop_LUT5_I3_O)        0.037     3.693 r  u_accuracy/u_exp/stage1_binary_exponent1_i_291/O
                         net (fo=1, unplaced)         0.023     3.716    u_accuracy/u_exp/stage1_binary_exponent1_i_291_n_0
                         CARRY8 (Prop_CARRY8_S[6]_CO[7])
                                                      0.124     3.840 r  u_accuracy/u_exp/stage1_binary_exponent1_i_158/CO[7]
                         net (fo=1, unplaced)         0.005     3.845    u_accuracy/u_exp/stage1_binary_exponent1_i_158_n_0
                         CARRY8 (Prop_CARRY8_CI_O[0])
                                                      0.056     3.901 r  u_accuracy/u_exp/stage1_binary_exponent1_i_139/O[0]
                         net (fo=2, unplaced)         0.232     4.133    u_accuracy/u_exp/bf16_to_q16_return0[9]
                         LUT3 (Prop_LUT3_I0_O)        0.038     4.171 r  u_accuracy/u_exp/stage1_binary_exponent1_i_74/O
                         net (fo=1, unplaced)         0.256     4.427    u_accuracy/u_exp/bf16_to_q16_return[9]
                         CARRY8 (Prop_CARRY8_DI[1]_CO[7])
                                                      0.127     4.554 r  u_accuracy/u_exp/stage1_binary_exponent1_i_30/CO[7]
                         net (fo=1, unplaced)         0.005     4.559    u_accuracy/u_exp/stage1_binary_exponent1_i_30_n_0
                         CARRY8 (Prop_CARRY8_CI_O[5])
                                                      0.116     4.675 r  u_accuracy/u_exp/stage1_binary_exponent1_i_29/O[5]
                         net (fo=4, unplaced)         0.214     4.889    u_accuracy/u_exp/stage1_binary_exponent1_i_29_n_10
                         LUT2 (Prop_LUT2_I0_O)        0.099     4.988 r  u_accuracy/u_exp/stage1_binary_exponent1_i_208/O
                         net (fo=1, unplaced)         0.251     5.239    u_accuracy/u_exp/stage1_binary_exponent1_i_208_n_0
                         CARRY8 (Prop_CARRY8_DI[2]_CO[7])
                                                      0.117     5.356 r  u_accuracy/u_exp/stage1_binary_exponent1_i_130/CO[7]
                         net (fo=1, unplaced)         0.005     5.361    u_accuracy/u_exp/stage1_binary_exponent1_i_130_n_0
                         CARRY8 (Prop_CARRY8_CI_CO[0])
                                                      0.052     5.413 r  u_accuracy/u_exp/stage1_binary_exponent1_i_51/CO[0]
                         net (fo=1, unplaced)         0.232     5.645    u_accuracy/u_exp/gap_q162
                         LUT5 (Prop_LUT5_I4_O)        0.038     5.683 r  u_accuracy/u_exp/stage1_binary_exponent1_i_28/O
                         net (fo=23, unplaced)        0.284     5.967    u_accuracy/u_exp/stage1_binary_exponent1_i_28_n_0
                         LUT6 (Prop_LUT6_I5_O)        0.038     6.005 f  u_accuracy/u_exp/stage1_binary_exponent1_i_23/O
                         net (fo=1, unplaced)         0.209     6.214    u_accuracy/u_exp/stage1_binary_exponent1/A[0]
                         DSP_A_B_DATA (Prop_DSP_A_B_DATA_A[0]_A2_DATA[0])
                                                      0.192     6.406 r  u_accuracy/u_exp/stage1_binary_exponent1/DSP_A_B_DATA_INST/A2_DATA[0]
                         net (fo=1, unplaced)         0.000     6.406    u_accuracy/u_exp/stage1_binary_exponent1/DSP_A_B_DATA.A2_DATA<0>
                         DSP_PREADD_DATA (Prop_DSP_PREADD_DATA_A2_DATA[0]_A2A1[0])
                                                      0.076     6.482 r  u_accuracy/u_exp/stage1_binary_exponent1/DSP_PREADD_DATA_INST/A2A1[0]
                         net (fo=1, unplaced)         0.000     6.482    u_accuracy/u_exp/stage1_binary_exponent1/DSP_PREADD_DATA.A2A1<0>
                         DSP_MULTIPLIER (Prop_DSP_MULTIPLIER_A2A1[0]_U[1])
                                                      0.505     6.987 f  u_accuracy/u_exp/stage1_binary_exponent1/DSP_MULTIPLIER_INST/U[1]
                         net (fo=1, unplaced)         0.000     6.987    u_accuracy/u_exp/stage1_binary_exponent1/DSP_MULTIPLIER.U<1>
                         DSP_M_DATA (Prop_DSP_M_DATA_U[1]_U_DATA[1])
                                                      0.047     7.034 r  u_accuracy/u_exp/stage1_binary_exponent1/DSP_M_DATA_INST/U_DATA[1]
                         net (fo=1, unplaced)         0.000     7.034    u_accuracy/u_exp/stage1_binary_exponent1/DSP_M_DATA.U_DATA<1>
                         DSP_ALU (Prop_DSP_ALU_U_DATA[1]_ALU_OUT[1])
                                                      0.585     7.619 f  u_accuracy/u_exp/stage1_binary_exponent1/DSP_ALU_INST/ALU_OUT[1]
                         net (fo=1, unplaced)         0.000     7.619    u_accuracy/u_exp/stage1_binary_exponent1/DSP_ALU.ALU_OUT<1>
                         DSP_OUTPUT (Prop_DSP_OUTPUT_ALU_OUT[1]_P[1])
                                                      0.109     7.728 r  u_accuracy/u_exp/stage1_binary_exponent1/DSP_OUTPUT_INST/P[1]
                         net (fo=1, unplaced)         0.221     7.949    u_accuracy/u_exp/stage1_binary_exponent1_n_104
                         LUT6 (Prop_LUT6_I0_O)        0.150     8.099 r  u_accuracy/u_exp/stage1_binary_fraction[7]_i_5/O
                         net (fo=1, unplaced)         0.232     8.331    u_accuracy/u_exp/stage1_binary_fraction[7]_i_5_n_0
                         LUT6 (Prop_LUT6_I5_O)        0.038     8.369 r  u_accuracy/u_exp/stage1_binary_fraction[7]_i_2/O
                         net (fo=1, unplaced)         0.020     8.389    u_accuracy/u_exp/stage1_binary_fraction[7]_i_2_n_0
                         CARRY8 (Prop_CARRY8_S[0]_CO[7])
                                                      0.199     8.588 r  u_accuracy/u_exp/stage1_binary_fraction_reg[7]_i_1/CO[7]
                         net (fo=1, unplaced)         0.005     8.593    u_accuracy/u_exp/stage1_binary_fraction_reg[7]_i_1_n_0
                         CARRY8 (Prop_CARRY8_CI_CO[7])
                                                      0.022     8.615 r  u_accuracy/u_exp/stage1_binary_fraction_reg[15]_i_2/CO[7]
                         net (fo=1, unplaced)         0.005     8.620    u_accuracy/u_exp/stage1_binary_fraction_reg[15]_i_2_n_0
                         CARRY8 (Prop_CARRY8_CI_O[0])
                                                      0.056     8.676 r  u_accuracy/u_exp/stage1_binary_exponent_reg[7]_i_1/O[0]
                         net (fo=1, unplaced)         0.025     8.701    u_accuracy/u_exp/stage1_binary_exponent_comb[0]
                         FDCE                                         r  u_accuracy/u_exp/stage1_binary_exponent_reg[0]/D
  -------------------------------------------------------------------    -------------------

                         (clock core_clk rise edge)
                                                      6.666     6.666 r  
                                                      0.000     6.666 r  clk (IN)
                         net (fo=16560, unset)        0.000     6.666    u_accuracy/u_exp/clk
                         FDCE                                         r  u_accuracy/u_exp/stage1_binary_exponent_reg[0]/C
                         clock pessimism              0.000     6.666    
                         clock uncertainty           -0.035     6.631    
                         FDCE (Setup_FDCE_C_D)        0.025     6.656    u_accuracy/u_exp/stage1_binary_exponent_reg[0]
  -------------------------------------------------------------------
                         required time                          6.656    
                         arrival time                          -8.701    
  -------------------------------------------------------------------
                         slack                                 -2.045    

Slack (VIOLATED) :        -2.038ns  (required time - arrival time)
  Source:                 u_accuracy/u_exp/stage0_max_bf16_reg[8]/C
                            (rising edge-triggered cell FDCE clocked by core_clk  {rise@0.000ns fall@3.333ns period=6.666ns})
  Destination:            u_accuracy/u_exp/stage1_binary_fraction_reg[9]/D
                            (rising edge-triggered cell FDCE clocked by core_clk  {rise@0.000ns fall@3.333ns period=6.666ns})
  Path Group:             core_clk
  Path Type:              Setup (Max at Slow Process Corner)
  Requirement:            6.666ns  (core_clk rise@6.666ns - core_clk rise@0.000ns)
  Data Path Delay:        8.694ns  (logic 3.700ns (42.558%)  route 4.994ns (57.442%))
  Logic Levels:           33  (CARRY8=11 DSP_A_B_DATA=1 DSP_ALU=1 DSP_M_DATA=1 DSP_MULTIPLIER=1 DSP_OUTPUT=1 DSP_PREADD_DATA=1 LUT2=1 LUT3=2 LUT4=4 LUT5=3 LUT6=6)
  Clock Uncertainty:      0.035ns  ((TSJ^2 + TIJ^2)^1/2 + DJ) / 2 + PE
    Total System Jitter     (TSJ):    0.071ns
    Total Input Jitter      (TIJ):    0.000ns
    Discrete Jitter          (DJ):    0.000ns
    Phase Error              (PE):    0.000ns

    Location             Delay type                Incr(ns)  Path(ns)    Netlist Resource(s)
  -------------------------------------------------------------------    -------------------
                         (clock core_clk rise edge)
                                                      0.000     0.000 r  
                                                      0.000     0.000 r  clk (IN)
                         net (fo=16560, unset)        0.000     0.000    u_accuracy/u_exp/clk
                         FDCE                                         r  u_accuracy/u_exp/stage0_max_bf16_reg[8]/C
  -------------------------------------------------------------------    -------------------
                         FDCE (Prop_FDCE_C_Q)         0.077     0.077 r  u_accuracy/u_exp/stage0_max_bf16_reg[8]/Q
                         net (fo=118, unplaced)       0.275     0.352    u_accuracy/u_exp/p_0_in[1]
                         LUT3 (Prop_LUT3_I2_O)        0.038     0.390 r  u_accuracy/u_exp/stage1_binary_exponent1_i_407/O
                         net (fo=18, unplaced)        0.279     0.669    u_accuracy/u_exp/stage1_binary_exponent1_i_407_n_0
                         LUT6 (Prop_LUT6_I3_O)        0.038     0.707 f  u_accuracy/u_exp/stage1_binary_exponent1_i_321/O
                         net (fo=25, unplaced)        0.286     0.993    u_accuracy/u_exp/stage1_binary_exponent1_i_321_n_0
                         LUT4 (Prop_LUT4_I3_O)        0.070     1.063 r  u_accuracy/u_exp/stage1_binary_exponent1_i_575/O
                         net (fo=1, unplaced)         0.253     1.316    u_accuracy/u_exp/stage1_binary_exponent1_i_575_n_0
                         CARRY8 (Prop_CARRY8_DI[0]_O[4])
                                                      0.177     1.493 r  u_accuracy/u_exp/stage1_binary_exponent1_i_544/O[4]
                         net (fo=2, unplaced)         0.232     1.725    u_accuracy/u_exp/quotient42_in[5]
                         LUT6 (Prop_LUT6_I1_O)        0.038     1.763 f  u_accuracy/u_exp/stage1_binary_exponent1_i_553/O
                         net (fo=2, unplaced)         0.232     1.995    u_accuracy/u_exp/stage1_binary_exponent1_i_553_n_0
                         LUT4 (Prop_LUT4_I0_O)        0.038     2.033 r  u_accuracy/u_exp/stage1_binary_exponent1_i_543/O
                         net (fo=1, unplaced)         0.232     2.265    u_accuracy/u_exp/stage1_binary_exponent1_i_543_n_0
                         LUT4 (Prop_LUT4_I0_O)        0.037     2.302 r  u_accuracy/u_exp/stage1_binary_exponent1_i_478/O
                         net (fo=1, unplaced)         0.023     2.325    u_accuracy/u_exp/stage1_binary_exponent1_i_478_n_0
                         CARRY8 (Prop_CARRY8_S[1]_CO[7])
                                                      0.197     2.522 f  u_accuracy/u_exp/stage1_binary_exponent1_i_412/CO[7]
                         net (fo=1, unplaced)         0.005     2.527    u_accuracy/u_exp/stage1_binary_exponent1_i_412_n_0
                         CARRY8 (Prop_CARRY8_CI_CO[2])
                                                      0.057     2.584 f  u_accuracy/u_exp/stage1_binary_exponent1_i_329/CO[2]
                         net (fo=5, unplaced)         0.250     2.834    u_accuracy/u_exp/quotient38_out
                         LUT5 (Prop_LUT5_I1_O)        0.038     2.872 r  u_accuracy/u_exp/stage1_binary_exponent1_i_323/O
                         net (fo=3, unplaced)         0.238     3.110    u_accuracy/u_exp/stage1_binary_exponent1_i_323_n_0
                         LUT4 (Prop_LUT4_I1_O)        0.038     3.148 f  u_accuracy/u_exp/stage1_binary_exponent1_i_314/O
                         net (fo=3, unplaced)         0.238     3.386    u_accuracy/u_exp/stage1_binary_exponent1_i_314_n_0
                         LUT6 (Prop_LUT6_I5_O)        0.038     3.424 f  u_accuracy/u_exp/stage1_binary_exponent1_i_311/O
                         net (fo=2, unplaced)         0.232     3.656    u_accuracy/u_exp/stage1_binary_exponent1_i_311_n_0
                         LUT5 (Prop_LUT5_I3_O)        0.037     3.693 r  u_accuracy/u_exp/stage1_binary_exponent1_i_291/O
                         net (fo=1, unplaced)         0.023     3.716    u_accuracy/u_exp/stage1_binary_exponent1_i_291_n_0
                         CARRY8 (Prop_CARRY8_S[6]_CO[7])
                                                      0.124     3.840 r  u_accuracy/u_exp/stage1_binary_exponent1_i_158/CO[7]
                         net (fo=1, unplaced)         0.005     3.845    u_accuracy/u_exp/stage1_binary_exponent1_i_158_n_0
                         CARRY8 (Prop_CARRY8_CI_O[0])
                                                      0.056     3.901 r  u_accuracy/u_exp/stage1_binary_exponent1_i_139/O[0]
                         net (fo=2, unplaced)         0.232     4.133    u_accuracy/u_exp/bf16_to_q16_return0[9]
                         LUT3 (Prop_LUT3_I0_O)        0.038     4.171 r  u_accuracy/u_exp/stage1_binary_exponent1_i_74/O
                         net (fo=1, unplaced)         0.256     4.427    u_accuracy/u_exp/bf16_to_q16_return[9]
                         CARRY8 (Prop_CARRY8_DI[1]_CO[7])
                                                      0.127     4.554 r  u_accuracy/u_exp/stage1_binary_exponent1_i_30/CO[7]
                         net (fo=1, unplaced)         0.005     4.559    u_accuracy/u_exp/stage1_binary_exponent1_i_30_n_0
                         CARRY8 (Prop_CARRY8_CI_O[5])
                                                      0.116     4.675 r  u_accuracy/u_exp/stage1_binary_exponent1_i_29/O[5]
                         net (fo=4, unplaced)         0.214     4.889    u_accuracy/u_exp/stage1_binary_exponent1_i_29_n_10
                         LUT2 (Prop_LUT2_I0_O)        0.099     4.988 r  u_accuracy/u_exp/stage1_binary_exponent1_i_208/O
                         net (fo=1, unplaced)         0.251     5.239    u_accuracy/u_exp/stage1_binary_exponent1_i_208_n_0
                         CARRY8 (Prop_CARRY8_DI[2]_CO[7])
                                                      0.117     5.356 r  u_accuracy/u_exp/stage1_binary_exponent1_i_130/CO[7]
                         net (fo=1, unplaced)         0.005     5.361    u_accuracy/u_exp/stage1_binary_exponent1_i_130_n_0
                         CARRY8 (Prop_CARRY8_CI_CO[0])
                                                      0.052     5.413 r  u_accuracy/u_exp/stage1_binary_exponent1_i_51/CO[0]
                         net (fo=1, unplaced)         0.232     5.645    u_accuracy/u_exp/gap_q162
                         LUT5 (Prop_LUT5_I4_O)        0.038     5.683 r  u_accuracy/u_exp/stage1_binary_exponent1_i_28/O
                         net (fo=23, unplaced)        0.284     5.967    u_accuracy/u_exp/stage1_binary_exponent1_i_28_n_0
                         LUT6 (Prop_LUT6_I5_O)        0.038     6.005 f  u_accuracy/u_exp/stage1_binary_exponent1_i_23/O
                         net (fo=1, unplaced)         0.209     6.214    u_accuracy/u_exp/stage1_binary_exponent1/A[0]
                         DSP_A_B_DATA (Prop_DSP_A_B_DATA_A[0]_A2_DATA[0])
                                                      0.192     6.406 r  u_accuracy/u_exp/stage1_binary_exponent1/DSP_A_B_DATA_INST/A2_DATA[0]
                         net (fo=1, unplaced)         0.000     6.406    u_accuracy/u_exp/stage1_binary_exponent1/DSP_A_B_DATA.A2_DATA<0>
                         DSP_PREADD_DATA (Prop_DSP_PREADD_DATA_A2_DATA[0]_A2A1[0])
                                                      0.076     6.482 r  u_accuracy/u_exp/stage1_binary_exponent1/DSP_PREADD_DATA_INST/A2A1[0]
                         net (fo=1, unplaced)         0.000     6.482    u_accuracy/u_exp/stage1_binary_exponent1/DSP_PREADD_DATA.A2A1<0>
                         DSP_MULTIPLIER (Prop_DSP_MULTIPLIER_A2A1[0]_U[1])
                                                      0.505     6.987 f  u_accuracy/u_exp/stage1_binary_exponent1/DSP_MULTIPLIER_INST/U[1]
                         net (fo=1, unplaced)         0.000     6.987    u_accuracy/u_exp/stage1_binary_exponent1/DSP_MULTIPLIER.U<1>
                         DSP_M_DATA (Prop_DSP_M_DATA_U[1]_U_DATA[1])
                                                      0.047     7.034 r  u_accuracy/u_exp/stage1_binary_exponent1/DSP_M_DATA_INST/U_DATA[1]
                         net (fo=1, unplaced)         0.000     7.034    u_accuracy/u_exp/stage1_binary_exponent1/DSP_M_DATA.U_DATA<1>
                         DSP_ALU (Prop_DSP_ALU_U_DATA[1]_ALU_OUT[1])
                                                      0.585     7.619 f  u_accuracy/u_exp/stage1_binary_exponent1/DSP_ALU_INST/ALU_OUT[1]
                         net (fo=1, unplaced)         0.000     7.619    u_accuracy/u_exp/stage1_binary_exponent1/DSP_ALU.ALU_OUT<1>
                         DSP_OUTPUT (Prop_DSP_OUTPUT_ALU_OUT[1]_P[1])
                                                      0.109     7.728 r  u_accuracy/u_exp/stage1_binary_exponent1/DSP_OUTPUT_INST/P[1]
                         net (fo=1, unplaced)         0.221     7.949    u_accuracy/u_exp/stage1_binary_exponent1_n_104
                         LUT6 (Prop_LUT6_I0_O)        0.150     8.099 r  u_accuracy/u_exp/stage1_binary_fraction[7]_i_5/O
                         net (fo=1, unplaced)         0.232     8.331    u_accuracy/u_exp/stage1_binary_fraction[7]_i_5_n_0
                         LUT6 (Prop_LUT6_I5_O)        0.038     8.369 r  u_accuracy/u_exp/stage1_binary_fraction[7]_i_2/O
                         net (fo=1, unplaced)         0.020     8.389    u_accuracy/u_exp/stage1_binary_fraction[7]_i_2_n_0
                         CARRY8 (Prop_CARRY8_S[0]_CO[7])
                                                      0.199     8.588 r  u_accuracy/u_exp/stage1_binary_fraction_reg[7]_i_1/CO[7]
                         net (fo=1, unplaced)         0.005     8.593    u_accuracy/u_exp/stage1_binary_fraction_reg[7]_i_1_n_0
                         CARRY8 (Prop_CARRY8_CI_O[1])
                                                      0.076     8.669 r  u_accuracy/u_exp/stage1_binary_fraction_reg[15]_i_2/O[1]
                         net (fo=1, unplaced)         0.025     8.694    u_accuracy/u_exp/stage1_binary_fraction_reg[15]_i_2_n_14
                         FDCE                                         r  u_accuracy/u_exp/stage1_binary_fraction_reg[9]/D
  -------------------------------------------------------------------    -------------------

                         (clock core_clk rise edge)
                                                      6.666     6.666 r  
                                                      0.000     6.666 r  clk (IN)
                         net (fo=16560, unset)        0.000     6.666    u_accuracy/u_exp/clk
                         FDCE                                         r  u_accuracy/u_exp/stage1_binary_fraction_reg[9]/C
                         clock pessimism              0.000     6.666    
                         clock uncertainty           -0.035     6.631    
                         FDCE (Setup_FDCE_C_D)        0.025     6.656    u_accuracy/u_exp/stage1_binary_fraction_reg[9]
  -------------------------------------------------------------------
                         required time                          6.656    
                         arrival time                          -8.694    
  -------------------------------------------------------------------
                         slack                                 -2.038    

Slack (VIOLATED) :        -2.030ns  (required time - arrival time)
  Source:                 u_accuracy/u_exp/stage0_max_bf16_reg[8]/C
                            (rising edge-triggered cell FDCE clocked by core_clk  {rise@0.000ns fall@3.333ns period=6.666ns})
  Destination:            u_accuracy/u_exp/stage1_binary_fraction_reg[10]/D
                            (rising edge-triggered cell FDCE clocked by core_clk  {rise@0.000ns fall@3.333ns period=6.666ns})
  Path Group:             core_clk
  Path Type:              Setup (Max at Slow Process Corner)
  Requirement:            6.666ns  (core_clk rise@6.666ns - core_clk rise@0.000ns)
  Data Path Delay:        8.686ns  (logic 3.691ns (42.494%)  route 4.995ns (57.506%))
  Logic Levels:           33  (CARRY8=11 DSP_A_B_DATA=1 DSP_ALU=1 DSP_M_DATA=1 DSP_MULTIPLIER=1 DSP_OUTPUT=1 DSP_PREADD_DATA=1 LUT2=1 LUT3=2 LUT4=4 LUT5=3 LUT6=6)
  Clock Uncertainty:      0.035ns  ((TSJ^2 + TIJ^2)^1/2 + DJ) / 2 + PE
    Total System Jitter     (TSJ):    0.071ns
    Total Input Jitter      (TIJ):    0.000ns
    Discrete Jitter          (DJ):    0.000ns
    Phase Error              (PE):    0.000ns

    Location             Delay type                Incr(ns)  Path(ns)    Netlist Resource(s)
  -------------------------------------------------------------------    -------------------
                         (clock core_clk rise edge)
                                                      0.000     0.000 r  
                                                      0.000     0.000 r  clk (IN)
                         net (fo=16560, unset)        0.000     0.000    u_accuracy/u_exp/clk
                         FDCE                                         r  u_accuracy/u_exp/stage0_max_bf16_reg[8]/C
  -------------------------------------------------------------------    -------------------
                         FDCE (Prop_FDCE_C_Q)         0.077     0.077 r  u_accuracy/u_exp/stage0_max_bf16_reg[8]/Q
                         net (fo=118, unplaced)       0.275     0.352    u_accuracy/u_exp/p_0_in[1]
                         LUT3 (Prop_LUT3_I2_O)        0.038     0.390 r  u_accuracy/u_exp/stage1_binary_exponent1_i_407/O
                         net (fo=18, unplaced)        0.279     0.669    u_accuracy/u_exp/stage1_binary_exponent1_i_407_n_0
                         LUT6 (Prop_LUT6_I3_O)        0.038     0.707 f  u_accuracy/u_exp/stage1_binary_exponent1_i_321/O
                         net (fo=25, unplaced)        0.286     0.993    u_accuracy/u_exp/stage1_binary_exponent1_i_321_n_0
                         LUT4 (Prop_LUT4_I3_O)        0.070     1.063 r  u_accuracy/u_exp/stage1_binary_exponent1_i_575/O
                         net (fo=1, unplaced)         0.253     1.316    u_accuracy/u_exp/stage1_binary_exponent1_i_575_n_0
                         CARRY8 (Prop_CARRY8_DI[0]_O[4])
                                                      0.177     1.493 r  u_accuracy/u_exp/stage1_binary_exponent1_i_544/O[4]
                         net (fo=2, unplaced)         0.232     1.725    u_accuracy/u_exp/quotient42_in[5]
                         LUT6 (Prop_LUT6_I1_O)        0.038     1.763 f  u_accuracy/u_exp/stage1_binary_exponent1_i_553/O
                         net (fo=2, unplaced)         0.232     1.995    u_accuracy/u_exp/stage1_binary_exponent1_i_553_n_0
                         LUT4 (Prop_LUT4_I0_O)        0.038     2.033 r  u_accuracy/u_exp/stage1_binary_exponent1_i_543/O
                         net (fo=1, unplaced)         0.232     2.265    u_accuracy/u_exp/stage1_binary_exponent1_i_543_n_0
                         LUT4 (Prop_LUT4_I0_O)        0.037     2.302 r  u_accuracy/u_exp/stage1_binary_exponent1_i_478/O
                         net (fo=1, unplaced)         0.023     2.325    u_accuracy/u_exp/stage1_binary_exponent1_i_478_n_0
                         CARRY8 (Prop_CARRY8_S[1]_CO[7])
                                                      0.197     2.522 f  u_accuracy/u_exp/stage1_binary_exponent1_i_412/CO[7]
                         net (fo=1, unplaced)         0.005     2.527    u_accuracy/u_exp/stage1_binary_exponent1_i_412_n_0
                         CARRY8 (Prop_CARRY8_CI_CO[2])
                                                      0.057     2.584 f  u_accuracy/u_exp/stage1_binary_exponent1_i_329/CO[2]
                         net (fo=5, unplaced)         0.250     2.834    u_accuracy/u_exp/quotient38_out
                         LUT5 (Prop_LUT5_I1_O)        0.038     2.872 r  u_accuracy/u_exp/stage1_binary_exponent1_i_323/O
                         net (fo=3, unplaced)         0.238     3.110    u_accuracy/u_exp/stage1_binary_exponent1_i_323_n_0
                         LUT4 (Prop_LUT4_I1_O)        0.038     3.148 f  u_accuracy/u_exp/stage1_binary_exponent1_i_314/O
                         net (fo=3, unplaced)         0.238     3.386    u_accuracy/u_exp/stage1_binary_exponent1_i_314_n_0
                         LUT6 (Prop_LUT6_I5_O)        0.038     3.424 f  u_accuracy/u_exp/stage1_binary_exponent1_i_311/O
                         net (fo=2, unplaced)         0.232     3.656    u_accuracy/u_exp/stage1_binary_exponent1_i_311_n_0
                         LUT5 (Prop_LUT5_I3_O)        0.037     3.693 r  u_accuracy/u_exp/stage1_binary_exponent1_i_291/O
                         net (fo=1, unplaced)         0.023     3.716    u_accuracy/u_exp/stage1_binary_exponent1_i_291_n_0
                         CARRY8 (Prop_CARRY8_S[6]_CO[7])
                                                      0.124     3.840 r  u_accuracy/u_exp/stage1_binary_exponent1_i_158/CO[7]
                         net (fo=1, unplaced)         0.005     3.845    u_accuracy/u_exp/stage1_binary_exponent1_i_158_n_0
                         CARRY8 (Prop_CARRY8_CI_O[0])
                                                      0.056     3.901 r  u_accuracy/u_exp/stage1_binary_exponent1_i_139/O[0]
                         net (fo=2, unplaced)         0.232     4.133    u_accuracy/u_exp/bf16_to_q16_return0[9]
                         LUT3 (Prop_LUT3_I0_O)        0.038     4.171 r  u_accuracy/u_exp/stage1_binary_exponent1_i_74/O
                         net (fo=1, unplaced)         0.256     4.427    u_accuracy/u_exp/bf16_to_q16_return[9]
                         CARRY8 (Prop_CARRY8_DI[1]_CO[7])
                                                      0.127     4.554 r  u_accuracy/u_exp/stage1_binary_exponent1_i_30/CO[7]
                         net (fo=1, unplaced)         0.005     4.559    u_accuracy/u_exp/stage1_binary_exponent1_i_30_n_0
                         CARRY8 (Prop_CARRY8_CI_O[5])
                                                      0.116     4.675 r  u_accuracy/u_exp/stage1_binary_exponent1_i_29/O[5]
                         net (fo=4, unplaced)         0.214     4.889    u_accuracy/u_exp/stage1_binary_exponent1_i_29_n_10
                         LUT2 (Prop_LUT2_I0_O)        0.099     4.988 r  u_accuracy/u_exp/stage1_binary_exponent1_i_208/O
                         net (fo=1, unplaced)         0.251     5.239    u_accuracy/u_exp/stage1_binary_exponent1_i_208_n_0
                         CARRY8 (Prop_CARRY8_DI[2]_CO[7])
                                                      0.117     5.356 r  u_accuracy/u_exp/stage1_binary_exponent1_i_130/CO[7]
                         net (fo=1, unplaced)         0.005     5.361    u_accuracy/u_exp/stage1_binary_exponent1_i_130_n_0
                         CARRY8 (Prop_CARRY8_CI_CO[0])
                                                      0.052     5.413 r  u_accuracy/u_exp/stage1_binary_exponent1_i_51/CO[0]
                         net (fo=1, unplaced)         0.232     5.645    u_accuracy/u_exp/gap_q162
                         LUT5 (Prop_LUT5_I4_O)        0.038     5.683 r  u_accuracy/u_exp/stage1_binary_exponent1_i_28/O
                         net (fo=23, unplaced)        0.284     5.967    u_accuracy/u_exp/stage1_binary_exponent1_i_28_n_0
                         LUT6 (Prop_LUT6_I5_O)        0.038     6.005 f  u_accuracy/u_exp/stage1_binary_exponent1_i_23/O
                         net (fo=1, unplaced)         0.209     6.214    u_accuracy/u_exp/stage1_binary_exponent1/A[0]
                         DSP_A_B_DATA (Prop_DSP_A_B_DATA_A[0]_A2_DATA[0])
                                                      0.192     6.406 r  u_accuracy/u_exp/stage1_binary_exponent1/DSP_A_B_DATA_INST/A2_DATA[0]
                         net (fo=1, unplaced)         0.000     6.406    u_accuracy/u_exp/stage1_binary_exponent1/DSP_A_B_DATA.A2_DATA<0>
                         DSP_PREADD_DATA (Prop_DSP_PREADD_DATA_A2_DATA[0]_A2A1[0])
                                                      0.076     6.482 r  u_accuracy/u_exp/stage1_binary_exponent1/DSP_PREADD_DATA_INST/A2A1[0]
                         net (fo=1, unplaced)         0.000     6.482    u_accuracy/u_exp/stage1_binary_exponent1/DSP_PREADD_DATA.A2A1<0>
                         DSP_MULTIPLIER (Prop_DSP_MULTIPLIER_A2A1[0]_U[1])
                                                      0.505     6.987 f  u_accuracy/u_exp/stage1_binary_exponent1/DSP_MULTIPLIER_INST/U[1]
                         net (fo=1, unplaced)         0.000     6.987    u_accuracy/u_exp/stage1_binary_exponent1/DSP_MULTIPLIER.U<1>
                         DSP_M_DATA (Prop_DSP_M_DATA_U[1]_U_DATA[1])
                                                      0.047     7.034 r  u_accuracy/u_exp/stage1_binary_exponent1/DSP_M_DATA_INST/U_DATA[1]
                         net (fo=1, unplaced)         0.000     7.034    u_accuracy/u_exp/stage1_binary_exponent1/DSP_M_DATA.U_DATA<1>
                         DSP_ALU (Prop_DSP_ALU_U_DATA[1]_ALU_OUT[1])
                                                      0.585     7.619 f  u_accuracy/u_exp/stage1_binary_exponent1/DSP_ALU_INST/ALU_OUT[1]
                         net (fo=1, unplaced)         0.000     7.619    u_accuracy/u_exp/stage1_binary_exponent1/DSP_ALU.ALU_OUT<1>
                         DSP_OUTPUT (Prop_DSP_OUTPUT_ALU_OUT[1]_P[1])
                                                      0.109     7.728 r  u_accuracy/u_exp/stage1_binary_exponent1/DSP_OUTPUT_INST/P[1]
                         net (fo=1, unplaced)         0.221     7.949    u_accuracy/u_exp/stage1_binary_exponent1_n_104
                         LUT6 (Prop_LUT6_I0_O)        0.150     8.099 r  u_accuracy/u_exp/stage1_binary_fraction[7]_i_5/O
                         net (fo=1, unplaced)         0.232     8.331    u_accuracy/u_exp/stage1_binary_fraction[7]_i_5_n_0
                         LUT6 (Prop_LUT6_I5_O)        0.038     8.369 r  u_accuracy/u_exp/stage1_binary_fraction[7]_i_2/O
                         net (fo=1, unplaced)         0.020     8.389    u_accuracy/u_exp/stage1_binary_fraction[7]_i_2_n_0
                         CARRY8 (Prop_CARRY8_S[0]_CO[7])
                                                      0.199     8.588 r  u_accuracy/u_exp/stage1_binary_fraction_reg[7]_i_1/CO[7]
                         net (fo=1, unplaced)         0.005     8.593    u_accuracy/u_exp/stage1_binary_fraction_reg[7]_i_1_n_0
                         CARRY8 (Prop_CARRY8_CI_O[2])
                                                      0.067     8.660 r  u_accuracy/u_exp/stage1_binary_fraction_reg[15]_i_2/O[2]
                         net (fo=1, unplaced)         0.026     8.686    u_accuracy/u_exp/stage1_binary_fraction_reg[15]_i_2_n_13
                         FDCE                                         r  u_accuracy/u_exp/stage1_binary_fraction_reg[10]/D
  -------------------------------------------------------------------    -------------------

                         (clock core_clk rise edge)
                                                      6.666     6.666 r  
                                                      0.000     6.666 r  clk (IN)
                         net (fo=16560, unset)        0.000     6.666    u_accuracy/u_exp/clk
                         FDCE                                         r  u_accuracy/u_exp/stage1_binary_fraction_reg[10]/C
                         clock pessimism              0.000     6.666    
                         clock uncertainty           -0.035     6.631    
                         FDCE (Setup_FDCE_C_D)        0.025     6.656    u_accuracy/u_exp/stage1_binary_fraction_reg[10]
  -------------------------------------------------------------------
                         required time                          6.656    
                         arrival time                          -8.686    
  -------------------------------------------------------------------
                         slack                                 -2.030    

Slack (VIOLATED) :        -2.018ns  (required time - arrival time)
  Source:                 u_accuracy/u_exp/stage0_max_bf16_reg[8]/C
                            (rising edge-triggered cell FDCE clocked by core_clk  {rise@0.000ns fall@3.333ns period=6.666ns})
  Destination:            u_accuracy/u_exp/stage1_binary_fraction_reg[8]/D
                            (rising edge-triggered cell FDCE clocked by core_clk  {rise@0.000ns fall@3.333ns period=6.666ns})
  Path Group:             core_clk
  Path Type:              Setup (Max at Slow Process Corner)
  Requirement:            6.666ns  (core_clk rise@6.666ns - core_clk rise@0.000ns)
  Data Path Delay:        8.674ns  (logic 3.680ns (42.426%)  route 4.994ns (57.574%))
  Logic Levels:           33  (CARRY8=11 DSP_A_B_DATA=1 DSP_ALU=1 DSP_M_DATA=1 DSP_MULTIPLIER=1 DSP_OUTPUT=1 DSP_PREADD_DATA=1 LUT2=1 LUT3=2 LUT4=4 LUT5=3 LUT6=6)
  Clock Uncertainty:      0.035ns  ((TSJ^2 + TIJ^2)^1/2 + DJ) / 2 + PE
    Total System Jitter     (TSJ):    0.071ns
    Total Input Jitter      (TIJ):    0.000ns
    Discrete Jitter          (DJ):    0.000ns
    Phase Error              (PE):    0.000ns

    Location             Delay type                Incr(ns)  Path(ns)    Netlist Resource(s)
  -------------------------------------------------------------------    -------------------
                         (clock core_clk rise edge)
                                                      0.000     0.000 r  
                                                      0.000     0.000 r  clk (IN)
                         net (fo=16560, unset)        0.000     0.000    u_accuracy/u_exp/clk
                         FDCE                                         r  u_accuracy/u_exp/stage0_max_bf16_reg[8]/C
  -------------------------------------------------------------------    -------------------
                         FDCE (Prop_FDCE_C_Q)         0.077     0.077 r  u_accuracy/u_exp/stage0_max_bf16_reg[8]/Q
                         net (fo=118, unplaced)       0.275     0.352    u_accuracy/u_exp/p_0_in[1]
                         LUT3 (Prop_LUT3_I2_O)        0.038     0.390 r  u_accuracy/u_exp/stage1_binary_exponent1_i_407/O
                         net (fo=18, unplaced)        0.279     0.669    u_accuracy/u_exp/stage1_binary_exponent1_i_407_n_0
                         LUT6 (Prop_LUT6_I3_O)        0.038     0.707 f  u_accuracy/u_exp/stage1_binary_exponent1_i_321/O
                         net (fo=25, unplaced)        0.286     0.993    u_accuracy/u_exp/stage1_binary_exponent1_i_321_n_0
                         LUT4 (Prop_LUT4_I3_O)        0.070     1.063 r  u_accuracy/u_exp/stage1_binary_exponent1_i_575/O
                         net (fo=1, unplaced)         0.253     1.316    u_accuracy/u_exp/stage1_binary_exponent1_i_575_n_0
                         CARRY8 (Prop_CARRY8_DI[0]_O[4])
                                                      0.177     1.493 r  u_accuracy/u_exp/stage1_binary_exponent1_i_544/O[4]
                         net (fo=2, unplaced)         0.232     1.725    u_accuracy/u_exp/quotient42_in[5]
                         LUT6 (Prop_LUT6_I1_O)        0.038     1.763 f  u_accuracy/u_exp/stage1_binary_exponent1_i_553/O
                         net (fo=2, unplaced)         0.232     1.995    u_accuracy/u_exp/stage1_binary_exponent1_i_553_n_0
                         LUT4 (Prop_LUT4_I0_O)        0.038     2.033 r  u_accuracy/u_exp/stage1_binary_exponent1_i_543/O
                         net (fo=1, unplaced)         0.232     2.265    u_accuracy/u_exp/stage1_binary_exponent1_i_543_n_0
                         LUT4 (Prop_LUT4_I0_O)        0.037     2.302 r  u_accuracy/u_exp/stage1_binary_exponent1_i_478/O
                         net (fo=1, unplaced)         0.023     2.325    u_accuracy/u_exp/stage1_binary_exponent1_i_478_n_0
                         CARRY8 (Prop_CARRY8_S[1]_CO[7])
                                                      0.197     2.522 f  u_accuracy/u_exp/stage1_binary_exponent1_i_412/CO[7]
                         net (fo=1, unplaced)         0.005     2.527    u_accuracy/u_exp/stage1_binary_exponent1_i_412_n_0
                         CARRY8 (Prop_CARRY8_CI_CO[2])
                                                      0.057     2.584 f  u_accuracy/u_exp/stage1_binary_exponent1_i_329/CO[2]
                         net (fo=5, unplaced)         0.250     2.834    u_accuracy/u_exp/quotient38_out
                         LUT5 (Prop_LUT5_I1_O)        0.038     2.872 r  u_accuracy/u_exp/stage1_binary_exponent1_i_323/O
                         net (fo=3, unplaced)         0.238     3.110    u_accuracy/u_exp/stage1_binary_exponent1_i_323_n_0
                         LUT4 (Prop_LUT4_I1_O)        0.038     3.148 f  u_accuracy/u_exp/stage1_binary_exponent1_i_314/O
                         net (fo=3, unplaced)         0.238     3.386    u_accuracy/u_exp/stage1_binary_exponent1_i_314_n_0
                         LUT6 (Prop_LUT6_I5_O)        0.038     3.424 f  u_accuracy/u_exp/stage1_binary_exponent1_i_311/O
                         net (fo=2, unplaced)         0.232     3.656    u_accuracy/u_exp/stage1_binary_exponent1_i_311_n_0
                         LUT5 (Prop_LUT5_I3_O)        0.037     3.693 r  u_accuracy/u_exp/stage1_binary_exponent1_i_291/O
                         net (fo=1, unplaced)         0.023     3.716    u_accuracy/u_exp/stage1_binary_exponent1_i_291_n_0
                         CARRY8 (Prop_CARRY8_S[6]_CO[7])
                                                      0.124     3.840 r  u_accuracy/u_exp/stage1_binary_exponent1_i_158/CO[7]
                         net (fo=1, unplaced)         0.005     3.845    u_accuracy/u_exp/stage1_binary_exponent1_i_158_n_0
                         CARRY8 (Prop_CARRY8_CI_O[0])
                                                      0.056     3.901 r  u_accuracy/u_exp/stage1_binary_exponent1_i_139/O[0]
                         net (fo=2, unplaced)         0.232     4.133    u_accuracy/u_exp/bf16_to_q16_return0[9]
                         LUT3 (Prop_LUT3_I0_O)        0.038     4.171 r  u_accuracy/u_exp/stage1_binary_exponent1_i_74/O
                         net (fo=1, unplaced)         0.256     4.427    u_accuracy/u_exp/bf16_to_q16_return[9]
                         CARRY8 (Prop_CARRY8_DI[1]_CO[7])
                                                      0.127     4.554 r  u_accuracy/u_exp/stage1_binary_exponent1_i_30/CO[7]
                         net (fo=1, unplaced)         0.005     4.559    u_accuracy/u_exp/stage1_binary_exponent1_i_30_n_0
                         CARRY8 (Prop_CARRY8_CI_O[5])
                                                      0.116     4.675 r  u_accuracy/u_exp/stage1_binary_exponent1_i_29/O[5]
                         net (fo=4, unplaced)         0.214     4.889    u_accuracy/u_exp/stage1_binary_exponent1_i_29_n_10
                         LUT2 (Prop_LUT2_I0_O)        0.099     4.988 r  u_accuracy/u_exp/stage1_binary_exponent1_i_208/O
                         net (fo=1, unplaced)         0.251     5.239    u_accuracy/u_exp/stage1_binary_exponent1_i_208_n_0
                         CARRY8 (Prop_CARRY8_DI[2]_CO[7])
                                                      0.117     5.356 r  u_accuracy/u_exp/stage1_binary_exponent1_i_130/CO[7]
                         net (fo=1, unplaced)         0.005     5.361    u_accuracy/u_exp/stage1_binary_exponent1_i_130_n_0
                         CARRY8 (Prop_CARRY8_CI_CO[0])
                                                      0.052     5.413 r  u_accuracy/u_exp/stage1_binary_exponent1_i_51/CO[0]
                         net (fo=1, unplaced)         0.232     5.645    u_accuracy/u_exp/gap_q162
                         LUT5 (Prop_LUT5_I4_O)        0.038     5.683 r  u_accuracy/u_exp/stage1_binary_exponent1_i_28/O
                         net (fo=23, unplaced)        0.284     5.967    u_accuracy/u_exp/stage1_binary_exponent1_i_28_n_0
                         LUT6 (Prop_LUT6_I5_O)        0.038     6.005 f  u_accuracy/u_exp/stage1_binary_exponent1_i_23/O
                         net (fo=1, unplaced)         0.209     6.214    u_accuracy/u_exp/stage1_binary_exponent1/A[0]
                         DSP_A_B_DATA (Prop_DSP_A_B_DATA_A[0]_A2_DATA[0])
                                                      0.192     6.406 r  u_accuracy/u_exp/stage1_binary_exponent1/DSP_A_B_DATA_INST/A2_DATA[0]
                         net (fo=1, unplaced)         0.000     6.406    u_accuracy/u_exp/stage1_binary_exponent1/DSP_A_B_DATA.A2_DATA<0>
                         DSP_PREADD_DATA (Prop_DSP_PREADD_DATA_A2_DATA[0]_A2A1[0])
                                                      0.076     6.482 r  u_accuracy/u_exp/stage1_binary_exponent1/DSP_PREADD_DATA_INST/A2A1[0]
                         net (fo=1, unplaced)         0.000     6.482    u_accuracy/u_exp/stage1_binary_exponent1/DSP_PREADD_DATA.A2A1<0>
                         DSP_MULTIPLIER (Prop_DSP_MULTIPLIER_A2A1[0]_U[1])
                                                      0.505     6.987 f  u_accuracy/u_exp/stage1_binary_exponent1/DSP_MULTIPLIER_INST/U[1]
                         net (fo=1, unplaced)         0.000     6.987    u_accuracy/u_exp/stage1_binary_exponent1/DSP_MULTIPLIER.U<1>
                         DSP_M_DATA (Prop_DSP_M_DATA_U[1]_U_DATA[1])
                                                      0.047     7.034 r  u_accuracy/u_exp/stage1_binary_exponent1/DSP_M_DATA_INST/U_DATA[1]
                         net (fo=1, unplaced)         0.000     7.034    u_accuracy/u_exp/stage1_binary_exponent1/DSP_M_DATA.U_DATA<1>
                         DSP_ALU (Prop_DSP_ALU_U_DATA[1]_ALU_OUT[1])
                                                      0.585     7.619 f  u_accuracy/u_exp/stage1_binary_exponent1/DSP_ALU_INST/ALU_OUT[1]
                         net (fo=1, unplaced)         0.000     7.619    u_accuracy/u_exp/stage1_binary_exponent1/DSP_ALU.ALU_OUT<1>
                         DSP_OUTPUT (Prop_DSP_OUTPUT_ALU_OUT[1]_P[1])
                                                      0.109     7.728 r  u_accuracy/u_exp/stage1_binary_exponent1/DSP_OUTPUT_INST/P[1]
                         net (fo=1, unplaced)         0.221     7.949    u_accuracy/u_exp/stage1_binary_exponent1_n_104
                         LUT6 (Prop_LUT6_I0_O)        0.150     8.099 r  u_accuracy/u_exp/stage1_binary_fraction[7]_i_5/O
                         net (fo=1, unplaced)         0.232     8.331    u_accuracy/u_exp/stage1_binary_fraction[7]_i_5_n_0
                         LUT6 (Prop_LUT6_I5_O)        0.038     8.369 r  u_accuracy/u_exp/stage1_binary_fraction[7]_i_2/O
                         net (fo=1, unplaced)         0.020     8.389    u_accuracy/u_exp/stage1_binary_fraction[7]_i_2_n_0
                         CARRY8 (Prop_CARRY8_S[0]_CO[7])
                                                      0.199     8.588 r  u_accuracy/u_exp/stage1_binary_fraction_reg[7]_i_1/CO[7]
                         net (fo=1, unplaced)         0.005     8.593    u_accuracy/u_exp/stage1_binary_fraction_reg[7]_i_1_n_0
                         CARRY8 (Prop_CARRY8_CI_O[0])
                                                      0.056     8.649 r  u_accuracy/u_exp/stage1_binary_fraction_reg[15]_i_2/O[0]
                         net (fo=1, unplaced)         0.025     8.674    u_accuracy/u_exp/stage1_binary_fraction_reg[15]_i_2_n_15
                         FDCE                                         r  u_accuracy/u_exp/stage1_binary_fraction_reg[8]/D
  -------------------------------------------------------------------    -------------------

                         (clock core_clk rise edge)
                                                      6.666     6.666 r  
                                                      0.000     6.666 r  clk (IN)
                         net (fo=16560, unset)        0.000     6.666    u_accuracy/u_exp/clk
                         FDCE                                         r  u_accuracy/u_exp/stage1_binary_fraction_reg[8]/C
                         clock pessimism              0.000     6.666    
                         clock uncertainty           -0.035     6.631    
                         FDCE (Setup_FDCE_C_D)        0.025     6.656    u_accuracy/u_exp/stage1_binary_fraction_reg[8]
  -------------------------------------------------------------------
                         required time                          6.656    
                         arrival time                          -8.674    
  -------------------------------------------------------------------
                         slack                                 -2.018    

Slack (VIOLATED) :        -2.000ns  (required time - arrival time)
  Source:                 u_accuracy/u_exp/stage0_max_bf16_reg[8]/C
                            (rising edge-triggered cell FDCE clocked by core_clk  {rise@0.000ns fall@3.333ns period=6.666ns})
  Destination:            u_accuracy/u_exp/stage1_binary_fraction_reg[7]/D
                            (rising edge-triggered cell FDCE clocked by core_clk  {rise@0.000ns fall@3.333ns period=6.666ns})
  Path Group:             core_clk
  Path Type:              Setup (Max at Slow Process Corner)
  Requirement:            6.666ns  (core_clk rise@6.666ns - core_clk rise@0.000ns)
  Data Path Delay:        8.656ns  (logic 3.666ns (42.352%)  route 4.990ns (57.648%))
  Logic Levels:           32  (CARRY8=10 DSP_A_B_DATA=1 DSP_ALU=1 DSP_M_DATA=1 DSP_MULTIPLIER=1 DSP_OUTPUT=1 DSP_PREADD_DATA=1 LUT2=1 LUT3=2 LUT4=4 LUT5=3 LUT6=6)
  Clock Uncertainty:      0.035ns  ((TSJ^2 + TIJ^2)^1/2 + DJ) / 2 + PE
    Total System Jitter     (TSJ):    0.071ns
    Total Input Jitter      (TIJ):    0.000ns
    Discrete Jitter          (DJ):    0.000ns
    Phase Error              (PE):    0.000ns

    Location             Delay type                Incr(ns)  Path(ns)    Netlist Resource(s)
  -------------------------------------------------------------------    -------------------
                         (clock core_clk rise edge)
                                                      0.000     0.000 r  
                                                      0.000     0.000 r  clk (IN)
                         net (fo=16560, unset)        0.000     0.000    u_accuracy/u_exp/clk
                         FDCE                                         r  u_accuracy/u_exp/stage0_max_bf16_reg[8]/C
  -------------------------------------------------------------------    -------------------
                         FDCE (Prop_FDCE_C_Q)         0.077     0.077 r  u_accuracy/u_exp/stage0_max_bf16_reg[8]/Q
                         net (fo=118, unplaced)       0.275     0.352    u_accuracy/u_exp/p_0_in[1]
                         LUT3 (Prop_LUT3_I2_O)        0.038     0.390 r  u_accuracy/u_exp/stage1_binary_exponent1_i_407/O
                         net (fo=18, unplaced)        0.279     0.669    u_accuracy/u_exp/stage1_binary_exponent1_i_407_n_0
                         LUT6 (Prop_LUT6_I3_O)        0.038     0.707 f  u_accuracy/u_exp/stage1_binary_exponent1_i_321/O
                         net (fo=25, unplaced)        0.286     0.993    u_accuracy/u_exp/stage1_binary_exponent1_i_321_n_0
                         LUT4 (Prop_LUT4_I3_O)        0.070     1.063 r  u_accuracy/u_exp/stage1_binary_exponent1_i_575/O
                         net (fo=1, unplaced)         0.253     1.316    u_accuracy/u_exp/stage1_binary_exponent1_i_575_n_0
                         CARRY8 (Prop_CARRY8_DI[0]_O[4])
                                                      0.177     1.493 r  u_accuracy/u_exp/stage1_binary_exponent1_i_544/O[4]
                         net (fo=2, unplaced)         0.232     1.725    u_accuracy/u_exp/quotient42_in[5]
                         LUT6 (Prop_LUT6_I1_O)        0.038     1.763 f  u_accuracy/u_exp/stage1_binary_exponent1_i_553/O
                         net (fo=2, unplaced)         0.232     1.995    u_accuracy/u_exp/stage1_binary_exponent1_i_553_n_0
                         LUT4 (Prop_LUT4_I0_O)        0.038     2.033 r  u_accuracy/u_exp/stage1_binary_exponent1_i_543/O
                         net (fo=1, unplaced)         0.232     2.265    u_accuracy/u_exp/stage1_binary_exponent1_i_543_n_0
                         LUT4 (Prop_LUT4_I0_O)        0.037     2.302 r  u_accuracy/u_exp/stage1_binary_exponent1_i_478/O
                         net (fo=1, unplaced)         0.023     2.325    u_accuracy/u_exp/stage1_binary_exponent1_i_478_n_0
                         CARRY8 (Prop_CARRY8_S[1]_CO[7])
                                                      0.197     2.522 f  u_accuracy/u_exp/stage1_binary_exponent1_i_412/CO[7]
                         net (fo=1, unplaced)         0.005     2.527    u_accuracy/u_exp/stage1_binary_exponent1_i_412_n_0
                         CARRY8 (Prop_CARRY8_CI_CO[2])
                                                      0.057     2.584 f  u_accuracy/u_exp/stage1_binary_exponent1_i_329/CO[2]
                         net (fo=5, unplaced)         0.250     2.834    u_accuracy/u_exp/quotient38_out
                         LUT5 (Prop_LUT5_I1_O)        0.038     2.872 r  u_accuracy/u_exp/stage1_binary_exponent1_i_323/O
                         net (fo=3, unplaced)         0.238     3.110    u_accuracy/u_exp/stage1_binary_exponent1_i_323_n_0
                         LUT4 (Prop_LUT4_I1_O)        0.038     3.148 f  u_accuracy/u_exp/stage1_binary_exponent1_i_314/O
                         net (fo=3, unplaced)         0.238     3.386    u_accuracy/u_exp/stage1_binary_exponent1_i_314_n_0
                         LUT6 (Prop_LUT6_I5_O)        0.038     3.424 f  u_accuracy/u_exp/stage1_binary_exponent1_i_311/O
                         net (fo=2, unplaced)         0.232     3.656    u_accuracy/u_exp/stage1_binary_exponent1_i_311_n_0
                         LUT5 (Prop_LUT5_I3_O)        0.037     3.693 r  u_accuracy/u_exp/stage1_binary_exponent1_i_291/O
                         net (fo=1, unplaced)         0.023     3.716    u_accuracy/u_exp/stage1_binary_exponent1_i_291_n_0
                         CARRY8 (Prop_CARRY8_S[6]_CO[7])
                                                      0.124     3.840 r  u_accuracy/u_exp/stage1_binary_exponent1_i_158/CO[7]
                         net (fo=1, unplaced)         0.005     3.845    u_accuracy/u_exp/stage1_binary_exponent1_i_158_n_0
                         CARRY8 (Prop_CARRY8_CI_O[0])
                                                      0.056     3.901 r  u_accuracy/u_exp/stage1_binary_exponent1_i_139/O[0]
                         net (fo=2, unplaced)         0.232     4.133    u_accuracy/u_exp/bf16_to_q16_return0[9]
                         LUT3 (Prop_LUT3_I0_O)        0.038     4.171 r  u_accuracy/u_exp/stage1_binary_exponent1_i_74/O
                         net (fo=1, unplaced)         0.256     4.427    u_accuracy/u_exp/bf16_to_q16_return[9]
                         CARRY8 (Prop_CARRY8_DI[1]_CO[7])
                                                      0.127     4.554 r  u_accuracy/u_exp/stage1_binary_exponent1_i_30/CO[7]
                         net (fo=1, unplaced)         0.005     4.559    u_accuracy/u_exp/stage1_binary_exponent1_i_30_n_0
                         CARRY8 (Prop_CARRY8_CI_O[5])
                                                      0.116     4.675 r  u_accuracy/u_exp/stage1_binary_exponent1_i_29/O[5]
                         net (fo=4, unplaced)         0.214     4.889    u_accuracy/u_exp/stage1_binary_exponent1_i_29_n_10
                         LUT2 (Prop_LUT2_I0_O)        0.099     4.988 r  u_accuracy/u_exp/stage1_binary_exponent1_i_208/O
                         net (fo=1, unplaced)         0.251     5.239    u_accuracy/u_exp/stage1_binary_exponent1_i_208_n_0
                         CARRY8 (Prop_CARRY8_DI[2]_CO[7])
                                                      0.117     5.356 r  u_accuracy/u_exp/stage1_binary_exponent1_i_130/CO[7]
                         net (fo=1, unplaced)         0.005     5.361    u_accuracy/u_exp/stage1_binary_exponent1_i_130_n_0
                         CARRY8 (Prop_CARRY8_CI_CO[0])
                                                      0.052     5.413 r  u_accuracy/u_exp/stage1_binary_exponent1_i_51/CO[0]
                         net (fo=1, unplaced)         0.232     5.645    u_accuracy/u_exp/gap_q162
                         LUT5 (Prop_LUT5_I4_O)        0.038     5.683 r  u_accuracy/u_exp/stage1_binary_exponent1_i_28/O
                         net (fo=23, unplaced)        0.284     5.967    u_accuracy/u_exp/stage1_binary_exponent1_i_28_n_0
                         LUT6 (Prop_LUT6_I5_O)        0.038     6.005 f  u_accuracy/u_exp/stage1_binary_exponent1_i_23/O
                         net (fo=1, unplaced)         0.209     6.214    u_accuracy/u_exp/stage1_binary_exponent1/A[0]
                         DSP_A_B_DATA (Prop_DSP_A_B_DATA_A[0]_A2_DATA[0])
                                                      0.192     6.406 r  u_accuracy/u_exp/stage1_binary_exponent1/DSP_A_B_DATA_INST/A2_DATA[0]
                         net (fo=1, unplaced)         0.000     6.406    u_accuracy/u_exp/stage1_binary_exponent1/DSP_A_B_DATA.A2_DATA<0>
                         DSP_PREADD_DATA (Prop_DSP_PREADD_DATA_A2_DATA[0]_A2A1[0])
                                                      0.076     6.482 r  u_accuracy/u_exp/stage1_binary_exponent1/DSP_PREADD_DATA_INST/A2A1[0]
                         net (fo=1, unplaced)         0.000     6.482    u_accuracy/u_exp/stage1_binary_exponent1/DSP_PREADD_DATA.A2A1<0>
                         DSP_MULTIPLIER (Prop_DSP_MULTIPLIER_A2A1[0]_U[1])
                                                      0.505     6.987 f  u_accuracy/u_exp/stage1_binary_exponent1/DSP_MULTIPLIER_INST/U[1]
                         net (fo=1, unplaced)         0.000     6.987    u_accuracy/u_exp/stage1_binary_exponent1/DSP_MULTIPLIER.U<1>
                         DSP_M_DATA (Prop_DSP_M_DATA_U[1]_U_DATA[1])
                                                      0.047     7.034 r  u_accuracy/u_exp/stage1_binary_exponent1/DSP_M_DATA_INST/U_DATA[1]
                         net (fo=1, unplaced)         0.000     7.034    u_accuracy/u_exp/stage1_binary_exponent1/DSP_M_DATA.U_DATA<1>
                         DSP_ALU (Prop_DSP_ALU_U_DATA[1]_ALU_OUT[1])
                                                      0.585     7.619 f  u_accuracy/u_exp/stage1_binary_exponent1/DSP_ALU_INST/ALU_OUT[1]
                         net (fo=1, unplaced)         0.000     7.619    u_accuracy/u_exp/stage1_binary_exponent1/DSP_ALU.ALU_OUT<1>
                         DSP_OUTPUT (Prop_DSP_OUTPUT_ALU_OUT[1]_P[1])
                                                      0.109     7.728 r  u_accuracy/u_exp/stage1_binary_exponent1/DSP_OUTPUT_INST/P[1]
                         net (fo=1, unplaced)         0.221     7.949    u_accuracy/u_exp/stage1_binary_exponent1_n_104
                         LUT6 (Prop_LUT6_I0_O)        0.150     8.099 r  u_accuracy/u_exp/stage1_binary_fraction[7]_i_5/O
                         net (fo=1, unplaced)         0.232     8.331    u_accuracy/u_exp/stage1_binary_fraction[7]_i_5_n_0
                         LUT6 (Prop_LUT6_I5_O)        0.038     8.369 r  u_accuracy/u_exp/stage1_binary_fraction[7]_i_2/O
                         net (fo=1, unplaced)         0.020     8.389    u_accuracy/u_exp/stage1_binary_fraction[7]_i_2_n_0
                         CARRY8 (Prop_CARRY8_S[0]_O[7])
                                                      0.241     8.630 r  u_accuracy/u_exp/stage1_binary_fraction_reg[7]_i_1/O[7]
                         net (fo=1, unplaced)         0.026     8.656    u_accuracy/u_exp/stage1_binary_fraction_reg[7]_i_1_n_8
                         FDCE                                         r  u_accuracy/u_exp/stage1_binary_fraction_reg[7]/D
  -------------------------------------------------------------------    -------------------

                         (clock core_clk rise edge)
                                                      6.666     6.666 r  
                                                      0.000     6.666 r  clk (IN)
                         net (fo=16560, unset)        0.000     6.666    u_accuracy/u_exp/clk
                         FDCE                                         r  u_accuracy/u_exp/stage1_binary_fraction_reg[7]/C
                         clock pessimism              0.000     6.666    
                         clock uncertainty           -0.035     6.631    
                         FDCE (Setup_FDCE_C_D)        0.025     6.656    u_accuracy/u_exp/stage1_binary_fraction_reg[7]
  -------------------------------------------------------------------
                         required time                          6.656    
                         arrival time                          -8.656    
  -------------------------------------------------------------------
                         slack                                 -2.000    

Slack (VIOLATED) :        -1.998ns  (required time - arrival time)
  Source:                 u_accuracy/u_exp/stage0_max_bf16_reg[8]/C
                            (rising edge-triggered cell FDCE clocked by core_clk  {rise@0.000ns fall@3.333ns period=6.666ns})
  Destination:            u_accuracy/u_exp/stage1_binary_fraction_reg[5]/D
                            (rising edge-triggered cell FDCE clocked by core_clk  {rise@0.000ns fall@3.333ns period=6.666ns})
  Path Group:             core_clk
  Path Type:              Setup (Max at Slow Process Corner)
  Requirement:            6.666ns  (core_clk rise@6.666ns - core_clk rise@0.000ns)
  Data Path Delay:        8.654ns  (logic 3.665ns (42.350%)  route 4.989ns (57.650%))
  Logic Levels:           32  (CARRY8=10 DSP_A_B_DATA=1 DSP_ALU=1 DSP_M_DATA=1 DSP_MULTIPLIER=1 DSP_OUTPUT=1 DSP_PREADD_DATA=1 LUT2=1 LUT3=2 LUT4=4 LUT5=3 LUT6=6)
  Clock Uncertainty:      0.035ns  ((TSJ^2 + TIJ^2)^1/2 + DJ) / 2 + PE
    Total System Jitter     (TSJ):    0.071ns
    Total Input Jitter      (TIJ):    0.000ns
    Discrete Jitter          (DJ):    0.000ns
    Phase Error              (PE):    0.000ns

    Location             Delay type                Incr(ns)  Path(ns)    Netlist Resource(s)
  -------------------------------------------------------------------    -------------------
                         (clock core_clk rise edge)
                                                      0.000     0.000 r  
                                                      0.000     0.000 r  clk (IN)
                         net (fo=16560, unset)        0.000     0.000    u_accuracy/u_exp/clk
                         FDCE                                         r  u_accuracy/u_exp/stage0_max_bf16_reg[8]/C
  -------------------------------------------------------------------    -------------------
                         FDCE (Prop_FDCE_C_Q)         0.077     0.077 r  u_accuracy/u_exp/stage0_max_bf16_reg[8]/Q
                         net (fo=118, unplaced)       0.275     0.352    u_accuracy/u_exp/p_0_in[1]
                         LUT3 (Prop_LUT3_I2_O)        0.038     0.390 r  u_accuracy/u_exp/stage1_binary_exponent1_i_407/O
                         net (fo=18, unplaced)        0.279     0.669    u_accuracy/u_exp/stage1_binary_exponent1_i_407_n_0
                         LUT6 (Prop_LUT6_I3_O)        0.038     0.707 f  u_accuracy/u_exp/stage1_binary_exponent1_i_321/O
                         net (fo=25, unplaced)        0.286     0.993    u_accuracy/u_exp/stage1_binary_exponent1_i_321_n_0
                         LUT4 (Prop_LUT4_I3_O)        0.070     1.063 r  u_accuracy/u_exp/stage1_binary_exponent1_i_575/O
                         net (fo=1, unplaced)         0.253     1.316    u_accuracy/u_exp/stage1_binary_exponent1_i_575_n_0
                         CARRY8 (Prop_CARRY8_DI[0]_O[4])
                                                      0.177     1.493 r  u_accuracy/u_exp/stage1_binary_exponent1_i_544/O[4]
                         net (fo=2, unplaced)         0.232     1.725    u_accuracy/u_exp/quotient42_in[5]
                         LUT6 (Prop_LUT6_I1_O)        0.038     1.763 f  u_accuracy/u_exp/stage1_binary_exponent1_i_553/O
                         net (fo=2, unplaced)         0.232     1.995    u_accuracy/u_exp/stage1_binary_exponent1_i_553_n_0
                         LUT4 (Prop_LUT4_I0_O)        0.038     2.033 r  u_accuracy/u_exp/stage1_binary_exponent1_i_543/O
                         net (fo=1, unplaced)         0.232     2.265    u_accuracy/u_exp/stage1_binary_exponent1_i_543_n_0
                         LUT4 (Prop_LUT4_I0_O)        0.037     2.302 r  u_accuracy/u_exp/stage1_binary_exponent1_i_478/O
                         net (fo=1, unplaced)         0.023     2.325    u_accuracy/u_exp/stage1_binary_exponent1_i_478_n_0
                         CARRY8 (Prop_CARRY8_S[1]_CO[7])
                                                      0.197     2.522 f  u_accuracy/u_exp/stage1_binary_exponent1_i_412/CO[7]
                         net (fo=1, unplaced)         0.005     2.527    u_accuracy/u_exp/stage1_binary_exponent1_i_412_n_0
                         CARRY8 (Prop_CARRY8_CI_CO[2])
                                                      0.057     2.584 f  u_accuracy/u_exp/stage1_binary_exponent1_i_329/CO[2]
                         net (fo=5, unplaced)         0.250     2.834    u_accuracy/u_exp/quotient38_out
                         LUT5 (Prop_LUT5_I1_O)        0.038     2.872 r  u_accuracy/u_exp/stage1_binary_exponent1_i_323/O
                         net (fo=3, unplaced)         0.238     3.110    u_accuracy/u_exp/stage1_binary_exponent1_i_323_n_0
                         LUT4 (Prop_LUT4_I1_O)        0.038     3.148 f  u_accuracy/u_exp/stage1_binary_exponent1_i_314/O
                         net (fo=3, unplaced)         0.238     3.386    u_accuracy/u_exp/stage1_binary_exponent1_i_314_n_0
                         LUT6 (Prop_LUT6_I5_O)        0.038     3.424 f  u_accuracy/u_exp/stage1_binary_exponent1_i_311/O
                         net (fo=2, unplaced)         0.232     3.656    u_accuracy/u_exp/stage1_binary_exponent1_i_311_n_0
                         LUT5 (Prop_LUT5_I3_O)        0.037     3.693 r  u_accuracy/u_exp/stage1_binary_exponent1_i_291/O
                         net (fo=1, unplaced)         0.023     3.716    u_accuracy/u_exp/stage1_binary_exponent1_i_291_n_0
                         CARRY8 (Prop_CARRY8_S[6]_CO[7])
                                                      0.124     3.840 r  u_accuracy/u_exp/stage1_binary_exponent1_i_158/CO[7]
                         net (fo=1, unplaced)         0.005     3.845    u_accuracy/u_exp/stage1_binary_exponent1_i_158_n_0
                         CARRY8 (Prop_CARRY8_CI_O[0])
                                                      0.056     3.901 r  u_accuracy/u_exp/stage1_binary_exponent1_i_139/O[0]
                         net (fo=2, unplaced)         0.232     4.133    u_accuracy/u_exp/bf16_to_q16_return0[9]
                         LUT3 (Prop_LUT3_I0_O)        0.038     4.171 r  u_accuracy/u_exp/stage1_binary_exponent1_i_74/O
                         net (fo=1, unplaced)         0.256     4.427    u_accuracy/u_exp/bf16_to_q16_return[9]
                         CARRY8 (Prop_CARRY8_DI[1]_CO[7])
                                                      0.127     4.554 r  u_accuracy/u_exp/stage1_binary_exponent1_i_30/CO[7]
                         net (fo=1, unplaced)         0.005     4.559    u_accuracy/u_exp/stage1_binary_exponent1_i_30_n_0
                         CARRY8 (Prop_CARRY8_CI_O[5])
                                                      0.116     4.675 r  u_accuracy/u_exp/stage1_binary_exponent1_i_29/O[5]
                         net (fo=4, unplaced)         0.214     4.889    u_accuracy/u_exp/stage1_binary_exponent1_i_29_n_10
                         LUT2 (Prop_LUT2_I0_O)        0.099     4.988 r  u_accuracy/u_exp/stage1_binary_exponent1_i_208/O
                         net (fo=1, unplaced)         0.251     5.239    u_accuracy/u_exp/stage1_binary_exponent1_i_208_n_0
                         CARRY8 (Prop_CARRY8_DI[2]_CO[7])
                                                      0.117     5.356 r  u_accuracy/u_exp/stage1_binary_exponent1_i_130/CO[7]
                         net (fo=1, unplaced)         0.005     5.361    u_accuracy/u_exp/stage1_binary_exponent1_i_130_n_0
                         CARRY8 (Prop_CARRY8_CI_CO[0])
                                                      0.052     5.413 r  u_accuracy/u_exp/stage1_binary_exponent1_i_51/CO[0]
                         net (fo=1, unplaced)         0.232     5.645    u_accuracy/u_exp/gap_q162
                         LUT5 (Prop_LUT5_I4_O)        0.038     5.683 r  u_accuracy/u_exp/stage1_binary_exponent1_i_28/O
                         net (fo=23, unplaced)        0.284     5.967    u_accuracy/u_exp/stage1_binary_exponent1_i_28_n_0
                         LUT6 (Prop_LUT6_I5_O)        0.038     6.005 f  u_accuracy/u_exp/stage1_binary_exponent1_i_23/O
                         net (fo=1, unplaced)         0.209     6.214    u_accuracy/u_exp/stage1_binary_exponent1/A[0]
                         DSP_A_B_DATA (Prop_DSP_A_B_DATA_A[0]_A2_DATA[0])
                                                      0.192     6.406 r  u_accuracy/u_exp/stage1_binary_exponent1/DSP_A_B_DATA_INST/A2_DATA[0]
                         net (fo=1, unplaced)         0.000     6.406    u_accuracy/u_exp/stage1_binary_exponent1/DSP_A_B_DATA.A2_DATA<0>
                         DSP_PREADD_DATA (Prop_DSP_PREADD_DATA_A2_DATA[0]_A2A1[0])
                                                      0.076     6.482 r  u_accuracy/u_exp/stage1_binary_exponent1/DSP_PREADD_DATA_INST/A2A1[0]
                         net (fo=1, unplaced)         0.000     6.482    u_accuracy/u_exp/stage1_binary_exponent1/DSP_PREADD_DATA.A2A1<0>
                         DSP_MULTIPLIER (Prop_DSP_MULTIPLIER_A2A1[0]_U[1])
                                                      0.505     6.987 f  u_accuracy/u_exp/stage1_binary_exponent1/DSP_MULTIPLIER_INST/U[1]
                         net (fo=1, unplaced)         0.000     6.987    u_accuracy/u_exp/stage1_binary_exponent1/DSP_MULTIPLIER.U<1>
                         DSP_M_DATA (Prop_DSP_M_DATA_U[1]_U_DATA[1])
                                                      0.047     7.034 r  u_accuracy/u_exp/stage1_binary_exponent1/DSP_M_DATA_INST/U_DATA[1]
                         net (fo=1, unplaced)         0.000     7.034    u_accuracy/u_exp/stage1_binary_exponent1/DSP_M_DATA.U_DATA<1>
                         DSP_ALU (Prop_DSP_ALU_U_DATA[1]_ALU_OUT[1])
                                                      0.585     7.619 f  u_accuracy/u_exp/stage1_binary_exponent1/DSP_ALU_INST/ALU_OUT[1]
                         net (fo=1, unplaced)         0.000     7.619    u_accuracy/u_exp/stage1_binary_exponent1/DSP_ALU.ALU_OUT<1>
                         DSP_OUTPUT (Prop_DSP_OUTPUT_ALU_OUT[1]_P[1])
                                                      0.109     7.728 r  u_accuracy/u_exp/stage1_binary_exponent1/DSP_OUTPUT_INST/P[1]
                         net (fo=1, unplaced)         0.221     7.949    u_accuracy/u_exp/stage1_binary_exponent1_n_104
                         LUT6 (Prop_LUT6_I0_O)        0.150     8.099 r  u_accuracy/u_exp/stage1_binary_fraction[7]_i_5/O
                         net (fo=1, unplaced)         0.232     8.331    u_accuracy/u_exp/stage1_binary_fraction[7]_i_5_n_0
                         LUT6 (Prop_LUT6_I5_O)        0.038     8.369 r  u_accuracy/u_exp/stage1_binary_fraction[7]_i_2/O
                         net (fo=1, unplaced)         0.020     8.389    u_accuracy/u_exp/stage1_binary_fraction[7]_i_2_n_0
                         CARRY8 (Prop_CARRY8_S[0]_O[5])
                                                      0.240     8.629 r  u_accuracy/u_exp/stage1_binary_fraction_reg[7]_i_1/O[5]
                         net (fo=1, unplaced)         0.025     8.654    u_accuracy/u_exp/stage1_binary_fraction_reg[7]_i_1_n_10
                         FDCE                                         r  u_accuracy/u_exp/stage1_binary_fraction_reg[5]/D
  -------------------------------------------------------------------    -------------------

                         (clock core_clk rise edge)
                                                      6.666     6.666 r  
                                                      0.000     6.666 r  clk (IN)
                         net (fo=16560, unset)        0.000     6.666    u_accuracy/u_exp/clk
                         FDCE                                         r  u_accuracy/u_exp/stage1_binary_fraction_reg[5]/C
                         clock pessimism              0.000     6.666    
                         clock uncertainty           -0.035     6.631    
                         FDCE (Setup_FDCE_C_D)        0.025     6.656    u_accuracy/u_exp/stage1_binary_fraction_reg[5]
  -------------------------------------------------------------------
                         required time                          6.656    
                         arrival time                          -8.654    
  -------------------------------------------------------------------
                         slack                                 -1.998    

Slack (VIOLATED) :        -1.985ns  (required time - arrival time)
  Source:                 u_accuracy/u_exp/stage0_max_bf16_reg[8]/C
                            (rising edge-triggered cell FDCE clocked by core_clk  {rise@0.000ns fall@3.333ns period=6.666ns})
  Destination:            u_accuracy/u_exp/stage1_binary_fraction_reg[6]/D
                            (rising edge-triggered cell FDCE clocked by core_clk  {rise@0.000ns fall@3.333ns period=6.666ns})
  Path Group:             core_clk
  Path Type:              Setup (Max at Slow Process Corner)
  Requirement:            6.666ns  (core_clk rise@6.666ns - core_clk rise@0.000ns)
  Data Path Delay:        8.641ns  (logic 3.651ns (42.252%)  route 4.990ns (57.748%))
  Logic Levels:           32  (CARRY8=10 DSP_A_B_DATA=1 DSP_ALU=1 DSP_M_DATA=1 DSP_MULTIPLIER=1 DSP_OUTPUT=1 DSP_PREADD_DATA=1 LUT2=1 LUT3=2 LUT4=4 LUT5=3 LUT6=6)
  Clock Uncertainty:      0.035ns  ((TSJ^2 + TIJ^2)^1/2 + DJ) / 2 + PE
    Total System Jitter     (TSJ):    0.071ns
    Total Input Jitter      (TIJ):    0.000ns
    Discrete Jitter          (DJ):    0.000ns
    Phase Error              (PE):    0.000ns

    Location             Delay type                Incr(ns)  Path(ns)    Netlist Resource(s)
  -------------------------------------------------------------------    -------------------
                         (clock core_clk rise edge)
                                                      0.000     0.000 r  
                                                      0.000     0.000 r  clk (IN)
                         net (fo=16560, unset)        0.000     0.000    u_accuracy/u_exp/clk
                         FDCE                                         r  u_accuracy/u_exp/stage0_max_bf16_reg[8]/C
  -------------------------------------------------------------------    -------------------
                         FDCE (Prop_FDCE_C_Q)         0.077     0.077 r  u_accuracy/u_exp/stage0_max_bf16_reg[8]/Q
                         net (fo=118, unplaced)       0.275     0.352    u_accuracy/u_exp/p_0_in[1]
                         LUT3 (Prop_LUT3_I2_O)        0.038     0.390 r  u_accuracy/u_exp/stage1_binary_exponent1_i_407/O
                         net (fo=18, unplaced)        0.279     0.669    u_accuracy/u_exp/stage1_binary_exponent1_i_407_n_0
                         LUT6 (Prop_LUT6_I3_O)        0.038     0.707 f  u_accuracy/u_exp/stage1_binary_exponent1_i_321/O
                         net (fo=25, unplaced)        0.286     0.993    u_accuracy/u_exp/stage1_binary_exponent1_i_321_n_0
                         LUT4 (Prop_LUT4_I3_O)        0.070     1.063 r  u_accuracy/u_exp/stage1_binary_exponent1_i_575/O
                         net (fo=1, unplaced)         0.253     1.316    u_accuracy/u_exp/stage1_binary_exponent1_i_575_n_0
                         CARRY8 (Prop_CARRY8_DI[0]_O[4])
                                                      0.177     1.493 r  u_accuracy/u_exp/stage1_binary_exponent1_i_544/O[4]
                         net (fo=2, unplaced)         0.232     1.725    u_accuracy/u_exp/quotient42_in[5]
                         LUT6 (Prop_LUT6_I1_O)        0.038     1.763 f  u_accuracy/u_exp/stage1_binary_exponent1_i_553/O
                         net (fo=2, unplaced)         0.232     1.995    u_accuracy/u_exp/stage1_binary_exponent1_i_553_n_0
                         LUT4 (Prop_LUT4_I0_O)        0.038     2.033 r  u_accuracy/u_exp/stage1_binary_exponent1_i_543/O
                         net (fo=1, unplaced)         0.232     2.265    u_accuracy/u_exp/stage1_binary_exponent1_i_543_n_0
                         LUT4 (Prop_LUT4_I0_O)        0.037     2.302 r  u_accuracy/u_exp/stage1_binary_exponent1_i_478/O
                         net (fo=1, unplaced)         0.023     2.325    u_accuracy/u_exp/stage1_binary_exponent1_i_478_n_0
                         CARRY8 (Prop_CARRY8_S[1]_CO[7])
                                                      0.197     2.522 f  u_accuracy/u_exp/stage1_binary_exponent1_i_412/CO[7]
                         net (fo=1, unplaced)         0.005     2.527    u_accuracy/u_exp/stage1_binary_exponent1_i_412_n_0
                         CARRY8 (Prop_CARRY8_CI_CO[2])
                                                      0.057     2.584 f  u_accuracy/u_exp/stage1_binary_exponent1_i_329/CO[2]
                         net (fo=5, unplaced)         0.250     2.834    u_accuracy/u_exp/quotient38_out
                         LUT5 (Prop_LUT5_I1_O)        0.038     2.872 r  u_accuracy/u_exp/stage1_binary_exponent1_i_323/O
                         net (fo=3, unplaced)         0.238     3.110    u_accuracy/u_exp/stage1_binary_exponent1_i_323_n_0
                         LUT4 (Prop_LUT4_I1_O)        0.038     3.148 f  u_accuracy/u_exp/stage1_binary_exponent1_i_314/O
                         net (fo=3, unplaced)         0.238     3.386    u_accuracy/u_exp/stage1_binary_exponent1_i_314_n_0
                         LUT6 (Prop_LUT6_I5_O)        0.038     3.424 f  u_accuracy/u_exp/stage1_binary_exponent1_i_311/O
                         net (fo=2, unplaced)         0.232     3.656    u_accuracy/u_exp/stage1_binary_exponent1_i_311_n_0
                         LUT5 (Prop_LUT5_I3_O)        0.037     3.693 r  u_accuracy/u_exp/stage1_binary_exponent1_i_291/O
                         net (fo=1, unplaced)         0.023     3.716    u_accuracy/u_exp/stage1_binary_exponent1_i_291_n_0
                         CARRY8 (Prop_CARRY8_S[6]_CO[7])
                                                      0.124     3.840 r  u_accuracy/u_exp/stage1_binary_exponent1_i_158/CO[7]
                         net (fo=1, unplaced)         0.005     3.845    u_accuracy/u_exp/stage1_binary_exponent1_i_158_n_0
                         CARRY8 (Prop_CARRY8_CI_O[0])
                                                      0.056     3.901 r  u_accuracy/u_exp/stage1_binary_exponent1_i_139/O[0]
                         net (fo=2, unplaced)         0.232     4.133    u_accuracy/u_exp/bf16_to_q16_return0[9]
                         LUT3 (Prop_LUT3_I0_O)        0.038     4.171 r  u_accuracy/u_exp/stage1_binary_exponent1_i_74/O
                         net (fo=1, unplaced)         0.256     4.427    u_accuracy/u_exp/bf16_to_q16_return[9]
                         CARRY8 (Prop_CARRY8_DI[1]_CO[7])
                                                      0.127     4.554 r  u_accuracy/u_exp/stage1_binary_exponent1_i_30/CO[7]
                         net (fo=1, unplaced)         0.005     4.559    u_accuracy/u_exp/stage1_binary_exponent1_i_30_n_0
                         CARRY8 (Prop_CARRY8_CI_O[5])
                                                      0.116     4.675 r  u_accuracy/u_exp/stage1_binary_exponent1_i_29/O[5]
                         net (fo=4, unplaced)         0.214     4.889    u_accuracy/u_exp/stage1_binary_exponent1_i_29_n_10
                         LUT2 (Prop_LUT2_I0_O)        0.099     4.988 r  u_accuracy/u_exp/stage1_binary_exponent1_i_208/O
                         net (fo=1, unplaced)         0.251     5.239    u_accuracy/u_exp/stage1_binary_exponent1_i_208_n_0
                         CARRY8 (Prop_CARRY8_DI[2]_CO[7])
                                                      0.117     5.356 r  u_accuracy/u_exp/stage1_binary_exponent1_i_130/CO[7]
                         net (fo=1, unplaced)         0.005     5.361    u_accuracy/u_exp/stage1_binary_exponent1_i_130_n_0
                         CARRY8 (Prop_CARRY8_CI_CO[0])
                                                      0.052     5.413 r  u_accuracy/u_exp/stage1_binary_exponent1_i_51/CO[0]
                         net (fo=1, unplaced)         0.232     5.645    u_accuracy/u_exp/gap_q162
                         LUT5 (Prop_LUT5_I4_O)        0.038     5.683 r  u_accuracy/u_exp/stage1_binary_exponent1_i_28/O
                         net (fo=23, unplaced)        0.284     5.967    u_accuracy/u_exp/stage1_binary_exponent1_i_28_n_0
                         LUT6 (Prop_LUT6_I5_O)        0.038     6.005 f  u_accuracy/u_exp/stage1_binary_exponent1_i_23/O
                         net (fo=1, unplaced)         0.209     6.214    u_accuracy/u_exp/stage1_binary_exponent1/A[0]
                         DSP_A_B_DATA (Prop_DSP_A_B_DATA_A[0]_A2_DATA[0])
                                                      0.192     6.406 r  u_accuracy/u_exp/stage1_binary_exponent1/DSP_A_B_DATA_INST/A2_DATA[0]
                         net (fo=1, unplaced)         0.000     6.406    u_accuracy/u_exp/stage1_binary_exponent1/DSP_A_B_DATA.A2_DATA<0>
                         DSP_PREADD_DATA (Prop_DSP_PREADD_DATA_A2_DATA[0]_A2A1[0])
                                                      0.076     6.482 r  u_accuracy/u_exp/stage1_binary_exponent1/DSP_PREADD_DATA_INST/A2A1[0]
                         net (fo=1, unplaced)         0.000     6.482    u_accuracy/u_exp/stage1_binary_exponent1/DSP_PREADD_DATA.A2A1<0>
                         DSP_MULTIPLIER (Prop_DSP_MULTIPLIER_A2A1[0]_U[1])
                                                      0.505     6.987 f  u_accuracy/u_exp/stage1_binary_exponent1/DSP_MULTIPLIER_INST/U[1]
                         net (fo=1, unplaced)         0.000     6.987    u_accuracy/u_exp/stage1_binary_exponent1/DSP_MULTIPLIER.U<1>
                         DSP_M_DATA (Prop_DSP_M_DATA_U[1]_U_DATA[1])
                                                      0.047     7.034 r  u_accuracy/u_exp/stage1_binary_exponent1/DSP_M_DATA_INST/U_DATA[1]
                         net (fo=1, unplaced)         0.000     7.034    u_accuracy/u_exp/stage1_binary_exponent1/DSP_M_DATA.U_DATA<1>
                         DSP_ALU (Prop_DSP_ALU_U_DATA[1]_ALU_OUT[1])
                                                      0.585     7.619 f  u_accuracy/u_exp/stage1_binary_exponent1/DSP_ALU_INST/ALU_OUT[1]
                         net (fo=1, unplaced)         0.000     7.619    u_accuracy/u_exp/stage1_binary_exponent1/DSP_ALU.ALU_OUT<1>
                         DSP_OUTPUT (Prop_DSP_OUTPUT_ALU_OUT[1]_P[1])
                                                      0.109     7.728 r  u_accuracy/u_exp/stage1_binary_exponent1/DSP_OUTPUT_INST/P[1]
                         net (fo=1, unplaced)         0.221     7.949    u_accuracy/u_exp/stage1_binary_exponent1_n_104
                         LUT6 (Prop_LUT6_I0_O)        0.150     8.099 r  u_accuracy/u_exp/stage1_binary_fraction[7]_i_5/O
                         net (fo=1, unplaced)         0.232     8.331    u_accuracy/u_exp/stage1_binary_fraction[7]_i_5_n_0
                         LUT6 (Prop_LUT6_I5_O)        0.038     8.369 r  u_accuracy/u_exp/stage1_binary_fraction[7]_i_2/O
                         net (fo=1, unplaced)         0.020     8.389    u_accuracy/u_exp/stage1_binary_fraction[7]_i_2_n_0
                         CARRY8 (Prop_CARRY8_S[0]_O[6])
                                                      0.226     8.615 r  u_accuracy/u_exp/stage1_binary_fraction_reg[7]_i_1/O[6]
                         net (fo=1, unplaced)         0.026     8.641    u_accuracy/u_exp/stage1_binary_fraction_reg[7]_i_1_n_9
                         FDCE                                         r  u_accuracy/u_exp/stage1_binary_fraction_reg[6]/D
  -------------------------------------------------------------------    -------------------

                         (clock core_clk rise edge)
                                                      6.666     6.666 r  
                                                      0.000     6.666 r  clk (IN)
                         net (fo=16560, unset)        0.000     6.666    u_accuracy/u_exp/clk
                         FDCE                                         r  u_accuracy/u_exp/stage1_binary_fraction_reg[6]/C
                         clock pessimism              0.000     6.666    
                         clock uncertainty           -0.035     6.631    
                         FDCE (Setup_FDCE_C_D)        0.025     6.656    u_accuracy/u_exp/stage1_binary_fraction_reg[6]
  -------------------------------------------------------------------
                         required time                          6.656    
                         arrival time                          -8.641    
  -------------------------------------------------------------------
                         slack                                 -1.985    

Slack (VIOLATED) :        -1.964ns  (required time - arrival time)
  Source:                 u_accuracy/u_exp/stage0_max_bf16_reg[8]/C
                            (rising edge-triggered cell FDCE clocked by core_clk  {rise@0.000ns fall@3.333ns period=6.666ns})
  Destination:            u_accuracy/u_exp/stage1_binary_fraction_reg[4]/D
                            (rising edge-triggered cell FDCE clocked by core_clk  {rise@0.000ns fall@3.333ns period=6.666ns})
  Path Group:             core_clk
  Path Type:              Setup (Max at Slow Process Corner)
  Requirement:            6.666ns  (core_clk rise@6.666ns - core_clk rise@0.000ns)
  Data Path Delay:        8.620ns  (logic 3.631ns (42.123%)  route 4.989ns (57.877%))
  Logic Levels:           32  (CARRY8=10 DSP_A_B_DATA=1 DSP_ALU=1 DSP_M_DATA=1 DSP_MULTIPLIER=1 DSP_OUTPUT=1 DSP_PREADD_DATA=1 LUT2=1 LUT3=2 LUT4=4 LUT5=3 LUT6=6)
  Clock Uncertainty:      0.035ns  ((TSJ^2 + TIJ^2)^1/2 + DJ) / 2 + PE
    Total System Jitter     (TSJ):    0.071ns
    Total Input Jitter      (TIJ):    0.000ns
    Discrete Jitter          (DJ):    0.000ns
    Phase Error              (PE):    0.000ns

    Location             Delay type                Incr(ns)  Path(ns)    Netlist Resource(s)
  -------------------------------------------------------------------    -------------------
                         (clock core_clk rise edge)
                                                      0.000     0.000 r  
                                                      0.000     0.000 r  clk (IN)
                         net (fo=16560, unset)        0.000     0.000    u_accuracy/u_exp/clk
                         FDCE                                         r  u_accuracy/u_exp/stage0_max_bf16_reg[8]/C
  -------------------------------------------------------------------    -------------------
                         FDCE (Prop_FDCE_C_Q)         0.077     0.077 r  u_accuracy/u_exp/stage0_max_bf16_reg[8]/Q
                         net (fo=118, unplaced)       0.275     0.352    u_accuracy/u_exp/p_0_in[1]
                         LUT3 (Prop_LUT3_I2_O)        0.038     0.390 r  u_accuracy/u_exp/stage1_binary_exponent1_i_407/O
                         net (fo=18, unplaced)        0.279     0.669    u_accuracy/u_exp/stage1_binary_exponent1_i_407_n_0
                         LUT6 (Prop_LUT6_I3_O)        0.038     0.707 f  u_accuracy/u_exp/stage1_binary_exponent1_i_321/O
                         net (fo=25, unplaced)        0.286     0.993    u_accuracy/u_exp/stage1_binary_exponent1_i_321_n_0
                         LUT4 (Prop_LUT4_I3_O)        0.070     1.063 r  u_accuracy/u_exp/stage1_binary_exponent1_i_575/O
                         net (fo=1, unplaced)         0.253     1.316    u_accuracy/u_exp/stage1_binary_exponent1_i_575_n_0
                         CARRY8 (Prop_CARRY8_DI[0]_O[4])
                                                      0.177     1.493 r  u_accuracy/u_exp/stage1_binary_exponent1_i_544/O[4]
                         net (fo=2, unplaced)         0.232     1.725    u_accuracy/u_exp/quotient42_in[5]
                         LUT6 (Prop_LUT6_I1_O)        0.038     1.763 f  u_accuracy/u_exp/stage1_binary_exponent1_i_553/O
                         net (fo=2, unplaced)         0.232     1.995    u_accuracy/u_exp/stage1_binary_exponent1_i_553_n_0
                         LUT4 (Prop_LUT4_I0_O)        0.038     2.033 r  u_accuracy/u_exp/stage1_binary_exponent1_i_543/O
                         net (fo=1, unplaced)         0.232     2.265    u_accuracy/u_exp/stage1_binary_exponent1_i_543_n_0
                         LUT4 (Prop_LUT4_I0_O)        0.037     2.302 r  u_accuracy/u_exp/stage1_binary_exponent1_i_478/O
                         net (fo=1, unplaced)         0.023     2.325    u_accuracy/u_exp/stage1_binary_exponent1_i_478_n_0
                         CARRY8 (Prop_CARRY8_S[1]_CO[7])
                                                      0.197     2.522 f  u_accuracy/u_exp/stage1_binary_exponent1_i_412/CO[7]
                         net (fo=1, unplaced)         0.005     2.527    u_accuracy/u_exp/stage1_binary_exponent1_i_412_n_0
                         CARRY8 (Prop_CARRY8_CI_CO[2])
                                                      0.057     2.584 f  u_accuracy/u_exp/stage1_binary_exponent1_i_329/CO[2]
                         net (fo=5, unplaced)         0.250     2.834    u_accuracy/u_exp/quotient38_out
                         LUT5 (Prop_LUT5_I1_O)        0.038     2.872 r  u_accuracy/u_exp/stage1_binary_exponent1_i_323/O
                         net (fo=3, unplaced)         0.238     3.110    u_accuracy/u_exp/stage1_binary_exponent1_i_323_n_0
                         LUT4 (Prop_LUT4_I1_O)        0.038     3.148 f  u_accuracy/u_exp/stage1_binary_exponent1_i_314/O
                         net (fo=3, unplaced)         0.238     3.386    u_accuracy/u_exp/stage1_binary_exponent1_i_314_n_0
                         LUT6 (Prop_LUT6_I5_O)        0.038     3.424 f  u_accuracy/u_exp/stage1_binary_exponent1_i_311/O
                         net (fo=2, unplaced)         0.232     3.656    u_accuracy/u_exp/stage1_binary_exponent1_i_311_n_0
                         LUT5 (Prop_LUT5_I3_O)        0.037     3.693 r  u_accuracy/u_exp/stage1_binary_exponent1_i_291/O
                         net (fo=1, unplaced)         0.023     3.716    u_accuracy/u_exp/stage1_binary_exponent1_i_291_n_0
                         CARRY8 (Prop_CARRY8_S[6]_CO[7])
                                                      0.124     3.840 r  u_accuracy/u_exp/stage1_binary_exponent1_i_158/CO[7]
                         net (fo=1, unplaced)         0.005     3.845    u_accuracy/u_exp/stage1_binary_exponent1_i_158_n_0
                         CARRY8 (Prop_CARRY8_CI_O[0])
                                                      0.056     3.901 r  u_accuracy/u_exp/stage1_binary_exponent1_i_139/O[0]
                         net (fo=2, unplaced)         0.232     4.133    u_accuracy/u_exp/bf16_to_q16_return0[9]
                         LUT3 (Prop_LUT3_I0_O)        0.038     4.171 r  u_accuracy/u_exp/stage1_binary_exponent1_i_74/O
                         net (fo=1, unplaced)         0.256     4.427    u_accuracy/u_exp/bf16_to_q16_return[9]
                         CARRY8 (Prop_CARRY8_DI[1]_CO[7])
                                                      0.127     4.554 r  u_accuracy/u_exp/stage1_binary_exponent1_i_30/CO[7]
                         net (fo=1, unplaced)         0.005     4.559    u_accuracy/u_exp/stage1_binary_exponent1_i_30_n_0
                         CARRY8 (Prop_CARRY8_CI_O[5])
                                                      0.116     4.675 r  u_accuracy/u_exp/stage1_binary_exponent1_i_29/O[5]
                         net (fo=4, unplaced)         0.214     4.889    u_accuracy/u_exp/stage1_binary_exponent1_i_29_n_10
                         LUT2 (Prop_LUT2_I0_O)        0.099     4.988 r  u_accuracy/u_exp/stage1_binary_exponent1_i_208/O
                         net (fo=1, unplaced)         0.251     5.239    u_accuracy/u_exp/stage1_binary_exponent1_i_208_n_0
                         CARRY8 (Prop_CARRY8_DI[2]_CO[7])
                                                      0.117     5.356 r  u_accuracy/u_exp/stage1_binary_exponent1_i_130/CO[7]
                         net (fo=1, unplaced)         0.005     5.361    u_accuracy/u_exp/stage1_binary_exponent1_i_130_n_0
                         CARRY8 (Prop_CARRY8_CI_CO[0])
                                                      0.052     5.413 r  u_accuracy/u_exp/stage1_binary_exponent1_i_51/CO[0]
                         net (fo=1, unplaced)         0.232     5.645    u_accuracy/u_exp/gap_q162
                         LUT5 (Prop_LUT5_I4_O)        0.038     5.683 r  u_accuracy/u_exp/stage1_binary_exponent1_i_28/O
                         net (fo=23, unplaced)        0.284     5.967    u_accuracy/u_exp/stage1_binary_exponent1_i_28_n_0
                         LUT6 (Prop_LUT6_I5_O)        0.038     6.005 f  u_accuracy/u_exp/stage1_binary_exponent1_i_23/O
                         net (fo=1, unplaced)         0.209     6.214    u_accuracy/u_exp/stage1_binary_exponent1/A[0]
                         DSP_A_B_DATA (Prop_DSP_A_B_DATA_A[0]_A2_DATA[0])
                                                      0.192     6.406 r  u_accuracy/u_exp/stage1_binary_exponent1/DSP_A_B_DATA_INST/A2_DATA[0]
                         net (fo=1, unplaced)         0.000     6.406    u_accuracy/u_exp/stage1_binary_exponent1/DSP_A_B_DATA.A2_DATA<0>
                         DSP_PREADD_DATA (Prop_DSP_PREADD_DATA_A2_DATA[0]_A2A1[0])
                                                      0.076     6.482 r  u_accuracy/u_exp/stage1_binary_exponent1/DSP_PREADD_DATA_INST/A2A1[0]
                         net (fo=1, unplaced)         0.000     6.482    u_accuracy/u_exp/stage1_binary_exponent1/DSP_PREADD_DATA.A2A1<0>
                         DSP_MULTIPLIER (Prop_DSP_MULTIPLIER_A2A1[0]_U[1])
                                                      0.505     6.987 f  u_accuracy/u_exp/stage1_binary_exponent1/DSP_MULTIPLIER_INST/U[1]
                         net (fo=1, unplaced)         0.000     6.987    u_accuracy/u_exp/stage1_binary_exponent1/DSP_MULTIPLIER.U<1>
                         DSP_M_DATA (Prop_DSP_M_DATA_U[1]_U_DATA[1])
                                                      0.047     7.034 r  u_accuracy/u_exp/stage1_binary_exponent1/DSP_M_DATA_INST/U_DATA[1]
                         net (fo=1, unplaced)         0.000     7.034    u_accuracy/u_exp/stage1_binary_exponent1/DSP_M_DATA.U_DATA<1>
                         DSP_ALU (Prop_DSP_ALU_U_DATA[1]_ALU_OUT[1])
                                                      0.585     7.619 f  u_accuracy/u_exp/stage1_binary_exponent1/DSP_ALU_INST/ALU_OUT[1]
                         net (fo=1, unplaced)         0.000     7.619    u_accuracy/u_exp/stage1_binary_exponent1/DSP_ALU.ALU_OUT<1>
                         DSP_OUTPUT (Prop_DSP_OUTPUT_ALU_OUT[1]_P[1])
                                                      0.109     7.728 r  u_accuracy/u_exp/stage1_binary_exponent1/DSP_OUTPUT_INST/P[1]
                         net (fo=1, unplaced)         0.221     7.949    u_accuracy/u_exp/stage1_binary_exponent1_n_104
                         LUT6 (Prop_LUT6_I0_O)        0.150     8.099 r  u_accuracy/u_exp/stage1_binary_fraction[7]_i_5/O
                         net (fo=1, unplaced)         0.232     8.331    u_accuracy/u_exp/stage1_binary_fraction[7]_i_5_n_0
                         LUT6 (Prop_LUT6_I5_O)        0.038     8.369 r  u_accuracy/u_exp/stage1_binary_fraction[7]_i_2/O
                         net (fo=1, unplaced)         0.020     8.389    u_accuracy/u_exp/stage1_binary_fraction[7]_i_2_n_0
                         CARRY8 (Prop_CARRY8_S[0]_O[4])
                                                      0.206     8.595 r  u_accuracy/u_exp/stage1_binary_fraction_reg[7]_i_1/O[4]
                         net (fo=1, unplaced)         0.025     8.620    u_accuracy/u_exp/stage1_binary_fraction_reg[7]_i_1_n_11
                         FDCE                                         r  u_accuracy/u_exp/stage1_binary_fraction_reg[4]/D
  -------------------------------------------------------------------    -------------------

                         (clock core_clk rise edge)
                                                      6.666     6.666 r  
                                                      0.000     6.666 r  clk (IN)
                         net (fo=16560, unset)        0.000     6.666    u_accuracy/u_exp/clk
                         FDCE                                         r  u_accuracy/u_exp/stage1_binary_fraction_reg[4]/C
                         clock pessimism              0.000     6.666    
                         clock uncertainty           -0.035     6.631    
                         FDCE (Setup_FDCE_C_D)        0.025     6.656    u_accuracy/u_exp/stage1_binary_fraction_reg[4]
  -------------------------------------------------------------------
                         required time                          6.656    
                         arrival time                          -8.620    
  -------------------------------------------------------------------
                         slack                                 -1.964    





Pulse Width Checks
--------------------------------------------------------------------------------------
Clock Name:         core_clk
Waveform(ns):       { 0.000 3.333 }
Period(ns):         6.666
Sources:            { clk }

Check Type        Corner  Lib Pin  Reference Pin  Required(ns)  Actual(ns)  Slack(ns)  Location  Pin
Min Period        n/a     FDCE/C   n/a            0.550         6.666       6.116                finalize_conflict_cycles_reg[0]/C
Min Period        n/a     FDCE/C   n/a            0.550         6.666       6.116                finalize_conflict_cycles_reg[10]/C
Min Period        n/a     FDCE/C   n/a            0.550         6.666       6.116                finalize_conflict_cycles_reg[11]/C
Min Period        n/a     FDCE/C   n/a            0.550         6.666       6.116                finalize_conflict_cycles_reg[12]/C
Min Period        n/a     FDCE/C   n/a            0.550         6.666       6.116                finalize_conflict_cycles_reg[13]/C
Min Period        n/a     FDCE/C   n/a            0.550         6.666       6.116                finalize_conflict_cycles_reg[14]/C
Min Period        n/a     FDCE/C   n/a            0.550         6.666       6.116                finalize_conflict_cycles_reg[15]/C
Min Period        n/a     FDCE/C   n/a            0.550         6.666       6.116                finalize_conflict_cycles_reg[16]/C
Min Period        n/a     FDCE/C   n/a            0.550         6.666       6.116                finalize_conflict_cycles_reg[17]/C
Min Period        n/a     FDCE/C   n/a            0.550         6.666       6.116                finalize_conflict_cycles_reg[18]/C
Min Period        n/a     FDCE/C   n/a            0.550         6.666       6.116                finalize_conflict_cycles_reg[19]/C
Min Period        n/a     FDCE/C   n/a            0.550         6.666       6.116                finalize_conflict_cycles_reg[1]/C
Min Period        n/a     FDCE/C   n/a            0.550         6.666       6.116                finalize_conflict_cycles_reg[20]/C
Min Period        n/a     FDCE/C   n/a            0.550         6.666       6.116                finalize_conflict_cycles_reg[21]/C
Min Period        n/a     FDCE/C   n/a            0.550         6.666       6.116                finalize_conflict_cycles_reg[22]/C
Min Period        n/a     FDCE/C   n/a            0.550         6.666       6.116                finalize_conflict_cycles_reg[23]/C
Min Period        n/a     FDCE/C   n/a            0.550         6.666       6.116                finalize_conflict_cycles_reg[24]/C
Min Period        n/a     FDCE/C   n/a            0.550         6.666       6.116                finalize_conflict_cycles_reg[25]/C
Min Period        n/a     FDCE/C   n/a            0.550         6.666       6.116                finalize_conflict_cycles_reg[26]/C
Min Period        n/a     FDCE/C   n/a            0.550         6.666       6.116                finalize_conflict_cycles_reg[27]/C
Low Pulse Width   Slow    FDCE/C   n/a            0.275         3.333       3.058                finalize_conflict_cycles_reg[0]/C
Low Pulse Width   Fast    FDCE/C   n/a            0.275         3.333       3.058                finalize_conflict_cycles_reg[0]/C
Low Pulse Width   Slow    FDCE/C   n/a            0.275         3.333       3.058                finalize_conflict_cycles_reg[10]/C
Low Pulse Width   Fast    FDCE/C   n/a            0.275         3.333       3.058                finalize_conflict_cycles_reg[10]/C
Low Pulse Width   Slow    FDCE/C   n/a            0.275         3.333       3.058                finalize_conflict_cycles_reg[11]/C
Low Pulse Width   Fast    FDCE/C   n/a            0.275         3.333       3.058                finalize_conflict_cycles_reg[11]/C
Low Pulse Width   Slow    FDCE/C   n/a            0.275         3.333       3.058                finalize_conflict_cycles_reg[12]/C
Low Pulse Width   Fast    FDCE/C   n/a            0.275         3.333       3.058                finalize_conflict_cycles_reg[12]/C
Low Pulse Width   Slow    FDCE/C   n/a            0.275         3.333       3.058                finalize_conflict_cycles_reg[13]/C
Low Pulse Width   Fast    FDCE/C   n/a            0.275         3.333       3.058                finalize_conflict_cycles_reg[13]/C
Low Pulse Width   Slow    FDCE/C   n/a            0.275         3.333       3.058                finalize_conflict_cycles_reg[14]/C
Low Pulse Width   Fast    FDCE/C   n/a            0.275         3.333       3.058                finalize_conflict_cycles_reg[14]/C
Low Pulse Width   Slow    FDCE/C   n/a            0.275         3.333       3.058                finalize_conflict_cycles_reg[15]/C
Low Pulse Width   Fast    FDCE/C   n/a            0.275         3.333       3.058                finalize_conflict_cycles_reg[15]/C
Low Pulse Width   Slow    FDCE/C   n/a            0.275         3.333       3.058                finalize_conflict_cycles_reg[16]/C
Low Pulse Width   Fast    FDCE/C   n/a            0.275         3.333       3.058                finalize_conflict_cycles_reg[16]/C
Low Pulse Width   Slow    FDCE/C   n/a            0.275         3.333       3.058                finalize_conflict_cycles_reg[17]/C
Low Pulse Width   Fast    FDCE/C   n/a            0.275         3.333       3.058                finalize_conflict_cycles_reg[17]/C
Low Pulse Width   Slow    FDCE/C   n/a            0.275         3.333       3.058                finalize_conflict_cycles_reg[18]/C
Low Pulse Width   Fast    FDCE/C   n/a            0.275         3.333       3.058                finalize_conflict_cycles_reg[18]/C
High Pulse Width  Slow    FDCE/C   n/a            0.275         3.333       3.058                finalize_conflict_cycles_reg[0]/C
High Pulse Width  Fast    FDCE/C   n/a            0.275         3.333       3.058                finalize_conflict_cycles_reg[0]/C
High Pulse Width  Slow    FDCE/C   n/a            0.275         3.333       3.058                finalize_conflict_cycles_reg[10]/C
High Pulse Width  Fast    FDCE/C   n/a            0.275         3.333       3.058                finalize_conflict_cycles_reg[10]/C
High Pulse Width  Slow    FDCE/C   n/a            0.275         3.333       3.058                finalize_conflict_cycles_reg[11]/C
High Pulse Width  Fast    FDCE/C   n/a            0.275         3.333       3.058                finalize_conflict_cycles_reg[11]/C
High Pulse Width  Slow    FDCE/C   n/a            0.275         3.333       3.058                finalize_conflict_cycles_reg[12]/C
High Pulse Width  Fast    FDCE/C   n/a            0.275         3.333       3.058                finalize_conflict_cycles_reg[12]/C
High Pulse Width  Slow    FDCE/C   n/a            0.275         3.333       3.058                finalize_conflict_cycles_reg[13]/C
High Pulse Width  Fast    FDCE/C   n/a            0.275         3.333       3.058                finalize_conflict_cycles_reg[13]/C
High Pulse Width  Slow    FDCE/C   n/a            0.275         3.333       3.058                finalize_conflict_cycles_reg[14]/C
High Pulse Width  Fast    FDCE/C   n/a            0.275         3.333       3.058                finalize_conflict_cycles_reg[14]/C
High Pulse Width  Slow    FDCE/C   n/a            0.275         3.333       3.058                finalize_conflict_cycles_reg[15]/C
High Pulse Width  Fast    FDCE/C   n/a            0.275         3.333       3.058                finalize_conflict_cycles_reg[15]/C
High Pulse Width  Slow    FDCE/C   n/a            0.275         3.333       3.058                finalize_conflict_cycles_reg[16]/C
High Pulse Width  Fast    FDCE/C   n/a            0.275         3.333       3.058                finalize_conflict_cycles_reg[16]/C
High Pulse Width  Slow    FDCE/C   n/a            0.275         3.333       3.058                finalize_conflict_cycles_reg[17]/C
High Pulse Width  Fast    FDCE/C   n/a            0.275         3.333       3.058                finalize_conflict_cycles_reg[17]/C
High Pulse Width  Slow    FDCE/C   n/a            0.275         3.333       3.058                finalize_conflict_cycles_reg[18]/C
High Pulse Width  Fast    FDCE/C   n/a            0.275         3.333       3.058                finalize_conflict_cycles_reg[18]/C



---------------------------------------------------------------------------------------------------
Path Group:  **async_default**
From Clock:  core_clk
  To Clock:  core_clk

Setup :            0  Failing Endpoints,  Worst Slack        5.115ns,  Total Violation        0.000ns
Hold  :           NA  Failing Endpoints,  Worst Slack           NA  ,  Total Violation           NA
---------------------------------------------------------------------------------------------------


Max Delay Paths
--------------------------------------------------------------------------------------
Slack (MET) :             5.115ns  (required time - arrival time)
  Source:                 rst_n
                            (input port clocked by core_clk  {rise@0.000ns fall@3.333ns period=6.666ns})
  Destination:            u_stager/error_sticky_reg/CLR
                            (recovery check against rising-edge clock core_clk  {rise@0.000ns fall@3.333ns period=6.666ns})
  Path Group:             **async_default**
  Path Type:              Recovery (Max at Slow Process Corner)
  Requirement:            6.666ns  (core_clk rise@6.666ns - core_clk rise@0.000ns)
  Data Path Delay:        0.450ns  (logic 0.090ns (20.000%)  route 0.360ns (80.000%))
  Logic Levels:           1  (LUT3=1)
  Input Delay:            1.000ns
  Clock Uncertainty:      0.035ns  ((TSJ^2 + TIJ^2)^1/2 + DJ) / 2 + PE
    Total System Jitter     (TSJ):    0.071ns
    Total Input Jitter      (TIJ):    0.000ns
    Discrete Jitter          (DJ):    0.000ns
    Phase Error              (PE):    0.000ns

    Location             Delay type                Incr(ns)  Path(ns)    Netlist Resource(s)
  -------------------------------------------------------------------    -------------------
                         (clock core_clk rise edge)
                                                      0.000     0.000 r  
                         input delay                  1.000     1.000    
                                                      0.000     1.000 r  rst_n (IN)
                         net (fo=10, unset)           0.000     1.000    u_stager/rst_n
                         LUT3 (Prop_LUT3_I0_O)        0.090     1.090 f  u_stager/stage_weight_accept[63]_i_3/O
                         net (fo=514, unplaced)       0.360     1.450    u_stager/rows_begin0
                         FDCE                                         f  u_stager/error_sticky_reg/CLR
  -------------------------------------------------------------------    -------------------

                         (clock core_clk rise edge)
                                                      6.666     6.666 r  
                                                      0.000     6.666 r  clk (IN)
                         net (fo=16560, unset)        0.000     6.666    u_stager/clk
                         FDCE                                         r  u_stager/error_sticky_reg/C
                         clock pessimism              0.000     6.666    
                         clock uncertainty           -0.035     6.631    
                         FDCE (Recov_FDCE_C_CLR)     -0.066     6.565    u_stager/error_sticky_reg
  -------------------------------------------------------------------
                         required time                          6.565    
                         arrival time                          -1.450    
  -------------------------------------------------------------------
                         slack                                  5.115    

Slack (MET) :             5.115ns  (required time - arrival time)
  Source:                 rst_n
                            (input port clocked by core_clk  {rise@0.000ns fall@3.333ns period=6.666ns})
  Destination:            u_stager/numeric_error_count_reg[0]/CLR
                            (recovery check against rising-edge clock core_clk  {rise@0.000ns fall@3.333ns period=6.666ns})
  Path Group:             **async_default**
  Path Type:              Recovery (Max at Slow Process Corner)
  Requirement:            6.666ns  (core_clk rise@6.666ns - core_clk rise@0.000ns)
  Data Path Delay:        0.450ns  (logic 0.090ns (20.000%)  route 0.360ns (80.000%))
  Logic Levels:           1  (LUT3=1)
  Input Delay:            1.000ns
  Clock Uncertainty:      0.035ns  ((TSJ^2 + TIJ^2)^1/2 + DJ) / 2 + PE
    Total System Jitter     (TSJ):    0.071ns
    Total Input Jitter      (TIJ):    0.000ns
    Discrete Jitter          (DJ):    0.000ns
    Phase Error              (PE):    0.000ns

    Location             Delay type                Incr(ns)  Path(ns)    Netlist Resource(s)
  -------------------------------------------------------------------    -------------------
                         (clock core_clk rise edge)
                                                      0.000     0.000 r  
                         input delay                  1.000     1.000    
                                                      0.000     1.000 r  rst_n (IN)
                         net (fo=10, unset)           0.000     1.000    u_stager/rst_n
                         LUT3 (Prop_LUT3_I0_O)        0.090     1.090 f  u_stager/stage_weight_accept[63]_i_3/O
                         net (fo=514, unplaced)       0.360     1.450    u_stager/rows_begin0
                         FDCE                                         f  u_stager/numeric_error_count_reg[0]/CLR
  -------------------------------------------------------------------    -------------------

                         (clock core_clk rise edge)
                                                      6.666     6.666 r  
                                                      0.000     6.666 r  clk (IN)
                         net (fo=16560, unset)        0.000     6.666    u_stager/clk
                         FDCE                                         r  u_stager/numeric_error_count_reg[0]/C
                         clock pessimism              0.000     6.666    
                         clock uncertainty           -0.035     6.631    
                         FDCE (Recov_FDCE_C_CLR)     -0.066     6.565    u_stager/numeric_error_count_reg[0]
  -------------------------------------------------------------------
                         required time                          6.565    
                         arrival time                          -1.450    
  -------------------------------------------------------------------
                         slack                                  5.115    

Slack (MET) :             5.115ns  (required time - arrival time)
  Source:                 rst_n
                            (input port clocked by core_clk  {rise@0.000ns fall@3.333ns period=6.666ns})
  Destination:            u_stager/numeric_error_count_reg[10]/CLR
                            (recovery check against rising-edge clock core_clk  {rise@0.000ns fall@3.333ns period=6.666ns})
  Path Group:             **async_default**
  Path Type:              Recovery (Max at Slow Process Corner)
  Requirement:            6.666ns  (core_clk rise@6.666ns - core_clk rise@0.000ns)
  Data Path Delay:        0.450ns  (logic 0.090ns (20.000%)  route 0.360ns (80.000%))
  Logic Levels:           1  (LUT3=1)
  Input Delay:            1.000ns
  Clock Uncertainty:      0.035ns  ((TSJ^2 + TIJ^2)^1/2 + DJ) / 2 + PE
    Total System Jitter     (TSJ):    0.071ns
    Total Input Jitter      (TIJ):    0.000ns
    Discrete Jitter          (DJ):    0.000ns
    Phase Error              (PE):    0.000ns

    Location             Delay type                Incr(ns)  Path(ns)    Netlist Resource(s)
  -------------------------------------------------------------------    -------------------
                         (clock core_clk rise edge)
                                                      0.000     0.000 r  
                         input delay                  1.000     1.000    
                                                      0.000     1.000 r  rst_n (IN)
                         net (fo=10, unset)           0.000     1.000    u_stager/rst_n
                         LUT3 (Prop_LUT3_I0_O)        0.090     1.090 f  u_stager/stage_weight_accept[63]_i_3/O
                         net (fo=514, unplaced)       0.360     1.450    u_stager/rows_begin0
                         FDCE                                         f  u_stager/numeric_error_count_reg[10]/CLR
  -------------------------------------------------------------------    -------------------

                         (clock core_clk rise edge)
                                                      6.666     6.666 r  
                                                      0.000     6.666 r  clk (IN)
                         net (fo=16560, unset)        0.000     6.666    u_stager/clk
                         FDCE                                         r  u_stager/numeric_error_count_reg[10]/C
                         clock pessimism              0.000     6.666    
                         clock uncertainty           -0.035     6.631    
                         FDCE (Recov_FDCE_C_CLR)     -0.066     6.565    u_stager/numeric_error_count_reg[10]
  -------------------------------------------------------------------
                         required time                          6.565    
                         arrival time                          -1.450    
  -------------------------------------------------------------------
                         slack                                  5.115    

Slack (MET) :             5.115ns  (required time - arrival time)
  Source:                 rst_n
                            (input port clocked by core_clk  {rise@0.000ns fall@3.333ns period=6.666ns})
  Destination:            u_stager/numeric_error_count_reg[11]/CLR
                            (recovery check against rising-edge clock core_clk  {rise@0.000ns fall@3.333ns period=6.666ns})
  Path Group:             **async_default**
  Path Type:              Recovery (Max at Slow Process Corner)
  Requirement:            6.666ns  (core_clk rise@6.666ns - core_clk rise@0.000ns)
  Data Path Delay:        0.450ns  (logic 0.090ns (20.000%)  route 0.360ns (80.000%))
  Logic Levels:           1  (LUT3=1)
  Input Delay:            1.000ns
  Clock Uncertainty:      0.035ns  ((TSJ^2 + TIJ^2)^1/2 + DJ) / 2 + PE
    Total System Jitter     (TSJ):    0.071ns
    Total Input Jitter      (TIJ):    0.000ns
    Discrete Jitter          (DJ):    0.000ns
    Phase Error              (PE):    0.000ns

    Location             Delay type                Incr(ns)  Path(ns)    Netlist Resource(s)
  -------------------------------------------------------------------    -------------------
                         (clock core_clk rise edge)
                                                      0.000     0.000 r  
                         input delay                  1.000     1.000    
                                                      0.000     1.000 r  rst_n (IN)
                         net (fo=10, unset)           0.000     1.000    u_stager/rst_n
                         LUT3 (Prop_LUT3_I0_O)        0.090     1.090 f  u_stager/stage_weight_accept[63]_i_3/O
                         net (fo=514, unplaced)       0.360     1.450    u_stager/rows_begin0
                         FDCE                                         f  u_stager/numeric_error_count_reg[11]/CLR
  -------------------------------------------------------------------    -------------------

                         (clock core_clk rise edge)
                                                      6.666     6.666 r  
                                                      0.000     6.666 r  clk (IN)
                         net (fo=16560, unset)        0.000     6.666    u_stager/clk
                         FDCE                                         r  u_stager/numeric_error_count_reg[11]/C
                         clock pessimism              0.000     6.666    
                         clock uncertainty           -0.035     6.631    
                         FDCE (Recov_FDCE_C_CLR)     -0.066     6.565    u_stager/numeric_error_count_reg[11]
  -------------------------------------------------------------------
                         required time                          6.565    
                         arrival time                          -1.450    
  -------------------------------------------------------------------
                         slack                                  5.115    

Slack (MET) :             5.115ns  (required time - arrival time)
  Source:                 rst_n
                            (input port clocked by core_clk  {rise@0.000ns fall@3.333ns period=6.666ns})
  Destination:            u_stager/numeric_error_count_reg[12]/CLR
                            (recovery check against rising-edge clock core_clk  {rise@0.000ns fall@3.333ns period=6.666ns})
  Path Group:             **async_default**
  Path Type:              Recovery (Max at Slow Process Corner)
  Requirement:            6.666ns  (core_clk rise@6.666ns - core_clk rise@0.000ns)
  Data Path Delay:        0.450ns  (logic 0.090ns (20.000%)  route 0.360ns (80.000%))
  Logic Levels:           1  (LUT3=1)
  Input Delay:            1.000ns
  Clock Uncertainty:      0.035ns  ((TSJ^2 + TIJ^2)^1/2 + DJ) / 2 + PE
    Total System Jitter     (TSJ):    0.071ns
    Total Input Jitter      (TIJ):    0.000ns
    Discrete Jitter          (DJ):    0.000ns
    Phase Error              (PE):    0.000ns

    Location             Delay type                Incr(ns)  Path(ns)    Netlist Resource(s)
  -------------------------------------------------------------------    -------------------
                         (clock core_clk rise edge)
                                                      0.000     0.000 r  
                         input delay                  1.000     1.000    
                                                      0.000     1.000 r  rst_n (IN)
                         net (fo=10, unset)           0.000     1.000    u_stager/rst_n
                         LUT3 (Prop_LUT3_I0_O)        0.090     1.090 f  u_stager/stage_weight_accept[63]_i_3/O
                         net (fo=514, unplaced)       0.360     1.450    u_stager/rows_begin0
                         FDCE                                         f  u_stager/numeric_error_count_reg[12]/CLR
  -------------------------------------------------------------------    -------------------

                         (clock core_clk rise edge)
                                                      6.666     6.666 r  
                                                      0.000     6.666 r  clk (IN)
                         net (fo=16560, unset)        0.000     6.666    u_stager/clk
                         FDCE                                         r  u_stager/numeric_error_count_reg[12]/C
                         clock pessimism              0.000     6.666    
                         clock uncertainty           -0.035     6.631    
                         FDCE (Recov_FDCE_C_CLR)     -0.066     6.565    u_stager/numeric_error_count_reg[12]
  -------------------------------------------------------------------
                         required time                          6.565    
                         arrival time                          -1.450    
  -------------------------------------------------------------------
                         slack                                  5.115    

Slack (MET) :             5.115ns  (required time - arrival time)
  Source:                 rst_n
                            (input port clocked by core_clk  {rise@0.000ns fall@3.333ns period=6.666ns})
  Destination:            u_stager/numeric_error_count_reg[13]/CLR
                            (recovery check against rising-edge clock core_clk  {rise@0.000ns fall@3.333ns period=6.666ns})
  Path Group:             **async_default**
  Path Type:              Recovery (Max at Slow Process Corner)
  Requirement:            6.666ns  (core_clk rise@6.666ns - core_clk rise@0.000ns)
  Data Path Delay:        0.450ns  (logic 0.090ns (20.000%)  route 0.360ns (80.000%))
  Logic Levels:           1  (LUT3=1)
  Input Delay:            1.000ns
  Clock Uncertainty:      0.035ns  ((TSJ^2 + TIJ^2)^1/2 + DJ) / 2 + PE
    Total System Jitter     (TSJ):    0.071ns
    Total Input Jitter      (TIJ):    0.000ns
    Discrete Jitter          (DJ):    0.000ns
    Phase Error              (PE):    0.000ns

    Location             Delay type                Incr(ns)  Path(ns)    Netlist Resource(s)
  -------------------------------------------------------------------    -------------------
                         (clock core_clk rise edge)
                                                      0.000     0.000 r  
                         input delay                  1.000     1.000    
                                                      0.000     1.000 r  rst_n (IN)
                         net (fo=10, unset)           0.000     1.000    u_stager/rst_n
                         LUT3 (Prop_LUT3_I0_O)        0.090     1.090 f  u_stager/stage_weight_accept[63]_i_3/O
                         net (fo=514, unplaced)       0.360     1.450    u_stager/rows_begin0
                         FDCE                                         f  u_stager/numeric_error_count_reg[13]/CLR
  -------------------------------------------------------------------    -------------------

                         (clock core_clk rise edge)
                                                      6.666     6.666 r  
                                                      0.000     6.666 r  clk (IN)
                         net (fo=16560, unset)        0.000     6.666    u_stager/clk
                         FDCE                                         r  u_stager/numeric_error_count_reg[13]/C
                         clock pessimism              0.000     6.666    
                         clock uncertainty           -0.035     6.631    
                         FDCE (Recov_FDCE_C_CLR)     -0.066     6.565    u_stager/numeric_error_count_reg[13]
  -------------------------------------------------------------------
                         required time                          6.565    
                         arrival time                          -1.450    
  -------------------------------------------------------------------
                         slack                                  5.115    

Slack (MET) :             5.115ns  (required time - arrival time)
  Source:                 rst_n
                            (input port clocked by core_clk  {rise@0.000ns fall@3.333ns period=6.666ns})
  Destination:            u_stager/numeric_error_count_reg[14]/CLR
                            (recovery check against rising-edge clock core_clk  {rise@0.000ns fall@3.333ns period=6.666ns})
  Path Group:             **async_default**
  Path Type:              Recovery (Max at Slow Process Corner)
  Requirement:            6.666ns  (core_clk rise@6.666ns - core_clk rise@0.000ns)
  Data Path Delay:        0.450ns  (logic 0.090ns (20.000%)  route 0.360ns (80.000%))
  Logic Levels:           1  (LUT3=1)
  Input Delay:            1.000ns
  Clock Uncertainty:      0.035ns  ((TSJ^2 + TIJ^2)^1/2 + DJ) / 2 + PE
    Total System Jitter     (TSJ):    0.071ns
    Total Input Jitter      (TIJ):    0.000ns
    Discrete Jitter          (DJ):    0.000ns
    Phase Error              (PE):    0.000ns

    Location             Delay type                Incr(ns)  Path(ns)    Netlist Resource(s)
  -------------------------------------------------------------------    -------------------
                         (clock core_clk rise edge)
                                                      0.000     0.000 r  
                         input delay                  1.000     1.000    
                                                      0.000     1.000 r  rst_n (IN)
                         net (fo=10, unset)           0.000     1.000    u_stager/rst_n
                         LUT3 (Prop_LUT3_I0_O)        0.090     1.090 f  u_stager/stage_weight_accept[63]_i_3/O
                         net (fo=514, unplaced)       0.360     1.450    u_stager/rows_begin0
                         FDCE                                         f  u_stager/numeric_error_count_reg[14]/CLR
  -------------------------------------------------------------------    -------------------

                         (clock core_clk rise edge)
                                                      6.666     6.666 r  
                                                      0.000     6.666 r  clk (IN)
                         net (fo=16560, unset)        0.000     6.666    u_stager/clk
                         FDCE                                         r  u_stager/numeric_error_count_reg[14]/C
                         clock pessimism              0.000     6.666    
                         clock uncertainty           -0.035     6.631    
                         FDCE (Recov_FDCE_C_CLR)     -0.066     6.565    u_stager/numeric_error_count_reg[14]
  -------------------------------------------------------------------
                         required time                          6.565    
                         arrival time                          -1.450    
  -------------------------------------------------------------------
                         slack                                  5.115    

Slack (MET) :             5.115ns  (required time - arrival time)
  Source:                 rst_n
                            (input port clocked by core_clk  {rise@0.000ns fall@3.333ns period=6.666ns})
  Destination:            u_stager/numeric_error_count_reg[15]/CLR
                            (recovery check against rising-edge clock core_clk  {rise@0.000ns fall@3.333ns period=6.666ns})
  Path Group:             **async_default**
  Path Type:              Recovery (Max at Slow Process Corner)
  Requirement:            6.666ns  (core_clk rise@6.666ns - core_clk rise@0.000ns)
  Data Path Delay:        0.450ns  (logic 0.090ns (20.000%)  route 0.360ns (80.000%))
  Logic Levels:           1  (LUT3=1)
  Input Delay:            1.000ns
  Clock Uncertainty:      0.035ns  ((TSJ^2 + TIJ^2)^1/2 + DJ) / 2 + PE
    Total System Jitter     (TSJ):    0.071ns
    Total Input Jitter      (TIJ):    0.000ns
    Discrete Jitter          (DJ):    0.000ns
    Phase Error              (PE):    0.000ns

    Location             Delay type                Incr(ns)  Path(ns)    Netlist Resource(s)
  -------------------------------------------------------------------    -------------------
                         (clock core_clk rise edge)
                                                      0.000     0.000 r  
                         input delay                  1.000     1.000    
                                                      0.000     1.000 r  rst_n (IN)
                         net (fo=10, unset)           0.000     1.000    u_stager/rst_n
                         LUT3 (Prop_LUT3_I0_O)        0.090     1.090 f  u_stager/stage_weight_accept[63]_i_3/O
                         net (fo=514, unplaced)       0.360     1.450    u_stager/rows_begin0
                         FDCE                                         f  u_stager/numeric_error_count_reg[15]/CLR
  -------------------------------------------------------------------    -------------------

                         (clock core_clk rise edge)
                                                      6.666     6.666 r  
                                                      0.000     6.666 r  clk (IN)
                         net (fo=16560, unset)        0.000     6.666    u_stager/clk
                         FDCE                                         r  u_stager/numeric_error_count_reg[15]/C
                         clock pessimism              0.000     6.666    
                         clock uncertainty           -0.035     6.631    
                         FDCE (Recov_FDCE_C_CLR)     -0.066     6.565    u_stager/numeric_error_count_reg[15]
  -------------------------------------------------------------------
                         required time                          6.565    
                         arrival time                          -1.450    
  -------------------------------------------------------------------
                         slack                                  5.115    

Slack (MET) :             5.115ns  (required time - arrival time)
  Source:                 rst_n
                            (input port clocked by core_clk  {rise@0.000ns fall@3.333ns period=6.666ns})
  Destination:            u_stager/numeric_error_count_reg[16]/CLR
                            (recovery check against rising-edge clock core_clk  {rise@0.000ns fall@3.333ns period=6.666ns})
  Path Group:             **async_default**
  Path Type:              Recovery (Max at Slow Process Corner)
  Requirement:            6.666ns  (core_clk rise@6.666ns - core_clk rise@0.000ns)
  Data Path Delay:        0.450ns  (logic 0.090ns (20.000%)  route 0.360ns (80.000%))
  Logic Levels:           1  (LUT3=1)
  Input Delay:            1.000ns
  Clock Uncertainty:      0.035ns  ((TSJ^2 + TIJ^2)^1/2 + DJ) / 2 + PE
    Total System Jitter     (TSJ):    0.071ns
    Total Input Jitter      (TIJ):    0.000ns
    Discrete Jitter          (DJ):    0.000ns
    Phase Error              (PE):    0.000ns

    Location             Delay type                Incr(ns)  Path(ns)    Netlist Resource(s)
  -------------------------------------------------------------------    -------------------
                         (clock core_clk rise edge)
                                                      0.000     0.000 r  
                         input delay                  1.000     1.000    
                                                      0.000     1.000 r  rst_n (IN)
                         net (fo=10, unset)           0.000     1.000    u_stager/rst_n
                         LUT3 (Prop_LUT3_I0_O)        0.090     1.090 f  u_stager/stage_weight_accept[63]_i_3/O
                         net (fo=514, unplaced)       0.360     1.450    u_stager/rows_begin0
                         FDCE                                         f  u_stager/numeric_error_count_reg[16]/CLR
  -------------------------------------------------------------------    -------------------

                         (clock core_clk rise edge)
                                                      6.666     6.666 r  
                                                      0.000     6.666 r  clk (IN)
                         net (fo=16560, unset)        0.000     6.666    u_stager/clk
                         FDCE                                         r  u_stager/numeric_error_count_reg[16]/C
                         clock pessimism              0.000     6.666    
                         clock uncertainty           -0.035     6.631    
                         FDCE (Recov_FDCE_C_CLR)     -0.066     6.565    u_stager/numeric_error_count_reg[16]
  -------------------------------------------------------------------
                         required time                          6.565    
                         arrival time                          -1.450    
  -------------------------------------------------------------------
                         slack                                  5.115    

Slack (MET) :             5.115ns  (required time - arrival time)
  Source:                 rst_n
                            (input port clocked by core_clk  {rise@0.000ns fall@3.333ns period=6.666ns})
  Destination:            u_stager/numeric_error_count_reg[17]/CLR
                            (recovery check against rising-edge clock core_clk  {rise@0.000ns fall@3.333ns period=6.666ns})
  Path Group:             **async_default**
  Path Type:              Recovery (Max at Slow Process Corner)
  Requirement:            6.666ns  (core_clk rise@6.666ns - core_clk rise@0.000ns)
  Data Path Delay:        0.450ns  (logic 0.090ns (20.000%)  route 0.360ns (80.000%))
  Logic Levels:           1  (LUT3=1)
  Input Delay:            1.000ns
  Clock Uncertainty:      0.035ns  ((TSJ^2 + TIJ^2)^1/2 + DJ) / 2 + PE
    Total System Jitter     (TSJ):    0.071ns
    Total Input Jitter      (TIJ):    0.000ns
    Discrete Jitter          (DJ):    0.000ns
    Phase Error              (PE):    0.000ns

    Location             Delay type                Incr(ns)  Path(ns)    Netlist Resource(s)
  -------------------------------------------------------------------    -------------------
                         (clock core_clk rise edge)
                                                      0.000     0.000 r  
                         input delay                  1.000     1.000    
                                                      0.000     1.000 r  rst_n (IN)
                         net (fo=10, unset)           0.000     1.000    u_stager/rst_n
                         LUT3 (Prop_LUT3_I0_O)        0.090     1.090 f  u_stager/stage_weight_accept[63]_i_3/O
                         net (fo=514, unplaced)       0.360     1.450    u_stager/rows_begin0
                         FDCE                                         f  u_stager/numeric_error_count_reg[17]/CLR
  -------------------------------------------------------------------    -------------------

                         (clock core_clk rise edge)
                                                      6.666     6.666 r  
                                                      0.000     6.666 r  clk (IN)
                         net (fo=16560, unset)        0.000     6.666    u_stager/clk
                         FDCE                                         r  u_stager/numeric_error_count_reg[17]/C
                         clock pessimism              0.000     6.666    
                         clock uncertainty           -0.035     6.631    
                         FDCE (Recov_FDCE_C_CLR)     -0.066     6.565    u_stager/numeric_error_count_reg[17]
  -------------------------------------------------------------------
                         required time                          6.565    
                         arrival time                          -1.450    
  -------------------------------------------------------------------
                         slack                                  5.115    

Slack (MET) :             5.115ns  (required time - arrival time)
  Source:                 rst_n
                            (input port clocked by core_clk  {rise@0.000ns fall@3.333ns period=6.666ns})
  Destination:            u_stager/numeric_error_count_reg[18]/CLR
                            (recovery check against rising-edge clock core_clk  {rise@0.000ns fall@3.333ns period=6.666ns})
  Path Group:             **async_default**
  Path Type:              Recovery (Max at Slow Process Corner)
  Requirement:            6.666ns  (core_clk rise@6.666ns - core_clk rise@0.000ns)
  Data Path Delay:        0.450ns  (logic 0.090ns (20.000%)  route 0.360ns (80.000%))
  Logic Levels:           1  (LUT3=1)
  Input Delay:            1.000ns
  Clock Uncertainty:      0.035ns  ((TSJ^2 + TIJ^2)^1/2 + DJ) / 2 + PE
    Total System Jitter     (TSJ):    0.071ns
    Total Input Jitter      (TIJ):    0.000ns
    Discrete Jitter          (DJ):    0.000ns
    Phase Error              (PE):    0.000ns

    Location             Delay type                Incr(ns)  Path(ns)    Netlist Resource(s)
  -------------------------------------------------------------------    -------------------
                         (clock core_clk rise edge)
                                                      0.000     0.000 r  
                         input delay                  1.000     1.000    
                                                      0.000     1.000 r  rst_n (IN)
                         net (fo=10, unset)           0.000     1.000    u_stager/rst_n
                         LUT3 (Prop_LUT3_I0_O)        0.090     1.090 f  u_stager/stage_weight_accept[63]_i_3/O
                         net (fo=514, unplaced)       0.360     1.450    u_stager/rows_begin0
                         FDCE                                         f  u_stager/numeric_error_count_reg[18]/CLR
  -------------------------------------------------------------------    -------------------

                         (clock core_clk rise edge)
                                                      6.666     6.666 r  
                                                      0.000     6.666 r  clk (IN)
                         net (fo=16560, unset)        0.000     6.666    u_stager/clk
                         FDCE                                         r  u_stager/numeric_error_count_reg[18]/C
                         clock pessimism              0.000     6.666    
                         clock uncertainty           -0.035     6.631    
                         FDCE (Recov_FDCE_C_CLR)     -0.066     6.565    u_stager/numeric_error_count_reg[18]
  -------------------------------------------------------------------
                         required time                          6.565    
                         arrival time                          -1.450    
  -------------------------------------------------------------------
                         slack                                  5.115    

Slack (MET) :             5.115ns  (required time - arrival time)
  Source:                 rst_n
                            (input port clocked by core_clk  {rise@0.000ns fall@3.333ns period=6.666ns})
  Destination:            u_stager/numeric_error_count_reg[19]/CLR
                            (recovery check against rising-edge clock core_clk  {rise@0.000ns fall@3.333ns period=6.666ns})
  Path Group:             **async_default**
  Path Type:              Recovery (Max at Slow Process Corner)
  Requirement:            6.666ns  (core_clk rise@6.666ns - core_clk rise@0.000ns)
  Data Path Delay:        0.450ns  (logic 0.090ns (20.000%)  route 0.360ns (80.000%))
  Logic Levels:           1  (LUT3=1)
  Input Delay:            1.000ns
  Clock Uncertainty:      0.035ns  ((TSJ^2 + TIJ^2)^1/2 + DJ) / 2 + PE
    Total System Jitter     (TSJ):    0.071ns
    Total Input Jitter      (TIJ):    0.000ns
    Discrete Jitter          (DJ):    0.000ns
    Phase Error              (PE):    0.000ns

    Location             Delay type                Incr(ns)  Path(ns)    Netlist Resource(s)
  -------------------------------------------------------------------    -------------------
                         (clock core_clk rise edge)
                                                      0.000     0.000 r  
                         input delay                  1.000     1.000    
                                                      0.000     1.000 r  rst_n (IN)
                         net (fo=10, unset)           0.000     1.000    u_stager/rst_n
                         LUT3 (Prop_LUT3_I0_O)        0.090     1.090 f  u_stager/stage_weight_accept[63]_i_3/O
                         net (fo=514, unplaced)       0.360     1.450    u_stager/rows_begin0
                         FDCE                                         f  u_stager/numeric_error_count_reg[19]/CLR
  -------------------------------------------------------------------    -------------------

                         (clock core_clk rise edge)
                                                      6.666     6.666 r  
                                                      0.000     6.666 r  clk (IN)
                         net (fo=16560, unset)        0.000     6.666    u_stager/clk
                         FDCE                                         r  u_stager/numeric_error_count_reg[19]/C
                         clock pessimism              0.000     6.666    
                         clock uncertainty           -0.035     6.631    
                         FDCE (Recov_FDCE_C_CLR)     -0.066     6.565    u_stager/numeric_error_count_reg[19]
  -------------------------------------------------------------------
                         required time                          6.565    
                         arrival time                          -1.450    
  -------------------------------------------------------------------
                         slack                                  5.115    

Slack (MET) :             5.115ns  (required time - arrival time)
  Source:                 rst_n
                            (input port clocked by core_clk  {rise@0.000ns fall@3.333ns period=6.666ns})
  Destination:            u_stager/numeric_error_count_reg[1]/CLR
                            (recovery check against rising-edge clock core_clk  {rise@0.000ns fall@3.333ns period=6.666ns})
  Path Group:             **async_default**
  Path Type:              Recovery (Max at Slow Process Corner)
  Requirement:            6.666ns  (core_clk rise@6.666ns - core_clk rise@0.000ns)
  Data Path Delay:        0.450ns  (logic 0.090ns (20.000%)  route 0.360ns (80.000%))
  Logic Levels:           1  (LUT3=1)
  Input Delay:            1.000ns
  Clock Uncertainty:      0.035ns  ((TSJ^2 + TIJ^2)^1/2 + DJ) / 2 + PE
    Total System Jitter     (TSJ):    0.071ns
    Total Input Jitter      (TIJ):    0.000ns
    Discrete Jitter          (DJ):    0.000ns
    Phase Error              (PE):    0.000ns

    Location             Delay type                Incr(ns)  Path(ns)    Netlist Resource(s)
  -------------------------------------------------------------------    -------------------
                         (clock core_clk rise edge)
                                                      0.000     0.000 r  
                         input delay                  1.000     1.000    
                                                      0.000     1.000 r  rst_n (IN)
                         net (fo=10, unset)           0.000     1.000    u_stager/rst_n
                         LUT3 (Prop_LUT3_I0_O)        0.090     1.090 f  u_stager/stage_weight_accept[63]_i_3/O
                         net (fo=514, unplaced)       0.360     1.450    u_stager/rows_begin0
                         FDCE                                         f  u_stager/numeric_error_count_reg[1]/CLR
  -------------------------------------------------------------------    -------------------

                         (clock core_clk rise edge)
                                                      6.666     6.666 r  
                                                      0.000     6.666 r  clk (IN)
                         net (fo=16560, unset)        0.000     6.666    u_stager/clk
                         FDCE                                         r  u_stager/numeric_error_count_reg[1]/C
                         clock pessimism              0.000     6.666    
                         clock uncertainty           -0.035     6.631    
                         FDCE (Recov_FDCE_C_CLR)     -0.066     6.565    u_stager/numeric_error_count_reg[1]
  -------------------------------------------------------------------
                         required time                          6.565    
                         arrival time                          -1.450    
  -------------------------------------------------------------------
                         slack                                  5.115    

Slack (MET) :             5.115ns  (required time - arrival time)
  Source:                 rst_n
                            (input port clocked by core_clk  {rise@0.000ns fall@3.333ns period=6.666ns})
  Destination:            u_stager/numeric_error_count_reg[20]/CLR
                            (recovery check against rising-edge clock core_clk  {rise@0.000ns fall@3.333ns period=6.666ns})
  Path Group:             **async_default**
  Path Type:              Recovery (Max at Slow Process Corner)
  Requirement:            6.666ns  (core_clk rise@6.666ns - core_clk rise@0.000ns)
  Data Path Delay:        0.450ns  (logic 0.090ns (20.000%)  route 0.360ns (80.000%))
  Logic Levels:           1  (LUT3=1)
  Input Delay:            1.000ns
  Clock Uncertainty:      0.035ns  ((TSJ^2 + TIJ^2)^1/2 + DJ) / 2 + PE
    Total System Jitter     (TSJ):    0.071ns
    Total Input Jitter      (TIJ):    0.000ns
    Discrete Jitter          (DJ):    0.000ns
    Phase Error              (PE):    0.000ns

    Location             Delay type                Incr(ns)  Path(ns)    Netlist Resource(s)
  -------------------------------------------------------------------    -------------------
                         (clock core_clk rise edge)
                                                      0.000     0.000 r  
                         input delay                  1.000     1.000    
                                                      0.000     1.000 r  rst_n (IN)
                         net (fo=10, unset)           0.000     1.000    u_stager/rst_n
                         LUT3 (Prop_LUT3_I0_O)        0.090     1.090 f  u_stager/stage_weight_accept[63]_i_3/O
                         net (fo=514, unplaced)       0.360     1.450    u_stager/rows_begin0
                         FDCE                                         f  u_stager/numeric_error_count_reg[20]/CLR
  -------------------------------------------------------------------    -------------------

                         (clock core_clk rise edge)
                                                      6.666     6.666 r  
                                                      0.000     6.666 r  clk (IN)
                         net (fo=16560, unset)        0.000     6.666    u_stager/clk
                         FDCE                                         r  u_stager/numeric_error_count_reg[20]/C
                         clock pessimism              0.000     6.666    
                         clock uncertainty           -0.035     6.631    
                         FDCE (Recov_FDCE_C_CLR)     -0.066     6.565    u_stager/numeric_error_count_reg[20]
  -------------------------------------------------------------------
                         required time                          6.565    
                         arrival time                          -1.450    
  -------------------------------------------------------------------
                         slack                                  5.115    

Slack (MET) :             5.115ns  (required time - arrival time)
  Source:                 rst_n
                            (input port clocked by core_clk  {rise@0.000ns fall@3.333ns period=6.666ns})
  Destination:            u_stager/numeric_error_count_reg[21]/CLR
                            (recovery check against rising-edge clock core_clk  {rise@0.000ns fall@3.333ns period=6.666ns})
  Path Group:             **async_default**
  Path Type:              Recovery (Max at Slow Process Corner)
  Requirement:            6.666ns  (core_clk rise@6.666ns - core_clk rise@0.000ns)
  Data Path Delay:        0.450ns  (logic 0.090ns (20.000%)  route 0.360ns (80.000%))
  Logic Levels:           1  (LUT3=1)
  Input Delay:            1.000ns
  Clock Uncertainty:      0.035ns  ((TSJ^2 + TIJ^2)^1/2 + DJ) / 2 + PE
    Total System Jitter     (TSJ):    0.071ns
    Total Input Jitter      (TIJ):    0.000ns
    Discrete Jitter          (DJ):    0.000ns
    Phase Error              (PE):    0.000ns

    Location             Delay type                Incr(ns)  Path(ns)    Netlist Resource(s)
  -------------------------------------------------------------------    -------------------
                         (clock core_clk rise edge)
                                                      0.000     0.000 r  
                         input delay                  1.000     1.000    
                                                      0.000     1.000 r  rst_n (IN)
                         net (fo=10, unset)           0.000     1.000    u_stager/rst_n
                         LUT3 (Prop_LUT3_I0_O)        0.090     1.090 f  u_stager/stage_weight_accept[63]_i_3/O
                         net (fo=514, unplaced)       0.360     1.450    u_stager/rows_begin0
                         FDCE                                         f  u_stager/numeric_error_count_reg[21]/CLR
  -------------------------------------------------------------------    -------------------

                         (clock core_clk rise edge)
                                                      6.666     6.666 r  
                                                      0.000     6.666 r  clk (IN)
                         net (fo=16560, unset)        0.000     6.666    u_stager/clk
                         FDCE                                         r  u_stager/numeric_error_count_reg[21]/C
                         clock pessimism              0.000     6.666    
                         clock uncertainty           -0.035     6.631    
                         FDCE (Recov_FDCE_C_CLR)     -0.066     6.565    u_stager/numeric_error_count_reg[21]
  -------------------------------------------------------------------
                         required time                          6.565    
                         arrival time                          -1.450    
  -------------------------------------------------------------------
                         slack                                  5.115    

Slack (MET) :             5.115ns  (required time - arrival time)
  Source:                 rst_n
                            (input port clocked by core_clk  {rise@0.000ns fall@3.333ns period=6.666ns})
  Destination:            u_stager/numeric_error_count_reg[22]/CLR
                            (recovery check against rising-edge clock core_clk  {rise@0.000ns fall@3.333ns period=6.666ns})
  Path Group:             **async_default**
  Path Type:              Recovery (Max at Slow Process Corner)
  Requirement:            6.666ns  (core_clk rise@6.666ns - core_clk rise@0.000ns)
  Data Path Delay:        0.450ns  (logic 0.090ns (20.000%)  route 0.360ns (80.000%))
  Logic Levels:           1  (LUT3=1)
  Input Delay:            1.000ns
  Clock Uncertainty:      0.035ns  ((TSJ^2 + TIJ^2)^1/2 + DJ) / 2 + PE
    Total System Jitter     (TSJ):    0.071ns
    Total Input Jitter      (TIJ):    0.000ns
    Discrete Jitter          (DJ):    0.000ns
    Phase Error              (PE):    0.000ns

    Location             Delay type                Incr(ns)  Path(ns)    Netlist Resource(s)
  -------------------------------------------------------------------    -------------------
                         (clock core_clk rise edge)
                                                      0.000     0.000 r  
                         input delay                  1.000     1.000    
                                                      0.000     1.000 r  rst_n (IN)
                         net (fo=10, unset)           0.000     1.000    u_stager/rst_n
                         LUT3 (Prop_LUT3_I0_O)        0.090     1.090 f  u_stager/stage_weight_accept[63]_i_3/O
                         net (fo=514, unplaced)       0.360     1.450    u_stager/rows_begin0
                         FDCE                                         f  u_stager/numeric_error_count_reg[22]/CLR
  -------------------------------------------------------------------    -------------------

                         (clock core_clk rise edge)
                                                      6.666     6.666 r  
                                                      0.000     6.666 r  clk (IN)
                         net (fo=16560, unset)        0.000     6.666    u_stager/clk
                         FDCE                                         r  u_stager/numeric_error_count_reg[22]/C
                         clock pessimism              0.000     6.666    
                         clock uncertainty           -0.035     6.631    
                         FDCE (Recov_FDCE_C_CLR)     -0.066     6.565    u_stager/numeric_error_count_reg[22]
  -------------------------------------------------------------------
                         required time                          6.565    
                         arrival time                          -1.450    
  -------------------------------------------------------------------
                         slack                                  5.115    

Slack (MET) :             5.115ns  (required time - arrival time)
  Source:                 rst_n
                            (input port clocked by core_clk  {rise@0.000ns fall@3.333ns period=6.666ns})
  Destination:            u_stager/numeric_error_count_reg[23]/CLR
                            (recovery check against rising-edge clock core_clk  {rise@0.000ns fall@3.333ns period=6.666ns})
  Path Group:             **async_default**
  Path Type:              Recovery (Max at Slow Process Corner)
  Requirement:            6.666ns  (core_clk rise@6.666ns - core_clk rise@0.000ns)
  Data Path Delay:        0.450ns  (logic 0.090ns (20.000%)  route 0.360ns (80.000%))
  Logic Levels:           1  (LUT3=1)
  Input Delay:            1.000ns
  Clock Uncertainty:      0.035ns  ((TSJ^2 + TIJ^2)^1/2 + DJ) / 2 + PE
    Total System Jitter     (TSJ):    0.071ns
    Total Input Jitter      (TIJ):    0.000ns
    Discrete Jitter          (DJ):    0.000ns
    Phase Error              (PE):    0.000ns

    Location             Delay type                Incr(ns)  Path(ns)    Netlist Resource(s)
  -------------------------------------------------------------------    -------------------
                         (clock core_clk rise edge)
                                                      0.000     0.000 r  
                         input delay                  1.000     1.000    
                                                      0.000     1.000 r  rst_n (IN)
                         net (fo=10, unset)           0.000     1.000    u_stager/rst_n
                         LUT3 (Prop_LUT3_I0_O)        0.090     1.090 f  u_stager/stage_weight_accept[63]_i_3/O
                         net (fo=514, unplaced)       0.360     1.450    u_stager/rows_begin0
                         FDCE                                         f  u_stager/numeric_error_count_reg[23]/CLR
  -------------------------------------------------------------------    -------------------

                         (clock core_clk rise edge)
                                                      6.666     6.666 r  
                                                      0.000     6.666 r  clk (IN)
                         net (fo=16560, unset)        0.000     6.666    u_stager/clk
                         FDCE                                         r  u_stager/numeric_error_count_reg[23]/C
                         clock pessimism              0.000     6.666    
                         clock uncertainty           -0.035     6.631    
                         FDCE (Recov_FDCE_C_CLR)     -0.066     6.565    u_stager/numeric_error_count_reg[23]
  -------------------------------------------------------------------
                         required time                          6.565    
                         arrival time                          -1.450    
  -------------------------------------------------------------------
                         slack                                  5.115    

Slack (MET) :             5.115ns  (required time - arrival time)
  Source:                 rst_n
                            (input port clocked by core_clk  {rise@0.000ns fall@3.333ns period=6.666ns})
  Destination:            u_stager/numeric_error_count_reg[24]/CLR
                            (recovery check against rising-edge clock core_clk  {rise@0.000ns fall@3.333ns period=6.666ns})
  Path Group:             **async_default**
  Path Type:              Recovery (Max at Slow Process Corner)
  Requirement:            6.666ns  (core_clk rise@6.666ns - core_clk rise@0.000ns)
  Data Path Delay:        0.450ns  (logic 0.090ns (20.000%)  route 0.360ns (80.000%))
  Logic Levels:           1  (LUT3=1)
  Input Delay:            1.000ns
  Clock Uncertainty:      0.035ns  ((TSJ^2 + TIJ^2)^1/2 + DJ) / 2 + PE
    Total System Jitter     (TSJ):    0.071ns
    Total Input Jitter      (TIJ):    0.000ns
    Discrete Jitter          (DJ):    0.000ns
    Phase Error              (PE):    0.000ns

    Location             Delay type                Incr(ns)  Path(ns)    Netlist Resource(s)
  -------------------------------------------------------------------    -------------------
                         (clock core_clk rise edge)
                                                      0.000     0.000 r  
                         input delay                  1.000     1.000    
                                                      0.000     1.000 r  rst_n (IN)
                         net (fo=10, unset)           0.000     1.000    u_stager/rst_n
                         LUT3 (Prop_LUT3_I0_O)        0.090     1.090 f  u_stager/stage_weight_accept[63]_i_3/O
                         net (fo=514, unplaced)       0.360     1.450    u_stager/rows_begin0
                         FDCE                                         f  u_stager/numeric_error_count_reg[24]/CLR
  -------------------------------------------------------------------    -------------------

                         (clock core_clk rise edge)
                                                      6.666     6.666 r  
                                                      0.000     6.666 r  clk (IN)
                         net (fo=16560, unset)        0.000     6.666    u_stager/clk
                         FDCE                                         r  u_stager/numeric_error_count_reg[24]/C
                         clock pessimism              0.000     6.666    
                         clock uncertainty           -0.035     6.631    
                         FDCE (Recov_FDCE_C_CLR)     -0.066     6.565    u_stager/numeric_error_count_reg[24]
  -------------------------------------------------------------------
                         required time                          6.565    
                         arrival time                          -1.450    
  -------------------------------------------------------------------
                         slack                                  5.115    

Slack (MET) :             5.115ns  (required time - arrival time)
  Source:                 rst_n
                            (input port clocked by core_clk  {rise@0.000ns fall@3.333ns period=6.666ns})
  Destination:            u_stager/numeric_error_count_reg[25]/CLR
                            (recovery check against rising-edge clock core_clk  {rise@0.000ns fall@3.333ns period=6.666ns})
  Path Group:             **async_default**
  Path Type:              Recovery (Max at Slow Process Corner)
  Requirement:            6.666ns  (core_clk rise@6.666ns - core_clk rise@0.000ns)
  Data Path Delay:        0.450ns  (logic 0.090ns (20.000%)  route 0.360ns (80.000%))
  Logic Levels:           1  (LUT3=1)
  Input Delay:            1.000ns
  Clock Uncertainty:      0.035ns  ((TSJ^2 + TIJ^2)^1/2 + DJ) / 2 + PE
    Total System Jitter     (TSJ):    0.071ns
    Total Input Jitter      (TIJ):    0.000ns
    Discrete Jitter          (DJ):    0.000ns
    Phase Error              (PE):    0.000ns

    Location             Delay type                Incr(ns)  Path(ns)    Netlist Resource(s)
  -------------------------------------------------------------------    -------------------
                         (clock core_clk rise edge)
                                                      0.000     0.000 r  
                         input delay                  1.000     1.000    
                                                      0.000     1.000 r  rst_n (IN)
                         net (fo=10, unset)           0.000     1.000    u_stager/rst_n
                         LUT3 (Prop_LUT3_I0_O)        0.090     1.090 f  u_stager/stage_weight_accept[63]_i_3/O
                         net (fo=514, unplaced)       0.360     1.450    u_stager/rows_begin0
                         FDCE                                         f  u_stager/numeric_error_count_reg[25]/CLR
  -------------------------------------------------------------------    -------------------

                         (clock core_clk rise edge)
                                                      6.666     6.666 r  
                                                      0.000     6.666 r  clk (IN)
                         net (fo=16560, unset)        0.000     6.666    u_stager/clk
                         FDCE                                         r  u_stager/numeric_error_count_reg[25]/C
                         clock pessimism              0.000     6.666    
                         clock uncertainty           -0.035     6.631    
                         FDCE (Recov_FDCE_C_CLR)     -0.066     6.565    u_stager/numeric_error_count_reg[25]
  -------------------------------------------------------------------
                         required time                          6.565    
                         arrival time                          -1.450    
  -------------------------------------------------------------------
                         slack                                  5.115    

Slack (MET) :             5.115ns  (required time - arrival time)
  Source:                 rst_n
                            (input port clocked by core_clk  {rise@0.000ns fall@3.333ns period=6.666ns})
  Destination:            u_stager/numeric_error_count_reg[26]/CLR
                            (recovery check against rising-edge clock core_clk  {rise@0.000ns fall@3.333ns period=6.666ns})
  Path Group:             **async_default**
  Path Type:              Recovery (Max at Slow Process Corner)
  Requirement:            6.666ns  (core_clk rise@6.666ns - core_clk rise@0.000ns)
  Data Path Delay:        0.450ns  (logic 0.090ns (20.000%)  route 0.360ns (80.000%))
  Logic Levels:           1  (LUT3=1)
  Input Delay:            1.000ns
  Clock Uncertainty:      0.035ns  ((TSJ^2 + TIJ^2)^1/2 + DJ) / 2 + PE
    Total System Jitter     (TSJ):    0.071ns
    Total Input Jitter      (TIJ):    0.000ns
    Discrete Jitter          (DJ):    0.000ns
    Phase Error              (PE):    0.000ns

    Location             Delay type                Incr(ns)  Path(ns)    Netlist Resource(s)
  -------------------------------------------------------------------    -------------------
                         (clock core_clk rise edge)
                                                      0.000     0.000 r  
                         input delay                  1.000     1.000    
                                                      0.000     1.000 r  rst_n (IN)
                         net (fo=10, unset)           0.000     1.000    u_stager/rst_n
                         LUT3 (Prop_LUT3_I0_O)        0.090     1.090 f  u_stager/stage_weight_accept[63]_i_3/O
                         net (fo=514, unplaced)       0.360     1.450    u_stager/rows_begin0
                         FDCE                                         f  u_stager/numeric_error_count_reg[26]/CLR
  -------------------------------------------------------------------    -------------------

                         (clock core_clk rise edge)
                                                      6.666     6.666 r  
                                                      0.000     6.666 r  clk (IN)
                         net (fo=16560, unset)        0.000     6.666    u_stager/clk
                         FDCE                                         r  u_stager/numeric_error_count_reg[26]/C
                         clock pessimism              0.000     6.666    
                         clock uncertainty           -0.035     6.631    
                         FDCE (Recov_FDCE_C_CLR)     -0.066     6.565    u_stager/numeric_error_count_reg[26]
  -------------------------------------------------------------------
                         required time                          6.565    
                         arrival time                          -1.450    
  -------------------------------------------------------------------
                         slack                                  5.115    





