Copyright 1986-2022 Xilinx, Inc. All Rights Reserved. Copyright 2022-2025 Advanced Micro Devices, Inc. All Rights Reserved.
-------------------------------------------------------------------------------------------------------------------------------------------------------------
| Tool Version      : Vivado v.2025.2 (win64) Build 6299465 Fri Nov 14 19:35:11 GMT 2025
| Date              : Sat Sep 12 20:41:15 2026
| Host              : zhangxuanhao running 64-bit major release  (build 9200)
| Command           : report_timing -delay_type max -max_paths 20 -file C:/Users/zhangxuanhao/AppData/Local/Temp/b4v_c972c731/ooc_results/critical_paths.rpt
| Design            : cats_r4_b4_softmax_pv_cluster
| Device            : xczu15eg-ffvb1156
| Speed File        : -2  PRODUCTION 1.30 05-15-2022
| Design State      : Synthesized
| Temperature Grade : I
-------------------------------------------------------------------------------------------------------------------------------------------------------------

Timing Report

Slack (VIOLATED) :        -0.819ns  (required time - arrival time)
  Source:                 u_softmax/clear_local_reg/C
                            (rising edge-triggered cell FDCE clocked by core_clk  {rise@0.000ns fall@3.333ns period=6.666ns})
  Destination:            u_softmax/u_accuracy/u_sum/out_sum_reg_reg[10]/D
                            (rising edge-triggered cell FDCE clocked by core_clk  {rise@0.000ns fall@3.333ns period=6.666ns})
  Path Group:             core_clk
  Path Type:              Setup (Max at Slow Process Corner)
  Requirement:            6.666ns  (core_clk rise@6.666ns - core_clk rise@0.000ns)
  Data Path Delay:        7.475ns  (logic 1.481ns (19.813%)  route 5.994ns (80.187%))
  Logic Levels:           28  (CARRY8=5 LUT2=2 LUT3=4 LUT4=2 LUT5=4 LUT6=11)
  Clock Uncertainty:      0.035ns  ((TSJ^2 + TIJ^2)^1/2 + DJ) / 2 + PE
    Total System Jitter     (TSJ):    0.071ns
    Total Input Jitter      (TIJ):    0.000ns
    Discrete Jitter          (DJ):    0.000ns
    Phase Error              (PE):    0.000ns

    Location             Delay type                Incr(ns)  Path(ns)    Netlist Resource(s)
  -------------------------------------------------------------------    -------------------
                         (clock core_clk rise edge)
                                                      0.000     0.000 r  
                                                      0.000     0.000 r  clk (IN)
                         net (fo=59650, unset)        0.000     0.000    u_softmax/clk
                         FDCE                                         r  u_softmax/clear_local_reg/C
  -------------------------------------------------------------------    -------------------
                         FDCE (Prop_FDCE_C_Q)         0.077     0.077 f  u_softmax/clear_local_reg/Q
                         net (fo=524, unplaced)       0.309     0.386    u_softmax/u_accuracy/u_reciprocal/clear
                         LUT4 (Prop_LUT4_I3_O)        0.038     0.424 r  u_softmax/u_accuracy/u_reciprocal/in_ready_INST_0/O
                         net (fo=6, unplaced)         0.254     0.678    u_softmax/u_accuracy/reciprocal_in_ready
                         LUT3 (Prop_LUT3_I2_O)        0.038     0.716 r  u_softmax/u_accuracy/slot_sum[2][30]_i_3/O
                         net (fo=5, unplaced)         0.250     0.966    u_softmax/u_accuracy/p_23_in
                         LUT5 (Prop_LUT5_I4_O)        0.038     1.004 r  u_softmax/u_accuracy/u_sum_i_34/O
                         net (fo=31, unplaced)        0.291     1.295    u_softmax/u_accuracy/add_bypass_same_slot
                         LUT3 (Prop_LUT3_I1_O)        0.038     1.333 r  u_softmax/u_accuracy/u_sum_i_8/O
                         net (fo=41, unplaced)        0.297     1.630    u_softmax/u_accuracy/u_sum/in_a_fp32[24]
                         LUT4 (Prop_LUT4_I3_O)        0.038     1.668 r  u_softmax/u_accuracy/u_sum/out_sum_reg[25]_i_11/O
                         net (fo=2, unplaced)         0.232     1.900    u_softmax/u_accuracy/u_sum/out_sum_reg[25]_i_11_n_0
                         LUT5 (Prop_LUT5_I1_O)        0.038     1.938 r  u_softmax/u_accuracy/u_sum/out_sum_reg[25]_i_6/O
                         net (fo=6, unplaced)         0.254     2.192    u_softmax/u_accuracy/u_sum/out_sum_reg[25]_i_6_n_0
                         LUT2 (Prop_LUT2_I0_O)        0.038     2.230 f  u_softmax/u_accuracy/u_sum/out_sum_reg[30]_i_74/O
                         net (fo=109, unplaced)       0.320     2.550    u_softmax/u_accuracy/u_sum/out_sum_reg[30]_i_74_n_0
                         LUT3 (Prop_LUT3_I2_O)        0.038     2.588 r  u_softmax/u_accuracy/u_sum/out_sum_reg[30]_i_57/O
                         net (fo=1, unplaced)         0.020     2.608    u_softmax/u_accuracy/u_sum/out_sum_reg[30]_i_57_n_0
                         CARRY8 (Prop_CARRY8_S[0]_CO[3])
                                                      0.186     2.794 r  u_softmax/u_accuracy/u_sum/out_sum_reg_reg[30]_i_23/CO[3]
                         net (fo=118, unplaced)       0.227     3.021    u_softmax/u_accuracy/u_sum/larger_significand1
                         LUT5 (Prop_LUT5_I4_O)        0.038     3.059 f  u_softmax/u_accuracy/u_sum/out_sum_reg[30]_i_115/O
                         net (fo=3, unplaced)         0.238     3.297    u_softmax/u_accuracy/u_sum/out_sum_reg[30]_i_115_n_0
                         LUT6 (Prop_LUT6_I2_O)        0.038     3.335 r  u_softmax/u_accuracy/u_sum/out_sum_reg[30]_i_117/O
                         net (fo=2, unplaced)         0.232     3.567    u_softmax/u_accuracy/u_sum/out_sum_reg[30]_i_117_n_0
                         LUT6 (Prop_LUT6_I1_O)        0.038     3.605 f  u_softmax/u_accuracy/u_sum/out_sum_reg[30]_i_72/O
                         net (fo=40, unplaced)        0.297     3.902    u_softmax/u_accuracy/u_sum/out_sum_reg[30]_i_72_n_0
                         LUT6 (Prop_LUT6_I2_O)        0.038     3.940 f  u_softmax/u_accuracy/u_sum/out_sum_reg[25]_i_40/O
                         net (fo=4, unplaced)         0.245     4.185    u_softmax/u_accuracy/u_sum/out_sum_reg[25]_i_40_n_0
                         LUT6 (Prop_LUT6_I0_O)        0.038     4.223 f  u_softmax/u_accuracy/u_sum/out_sum_reg[14]_i_22/O
                         net (fo=3, unplaced)         0.238     4.461    u_softmax/u_accuracy/u_sum/out_sum_reg[14]_i_22_n_0
                         LUT3 (Prop_LUT3_I0_O)        0.038     4.499 f  u_softmax/u_accuracy/u_sum/out_sum_reg[14]_i_31/O
                         net (fo=2, unplaced)         0.232     4.731    u_softmax/u_accuracy/u_sum/out_sum_reg[14]_i_31_n_0
                         LUT2 (Prop_LUT2_I1_O)        0.038     4.769 r  u_softmax/u_accuracy/u_sum/out_sum_reg[25]_i_38/O
                         net (fo=2, unplaced)         0.232     5.001    u_softmax/u_accuracy/u_sum/out_sum_reg[25]_i_38_n_0
                         LUT6 (Prop_LUT6_I5_O)        0.037     5.038 r  u_softmax/u_accuracy/u_sum/out_sum_reg[6]_i_17/O
                         net (fo=1, unplaced)         0.023     5.061    u_softmax/u_accuracy/u_sum/out_sum_reg[6]_i_17_n_0
                         CARRY8 (Prop_CARRY8_S[1]_CO[7])
                                                      0.197     5.258 r  u_softmax/u_accuracy/u_sum/out_sum_reg_reg[6]_i_3/CO[7]
                         net (fo=1, unplaced)         0.005     5.263    u_softmax/u_accuracy/u_sum/out_sum_reg_reg[6]_i_3_n_0
                         CARRY8 (Prop_CARRY8_CI_CO[7])
                                                      0.022     5.285 r  u_softmax/u_accuracy/u_sum/out_sum_reg_reg[14]_i_3/CO[7]
                         net (fo=1, unplaced)         0.005     5.290    u_softmax/u_accuracy/u_sum/out_sum_reg_reg[14]_i_3_n_0
                         CARRY8 (Prop_CARRY8_CI_CO[7])
                                                      0.022     5.312 r  u_softmax/u_accuracy/u_sum/out_sum_reg_reg[25]_i_8/CO[7]
                         net (fo=1, unplaced)         0.005     5.317    u_softmax/u_accuracy/u_sum/out_sum_reg_reg[25]_i_8_n_0
                         CARRY8 (Prop_CARRY8_CI_CO[0])
                                                      0.052     5.369 r  u_softmax/u_accuracy/u_sum/out_sum_reg_reg[25]_i_4/CO[0]
                         net (fo=63, unplaced)        0.307     5.676    u_softmax/u_accuracy/u_sum/p_0_in
                         LUT5 (Prop_LUT5_I4_O)        0.038     5.714 r  u_softmax/u_accuracy/u_sum/out_sum_reg[27]_i_5/O
                         net (fo=2, unplaced)         0.232     5.946    u_softmax/u_accuracy/u_sum/out_sum_reg[27]_i_5_n_0
                         LUT6 (Prop_LUT6_I2_O)        0.038     5.984 r  u_softmax/u_accuracy/u_sum/out_sum_reg[27]_i_2/O
                         net (fo=4, unplaced)         0.245     6.229    u_softmax/u_accuracy/u_sum/out_sum_reg[27]_i_2_n_0
                         LUT6 (Prop_LUT6_I2_O)        0.038     6.267 r  u_softmax/u_accuracy/u_sum/out_sum_reg[30]_i_22/O
                         net (fo=3, unplaced)         0.238     6.505    u_softmax/u_accuracy/u_sum/out_sum_reg[30]_i_22_n_0
                         LUT6 (Prop_LUT6_I2_O)        0.038     6.543 r  u_softmax/u_accuracy/u_sum/out_sum_reg[30]_i_5/O
                         net (fo=3, unplaced)         0.192     6.735    u_softmax/u_accuracy/u_sum/out_sum_reg[30]_i_5_n_0
                         LUT6 (Prop_LUT6_I2_O)        0.090     6.825 r  u_softmax/u_accuracy/u_sum/out_sum_reg[30]_i_29/O
                         net (fo=3, unplaced)         0.238     7.063    u_softmax/u_accuracy/u_sum/out_sum_reg[30]_i_29_n_0
                         LUT6 (Prop_LUT6_I5_O)        0.038     7.101 f  u_softmax/u_accuracy/u_sum/out_sum_reg[30]_i_8/O
                         net (fo=27, unplaced)        0.288     7.389    u_softmax/u_accuracy/u_sum/out_sum_reg[30]_i_8_n_0
                         LUT6 (Prop_LUT6_I5_O)        0.038     7.427 r  u_softmax/u_accuracy/u_sum/out_sum_reg[10]_i_1/O
                         net (fo=1, unplaced)         0.048     7.475    u_softmax/u_accuracy/u_sum/out_sum_reg__0[10]
                         FDCE                                         r  u_softmax/u_accuracy/u_sum/out_sum_reg_reg[10]/D
  -------------------------------------------------------------------    -------------------

                         (clock core_clk rise edge)
                                                      6.666     6.666 r  
                                                      0.000     6.666 r  clk (IN)
                         net (fo=59650, unset)        0.000     6.666    u_softmax/u_accuracy/u_sum/clk
                         FDCE                                         r  u_softmax/u_accuracy/u_sum/out_sum_reg_reg[10]/C
                         clock pessimism              0.000     6.666    
                         clock uncertainty           -0.035     6.631    
                         FDCE (Setup_FDCE_C_D)        0.025     6.656    u_softmax/u_accuracy/u_sum/out_sum_reg_reg[10]
  -------------------------------------------------------------------
                         required time                          6.656    
                         arrival time                          -7.475    
  -------------------------------------------------------------------
                         slack                                 -0.819    

Slack (VIOLATED) :        -0.819ns  (required time - arrival time)
  Source:                 u_softmax/clear_local_reg/C
                            (rising edge-triggered cell FDCE clocked by core_clk  {rise@0.000ns fall@3.333ns period=6.666ns})
  Destination:            u_softmax/u_accuracy/u_sum/out_sum_reg_reg[11]/D
                            (rising edge-triggered cell FDCE clocked by core_clk  {rise@0.000ns fall@3.333ns period=6.666ns})
  Path Group:             core_clk
  Path Type:              Setup (Max at Slow Process Corner)
  Requirement:            6.666ns  (core_clk rise@6.666ns - core_clk rise@0.000ns)
  Data Path Delay:        7.475ns  (logic 1.481ns (19.813%)  route 5.994ns (80.187%))
  Logic Levels:           28  (CARRY8=5 LUT2=2 LUT3=4 LUT4=2 LUT5=4 LUT6=11)
  Clock Uncertainty:      0.035ns  ((TSJ^2 + TIJ^2)^1/2 + DJ) / 2 + PE
    Total System Jitter     (TSJ):    0.071ns
    Total Input Jitter      (TIJ):    0.000ns
    Discrete Jitter          (DJ):    0.000ns
    Phase Error              (PE):    0.000ns

    Location             Delay type                Incr(ns)  Path(ns)    Netlist Resource(s)
  -------------------------------------------------------------------    -------------------
                         (clock core_clk rise edge)
                                                      0.000     0.000 r  
                                                      0.000     0.000 r  clk (IN)
                         net (fo=59650, unset)        0.000     0.000    u_softmax/clk
                         FDCE                                         r  u_softmax/clear_local_reg/C
  -------------------------------------------------------------------    -------------------
                         FDCE (Prop_FDCE_C_Q)         0.077     0.077 f  u_softmax/clear_local_reg/Q
                         net (fo=524, unplaced)       0.309     0.386    u_softmax/u_accuracy/u_reciprocal/clear
                         LUT4 (Prop_LUT4_I3_O)        0.038     0.424 r  u_softmax/u_accuracy/u_reciprocal/in_ready_INST_0/O
                         net (fo=6, unplaced)         0.254     0.678    u_softmax/u_accuracy/reciprocal_in_ready
                         LUT3 (Prop_LUT3_I2_O)        0.038     0.716 r  u_softmax/u_accuracy/slot_sum[2][30]_i_3/O
                         net (fo=5, unplaced)         0.250     0.966    u_softmax/u_accuracy/p_23_in
                         LUT5 (Prop_LUT5_I4_O)        0.038     1.004 r  u_softmax/u_accuracy/u_sum_i_34/O
                         net (fo=31, unplaced)        0.291     1.295    u_softmax/u_accuracy/add_bypass_same_slot
                         LUT3 (Prop_LUT3_I1_O)        0.038     1.333 r  u_softmax/u_accuracy/u_sum_i_8/O
                         net (fo=41, unplaced)        0.297     1.630    u_softmax/u_accuracy/u_sum/in_a_fp32[24]
                         LUT4 (Prop_LUT4_I3_O)        0.038     1.668 r  u_softmax/u_accuracy/u_sum/out_sum_reg[25]_i_11/O
                         net (fo=2, unplaced)         0.232     1.900    u_softmax/u_accuracy/u_sum/out_sum_reg[25]_i_11_n_0
                         LUT5 (Prop_LUT5_I1_O)        0.038     1.938 r  u_softmax/u_accuracy/u_sum/out_sum_reg[25]_i_6/O
                         net (fo=6, unplaced)         0.254     2.192    u_softmax/u_accuracy/u_sum/out_sum_reg[25]_i_6_n_0
                         LUT2 (Prop_LUT2_I0_O)        0.038     2.230 f  u_softmax/u_accuracy/u_sum/out_sum_reg[30]_i_74/O
                         net (fo=109, unplaced)       0.320     2.550    u_softmax/u_accuracy/u_sum/out_sum_reg[30]_i_74_n_0
                         LUT3 (Prop_LUT3_I2_O)        0.038     2.588 r  u_softmax/u_accuracy/u_sum/out_sum_reg[30]_i_57/O
                         net (fo=1, unplaced)         0.020     2.608    u_softmax/u_accuracy/u_sum/out_sum_reg[30]_i_57_n_0
                         CARRY8 (Prop_CARRY8_S[0]_CO[3])
                                                      0.186     2.794 r  u_softmax/u_accuracy/u_sum/out_sum_reg_reg[30]_i_23/CO[3]
                         net (fo=118, unplaced)       0.227     3.021    u_softmax/u_accuracy/u_sum/larger_significand1
                         LUT5 (Prop_LUT5_I4_O)        0.038     3.059 f  u_softmax/u_accuracy/u_sum/out_sum_reg[30]_i_115/O
                         net (fo=3, unplaced)         0.238     3.297    u_softmax/u_accuracy/u_sum/out_sum_reg[30]_i_115_n_0
                         LUT6 (Prop_LUT6_I2_O)        0.038     3.335 r  u_softmax/u_accuracy/u_sum/out_sum_reg[30]_i_117/O
                         net (fo=2, unplaced)         0.232     3.567    u_softmax/u_accuracy/u_sum/out_sum_reg[30]_i_117_n_0
                         LUT6 (Prop_LUT6_I1_O)        0.038     3.605 f  u_softmax/u_accuracy/u_sum/out_sum_reg[30]_i_72/O
                         net (fo=40, unplaced)        0.297     3.902    u_softmax/u_accuracy/u_sum/out_sum_reg[30]_i_72_n_0
                         LUT6 (Prop_LUT6_I2_O)        0.038     3.940 f  u_softmax/u_accuracy/u_sum/out_sum_reg[25]_i_40/O
                         net (fo=4, unplaced)         0.245     4.185    u_softmax/u_accuracy/u_sum/out_sum_reg[25]_i_40_n_0
                         LUT6 (Prop_LUT6_I0_O)        0.038     4.223 f  u_softmax/u_accuracy/u_sum/out_sum_reg[14]_i_22/O
                         net (fo=3, unplaced)         0.238     4.461    u_softmax/u_accuracy/u_sum/out_sum_reg[14]_i_22_n_0
                         LUT3 (Prop_LUT3_I0_O)        0.038     4.499 f  u_softmax/u_accuracy/u_sum/out_sum_reg[14]_i_31/O
                         net (fo=2, unplaced)         0.232     4.731    u_softmax/u_accuracy/u_sum/out_sum_reg[14]_i_31_n_0
                         LUT2 (Prop_LUT2_I1_O)        0.038     4.769 r  u_softmax/u_accuracy/u_sum/out_sum_reg[25]_i_38/O
                         net (fo=2, unplaced)         0.232     5.001    u_softmax/u_accuracy/u_sum/out_sum_reg[25]_i_38_n_0
                         LUT6 (Prop_LUT6_I5_O)        0.037     5.038 r  u_softmax/u_accuracy/u_sum/out_sum_reg[6]_i_17/O
                         net (fo=1, unplaced)         0.023     5.061    u_softmax/u_accuracy/u_sum/out_sum_reg[6]_i_17_n_0
                         CARRY8 (Prop_CARRY8_S[1]_CO[7])
                                                      0.197     5.258 r  u_softmax/u_accuracy/u_sum/out_sum_reg_reg[6]_i_3/CO[7]
                         net (fo=1, unplaced)         0.005     5.263    u_softmax/u_accuracy/u_sum/out_sum_reg_reg[6]_i_3_n_0
                         CARRY8 (Prop_CARRY8_CI_CO[7])
                                                      0.022     5.285 r  u_softmax/u_accuracy/u_sum/out_sum_reg_reg[14]_i_3/CO[7]
                         net (fo=1, unplaced)         0.005     5.290    u_softmax/u_accuracy/u_sum/out_sum_reg_reg[14]_i_3_n_0
                         CARRY8 (Prop_CARRY8_CI_CO[7])
                                                      0.022     5.312 r  u_softmax/u_accuracy/u_sum/out_sum_reg_reg[25]_i_8/CO[7]
                         net (fo=1, unplaced)         0.005     5.317    u_softmax/u_accuracy/u_sum/out_sum_reg_reg[25]_i_8_n_0
                         CARRY8 (Prop_CARRY8_CI_CO[0])
                                                      0.052     5.369 r  u_softmax/u_accuracy/u_sum/out_sum_reg_reg[25]_i_4/CO[0]
                         net (fo=63, unplaced)        0.307     5.676    u_softmax/u_accuracy/u_sum/p_0_in
                         LUT5 (Prop_LUT5_I4_O)        0.038     5.714 r  u_softmax/u_accuracy/u_sum/out_sum_reg[27]_i_5/O
                         net (fo=2, unplaced)         0.232     5.946    u_softmax/u_accuracy/u_sum/out_sum_reg[27]_i_5_n_0
                         LUT6 (Prop_LUT6_I2_O)        0.038     5.984 r  u_softmax/u_accuracy/u_sum/out_sum_reg[27]_i_2/O
                         net (fo=4, unplaced)         0.245     6.229    u_softmax/u_accuracy/u_sum/out_sum_reg[27]_i_2_n_0
                         LUT6 (Prop_LUT6_I2_O)        0.038     6.267 r  u_softmax/u_accuracy/u_sum/out_sum_reg[30]_i_22/O
                         net (fo=3, unplaced)         0.238     6.505    u_softmax/u_accuracy/u_sum/out_sum_reg[30]_i_22_n_0
                         LUT6 (Prop_LUT6_I2_O)        0.038     6.543 r  u_softmax/u_accuracy/u_sum/out_sum_reg[30]_i_5/O
                         net (fo=3, unplaced)         0.192     6.735    u_softmax/u_accuracy/u_sum/out_sum_reg[30]_i_5_n_0
                         LUT6 (Prop_LUT6_I2_O)        0.090     6.825 r  u_softmax/u_accuracy/u_sum/out_sum_reg[30]_i_29/O
                         net (fo=3, unplaced)         0.238     7.063    u_softmax/u_accuracy/u_sum/out_sum_reg[30]_i_29_n_0
                         LUT6 (Prop_LUT6_I5_O)        0.038     7.101 f  u_softmax/u_accuracy/u_sum/out_sum_reg[30]_i_8/O
                         net (fo=27, unplaced)        0.288     7.389    u_softmax/u_accuracy/u_sum/out_sum_reg[30]_i_8_n_0
                         LUT6 (Prop_LUT6_I5_O)        0.038     7.427 r  u_softmax/u_accuracy/u_sum/out_sum_reg[11]_i_1/O
                         net (fo=1, unplaced)         0.048     7.475    u_softmax/u_accuracy/u_sum/out_sum_reg__0[11]
                         FDCE                                         r  u_softmax/u_accuracy/u_sum/out_sum_reg_reg[11]/D
  -------------------------------------------------------------------    -------------------

                         (clock core_clk rise edge)
                                                      6.666     6.666 r  
                                                      0.000     6.666 r  clk (IN)
                         net (fo=59650, unset)        0.000     6.666    u_softmax/u_accuracy/u_sum/clk
                         FDCE                                         r  u_softmax/u_accuracy/u_sum/out_sum_reg_reg[11]/C
                         clock pessimism              0.000     6.666    
                         clock uncertainty           -0.035     6.631    
                         FDCE (Setup_FDCE_C_D)        0.025     6.656    u_softmax/u_accuracy/u_sum/out_sum_reg_reg[11]
  -------------------------------------------------------------------
                         required time                          6.656    
                         arrival time                          -7.475    
  -------------------------------------------------------------------
                         slack                                 -0.819    

Slack (VIOLATED) :        -0.819ns  (required time - arrival time)
  Source:                 u_softmax/clear_local_reg/C
                            (rising edge-triggered cell FDCE clocked by core_clk  {rise@0.000ns fall@3.333ns period=6.666ns})
  Destination:            u_softmax/u_accuracy/u_sum/out_sum_reg_reg[12]/D
                            (rising edge-triggered cell FDCE clocked by core_clk  {rise@0.000ns fall@3.333ns period=6.666ns})
  Path Group:             core_clk
  Path Type:              Setup (Max at Slow Process Corner)
  Requirement:            6.666ns  (core_clk rise@6.666ns - core_clk rise@0.000ns)
  Data Path Delay:        7.475ns  (logic 1.481ns (19.813%)  route 5.994ns (80.187%))
  Logic Levels:           28  (CARRY8=5 LUT2=2 LUT3=4 LUT4=2 LUT5=4 LUT6=11)
  Clock Uncertainty:      0.035ns  ((TSJ^2 + TIJ^2)^1/2 + DJ) / 2 + PE
    Total System Jitter     (TSJ):    0.071ns
    Total Input Jitter      (TIJ):    0.000ns
    Discrete Jitter          (DJ):    0.000ns
    Phase Error              (PE):    0.000ns

    Location             Delay type                Incr(ns)  Path(ns)    Netlist Resource(s)
  -------------------------------------------------------------------    -------------------
                         (clock core_clk rise edge)
                                                      0.000     0.000 r  
                                                      0.000     0.000 r  clk (IN)
                         net (fo=59650, unset)        0.000     0.000    u_softmax/clk
                         FDCE                                         r  u_softmax/clear_local_reg/C
  -------------------------------------------------------------------    -------------------
                         FDCE (Prop_FDCE_C_Q)         0.077     0.077 f  u_softmax/clear_local_reg/Q
                         net (fo=524, unplaced)       0.309     0.386    u_softmax/u_accuracy/u_reciprocal/clear
                         LUT4 (Prop_LUT4_I3_O)        0.038     0.424 r  u_softmax/u_accuracy/u_reciprocal/in_ready_INST_0/O
                         net (fo=6, unplaced)         0.254     0.678    u_softmax/u_accuracy/reciprocal_in_ready
                         LUT3 (Prop_LUT3_I2_O)        0.038     0.716 r  u_softmax/u_accuracy/slot_sum[2][30]_i_3/O
                         net (fo=5, unplaced)         0.250     0.966    u_softmax/u_accuracy/p_23_in
                         LUT5 (Prop_LUT5_I4_O)        0.038     1.004 r  u_softmax/u_accuracy/u_sum_i_34/O
                         net (fo=31, unplaced)        0.291     1.295    u_softmax/u_accuracy/add_bypass_same_slot
                         LUT3 (Prop_LUT3_I1_O)        0.038     1.333 r  u_softmax/u_accuracy/u_sum_i_8/O
                         net (fo=41, unplaced)        0.297     1.630    u_softmax/u_accuracy/u_sum/in_a_fp32[24]
                         LUT4 (Prop_LUT4_I3_O)        0.038     1.668 r  u_softmax/u_accuracy/u_sum/out_sum_reg[25]_i_11/O
                         net (fo=2, unplaced)         0.232     1.900    u_softmax/u_accuracy/u_sum/out_sum_reg[25]_i_11_n_0
                         LUT5 (Prop_LUT5_I1_O)        0.038     1.938 r  u_softmax/u_accuracy/u_sum/out_sum_reg[25]_i_6/O
                         net (fo=6, unplaced)         0.254     2.192    u_softmax/u_accuracy/u_sum/out_sum_reg[25]_i_6_n_0
                         LUT2 (Prop_LUT2_I0_O)        0.038     2.230 f  u_softmax/u_accuracy/u_sum/out_sum_reg[30]_i_74/O
                         net (fo=109, unplaced)       0.320     2.550    u_softmax/u_accuracy/u_sum/out_sum_reg[30]_i_74_n_0
                         LUT3 (Prop_LUT3_I2_O)        0.038     2.588 r  u_softmax/u_accuracy/u_sum/out_sum_reg[30]_i_57/O
                         net (fo=1, unplaced)         0.020     2.608    u_softmax/u_accuracy/u_sum/out_sum_reg[30]_i_57_n_0
                         CARRY8 (Prop_CARRY8_S[0]_CO[3])
                                                      0.186     2.794 r  u_softmax/u_accuracy/u_sum/out_sum_reg_reg[30]_i_23/CO[3]
                         net (fo=118, unplaced)       0.227     3.021    u_softmax/u_accuracy/u_sum/larger_significand1
                         LUT5 (Prop_LUT5_I4_O)        0.038     3.059 f  u_softmax/u_accuracy/u_sum/out_sum_reg[30]_i_115/O
                         net (fo=3, unplaced)         0.238     3.297    u_softmax/u_accuracy/u_sum/out_sum_reg[30]_i_115_n_0
                         LUT6 (Prop_LUT6_I2_O)        0.038     3.335 r  u_softmax/u_accuracy/u_sum/out_sum_reg[30]_i_117/O
                         net (fo=2, unplaced)         0.232     3.567    u_softmax/u_accuracy/u_sum/out_sum_reg[30]_i_117_n_0
                         LUT6 (Prop_LUT6_I1_O)        0.038     3.605 f  u_softmax/u_accuracy/u_sum/out_sum_reg[30]_i_72/O
                         net (fo=40, unplaced)        0.297     3.902    u_softmax/u_accuracy/u_sum/out_sum_reg[30]_i_72_n_0
                         LUT6 (Prop_LUT6_I2_O)        0.038     3.940 f  u_softmax/u_accuracy/u_sum/out_sum_reg[25]_i_40/O
                         net (fo=4, unplaced)         0.245     4.185    u_softmax/u_accuracy/u_sum/out_sum_reg[25]_i_40_n_0
                         LUT6 (Prop_LUT6_I0_O)        0.038     4.223 f  u_softmax/u_accuracy/u_sum/out_sum_reg[14]_i_22/O
                         net (fo=3, unplaced)         0.238     4.461    u_softmax/u_accuracy/u_sum/out_sum_reg[14]_i_22_n_0
                         LUT3 (Prop_LUT3_I0_O)        0.038     4.499 f  u_softmax/u_accuracy/u_sum/out_sum_reg[14]_i_31/O
                         net (fo=2, unplaced)         0.232     4.731    u_softmax/u_accuracy/u_sum/out_sum_reg[14]_i_31_n_0
                         LUT2 (Prop_LUT2_I1_O)        0.038     4.769 r  u_softmax/u_accuracy/u_sum/out_sum_reg[25]_i_38/O
                         net (fo=2, unplaced)         0.232     5.001    u_softmax/u_accuracy/u_sum/out_sum_reg[25]_i_38_n_0
                         LUT6 (Prop_LUT6_I5_O)        0.037     5.038 r  u_softmax/u_accuracy/u_sum/out_sum_reg[6]_i_17/O
                         net (fo=1, unplaced)         0.023     5.061    u_softmax/u_accuracy/u_sum/out_sum_reg[6]_i_17_n_0
                         CARRY8 (Prop_CARRY8_S[1]_CO[7])
                                                      0.197     5.258 r  u_softmax/u_accuracy/u_sum/out_sum_reg_reg[6]_i_3/CO[7]
                         net (fo=1, unplaced)         0.005     5.263    u_softmax/u_accuracy/u_sum/out_sum_reg_reg[6]_i_3_n_0
                         CARRY8 (Prop_CARRY8_CI_CO[7])
                                                      0.022     5.285 r  u_softmax/u_accuracy/u_sum/out_sum_reg_reg[14]_i_3/CO[7]
                         net (fo=1, unplaced)         0.005     5.290    u_softmax/u_accuracy/u_sum/out_sum_reg_reg[14]_i_3_n_0
                         CARRY8 (Prop_CARRY8_CI_CO[7])
                                                      0.022     5.312 r  u_softmax/u_accuracy/u_sum/out_sum_reg_reg[25]_i_8/CO[7]
                         net (fo=1, unplaced)         0.005     5.317    u_softmax/u_accuracy/u_sum/out_sum_reg_reg[25]_i_8_n_0
                         CARRY8 (Prop_CARRY8_CI_CO[0])
                                                      0.052     5.369 r  u_softmax/u_accuracy/u_sum/out_sum_reg_reg[25]_i_4/CO[0]
                         net (fo=63, unplaced)        0.307     5.676    u_softmax/u_accuracy/u_sum/p_0_in
                         LUT5 (Prop_LUT5_I4_O)        0.038     5.714 r  u_softmax/u_accuracy/u_sum/out_sum_reg[27]_i_5/O
                         net (fo=2, unplaced)         0.232     5.946    u_softmax/u_accuracy/u_sum/out_sum_reg[27]_i_5_n_0
                         LUT6 (Prop_LUT6_I2_O)        0.038     5.984 r  u_softmax/u_accuracy/u_sum/out_sum_reg[27]_i_2/O
                         net (fo=4, unplaced)         0.245     6.229    u_softmax/u_accuracy/u_sum/out_sum_reg[27]_i_2_n_0
                         LUT6 (Prop_LUT6_I2_O)        0.038     6.267 r  u_softmax/u_accuracy/u_sum/out_sum_reg[30]_i_22/O
                         net (fo=3, unplaced)         0.238     6.505    u_softmax/u_accuracy/u_sum/out_sum_reg[30]_i_22_n_0
                         LUT6 (Prop_LUT6_I2_O)        0.038     6.543 r  u_softmax/u_accuracy/u_sum/out_sum_reg[30]_i_5/O
                         net (fo=3, unplaced)         0.192     6.735    u_softmax/u_accuracy/u_sum/out_sum_reg[30]_i_5_n_0
                         LUT6 (Prop_LUT6_I2_O)        0.090     6.825 r  u_softmax/u_accuracy/u_sum/out_sum_reg[30]_i_29/O
                         net (fo=3, unplaced)         0.238     7.063    u_softmax/u_accuracy/u_sum/out_sum_reg[30]_i_29_n_0
                         LUT6 (Prop_LUT6_I5_O)        0.038     7.101 f  u_softmax/u_accuracy/u_sum/out_sum_reg[30]_i_8/O
                         net (fo=27, unplaced)        0.288     7.389    u_softmax/u_accuracy/u_sum/out_sum_reg[30]_i_8_n_0
                         LUT6 (Prop_LUT6_I5_O)        0.038     7.427 r  u_softmax/u_accuracy/u_sum/out_sum_reg[12]_i_1/O
                         net (fo=1, unplaced)         0.048     7.475    u_softmax/u_accuracy/u_sum/out_sum_reg__0[12]
                         FDCE                                         r  u_softmax/u_accuracy/u_sum/out_sum_reg_reg[12]/D
  -------------------------------------------------------------------    -------------------

                         (clock core_clk rise edge)
                                                      6.666     6.666 r  
                                                      0.000     6.666 r  clk (IN)
                         net (fo=59650, unset)        0.000     6.666    u_softmax/u_accuracy/u_sum/clk
                         FDCE                                         r  u_softmax/u_accuracy/u_sum/out_sum_reg_reg[12]/C
                         clock pessimism              0.000     6.666    
                         clock uncertainty           -0.035     6.631    
                         FDCE (Setup_FDCE_C_D)        0.025     6.656    u_softmax/u_accuracy/u_sum/out_sum_reg_reg[12]
  -------------------------------------------------------------------
                         required time                          6.656    
                         arrival time                          -7.475    
  -------------------------------------------------------------------
                         slack                                 -0.819    

Slack (VIOLATED) :        -0.819ns  (required time - arrival time)
  Source:                 u_softmax/clear_local_reg/C
                            (rising edge-triggered cell FDCE clocked by core_clk  {rise@0.000ns fall@3.333ns period=6.666ns})
  Destination:            u_softmax/u_accuracy/u_sum/out_sum_reg_reg[13]/D
                            (rising edge-triggered cell FDCE clocked by core_clk  {rise@0.000ns fall@3.333ns period=6.666ns})
  Path Group:             core_clk
  Path Type:              Setup (Max at Slow Process Corner)
  Requirement:            6.666ns  (core_clk rise@6.666ns - core_clk rise@0.000ns)
  Data Path Delay:        7.475ns  (logic 1.481ns (19.813%)  route 5.994ns (80.187%))
  Logic Levels:           28  (CARRY8=5 LUT2=2 LUT3=4 LUT4=2 LUT5=4 LUT6=11)
  Clock Uncertainty:      0.035ns  ((TSJ^2 + TIJ^2)^1/2 + DJ) / 2 + PE
    Total System Jitter     (TSJ):    0.071ns
    Total Input Jitter      (TIJ):    0.000ns
    Discrete Jitter          (DJ):    0.000ns
    Phase Error              (PE):    0.000ns

    Location             Delay type                Incr(ns)  Path(ns)    Netlist Resource(s)
  -------------------------------------------------------------------    -------------------
                         (clock core_clk rise edge)
                                                      0.000     0.000 r  
                                                      0.000     0.000 r  clk (IN)
                         net (fo=59650, unset)        0.000     0.000    u_softmax/clk
                         FDCE                                         r  u_softmax/clear_local_reg/C
  -------------------------------------------------------------------    -------------------
                         FDCE (Prop_FDCE_C_Q)         0.077     0.077 f  u_softmax/clear_local_reg/Q
                         net (fo=524, unplaced)       0.309     0.386    u_softmax/u_accuracy/u_reciprocal/clear
                         LUT4 (Prop_LUT4_I3_O)        0.038     0.424 r  u_softmax/u_accuracy/u_reciprocal/in_ready_INST_0/O
                         net (fo=6, unplaced)         0.254     0.678    u_softmax/u_accuracy/reciprocal_in_ready
                         LUT3 (Prop_LUT3_I2_O)        0.038     0.716 r  u_softmax/u_accuracy/slot_sum[2][30]_i_3/O
                         net (fo=5, unplaced)         0.250     0.966    u_softmax/u_accuracy/p_23_in
                         LUT5 (Prop_LUT5_I4_O)        0.038     1.004 r  u_softmax/u_accuracy/u_sum_i_34/O
                         net (fo=31, unplaced)        0.291     1.295    u_softmax/u_accuracy/add_bypass_same_slot
                         LUT3 (Prop_LUT3_I1_O)        0.038     1.333 r  u_softmax/u_accuracy/u_sum_i_8/O
                         net (fo=41, unplaced)        0.297     1.630    u_softmax/u_accuracy/u_sum/in_a_fp32[24]
                         LUT4 (Prop_LUT4_I3_O)        0.038     1.668 r  u_softmax/u_accuracy/u_sum/out_sum_reg[25]_i_11/O
                         net (fo=2, unplaced)         0.232     1.900    u_softmax/u_accuracy/u_sum/out_sum_reg[25]_i_11_n_0
                         LUT5 (Prop_LUT5_I1_O)        0.038     1.938 r  u_softmax/u_accuracy/u_sum/out_sum_reg[25]_i_6/O
                         net (fo=6, unplaced)         0.254     2.192    u_softmax/u_accuracy/u_sum/out_sum_reg[25]_i_6_n_0
                         LUT2 (Prop_LUT2_I0_O)        0.038     2.230 f  u_softmax/u_accuracy/u_sum/out_sum_reg[30]_i_74/O
                         net (fo=109, unplaced)       0.320     2.550    u_softmax/u_accuracy/u_sum/out_sum_reg[30]_i_74_n_0
                         LUT3 (Prop_LUT3_I2_O)        0.038     2.588 r  u_softmax/u_accuracy/u_sum/out_sum_reg[30]_i_57/O
                         net (fo=1, unplaced)         0.020     2.608    u_softmax/u_accuracy/u_sum/out_sum_reg[30]_i_57_n_0
                         CARRY8 (Prop_CARRY8_S[0]_CO[3])
                                                      0.186     2.794 r  u_softmax/u_accuracy/u_sum/out_sum_reg_reg[30]_i_23/CO[3]
                         net (fo=118, unplaced)       0.227     3.021    u_softmax/u_accuracy/u_sum/larger_significand1
                         LUT5 (Prop_LUT5_I4_O)        0.038     3.059 f  u_softmax/u_accuracy/u_sum/out_sum_reg[30]_i_115/O
                         net (fo=3, unplaced)         0.238     3.297    u_softmax/u_accuracy/u_sum/out_sum_reg[30]_i_115_n_0
                         LUT6 (Prop_LUT6_I2_O)        0.038     3.335 r  u_softmax/u_accuracy/u_sum/out_sum_reg[30]_i_117/O
                         net (fo=2, unplaced)         0.232     3.567    u_softmax/u_accuracy/u_sum/out_sum_reg[30]_i_117_n_0
                         LUT6 (Prop_LUT6_I1_O)        0.038     3.605 f  u_softmax/u_accuracy/u_sum/out_sum_reg[30]_i_72/O
                         net (fo=40, unplaced)        0.297     3.902    u_softmax/u_accuracy/u_sum/out_sum_reg[30]_i_72_n_0
                         LUT6 (Prop_LUT6_I2_O)        0.038     3.940 f  u_softmax/u_accuracy/u_sum/out_sum_reg[25]_i_40/O
                         net (fo=4, unplaced)         0.245     4.185    u_softmax/u_accuracy/u_sum/out_sum_reg[25]_i_40_n_0
                         LUT6 (Prop_LUT6_I0_O)        0.038     4.223 f  u_softmax/u_accuracy/u_sum/out_sum_reg[14]_i_22/O
                         net (fo=3, unplaced)         0.238     4.461    u_softmax/u_accuracy/u_sum/out_sum_reg[14]_i_22_n_0
                         LUT3 (Prop_LUT3_I0_O)        0.038     4.499 f  u_softmax/u_accuracy/u_sum/out_sum_reg[14]_i_31/O
                         net (fo=2, unplaced)         0.232     4.731    u_softmax/u_accuracy/u_sum/out_sum_reg[14]_i_31_n_0
                         LUT2 (Prop_LUT2_I1_O)        0.038     4.769 r  u_softmax/u_accuracy/u_sum/out_sum_reg[25]_i_38/O
                         net (fo=2, unplaced)         0.232     5.001    u_softmax/u_accuracy/u_sum/out_sum_reg[25]_i_38_n_0
                         LUT6 (Prop_LUT6_I5_O)        0.037     5.038 r  u_softmax/u_accuracy/u_sum/out_sum_reg[6]_i_17/O
                         net (fo=1, unplaced)         0.023     5.061    u_softmax/u_accuracy/u_sum/out_sum_reg[6]_i_17_n_0
                         CARRY8 (Prop_CARRY8_S[1]_CO[7])
                                                      0.197     5.258 r  u_softmax/u_accuracy/u_sum/out_sum_reg_reg[6]_i_3/CO[7]
                         net (fo=1, unplaced)         0.005     5.263    u_softmax/u_accuracy/u_sum/out_sum_reg_reg[6]_i_3_n_0
                         CARRY8 (Prop_CARRY8_CI_CO[7])
                                                      0.022     5.285 r  u_softmax/u_accuracy/u_sum/out_sum_reg_reg[14]_i_3/CO[7]
                         net (fo=1, unplaced)         0.005     5.290    u_softmax/u_accuracy/u_sum/out_sum_reg_reg[14]_i_3_n_0
                         CARRY8 (Prop_CARRY8_CI_CO[7])
                                                      0.022     5.312 r  u_softmax/u_accuracy/u_sum/out_sum_reg_reg[25]_i_8/CO[7]
                         net (fo=1, unplaced)         0.005     5.317    u_softmax/u_accuracy/u_sum/out_sum_reg_reg[25]_i_8_n_0
                         CARRY8 (Prop_CARRY8_CI_CO[0])
                                                      0.052     5.369 r  u_softmax/u_accuracy/u_sum/out_sum_reg_reg[25]_i_4/CO[0]
                         net (fo=63, unplaced)        0.307     5.676    u_softmax/u_accuracy/u_sum/p_0_in
                         LUT5 (Prop_LUT5_I4_O)        0.038     5.714 r  u_softmax/u_accuracy/u_sum/out_sum_reg[27]_i_5/O
                         net (fo=2, unplaced)         0.232     5.946    u_softmax/u_accuracy/u_sum/out_sum_reg[27]_i_5_n_0
                         LUT6 (Prop_LUT6_I2_O)        0.038     5.984 r  u_softmax/u_accuracy/u_sum/out_sum_reg[27]_i_2/O
                         net (fo=4, unplaced)         0.245     6.229    u_softmax/u_accuracy/u_sum/out_sum_reg[27]_i_2_n_0
                         LUT6 (Prop_LUT6_I2_O)        0.038     6.267 r  u_softmax/u_accuracy/u_sum/out_sum_reg[30]_i_22/O
                         net (fo=3, unplaced)         0.238     6.505    u_softmax/u_accuracy/u_sum/out_sum_reg[30]_i_22_n_0
                         LUT6 (Prop_LUT6_I2_O)        0.038     6.543 r  u_softmax/u_accuracy/u_sum/out_sum_reg[30]_i_5/O
                         net (fo=3, unplaced)         0.192     6.735    u_softmax/u_accuracy/u_sum/out_sum_reg[30]_i_5_n_0
                         LUT6 (Prop_LUT6_I2_O)        0.090     6.825 r  u_softmax/u_accuracy/u_sum/out_sum_reg[30]_i_29/O
                         net (fo=3, unplaced)         0.238     7.063    u_softmax/u_accuracy/u_sum/out_sum_reg[30]_i_29_n_0
                         LUT6 (Prop_LUT6_I5_O)        0.038     7.101 f  u_softmax/u_accuracy/u_sum/out_sum_reg[30]_i_8/O
                         net (fo=27, unplaced)        0.288     7.389    u_softmax/u_accuracy/u_sum/out_sum_reg[30]_i_8_n_0
                         LUT6 (Prop_LUT6_I5_O)        0.038     7.427 r  u_softmax/u_accuracy/u_sum/out_sum_reg[13]_i_1/O
                         net (fo=1, unplaced)         0.048     7.475    u_softmax/u_accuracy/u_sum/out_sum_reg__0[13]
                         FDCE                                         r  u_softmax/u_accuracy/u_sum/out_sum_reg_reg[13]/D
  -------------------------------------------------------------------    -------------------

                         (clock core_clk rise edge)
                                                      6.666     6.666 r  
                                                      0.000     6.666 r  clk (IN)
                         net (fo=59650, unset)        0.000     6.666    u_softmax/u_accuracy/u_sum/clk
                         FDCE                                         r  u_softmax/u_accuracy/u_sum/out_sum_reg_reg[13]/C
                         clock pessimism              0.000     6.666    
                         clock uncertainty           -0.035     6.631    
                         FDCE (Setup_FDCE_C_D)        0.025     6.656    u_softmax/u_accuracy/u_sum/out_sum_reg_reg[13]
  -------------------------------------------------------------------
                         required time                          6.656    
                         arrival time                          -7.475    
  -------------------------------------------------------------------
                         slack                                 -0.819    

Slack (VIOLATED) :        -0.819ns  (required time - arrival time)
  Source:                 u_softmax/clear_local_reg/C
                            (rising edge-triggered cell FDCE clocked by core_clk  {rise@0.000ns fall@3.333ns period=6.666ns})
  Destination:            u_softmax/u_accuracy/u_sum/out_sum_reg_reg[14]/D
                            (rising edge-triggered cell FDCE clocked by core_clk  {rise@0.000ns fall@3.333ns period=6.666ns})
  Path Group:             core_clk
  Path Type:              Setup (Max at Slow Process Corner)
  Requirement:            6.666ns  (core_clk rise@6.666ns - core_clk rise@0.000ns)
  Data Path Delay:        7.475ns  (logic 1.481ns (19.813%)  route 5.994ns (80.187%))
  Logic Levels:           28  (CARRY8=5 LUT2=2 LUT3=4 LUT4=2 LUT5=4 LUT6=11)
  Clock Uncertainty:      0.035ns  ((TSJ^2 + TIJ^2)^1/2 + DJ) / 2 + PE
    Total System Jitter     (TSJ):    0.071ns
    Total Input Jitter      (TIJ):    0.000ns
    Discrete Jitter          (DJ):    0.000ns
    Phase Error              (PE):    0.000ns

    Location             Delay type                Incr(ns)  Path(ns)    Netlist Resource(s)
  -------------------------------------------------------------------    -------------------
                         (clock core_clk rise edge)
                                                      0.000     0.000 r  
                                                      0.000     0.000 r  clk (IN)
                         net (fo=59650, unset)        0.000     0.000    u_softmax/clk
                         FDCE                                         r  u_softmax/clear_local_reg/C
  -------------------------------------------------------------------    -------------------
                         FDCE (Prop_FDCE_C_Q)         0.077     0.077 f  u_softmax/clear_local_reg/Q
                         net (fo=524, unplaced)       0.309     0.386    u_softmax/u_accuracy/u_reciprocal/clear
                         LUT4 (Prop_LUT4_I3_O)        0.038     0.424 r  u_softmax/u_accuracy/u_reciprocal/in_ready_INST_0/O
                         net (fo=6, unplaced)         0.254     0.678    u_softmax/u_accuracy/reciprocal_in_ready
                         LUT3 (Prop_LUT3_I2_O)        0.038     0.716 r  u_softmax/u_accuracy/slot_sum[2][30]_i_3/O
                         net (fo=5, unplaced)         0.250     0.966    u_softmax/u_accuracy/p_23_in
                         LUT5 (Prop_LUT5_I4_O)        0.038     1.004 r  u_softmax/u_accuracy/u_sum_i_34/O
                         net (fo=31, unplaced)        0.291     1.295    u_softmax/u_accuracy/add_bypass_same_slot
                         LUT3 (Prop_LUT3_I1_O)        0.038     1.333 r  u_softmax/u_accuracy/u_sum_i_8/O
                         net (fo=41, unplaced)        0.297     1.630    u_softmax/u_accuracy/u_sum/in_a_fp32[24]
                         LUT4 (Prop_LUT4_I3_O)        0.038     1.668 r  u_softmax/u_accuracy/u_sum/out_sum_reg[25]_i_11/O
                         net (fo=2, unplaced)         0.232     1.900    u_softmax/u_accuracy/u_sum/out_sum_reg[25]_i_11_n_0
                         LUT5 (Prop_LUT5_I1_O)        0.038     1.938 r  u_softmax/u_accuracy/u_sum/out_sum_reg[25]_i_6/O
                         net (fo=6, unplaced)         0.254     2.192    u_softmax/u_accuracy/u_sum/out_sum_reg[25]_i_6_n_0
                         LUT2 (Prop_LUT2_I0_O)        0.038     2.230 f  u_softmax/u_accuracy/u_sum/out_sum_reg[30]_i_74/O
                         net (fo=109, unplaced)       0.320     2.550    u_softmax/u_accuracy/u_sum/out_sum_reg[30]_i_74_n_0
                         LUT3 (Prop_LUT3_I2_O)        0.038     2.588 r  u_softmax/u_accuracy/u_sum/out_sum_reg[30]_i_57/O
                         net (fo=1, unplaced)         0.020     2.608    u_softmax/u_accuracy/u_sum/out_sum_reg[30]_i_57_n_0
                         CARRY8 (Prop_CARRY8_S[0]_CO[3])
                                                      0.186     2.794 r  u_softmax/u_accuracy/u_sum/out_sum_reg_reg[30]_i_23/CO[3]
                         net (fo=118, unplaced)       0.227     3.021    u_softmax/u_accuracy/u_sum/larger_significand1
                         LUT5 (Prop_LUT5_I4_O)        0.038     3.059 f  u_softmax/u_accuracy/u_sum/out_sum_reg[30]_i_115/O
                         net (fo=3, unplaced)         0.238     3.297    u_softmax/u_accuracy/u_sum/out_sum_reg[30]_i_115_n_0
                         LUT6 (Prop_LUT6_I2_O)        0.038     3.335 r  u_softmax/u_accuracy/u_sum/out_sum_reg[30]_i_117/O
                         net (fo=2, unplaced)         0.232     3.567    u_softmax/u_accuracy/u_sum/out_sum_reg[30]_i_117_n_0
                         LUT6 (Prop_LUT6_I1_O)        0.038     3.605 f  u_softmax/u_accuracy/u_sum/out_sum_reg[30]_i_72/O
                         net (fo=40, unplaced)        0.297     3.902    u_softmax/u_accuracy/u_sum/out_sum_reg[30]_i_72_n_0
                         LUT6 (Prop_LUT6_I2_O)        0.038     3.940 f  u_softmax/u_accuracy/u_sum/out_sum_reg[25]_i_40/O
                         net (fo=4, unplaced)         0.245     4.185    u_softmax/u_accuracy/u_sum/out_sum_reg[25]_i_40_n_0
                         LUT6 (Prop_LUT6_I0_O)        0.038     4.223 f  u_softmax/u_accuracy/u_sum/out_sum_reg[14]_i_22/O
                         net (fo=3, unplaced)         0.238     4.461    u_softmax/u_accuracy/u_sum/out_sum_reg[14]_i_22_n_0
                         LUT3 (Prop_LUT3_I0_O)        0.038     4.499 f  u_softmax/u_accuracy/u_sum/out_sum_reg[14]_i_31/O
                         net (fo=2, unplaced)         0.232     4.731    u_softmax/u_accuracy/u_sum/out_sum_reg[14]_i_31_n_0
                         LUT2 (Prop_LUT2_I1_O)        0.038     4.769 r  u_softmax/u_accuracy/u_sum/out_sum_reg[25]_i_38/O
                         net (fo=2, unplaced)         0.232     5.001    u_softmax/u_accuracy/u_sum/out_sum_reg[25]_i_38_n_0
                         LUT6 (Prop_LUT6_I5_O)        0.037     5.038 r  u_softmax/u_accuracy/u_sum/out_sum_reg[6]_i_17/O
                         net (fo=1, unplaced)         0.023     5.061    u_softmax/u_accuracy/u_sum/out_sum_reg[6]_i_17_n_0
                         CARRY8 (Prop_CARRY8_S[1]_CO[7])
                                                      0.197     5.258 r  u_softmax/u_accuracy/u_sum/out_sum_reg_reg[6]_i_3/CO[7]
                         net (fo=1, unplaced)         0.005     5.263    u_softmax/u_accuracy/u_sum/out_sum_reg_reg[6]_i_3_n_0
                         CARRY8 (Prop_CARRY8_CI_CO[7])
                                                      0.022     5.285 r  u_softmax/u_accuracy/u_sum/out_sum_reg_reg[14]_i_3/CO[7]
                         net (fo=1, unplaced)         0.005     5.290    u_softmax/u_accuracy/u_sum/out_sum_reg_reg[14]_i_3_n_0
                         CARRY8 (Prop_CARRY8_CI_CO[7])
                                                      0.022     5.312 r  u_softmax/u_accuracy/u_sum/out_sum_reg_reg[25]_i_8/CO[7]
                         net (fo=1, unplaced)         0.005     5.317    u_softmax/u_accuracy/u_sum/out_sum_reg_reg[25]_i_8_n_0
                         CARRY8 (Prop_CARRY8_CI_CO[0])
                                                      0.052     5.369 r  u_softmax/u_accuracy/u_sum/out_sum_reg_reg[25]_i_4/CO[0]
                         net (fo=63, unplaced)        0.307     5.676    u_softmax/u_accuracy/u_sum/p_0_in
                         LUT5 (Prop_LUT5_I4_O)        0.038     5.714 r  u_softmax/u_accuracy/u_sum/out_sum_reg[27]_i_5/O
                         net (fo=2, unplaced)         0.232     5.946    u_softmax/u_accuracy/u_sum/out_sum_reg[27]_i_5_n_0
                         LUT6 (Prop_LUT6_I2_O)        0.038     5.984 r  u_softmax/u_accuracy/u_sum/out_sum_reg[27]_i_2/O
                         net (fo=4, unplaced)         0.245     6.229    u_softmax/u_accuracy/u_sum/out_sum_reg[27]_i_2_n_0
                         LUT6 (Prop_LUT6_I2_O)        0.038     6.267 r  u_softmax/u_accuracy/u_sum/out_sum_reg[30]_i_22/O
                         net (fo=3, unplaced)         0.238     6.505    u_softmax/u_accuracy/u_sum/out_sum_reg[30]_i_22_n_0
                         LUT6 (Prop_LUT6_I2_O)        0.038     6.543 r  u_softmax/u_accuracy/u_sum/out_sum_reg[30]_i_5/O
                         net (fo=3, unplaced)         0.192     6.735    u_softmax/u_accuracy/u_sum/out_sum_reg[30]_i_5_n_0
                         LUT6 (Prop_LUT6_I2_O)        0.090     6.825 r  u_softmax/u_accuracy/u_sum/out_sum_reg[30]_i_29/O
                         net (fo=3, unplaced)         0.238     7.063    u_softmax/u_accuracy/u_sum/out_sum_reg[30]_i_29_n_0
                         LUT6 (Prop_LUT6_I5_O)        0.038     7.101 f  u_softmax/u_accuracy/u_sum/out_sum_reg[30]_i_8/O
                         net (fo=27, unplaced)        0.288     7.389    u_softmax/u_accuracy/u_sum/out_sum_reg[30]_i_8_n_0
                         LUT6 (Prop_LUT6_I5_O)        0.038     7.427 r  u_softmax/u_accuracy/u_sum/out_sum_reg[14]_i_1/O
                         net (fo=1, unplaced)         0.048     7.475    u_softmax/u_accuracy/u_sum/out_sum_reg__0[14]
                         FDCE                                         r  u_softmax/u_accuracy/u_sum/out_sum_reg_reg[14]/D
  -------------------------------------------------------------------    -------------------

                         (clock core_clk rise edge)
                                                      6.666     6.666 r  
                                                      0.000     6.666 r  clk (IN)
                         net (fo=59650, unset)        0.000     6.666    u_softmax/u_accuracy/u_sum/clk
                         FDCE                                         r  u_softmax/u_accuracy/u_sum/out_sum_reg_reg[14]/C
                         clock pessimism              0.000     6.666    
                         clock uncertainty           -0.035     6.631    
                         FDCE (Setup_FDCE_C_D)        0.025     6.656    u_softmax/u_accuracy/u_sum/out_sum_reg_reg[14]
  -------------------------------------------------------------------
                         required time                          6.656    
                         arrival time                          -7.475    
  -------------------------------------------------------------------
                         slack                                 -0.819    

Slack (VIOLATED) :        -0.819ns  (required time - arrival time)
  Source:                 u_softmax/clear_local_reg/C
                            (rising edge-triggered cell FDCE clocked by core_clk  {rise@0.000ns fall@3.333ns period=6.666ns})
  Destination:            u_softmax/u_accuracy/u_sum/out_sum_reg_reg[15]/D
                            (rising edge-triggered cell FDCE clocked by core_clk  {rise@0.000ns fall@3.333ns period=6.666ns})
  Path Group:             core_clk
  Path Type:              Setup (Max at Slow Process Corner)
  Requirement:            6.666ns  (core_clk rise@6.666ns - core_clk rise@0.000ns)
  Data Path Delay:        7.475ns  (logic 1.481ns (19.813%)  route 5.994ns (80.187%))
  Logic Levels:           28  (CARRY8=5 LUT2=2 LUT3=4 LUT4=2 LUT5=4 LUT6=11)
  Clock Uncertainty:      0.035ns  ((TSJ^2 + TIJ^2)^1/2 + DJ) / 2 + PE
    Total System Jitter     (TSJ):    0.071ns
    Total Input Jitter      (TIJ):    0.000ns
    Discrete Jitter          (DJ):    0.000ns
    Phase Error              (PE):    0.000ns

    Location             Delay type                Incr(ns)  Path(ns)    Netlist Resource(s)
  -------------------------------------------------------------------    -------------------
                         (clock core_clk rise edge)
                                                      0.000     0.000 r  
                                                      0.000     0.000 r  clk (IN)
                         net (fo=59650, unset)        0.000     0.000    u_softmax/clk
                         FDCE                                         r  u_softmax/clear_local_reg/C
  -------------------------------------------------------------------    -------------------
                         FDCE (Prop_FDCE_C_Q)         0.077     0.077 f  u_softmax/clear_local_reg/Q
                         net (fo=524, unplaced)       0.309     0.386    u_softmax/u_accuracy/u_reciprocal/clear
                         LUT4 (Prop_LUT4_I3_O)        0.038     0.424 r  u_softmax/u_accuracy/u_reciprocal/in_ready_INST_0/O
                         net (fo=6, unplaced)         0.254     0.678    u_softmax/u_accuracy/reciprocal_in_ready
                         LUT3 (Prop_LUT3_I2_O)        0.038     0.716 r  u_softmax/u_accuracy/slot_sum[2][30]_i_3/O
                         net (fo=5, unplaced)         0.250     0.966    u_softmax/u_accuracy/p_23_in
                         LUT5 (Prop_LUT5_I4_O)        0.038     1.004 r  u_softmax/u_accuracy/u_sum_i_34/O
                         net (fo=31, unplaced)        0.291     1.295    u_softmax/u_accuracy/add_bypass_same_slot
                         LUT3 (Prop_LUT3_I1_O)        0.038     1.333 r  u_softmax/u_accuracy/u_sum_i_8/O
                         net (fo=41, unplaced)        0.297     1.630    u_softmax/u_accuracy/u_sum/in_a_fp32[24]
                         LUT4 (Prop_LUT4_I3_O)        0.038     1.668 r  u_softmax/u_accuracy/u_sum/out_sum_reg[25]_i_11/O
                         net (fo=2, unplaced)         0.232     1.900    u_softmax/u_accuracy/u_sum/out_sum_reg[25]_i_11_n_0
                         LUT5 (Prop_LUT5_I1_O)        0.038     1.938 r  u_softmax/u_accuracy/u_sum/out_sum_reg[25]_i_6/O
                         net (fo=6, unplaced)         0.254     2.192    u_softmax/u_accuracy/u_sum/out_sum_reg[25]_i_6_n_0
                         LUT2 (Prop_LUT2_I0_O)        0.038     2.230 f  u_softmax/u_accuracy/u_sum/out_sum_reg[30]_i_74/O
                         net (fo=109, unplaced)       0.320     2.550    u_softmax/u_accuracy/u_sum/out_sum_reg[30]_i_74_n_0
                         LUT3 (Prop_LUT3_I2_O)        0.038     2.588 r  u_softmax/u_accuracy/u_sum/out_sum_reg[30]_i_57/O
                         net (fo=1, unplaced)         0.020     2.608    u_softmax/u_accuracy/u_sum/out_sum_reg[30]_i_57_n_0
                         CARRY8 (Prop_CARRY8_S[0]_CO[3])
                                                      0.186     2.794 r  u_softmax/u_accuracy/u_sum/out_sum_reg_reg[30]_i_23/CO[3]
                         net (fo=118, unplaced)       0.227     3.021    u_softmax/u_accuracy/u_sum/larger_significand1
                         LUT5 (Prop_LUT5_I4_O)        0.038     3.059 f  u_softmax/u_accuracy/u_sum/out_sum_reg[30]_i_115/O
                         net (fo=3, unplaced)         0.238     3.297    u_softmax/u_accuracy/u_sum/out_sum_reg[30]_i_115_n_0
                         LUT6 (Prop_LUT6_I2_O)        0.038     3.335 r  u_softmax/u_accuracy/u_sum/out_sum_reg[30]_i_117/O
                         net (fo=2, unplaced)         0.232     3.567    u_softmax/u_accuracy/u_sum/out_sum_reg[30]_i_117_n_0
                         LUT6 (Prop_LUT6_I1_O)        0.038     3.605 f  u_softmax/u_accuracy/u_sum/out_sum_reg[30]_i_72/O
                         net (fo=40, unplaced)        0.297     3.902    u_softmax/u_accuracy/u_sum/out_sum_reg[30]_i_72_n_0
                         LUT6 (Prop_LUT6_I2_O)        0.038     3.940 f  u_softmax/u_accuracy/u_sum/out_sum_reg[25]_i_40/O
                         net (fo=4, unplaced)         0.245     4.185    u_softmax/u_accuracy/u_sum/out_sum_reg[25]_i_40_n_0
                         LUT6 (Prop_LUT6_I0_O)        0.038     4.223 f  u_softmax/u_accuracy/u_sum/out_sum_reg[14]_i_22/O
                         net (fo=3, unplaced)         0.238     4.461    u_softmax/u_accuracy/u_sum/out_sum_reg[14]_i_22_n_0
                         LUT3 (Prop_LUT3_I0_O)        0.038     4.499 f  u_softmax/u_accuracy/u_sum/out_sum_reg[14]_i_31/O
                         net (fo=2, unplaced)         0.232     4.731    u_softmax/u_accuracy/u_sum/out_sum_reg[14]_i_31_n_0
                         LUT2 (Prop_LUT2_I1_O)        0.038     4.769 r  u_softmax/u_accuracy/u_sum/out_sum_reg[25]_i_38/O
                         net (fo=2, unplaced)         0.232     5.001    u_softmax/u_accuracy/u_sum/out_sum_reg[25]_i_38_n_0
                         LUT6 (Prop_LUT6_I5_O)        0.037     5.038 r  u_softmax/u_accuracy/u_sum/out_sum_reg[6]_i_17/O
                         net (fo=1, unplaced)         0.023     5.061    u_softmax/u_accuracy/u_sum/out_sum_reg[6]_i_17_n_0
                         CARRY8 (Prop_CARRY8_S[1]_CO[7])
                                                      0.197     5.258 r  u_softmax/u_accuracy/u_sum/out_sum_reg_reg[6]_i_3/CO[7]
                         net (fo=1, unplaced)         0.005     5.263    u_softmax/u_accuracy/u_sum/out_sum_reg_reg[6]_i_3_n_0
                         CARRY8 (Prop_CARRY8_CI_CO[7])
                                                      0.022     5.285 r  u_softmax/u_accuracy/u_sum/out_sum_reg_reg[14]_i_3/CO[7]
                         net (fo=1, unplaced)         0.005     5.290    u_softmax/u_accuracy/u_sum/out_sum_reg_reg[14]_i_3_n_0
                         CARRY8 (Prop_CARRY8_CI_CO[7])
                                                      0.022     5.312 r  u_softmax/u_accuracy/u_sum/out_sum_reg_reg[25]_i_8/CO[7]
                         net (fo=1, unplaced)         0.005     5.317    u_softmax/u_accuracy/u_sum/out_sum_reg_reg[25]_i_8_n_0
                         CARRY8 (Prop_CARRY8_CI_CO[0])
                                                      0.052     5.369 r  u_softmax/u_accuracy/u_sum/out_sum_reg_reg[25]_i_4/CO[0]
                         net (fo=63, unplaced)        0.307     5.676    u_softmax/u_accuracy/u_sum/p_0_in
                         LUT5 (Prop_LUT5_I4_O)        0.038     5.714 r  u_softmax/u_accuracy/u_sum/out_sum_reg[27]_i_5/O
                         net (fo=2, unplaced)         0.232     5.946    u_softmax/u_accuracy/u_sum/out_sum_reg[27]_i_5_n_0
                         LUT6 (Prop_LUT6_I2_O)        0.038     5.984 r  u_softmax/u_accuracy/u_sum/out_sum_reg[27]_i_2/O
                         net (fo=4, unplaced)         0.245     6.229    u_softmax/u_accuracy/u_sum/out_sum_reg[27]_i_2_n_0
                         LUT6 (Prop_LUT6_I2_O)        0.038     6.267 r  u_softmax/u_accuracy/u_sum/out_sum_reg[30]_i_22/O
                         net (fo=3, unplaced)         0.238     6.505    u_softmax/u_accuracy/u_sum/out_sum_reg[30]_i_22_n_0
                         LUT6 (Prop_LUT6_I2_O)        0.038     6.543 r  u_softmax/u_accuracy/u_sum/out_sum_reg[30]_i_5/O
                         net (fo=3, unplaced)         0.192     6.735    u_softmax/u_accuracy/u_sum/out_sum_reg[30]_i_5_n_0
                         LUT6 (Prop_LUT6_I2_O)        0.090     6.825 r  u_softmax/u_accuracy/u_sum/out_sum_reg[30]_i_29/O
                         net (fo=3, unplaced)         0.238     7.063    u_softmax/u_accuracy/u_sum/out_sum_reg[30]_i_29_n_0
                         LUT6 (Prop_LUT6_I5_O)        0.038     7.101 f  u_softmax/u_accuracy/u_sum/out_sum_reg[30]_i_8/O
                         net (fo=27, unplaced)        0.288     7.389    u_softmax/u_accuracy/u_sum/out_sum_reg[30]_i_8_n_0
                         LUT6 (Prop_LUT6_I5_O)        0.038     7.427 r  u_softmax/u_accuracy/u_sum/out_sum_reg[15]_i_1/O
                         net (fo=1, unplaced)         0.048     7.475    u_softmax/u_accuracy/u_sum/out_sum_reg__0[15]
                         FDCE                                         r  u_softmax/u_accuracy/u_sum/out_sum_reg_reg[15]/D
  -------------------------------------------------------------------    -------------------

                         (clock core_clk rise edge)
                                                      6.666     6.666 r  
                                                      0.000     6.666 r  clk (IN)
                         net (fo=59650, unset)        0.000     6.666    u_softmax/u_accuracy/u_sum/clk
                         FDCE                                         r  u_softmax/u_accuracy/u_sum/out_sum_reg_reg[15]/C
                         clock pessimism              0.000     6.666    
                         clock uncertainty           -0.035     6.631    
                         FDCE (Setup_FDCE_C_D)        0.025     6.656    u_softmax/u_accuracy/u_sum/out_sum_reg_reg[15]
  -------------------------------------------------------------------
                         required time                          6.656    
                         arrival time                          -7.475    
  -------------------------------------------------------------------
                         slack                                 -0.819    

Slack (VIOLATED) :        -0.819ns  (required time - arrival time)
  Source:                 u_softmax/clear_local_reg/C
                            (rising edge-triggered cell FDCE clocked by core_clk  {rise@0.000ns fall@3.333ns period=6.666ns})
  Destination:            u_softmax/u_accuracy/u_sum/out_sum_reg_reg[16]/D
                            (rising edge-triggered cell FDCE clocked by core_clk  {rise@0.000ns fall@3.333ns period=6.666ns})
  Path Group:             core_clk
  Path Type:              Setup (Max at Slow Process Corner)
  Requirement:            6.666ns  (core_clk rise@6.666ns - core_clk rise@0.000ns)
  Data Path Delay:        7.475ns  (logic 1.481ns (19.813%)  route 5.994ns (80.187%))
  Logic Levels:           28  (CARRY8=5 LUT2=2 LUT3=4 LUT4=2 LUT5=4 LUT6=11)
  Clock Uncertainty:      0.035ns  ((TSJ^2 + TIJ^2)^1/2 + DJ) / 2 + PE
    Total System Jitter     (TSJ):    0.071ns
    Total Input Jitter      (TIJ):    0.000ns
    Discrete Jitter          (DJ):    0.000ns
    Phase Error              (PE):    0.000ns

    Location             Delay type                Incr(ns)  Path(ns)    Netlist Resource(s)
  -------------------------------------------------------------------    -------------------
                         (clock core_clk rise edge)
                                                      0.000     0.000 r  
                                                      0.000     0.000 r  clk (IN)
                         net (fo=59650, unset)        0.000     0.000    u_softmax/clk
                         FDCE                                         r  u_softmax/clear_local_reg/C
  -------------------------------------------------------------------    -------------------
                         FDCE (Prop_FDCE_C_Q)         0.077     0.077 f  u_softmax/clear_local_reg/Q
                         net (fo=524, unplaced)       0.309     0.386    u_softmax/u_accuracy/u_reciprocal/clear
                         LUT4 (Prop_LUT4_I3_O)        0.038     0.424 r  u_softmax/u_accuracy/u_reciprocal/in_ready_INST_0/O
                         net (fo=6, unplaced)         0.254     0.678    u_softmax/u_accuracy/reciprocal_in_ready
                         LUT3 (Prop_LUT3_I2_O)        0.038     0.716 r  u_softmax/u_accuracy/slot_sum[2][30]_i_3/O
                         net (fo=5, unplaced)         0.250     0.966    u_softmax/u_accuracy/p_23_in
                         LUT5 (Prop_LUT5_I4_O)        0.038     1.004 r  u_softmax/u_accuracy/u_sum_i_34/O
                         net (fo=31, unplaced)        0.291     1.295    u_softmax/u_accuracy/add_bypass_same_slot
                         LUT3 (Prop_LUT3_I1_O)        0.038     1.333 r  u_softmax/u_accuracy/u_sum_i_8/O
                         net (fo=41, unplaced)        0.297     1.630    u_softmax/u_accuracy/u_sum/in_a_fp32[24]
                         LUT4 (Prop_LUT4_I3_O)        0.038     1.668 r  u_softmax/u_accuracy/u_sum/out_sum_reg[25]_i_11/O
                         net (fo=2, unplaced)         0.232     1.900    u_softmax/u_accuracy/u_sum/out_sum_reg[25]_i_11_n_0
                         LUT5 (Prop_LUT5_I1_O)        0.038     1.938 r  u_softmax/u_accuracy/u_sum/out_sum_reg[25]_i_6/O
                         net (fo=6, unplaced)         0.254     2.192    u_softmax/u_accuracy/u_sum/out_sum_reg[25]_i_6_n_0
                         LUT2 (Prop_LUT2_I0_O)        0.038     2.230 f  u_softmax/u_accuracy/u_sum/out_sum_reg[30]_i_74/O
                         net (fo=109, unplaced)       0.320     2.550    u_softmax/u_accuracy/u_sum/out_sum_reg[30]_i_74_n_0
                         LUT3 (Prop_LUT3_I2_O)        0.038     2.588 r  u_softmax/u_accuracy/u_sum/out_sum_reg[30]_i_57/O
                         net (fo=1, unplaced)         0.020     2.608    u_softmax/u_accuracy/u_sum/out_sum_reg[30]_i_57_n_0
                         CARRY8 (Prop_CARRY8_S[0]_CO[3])
                                                      0.186     2.794 r  u_softmax/u_accuracy/u_sum/out_sum_reg_reg[30]_i_23/CO[3]
                         net (fo=118, unplaced)       0.227     3.021    u_softmax/u_accuracy/u_sum/larger_significand1
                         LUT5 (Prop_LUT5_I4_O)        0.038     3.059 f  u_softmax/u_accuracy/u_sum/out_sum_reg[30]_i_115/O
                         net (fo=3, unplaced)         0.238     3.297    u_softmax/u_accuracy/u_sum/out_sum_reg[30]_i_115_n_0
                         LUT6 (Prop_LUT6_I2_O)        0.038     3.335 r  u_softmax/u_accuracy/u_sum/out_sum_reg[30]_i_117/O
                         net (fo=2, unplaced)         0.232     3.567    u_softmax/u_accuracy/u_sum/out_sum_reg[30]_i_117_n_0
                         LUT6 (Prop_LUT6_I1_O)        0.038     3.605 f  u_softmax/u_accuracy/u_sum/out_sum_reg[30]_i_72/O
                         net (fo=40, unplaced)        0.297     3.902    u_softmax/u_accuracy/u_sum/out_sum_reg[30]_i_72_n_0
                         LUT6 (Prop_LUT6_I2_O)        0.038     3.940 f  u_softmax/u_accuracy/u_sum/out_sum_reg[25]_i_40/O
                         net (fo=4, unplaced)         0.245     4.185    u_softmax/u_accuracy/u_sum/out_sum_reg[25]_i_40_n_0
                         LUT6 (Prop_LUT6_I0_O)        0.038     4.223 f  u_softmax/u_accuracy/u_sum/out_sum_reg[14]_i_22/O
                         net (fo=3, unplaced)         0.238     4.461    u_softmax/u_accuracy/u_sum/out_sum_reg[14]_i_22_n_0
                         LUT3 (Prop_LUT3_I0_O)        0.038     4.499 f  u_softmax/u_accuracy/u_sum/out_sum_reg[14]_i_31/O
                         net (fo=2, unplaced)         0.232     4.731    u_softmax/u_accuracy/u_sum/out_sum_reg[14]_i_31_n_0
                         LUT2 (Prop_LUT2_I1_O)        0.038     4.769 r  u_softmax/u_accuracy/u_sum/out_sum_reg[25]_i_38/O
                         net (fo=2, unplaced)         0.232     5.001    u_softmax/u_accuracy/u_sum/out_sum_reg[25]_i_38_n_0
                         LUT6 (Prop_LUT6_I5_O)        0.037     5.038 r  u_softmax/u_accuracy/u_sum/out_sum_reg[6]_i_17/O
                         net (fo=1, unplaced)         0.023     5.061    u_softmax/u_accuracy/u_sum/out_sum_reg[6]_i_17_n_0
                         CARRY8 (Prop_CARRY8_S[1]_CO[7])
                                                      0.197     5.258 r  u_softmax/u_accuracy/u_sum/out_sum_reg_reg[6]_i_3/CO[7]
                         net (fo=1, unplaced)         0.005     5.263    u_softmax/u_accuracy/u_sum/out_sum_reg_reg[6]_i_3_n_0
                         CARRY8 (Prop_CARRY8_CI_CO[7])
                                                      0.022     5.285 r  u_softmax/u_accuracy/u_sum/out_sum_reg_reg[14]_i_3/CO[7]
                         net (fo=1, unplaced)         0.005     5.290    u_softmax/u_accuracy/u_sum/out_sum_reg_reg[14]_i_3_n_0
                         CARRY8 (Prop_CARRY8_CI_CO[7])
                                                      0.022     5.312 r  u_softmax/u_accuracy/u_sum/out_sum_reg_reg[25]_i_8/CO[7]
                         net (fo=1, unplaced)         0.005     5.317    u_softmax/u_accuracy/u_sum/out_sum_reg_reg[25]_i_8_n_0
                         CARRY8 (Prop_CARRY8_CI_CO[0])
                                                      0.052     5.369 r  u_softmax/u_accuracy/u_sum/out_sum_reg_reg[25]_i_4/CO[0]
                         net (fo=63, unplaced)        0.307     5.676    u_softmax/u_accuracy/u_sum/p_0_in
                         LUT5 (Prop_LUT5_I4_O)        0.038     5.714 r  u_softmax/u_accuracy/u_sum/out_sum_reg[27]_i_5/O
                         net (fo=2, unplaced)         0.232     5.946    u_softmax/u_accuracy/u_sum/out_sum_reg[27]_i_5_n_0
                         LUT6 (Prop_LUT6_I2_O)        0.038     5.984 r  u_softmax/u_accuracy/u_sum/out_sum_reg[27]_i_2/O
                         net (fo=4, unplaced)         0.245     6.229    u_softmax/u_accuracy/u_sum/out_sum_reg[27]_i_2_n_0
                         LUT6 (Prop_LUT6_I2_O)        0.038     6.267 r  u_softmax/u_accuracy/u_sum/out_sum_reg[30]_i_22/O
                         net (fo=3, unplaced)         0.238     6.505    u_softmax/u_accuracy/u_sum/out_sum_reg[30]_i_22_n_0
                         LUT6 (Prop_LUT6_I2_O)        0.038     6.543 r  u_softmax/u_accuracy/u_sum/out_sum_reg[30]_i_5/O
                         net (fo=3, unplaced)         0.192     6.735    u_softmax/u_accuracy/u_sum/out_sum_reg[30]_i_5_n_0
                         LUT6 (Prop_LUT6_I2_O)        0.090     6.825 r  u_softmax/u_accuracy/u_sum/out_sum_reg[30]_i_29/O
                         net (fo=3, unplaced)         0.238     7.063    u_softmax/u_accuracy/u_sum/out_sum_reg[30]_i_29_n_0
                         LUT6 (Prop_LUT6_I5_O)        0.038     7.101 f  u_softmax/u_accuracy/u_sum/out_sum_reg[30]_i_8/O
                         net (fo=27, unplaced)        0.288     7.389    u_softmax/u_accuracy/u_sum/out_sum_reg[30]_i_8_n_0
                         LUT6 (Prop_LUT6_I5_O)        0.038     7.427 r  u_softmax/u_accuracy/u_sum/out_sum_reg[16]_i_1/O
                         net (fo=1, unplaced)         0.048     7.475    u_softmax/u_accuracy/u_sum/out_sum_reg__0[16]
                         FDCE                                         r  u_softmax/u_accuracy/u_sum/out_sum_reg_reg[16]/D
  -------------------------------------------------------------------    -------------------

                         (clock core_clk rise edge)
                                                      6.666     6.666 r  
                                                      0.000     6.666 r  clk (IN)
                         net (fo=59650, unset)        0.000     6.666    u_softmax/u_accuracy/u_sum/clk
                         FDCE                                         r  u_softmax/u_accuracy/u_sum/out_sum_reg_reg[16]/C
                         clock pessimism              0.000     6.666    
                         clock uncertainty           -0.035     6.631    
                         FDCE (Setup_FDCE_C_D)        0.025     6.656    u_softmax/u_accuracy/u_sum/out_sum_reg_reg[16]
  -------------------------------------------------------------------
                         required time                          6.656    
                         arrival time                          -7.475    
  -------------------------------------------------------------------
                         slack                                 -0.819    

Slack (VIOLATED) :        -0.819ns  (required time - arrival time)
  Source:                 u_softmax/clear_local_reg/C
                            (rising edge-triggered cell FDCE clocked by core_clk  {rise@0.000ns fall@3.333ns period=6.666ns})
  Destination:            u_softmax/u_accuracy/u_sum/out_sum_reg_reg[17]/D
                            (rising edge-triggered cell FDCE clocked by core_clk  {rise@0.000ns fall@3.333ns period=6.666ns})
  Path Group:             core_clk
  Path Type:              Setup (Max at Slow Process Corner)
  Requirement:            6.666ns  (core_clk rise@6.666ns - core_clk rise@0.000ns)
  Data Path Delay:        7.475ns  (logic 1.481ns (19.813%)  route 5.994ns (80.187%))
  Logic Levels:           28  (CARRY8=5 LUT2=2 LUT3=4 LUT4=2 LUT5=4 LUT6=11)
  Clock Uncertainty:      0.035ns  ((TSJ^2 + TIJ^2)^1/2 + DJ) / 2 + PE
    Total System Jitter     (TSJ):    0.071ns
    Total Input Jitter      (TIJ):    0.000ns
    Discrete Jitter          (DJ):    0.000ns
    Phase Error              (PE):    0.000ns

    Location             Delay type                Incr(ns)  Path(ns)    Netlist Resource(s)
  -------------------------------------------------------------------    -------------------
                         (clock core_clk rise edge)
                                                      0.000     0.000 r  
                                                      0.000     0.000 r  clk (IN)
                         net (fo=59650, unset)        0.000     0.000    u_softmax/clk
                         FDCE                                         r  u_softmax/clear_local_reg/C
  -------------------------------------------------------------------    -------------------
                         FDCE (Prop_FDCE_C_Q)         0.077     0.077 f  u_softmax/clear_local_reg/Q
                         net (fo=524, unplaced)       0.309     0.386    u_softmax/u_accuracy/u_reciprocal/clear
                         LUT4 (Prop_LUT4_I3_O)        0.038     0.424 r  u_softmax/u_accuracy/u_reciprocal/in_ready_INST_0/O
                         net (fo=6, unplaced)         0.254     0.678    u_softmax/u_accuracy/reciprocal_in_ready
                         LUT3 (Prop_LUT3_I2_O)        0.038     0.716 r  u_softmax/u_accuracy/slot_sum[2][30]_i_3/O
                         net (fo=5, unplaced)         0.250     0.966    u_softmax/u_accuracy/p_23_in
                         LUT5 (Prop_LUT5_I4_O)        0.038     1.004 r  u_softmax/u_accuracy/u_sum_i_34/O
                         net (fo=31, unplaced)        0.291     1.295    u_softmax/u_accuracy/add_bypass_same_slot
                         LUT3 (Prop_LUT3_I1_O)        0.038     1.333 r  u_softmax/u_accuracy/u_sum_i_8/O
                         net (fo=41, unplaced)        0.297     1.630    u_softmax/u_accuracy/u_sum/in_a_fp32[24]
                         LUT4 (Prop_LUT4_I3_O)        0.038     1.668 r  u_softmax/u_accuracy/u_sum/out_sum_reg[25]_i_11/O
                         net (fo=2, unplaced)         0.232     1.900    u_softmax/u_accuracy/u_sum/out_sum_reg[25]_i_11_n_0
                         LUT5 (Prop_LUT5_I1_O)        0.038     1.938 r  u_softmax/u_accuracy/u_sum/out_sum_reg[25]_i_6/O
                         net (fo=6, unplaced)         0.254     2.192    u_softmax/u_accuracy/u_sum/out_sum_reg[25]_i_6_n_0
                         LUT2 (Prop_LUT2_I0_O)        0.038     2.230 f  u_softmax/u_accuracy/u_sum/out_sum_reg[30]_i_74/O
                         net (fo=109, unplaced)       0.320     2.550    u_softmax/u_accuracy/u_sum/out_sum_reg[30]_i_74_n_0
                         LUT3 (Prop_LUT3_I2_O)        0.038     2.588 r  u_softmax/u_accuracy/u_sum/out_sum_reg[30]_i_57/O
                         net (fo=1, unplaced)         0.020     2.608    u_softmax/u_accuracy/u_sum/out_sum_reg[30]_i_57_n_0
                         CARRY8 (Prop_CARRY8_S[0]_CO[3])
                                                      0.186     2.794 r  u_softmax/u_accuracy/u_sum/out_sum_reg_reg[30]_i_23/CO[3]
                         net (fo=118, unplaced)       0.227     3.021    u_softmax/u_accuracy/u_sum/larger_significand1
                         LUT5 (Prop_LUT5_I4_O)        0.038     3.059 f  u_softmax/u_accuracy/u_sum/out_sum_reg[30]_i_115/O
                         net (fo=3, unplaced)         0.238     3.297    u_softmax/u_accuracy/u_sum/out_sum_reg[30]_i_115_n_0
                         LUT6 (Prop_LUT6_I2_O)        0.038     3.335 r  u_softmax/u_accuracy/u_sum/out_sum_reg[30]_i_117/O
                         net (fo=2, unplaced)         0.232     3.567    u_softmax/u_accuracy/u_sum/out_sum_reg[30]_i_117_n_0
                         LUT6 (Prop_LUT6_I1_O)        0.038     3.605 f  u_softmax/u_accuracy/u_sum/out_sum_reg[30]_i_72/O
                         net (fo=40, unplaced)        0.297     3.902    u_softmax/u_accuracy/u_sum/out_sum_reg[30]_i_72_n_0
                         LUT6 (Prop_LUT6_I2_O)        0.038     3.940 f  u_softmax/u_accuracy/u_sum/out_sum_reg[25]_i_40/O
                         net (fo=4, unplaced)         0.245     4.185    u_softmax/u_accuracy/u_sum/out_sum_reg[25]_i_40_n_0
                         LUT6 (Prop_LUT6_I0_O)        0.038     4.223 f  u_softmax/u_accuracy/u_sum/out_sum_reg[14]_i_22/O
                         net (fo=3, unplaced)         0.238     4.461    u_softmax/u_accuracy/u_sum/out_sum_reg[14]_i_22_n_0
                         LUT3 (Prop_LUT3_I0_O)        0.038     4.499 f  u_softmax/u_accuracy/u_sum/out_sum_reg[14]_i_31/O
                         net (fo=2, unplaced)         0.232     4.731    u_softmax/u_accuracy/u_sum/out_sum_reg[14]_i_31_n_0
                         LUT2 (Prop_LUT2_I1_O)        0.038     4.769 r  u_softmax/u_accuracy/u_sum/out_sum_reg[25]_i_38/O
                         net (fo=2, unplaced)         0.232     5.001    u_softmax/u_accuracy/u_sum/out_sum_reg[25]_i_38_n_0
                         LUT6 (Prop_LUT6_I5_O)        0.037     5.038 r  u_softmax/u_accuracy/u_sum/out_sum_reg[6]_i_17/O
                         net (fo=1, unplaced)         0.023     5.061    u_softmax/u_accuracy/u_sum/out_sum_reg[6]_i_17_n_0
                         CARRY8 (Prop_CARRY8_S[1]_CO[7])
                                                      0.197     5.258 r  u_softmax/u_accuracy/u_sum/out_sum_reg_reg[6]_i_3/CO[7]
                         net (fo=1, unplaced)         0.005     5.263    u_softmax/u_accuracy/u_sum/out_sum_reg_reg[6]_i_3_n_0
                         CARRY8 (Prop_CARRY8_CI_CO[7])
                                                      0.022     5.285 r  u_softmax/u_accuracy/u_sum/out_sum_reg_reg[14]_i_3/CO[7]
                         net (fo=1, unplaced)         0.005     5.290    u_softmax/u_accuracy/u_sum/out_sum_reg_reg[14]_i_3_n_0
                         CARRY8 (Prop_CARRY8_CI_CO[7])
                                                      0.022     5.312 r  u_softmax/u_accuracy/u_sum/out_sum_reg_reg[25]_i_8/CO[7]
                         net (fo=1, unplaced)         0.005     5.317    u_softmax/u_accuracy/u_sum/out_sum_reg_reg[25]_i_8_n_0
                         CARRY8 (Prop_CARRY8_CI_CO[0])
                                                      0.052     5.369 r  u_softmax/u_accuracy/u_sum/out_sum_reg_reg[25]_i_4/CO[0]
                         net (fo=63, unplaced)        0.307     5.676    u_softmax/u_accuracy/u_sum/p_0_in
                         LUT5 (Prop_LUT5_I4_O)        0.038     5.714 r  u_softmax/u_accuracy/u_sum/out_sum_reg[27]_i_5/O
                         net (fo=2, unplaced)         0.232     5.946    u_softmax/u_accuracy/u_sum/out_sum_reg[27]_i_5_n_0
                         LUT6 (Prop_LUT6_I2_O)        0.038     5.984 r  u_softmax/u_accuracy/u_sum/out_sum_reg[27]_i_2/O
                         net (fo=4, unplaced)         0.245     6.229    u_softmax/u_accuracy/u_sum/out_sum_reg[27]_i_2_n_0
                         LUT6 (Prop_LUT6_I2_O)        0.038     6.267 r  u_softmax/u_accuracy/u_sum/out_sum_reg[30]_i_22/O
                         net (fo=3, unplaced)         0.238     6.505    u_softmax/u_accuracy/u_sum/out_sum_reg[30]_i_22_n_0
                         LUT6 (Prop_LUT6_I2_O)        0.038     6.543 r  u_softmax/u_accuracy/u_sum/out_sum_reg[30]_i_5/O
                         net (fo=3, unplaced)         0.192     6.735    u_softmax/u_accuracy/u_sum/out_sum_reg[30]_i_5_n_0
                         LUT6 (Prop_LUT6_I2_O)        0.090     6.825 r  u_softmax/u_accuracy/u_sum/out_sum_reg[30]_i_29/O
                         net (fo=3, unplaced)         0.238     7.063    u_softmax/u_accuracy/u_sum/out_sum_reg[30]_i_29_n_0
                         LUT6 (Prop_LUT6_I5_O)        0.038     7.101 f  u_softmax/u_accuracy/u_sum/out_sum_reg[30]_i_8/O
                         net (fo=27, unplaced)        0.288     7.389    u_softmax/u_accuracy/u_sum/out_sum_reg[30]_i_8_n_0
                         LUT6 (Prop_LUT6_I5_O)        0.038     7.427 r  u_softmax/u_accuracy/u_sum/out_sum_reg[17]_i_1/O
                         net (fo=1, unplaced)         0.048     7.475    u_softmax/u_accuracy/u_sum/out_sum_reg__0[17]
                         FDCE                                         r  u_softmax/u_accuracy/u_sum/out_sum_reg_reg[17]/D
  -------------------------------------------------------------------    -------------------

                         (clock core_clk rise edge)
                                                      6.666     6.666 r  
                                                      0.000     6.666 r  clk (IN)
                         net (fo=59650, unset)        0.000     6.666    u_softmax/u_accuracy/u_sum/clk
                         FDCE                                         r  u_softmax/u_accuracy/u_sum/out_sum_reg_reg[17]/C
                         clock pessimism              0.000     6.666    
                         clock uncertainty           -0.035     6.631    
                         FDCE (Setup_FDCE_C_D)        0.025     6.656    u_softmax/u_accuracy/u_sum/out_sum_reg_reg[17]
  -------------------------------------------------------------------
                         required time                          6.656    
                         arrival time                          -7.475    
  -------------------------------------------------------------------
                         slack                                 -0.819    

Slack (VIOLATED) :        -0.819ns  (required time - arrival time)
  Source:                 u_softmax/clear_local_reg/C
                            (rising edge-triggered cell FDCE clocked by core_clk  {rise@0.000ns fall@3.333ns period=6.666ns})
  Destination:            u_softmax/u_accuracy/u_sum/out_sum_reg_reg[18]/D
                            (rising edge-triggered cell FDCE clocked by core_clk  {rise@0.000ns fall@3.333ns period=6.666ns})
  Path Group:             core_clk
  Path Type:              Setup (Max at Slow Process Corner)
  Requirement:            6.666ns  (core_clk rise@6.666ns - core_clk rise@0.000ns)
  Data Path Delay:        7.475ns  (logic 1.481ns (19.813%)  route 5.994ns (80.187%))
  Logic Levels:           28  (CARRY8=5 LUT2=2 LUT3=4 LUT4=2 LUT5=4 LUT6=11)
  Clock Uncertainty:      0.035ns  ((TSJ^2 + TIJ^2)^1/2 + DJ) / 2 + PE
    Total System Jitter     (TSJ):    0.071ns
    Total Input Jitter      (TIJ):    0.000ns
    Discrete Jitter          (DJ):    0.000ns
    Phase Error              (PE):    0.000ns

    Location             Delay type                Incr(ns)  Path(ns)    Netlist Resource(s)
  -------------------------------------------------------------------    -------------------
                         (clock core_clk rise edge)
                                                      0.000     0.000 r  
                                                      0.000     0.000 r  clk (IN)
                         net (fo=59650, unset)        0.000     0.000    u_softmax/clk
                         FDCE                                         r  u_softmax/clear_local_reg/C
  -------------------------------------------------------------------    -------------------
                         FDCE (Prop_FDCE_C_Q)         0.077     0.077 f  u_softmax/clear_local_reg/Q
                         net (fo=524, unplaced)       0.309     0.386    u_softmax/u_accuracy/u_reciprocal/clear
                         LUT4 (Prop_LUT4_I3_O)        0.038     0.424 r  u_softmax/u_accuracy/u_reciprocal/in_ready_INST_0/O
                         net (fo=6, unplaced)         0.254     0.678    u_softmax/u_accuracy/reciprocal_in_ready
                         LUT3 (Prop_LUT3_I2_O)        0.038     0.716 r  u_softmax/u_accuracy/slot_sum[2][30]_i_3/O
                         net (fo=5, unplaced)         0.250     0.966    u_softmax/u_accuracy/p_23_in
                         LUT5 (Prop_LUT5_I4_O)        0.038     1.004 r  u_softmax/u_accuracy/u_sum_i_34/O
                         net (fo=31, unplaced)        0.291     1.295    u_softmax/u_accuracy/add_bypass_same_slot
                         LUT3 (Prop_LUT3_I1_O)        0.038     1.333 r  u_softmax/u_accuracy/u_sum_i_8/O
                         net (fo=41, unplaced)        0.297     1.630    u_softmax/u_accuracy/u_sum/in_a_fp32[24]
                         LUT4 (Prop_LUT4_I3_O)        0.038     1.668 r  u_softmax/u_accuracy/u_sum/out_sum_reg[25]_i_11/O
                         net (fo=2, unplaced)         0.232     1.900    u_softmax/u_accuracy/u_sum/out_sum_reg[25]_i_11_n_0
                         LUT5 (Prop_LUT5_I1_O)        0.038     1.938 r  u_softmax/u_accuracy/u_sum/out_sum_reg[25]_i_6/O
                         net (fo=6, unplaced)         0.254     2.192    u_softmax/u_accuracy/u_sum/out_sum_reg[25]_i_6_n_0
                         LUT2 (Prop_LUT2_I0_O)        0.038     2.230 f  u_softmax/u_accuracy/u_sum/out_sum_reg[30]_i_74/O
                         net (fo=109, unplaced)       0.320     2.550    u_softmax/u_accuracy/u_sum/out_sum_reg[30]_i_74_n_0
                         LUT3 (Prop_LUT3_I2_O)        0.038     2.588 r  u_softmax/u_accuracy/u_sum/out_sum_reg[30]_i_57/O
                         net (fo=1, unplaced)         0.020     2.608    u_softmax/u_accuracy/u_sum/out_sum_reg[30]_i_57_n_0
                         CARRY8 (Prop_CARRY8_S[0]_CO[3])
                                                      0.186     2.794 r  u_softmax/u_accuracy/u_sum/out_sum_reg_reg[30]_i_23/CO[3]
                         net (fo=118, unplaced)       0.227     3.021    u_softmax/u_accuracy/u_sum/larger_significand1
                         LUT5 (Prop_LUT5_I4_O)        0.038     3.059 f  u_softmax/u_accuracy/u_sum/out_sum_reg[30]_i_115/O
                         net (fo=3, unplaced)         0.238     3.297    u_softmax/u_accuracy/u_sum/out_sum_reg[30]_i_115_n_0
                         LUT6 (Prop_LUT6_I2_O)        0.038     3.335 r  u_softmax/u_accuracy/u_sum/out_sum_reg[30]_i_117/O
                         net (fo=2, unplaced)         0.232     3.567    u_softmax/u_accuracy/u_sum/out_sum_reg[30]_i_117_n_0
                         LUT6 (Prop_LUT6_I1_O)        0.038     3.605 f  u_softmax/u_accuracy/u_sum/out_sum_reg[30]_i_72/O
                         net (fo=40, unplaced)        0.297     3.902    u_softmax/u_accuracy/u_sum/out_sum_reg[30]_i_72_n_0
                         LUT6 (Prop_LUT6_I2_O)        0.038     3.940 f  u_softmax/u_accuracy/u_sum/out_sum_reg[25]_i_40/O
                         net (fo=4, unplaced)         0.245     4.185    u_softmax/u_accuracy/u_sum/out_sum_reg[25]_i_40_n_0
                         LUT6 (Prop_LUT6_I0_O)        0.038     4.223 f  u_softmax/u_accuracy/u_sum/out_sum_reg[14]_i_22/O
                         net (fo=3, unplaced)         0.238     4.461    u_softmax/u_accuracy/u_sum/out_sum_reg[14]_i_22_n_0
                         LUT3 (Prop_LUT3_I0_O)        0.038     4.499 f  u_softmax/u_accuracy/u_sum/out_sum_reg[14]_i_31/O
                         net (fo=2, unplaced)         0.232     4.731    u_softmax/u_accuracy/u_sum/out_sum_reg[14]_i_31_n_0
                         LUT2 (Prop_LUT2_I1_O)        0.038     4.769 r  u_softmax/u_accuracy/u_sum/out_sum_reg[25]_i_38/O
                         net (fo=2, unplaced)         0.232     5.001    u_softmax/u_accuracy/u_sum/out_sum_reg[25]_i_38_n_0
                         LUT6 (Prop_LUT6_I5_O)        0.037     5.038 r  u_softmax/u_accuracy/u_sum/out_sum_reg[6]_i_17/O
                         net (fo=1, unplaced)         0.023     5.061    u_softmax/u_accuracy/u_sum/out_sum_reg[6]_i_17_n_0
                         CARRY8 (Prop_CARRY8_S[1]_CO[7])
                                                      0.197     5.258 r  u_softmax/u_accuracy/u_sum/out_sum_reg_reg[6]_i_3/CO[7]
                         net (fo=1, unplaced)         0.005     5.263    u_softmax/u_accuracy/u_sum/out_sum_reg_reg[6]_i_3_n_0
                         CARRY8 (Prop_CARRY8_CI_CO[7])
                                                      0.022     5.285 r  u_softmax/u_accuracy/u_sum/out_sum_reg_reg[14]_i_3/CO[7]
                         net (fo=1, unplaced)         0.005     5.290    u_softmax/u_accuracy/u_sum/out_sum_reg_reg[14]_i_3_n_0
                         CARRY8 (Prop_CARRY8_CI_CO[7])
                                                      0.022     5.312 r  u_softmax/u_accuracy/u_sum/out_sum_reg_reg[25]_i_8/CO[7]
                         net (fo=1, unplaced)         0.005     5.317    u_softmax/u_accuracy/u_sum/out_sum_reg_reg[25]_i_8_n_0
                         CARRY8 (Prop_CARRY8_CI_CO[0])
                                                      0.052     5.369 r  u_softmax/u_accuracy/u_sum/out_sum_reg_reg[25]_i_4/CO[0]
                         net (fo=63, unplaced)        0.307     5.676    u_softmax/u_accuracy/u_sum/p_0_in
                         LUT5 (Prop_LUT5_I4_O)        0.038     5.714 r  u_softmax/u_accuracy/u_sum/out_sum_reg[27]_i_5/O
                         net (fo=2, unplaced)         0.232     5.946    u_softmax/u_accuracy/u_sum/out_sum_reg[27]_i_5_n_0
                         LUT6 (Prop_LUT6_I2_O)        0.038     5.984 r  u_softmax/u_accuracy/u_sum/out_sum_reg[27]_i_2/O
                         net (fo=4, unplaced)         0.245     6.229    u_softmax/u_accuracy/u_sum/out_sum_reg[27]_i_2_n_0
                         LUT6 (Prop_LUT6_I2_O)        0.038     6.267 r  u_softmax/u_accuracy/u_sum/out_sum_reg[30]_i_22/O
                         net (fo=3, unplaced)         0.238     6.505    u_softmax/u_accuracy/u_sum/out_sum_reg[30]_i_22_n_0
                         LUT6 (Prop_LUT6_I2_O)        0.038     6.543 r  u_softmax/u_accuracy/u_sum/out_sum_reg[30]_i_5/O
                         net (fo=3, unplaced)         0.192     6.735    u_softmax/u_accuracy/u_sum/out_sum_reg[30]_i_5_n_0
                         LUT6 (Prop_LUT6_I2_O)        0.090     6.825 r  u_softmax/u_accuracy/u_sum/out_sum_reg[30]_i_29/O
                         net (fo=3, unplaced)         0.238     7.063    u_softmax/u_accuracy/u_sum/out_sum_reg[30]_i_29_n_0
                         LUT6 (Prop_LUT6_I5_O)        0.038     7.101 f  u_softmax/u_accuracy/u_sum/out_sum_reg[30]_i_8/O
                         net (fo=27, unplaced)        0.288     7.389    u_softmax/u_accuracy/u_sum/out_sum_reg[30]_i_8_n_0
                         LUT6 (Prop_LUT6_I5_O)        0.038     7.427 r  u_softmax/u_accuracy/u_sum/out_sum_reg[18]_i_1/O
                         net (fo=1, unplaced)         0.048     7.475    u_softmax/u_accuracy/u_sum/out_sum_reg__0[18]
                         FDCE                                         r  u_softmax/u_accuracy/u_sum/out_sum_reg_reg[18]/D
  -------------------------------------------------------------------    -------------------

                         (clock core_clk rise edge)
                                                      6.666     6.666 r  
                                                      0.000     6.666 r  clk (IN)
                         net (fo=59650, unset)        0.000     6.666    u_softmax/u_accuracy/u_sum/clk
                         FDCE                                         r  u_softmax/u_accuracy/u_sum/out_sum_reg_reg[18]/C
                         clock pessimism              0.000     6.666    
                         clock uncertainty           -0.035     6.631    
                         FDCE (Setup_FDCE_C_D)        0.025     6.656    u_softmax/u_accuracy/u_sum/out_sum_reg_reg[18]
  -------------------------------------------------------------------
                         required time                          6.656    
                         arrival time                          -7.475    
  -------------------------------------------------------------------
                         slack                                 -0.819    

Slack (VIOLATED) :        -0.819ns  (required time - arrival time)
  Source:                 u_softmax/clear_local_reg/C
                            (rising edge-triggered cell FDCE clocked by core_clk  {rise@0.000ns fall@3.333ns period=6.666ns})
  Destination:            u_softmax/u_accuracy/u_sum/out_sum_reg_reg[19]/D
                            (rising edge-triggered cell FDCE clocked by core_clk  {rise@0.000ns fall@3.333ns period=6.666ns})
  Path Group:             core_clk
  Path Type:              Setup (Max at Slow Process Corner)
  Requirement:            6.666ns  (core_clk rise@6.666ns - core_clk rise@0.000ns)
  Data Path Delay:        7.475ns  (logic 1.481ns (19.813%)  route 5.994ns (80.187%))
  Logic Levels:           28  (CARRY8=5 LUT2=2 LUT3=4 LUT4=2 LUT5=4 LUT6=11)
  Clock Uncertainty:      0.035ns  ((TSJ^2 + TIJ^2)^1/2 + DJ) / 2 + PE
    Total System Jitter     (TSJ):    0.071ns
    Total Input Jitter      (TIJ):    0.000ns
    Discrete Jitter          (DJ):    0.000ns
    Phase Error              (PE):    0.000ns

    Location             Delay type                Incr(ns)  Path(ns)    Netlist Resource(s)
  -------------------------------------------------------------------    -------------------
                         (clock core_clk rise edge)
                                                      0.000     0.000 r  
                                                      0.000     0.000 r  clk (IN)
                         net (fo=59650, unset)        0.000     0.000    u_softmax/clk
                         FDCE                                         r  u_softmax/clear_local_reg/C
  -------------------------------------------------------------------    -------------------
                         FDCE (Prop_FDCE_C_Q)         0.077     0.077 f  u_softmax/clear_local_reg/Q
                         net (fo=524, unplaced)       0.309     0.386    u_softmax/u_accuracy/u_reciprocal/clear
                         LUT4 (Prop_LUT4_I3_O)        0.038     0.424 r  u_softmax/u_accuracy/u_reciprocal/in_ready_INST_0/O
                         net (fo=6, unplaced)         0.254     0.678    u_softmax/u_accuracy/reciprocal_in_ready
                         LUT3 (Prop_LUT3_I2_O)        0.038     0.716 r  u_softmax/u_accuracy/slot_sum[2][30]_i_3/O
                         net (fo=5, unplaced)         0.250     0.966    u_softmax/u_accuracy/p_23_in
                         LUT5 (Prop_LUT5_I4_O)        0.038     1.004 r  u_softmax/u_accuracy/u_sum_i_34/O
                         net (fo=31, unplaced)        0.291     1.295    u_softmax/u_accuracy/add_bypass_same_slot
                         LUT3 (Prop_LUT3_I1_O)        0.038     1.333 r  u_softmax/u_accuracy/u_sum_i_8/O
                         net (fo=41, unplaced)        0.297     1.630    u_softmax/u_accuracy/u_sum/in_a_fp32[24]
                         LUT4 (Prop_LUT4_I3_O)        0.038     1.668 r  u_softmax/u_accuracy/u_sum/out_sum_reg[25]_i_11/O
                         net (fo=2, unplaced)         0.232     1.900    u_softmax/u_accuracy/u_sum/out_sum_reg[25]_i_11_n_0
                         LUT5 (Prop_LUT5_I1_O)        0.038     1.938 r  u_softmax/u_accuracy/u_sum/out_sum_reg[25]_i_6/O
                         net (fo=6, unplaced)         0.254     2.192    u_softmax/u_accuracy/u_sum/out_sum_reg[25]_i_6_n_0
                         LUT2 (Prop_LUT2_I0_O)        0.038     2.230 f  u_softmax/u_accuracy/u_sum/out_sum_reg[30]_i_74/O
                         net (fo=109, unplaced)       0.320     2.550    u_softmax/u_accuracy/u_sum/out_sum_reg[30]_i_74_n_0
                         LUT3 (Prop_LUT3_I2_O)        0.038     2.588 r  u_softmax/u_accuracy/u_sum/out_sum_reg[30]_i_57/O
                         net (fo=1, unplaced)         0.020     2.608    u_softmax/u_accuracy/u_sum/out_sum_reg[30]_i_57_n_0
                         CARRY8 (Prop_CARRY8_S[0]_CO[3])
                                                      0.186     2.794 r  u_softmax/u_accuracy/u_sum/out_sum_reg_reg[30]_i_23/CO[3]
                         net (fo=118, unplaced)       0.227     3.021    u_softmax/u_accuracy/u_sum/larger_significand1
                         LUT5 (Prop_LUT5_I4_O)        0.038     3.059 f  u_softmax/u_accuracy/u_sum/out_sum_reg[30]_i_115/O
                         net (fo=3, unplaced)         0.238     3.297    u_softmax/u_accuracy/u_sum/out_sum_reg[30]_i_115_n_0
                         LUT6 (Prop_LUT6_I2_O)        0.038     3.335 r  u_softmax/u_accuracy/u_sum/out_sum_reg[30]_i_117/O
                         net (fo=2, unplaced)         0.232     3.567    u_softmax/u_accuracy/u_sum/out_sum_reg[30]_i_117_n_0
                         LUT6 (Prop_LUT6_I1_O)        0.038     3.605 f  u_softmax/u_accuracy/u_sum/out_sum_reg[30]_i_72/O
                         net (fo=40, unplaced)        0.297     3.902    u_softmax/u_accuracy/u_sum/out_sum_reg[30]_i_72_n_0
                         LUT6 (Prop_LUT6_I2_O)        0.038     3.940 f  u_softmax/u_accuracy/u_sum/out_sum_reg[25]_i_40/O
                         net (fo=4, unplaced)         0.245     4.185    u_softmax/u_accuracy/u_sum/out_sum_reg[25]_i_40_n_0
                         LUT6 (Prop_LUT6_I0_O)        0.038     4.223 f  u_softmax/u_accuracy/u_sum/out_sum_reg[14]_i_22/O
                         net (fo=3, unplaced)         0.238     4.461    u_softmax/u_accuracy/u_sum/out_sum_reg[14]_i_22_n_0
                         LUT3 (Prop_LUT3_I0_O)        0.038     4.499 f  u_softmax/u_accuracy/u_sum/out_sum_reg[14]_i_31/O
                         net (fo=2, unplaced)         0.232     4.731    u_softmax/u_accuracy/u_sum/out_sum_reg[14]_i_31_n_0
                         LUT2 (Prop_LUT2_I1_O)        0.038     4.769 r  u_softmax/u_accuracy/u_sum/out_sum_reg[25]_i_38/O
                         net (fo=2, unplaced)         0.232     5.001    u_softmax/u_accuracy/u_sum/out_sum_reg[25]_i_38_n_0
                         LUT6 (Prop_LUT6_I5_O)        0.037     5.038 r  u_softmax/u_accuracy/u_sum/out_sum_reg[6]_i_17/O
                         net (fo=1, unplaced)         0.023     5.061    u_softmax/u_accuracy/u_sum/out_sum_reg[6]_i_17_n_0
                         CARRY8 (Prop_CARRY8_S[1]_CO[7])
                                                      0.197     5.258 r  u_softmax/u_accuracy/u_sum/out_sum_reg_reg[6]_i_3/CO[7]
                         net (fo=1, unplaced)         0.005     5.263    u_softmax/u_accuracy/u_sum/out_sum_reg_reg[6]_i_3_n_0
                         CARRY8 (Prop_CARRY8_CI_CO[7])
                                                      0.022     5.285 r  u_softmax/u_accuracy/u_sum/out_sum_reg_reg[14]_i_3/CO[7]
                         net (fo=1, unplaced)         0.005     5.290    u_softmax/u_accuracy/u_sum/out_sum_reg_reg[14]_i_3_n_0
                         CARRY8 (Prop_CARRY8_CI_CO[7])
                                                      0.022     5.312 r  u_softmax/u_accuracy/u_sum/out_sum_reg_reg[25]_i_8/CO[7]
                         net (fo=1, unplaced)         0.005     5.317    u_softmax/u_accuracy/u_sum/out_sum_reg_reg[25]_i_8_n_0
                         CARRY8 (Prop_CARRY8_CI_CO[0])
                                                      0.052     5.369 r  u_softmax/u_accuracy/u_sum/out_sum_reg_reg[25]_i_4/CO[0]
                         net (fo=63, unplaced)        0.307     5.676    u_softmax/u_accuracy/u_sum/p_0_in
                         LUT5 (Prop_LUT5_I4_O)        0.038     5.714 r  u_softmax/u_accuracy/u_sum/out_sum_reg[27]_i_5/O
                         net (fo=2, unplaced)         0.232     5.946    u_softmax/u_accuracy/u_sum/out_sum_reg[27]_i_5_n_0
                         LUT6 (Prop_LUT6_I2_O)        0.038     5.984 r  u_softmax/u_accuracy/u_sum/out_sum_reg[27]_i_2/O
                         net (fo=4, unplaced)         0.245     6.229    u_softmax/u_accuracy/u_sum/out_sum_reg[27]_i_2_n_0
                         LUT6 (Prop_LUT6_I2_O)        0.038     6.267 r  u_softmax/u_accuracy/u_sum/out_sum_reg[30]_i_22/O
                         net (fo=3, unplaced)         0.238     6.505    u_softmax/u_accuracy/u_sum/out_sum_reg[30]_i_22_n_0
                         LUT6 (Prop_LUT6_I2_O)        0.038     6.543 r  u_softmax/u_accuracy/u_sum/out_sum_reg[30]_i_5/O
                         net (fo=3, unplaced)         0.192     6.735    u_softmax/u_accuracy/u_sum/out_sum_reg[30]_i_5_n_0
                         LUT6 (Prop_LUT6_I2_O)        0.090     6.825 r  u_softmax/u_accuracy/u_sum/out_sum_reg[30]_i_29/O
                         net (fo=3, unplaced)         0.238     7.063    u_softmax/u_accuracy/u_sum/out_sum_reg[30]_i_29_n_0
                         LUT6 (Prop_LUT6_I5_O)        0.038     7.101 f  u_softmax/u_accuracy/u_sum/out_sum_reg[30]_i_8/O
                         net (fo=27, unplaced)        0.288     7.389    u_softmax/u_accuracy/u_sum/out_sum_reg[30]_i_8_n_0
                         LUT6 (Prop_LUT6_I5_O)        0.038     7.427 r  u_softmax/u_accuracy/u_sum/out_sum_reg[19]_i_1/O
                         net (fo=1, unplaced)         0.048     7.475    u_softmax/u_accuracy/u_sum/out_sum_reg__0[19]
                         FDCE                                         r  u_softmax/u_accuracy/u_sum/out_sum_reg_reg[19]/D
  -------------------------------------------------------------------    -------------------

                         (clock core_clk rise edge)
                                                      6.666     6.666 r  
                                                      0.000     6.666 r  clk (IN)
                         net (fo=59650, unset)        0.000     6.666    u_softmax/u_accuracy/u_sum/clk
                         FDCE                                         r  u_softmax/u_accuracy/u_sum/out_sum_reg_reg[19]/C
                         clock pessimism              0.000     6.666    
                         clock uncertainty           -0.035     6.631    
                         FDCE (Setup_FDCE_C_D)        0.025     6.656    u_softmax/u_accuracy/u_sum/out_sum_reg_reg[19]
  -------------------------------------------------------------------
                         required time                          6.656    
                         arrival time                          -7.475    
  -------------------------------------------------------------------
                         slack                                 -0.819    

Slack (VIOLATED) :        -0.819ns  (required time - arrival time)
  Source:                 u_softmax/clear_local_reg/C
                            (rising edge-triggered cell FDCE clocked by core_clk  {rise@0.000ns fall@3.333ns period=6.666ns})
  Destination:            u_softmax/u_accuracy/u_sum/out_sum_reg_reg[1]/D
                            (rising edge-triggered cell FDCE clocked by core_clk  {rise@0.000ns fall@3.333ns period=6.666ns})
  Path Group:             core_clk
  Path Type:              Setup (Max at Slow Process Corner)
  Requirement:            6.666ns  (core_clk rise@6.666ns - core_clk rise@0.000ns)
  Data Path Delay:        7.475ns  (logic 1.481ns (19.813%)  route 5.994ns (80.187%))
  Logic Levels:           28  (CARRY8=5 LUT2=2 LUT3=4 LUT4=2 LUT5=5 LUT6=10)
  Clock Uncertainty:      0.035ns  ((TSJ^2 + TIJ^2)^1/2 + DJ) / 2 + PE
    Total System Jitter     (TSJ):    0.071ns
    Total Input Jitter      (TIJ):    0.000ns
    Discrete Jitter          (DJ):    0.000ns
    Phase Error              (PE):    0.000ns

    Location             Delay type                Incr(ns)  Path(ns)    Netlist Resource(s)
  -------------------------------------------------------------------    -------------------
                         (clock core_clk rise edge)
                                                      0.000     0.000 r  
                                                      0.000     0.000 r  clk (IN)
                         net (fo=59650, unset)        0.000     0.000    u_softmax/clk
                         FDCE                                         r  u_softmax/clear_local_reg/C
  -------------------------------------------------------------------    -------------------
                         FDCE (Prop_FDCE_C_Q)         0.077     0.077 f  u_softmax/clear_local_reg/Q
                         net (fo=524, unplaced)       0.309     0.386    u_softmax/u_accuracy/u_reciprocal/clear
                         LUT4 (Prop_LUT4_I3_O)        0.038     0.424 r  u_softmax/u_accuracy/u_reciprocal/in_ready_INST_0/O
                         net (fo=6, unplaced)         0.254     0.678    u_softmax/u_accuracy/reciprocal_in_ready
                         LUT3 (Prop_LUT3_I2_O)        0.038     0.716 r  u_softmax/u_accuracy/slot_sum[2][30]_i_3/O
                         net (fo=5, unplaced)         0.250     0.966    u_softmax/u_accuracy/p_23_in
                         LUT5 (Prop_LUT5_I4_O)        0.038     1.004 r  u_softmax/u_accuracy/u_sum_i_34/O
                         net (fo=31, unplaced)        0.291     1.295    u_softmax/u_accuracy/add_bypass_same_slot
                         LUT3 (Prop_LUT3_I1_O)        0.038     1.333 r  u_softmax/u_accuracy/u_sum_i_8/O
                         net (fo=41, unplaced)        0.297     1.630    u_softmax/u_accuracy/u_sum/in_a_fp32[24]
                         LUT4 (Prop_LUT4_I3_O)        0.038     1.668 r  u_softmax/u_accuracy/u_sum/out_sum_reg[25]_i_11/O
                         net (fo=2, unplaced)         0.232     1.900    u_softmax/u_accuracy/u_sum/out_sum_reg[25]_i_11_n_0
                         LUT5 (Prop_LUT5_I1_O)        0.038     1.938 r  u_softmax/u_accuracy/u_sum/out_sum_reg[25]_i_6/O
                         net (fo=6, unplaced)         0.254     2.192    u_softmax/u_accuracy/u_sum/out_sum_reg[25]_i_6_n_0
                         LUT2 (Prop_LUT2_I0_O)        0.038     2.230 f  u_softmax/u_accuracy/u_sum/out_sum_reg[30]_i_74/O
                         net (fo=109, unplaced)       0.320     2.550    u_softmax/u_accuracy/u_sum/out_sum_reg[30]_i_74_n_0
                         LUT3 (Prop_LUT3_I2_O)        0.038     2.588 r  u_softmax/u_accuracy/u_sum/out_sum_reg[30]_i_57/O
                         net (fo=1, unplaced)         0.020     2.608    u_softmax/u_accuracy/u_sum/out_sum_reg[30]_i_57_n_0
                         CARRY8 (Prop_CARRY8_S[0]_CO[3])
                                                      0.186     2.794 r  u_softmax/u_accuracy/u_sum/out_sum_reg_reg[30]_i_23/CO[3]
                         net (fo=118, unplaced)       0.227     3.021    u_softmax/u_accuracy/u_sum/larger_significand1
                         LUT5 (Prop_LUT5_I4_O)        0.038     3.059 f  u_softmax/u_accuracy/u_sum/out_sum_reg[30]_i_115/O
                         net (fo=3, unplaced)         0.238     3.297    u_softmax/u_accuracy/u_sum/out_sum_reg[30]_i_115_n_0
                         LUT6 (Prop_LUT6_I2_O)        0.038     3.335 r  u_softmax/u_accuracy/u_sum/out_sum_reg[30]_i_117/O
                         net (fo=2, unplaced)         0.232     3.567    u_softmax/u_accuracy/u_sum/out_sum_reg[30]_i_117_n_0
                         LUT6 (Prop_LUT6_I1_O)        0.038     3.605 f  u_softmax/u_accuracy/u_sum/out_sum_reg[30]_i_72/O
                         net (fo=40, unplaced)        0.297     3.902    u_softmax/u_accuracy/u_sum/out_sum_reg[30]_i_72_n_0
                         LUT6 (Prop_LUT6_I2_O)        0.038     3.940 f  u_softmax/u_accuracy/u_sum/out_sum_reg[25]_i_40/O
                         net (fo=4, unplaced)         0.245     4.185    u_softmax/u_accuracy/u_sum/out_sum_reg[25]_i_40_n_0
                         LUT6 (Prop_LUT6_I0_O)        0.038     4.223 f  u_softmax/u_accuracy/u_sum/out_sum_reg[14]_i_22/O
                         net (fo=3, unplaced)         0.238     4.461    u_softmax/u_accuracy/u_sum/out_sum_reg[14]_i_22_n_0
                         LUT3 (Prop_LUT3_I0_O)        0.038     4.499 f  u_softmax/u_accuracy/u_sum/out_sum_reg[14]_i_31/O
                         net (fo=2, unplaced)         0.232     4.731    u_softmax/u_accuracy/u_sum/out_sum_reg[14]_i_31_n_0
                         LUT2 (Prop_LUT2_I1_O)        0.038     4.769 r  u_softmax/u_accuracy/u_sum/out_sum_reg[25]_i_38/O
                         net (fo=2, unplaced)         0.232     5.001    u_softmax/u_accuracy/u_sum/out_sum_reg[25]_i_38_n_0
                         LUT6 (Prop_LUT6_I5_O)        0.037     5.038 r  u_softmax/u_accuracy/u_sum/out_sum_reg[6]_i_17/O
                         net (fo=1, unplaced)         0.023     5.061    u_softmax/u_accuracy/u_sum/out_sum_reg[6]_i_17_n_0
                         CARRY8 (Prop_CARRY8_S[1]_CO[7])
                                                      0.197     5.258 r  u_softmax/u_accuracy/u_sum/out_sum_reg_reg[6]_i_3/CO[7]
                         net (fo=1, unplaced)         0.005     5.263    u_softmax/u_accuracy/u_sum/out_sum_reg_reg[6]_i_3_n_0
                         CARRY8 (Prop_CARRY8_CI_CO[7])
                                                      0.022     5.285 r  u_softmax/u_accuracy/u_sum/out_sum_reg_reg[14]_i_3/CO[7]
                         net (fo=1, unplaced)         0.005     5.290    u_softmax/u_accuracy/u_sum/out_sum_reg_reg[14]_i_3_n_0
                         CARRY8 (Prop_CARRY8_CI_CO[7])
                                                      0.022     5.312 r  u_softmax/u_accuracy/u_sum/out_sum_reg_reg[25]_i_8/CO[7]
                         net (fo=1, unplaced)         0.005     5.317    u_softmax/u_accuracy/u_sum/out_sum_reg_reg[25]_i_8_n_0
                         CARRY8 (Prop_CARRY8_CI_CO[0])
                                                      0.052     5.369 r  u_softmax/u_accuracy/u_sum/out_sum_reg_reg[25]_i_4/CO[0]
                         net (fo=63, unplaced)        0.307     5.676    u_softmax/u_accuracy/u_sum/p_0_in
                         LUT5 (Prop_LUT5_I4_O)        0.038     5.714 r  u_softmax/u_accuracy/u_sum/out_sum_reg[27]_i_5/O
                         net (fo=2, unplaced)         0.232     5.946    u_softmax/u_accuracy/u_sum/out_sum_reg[27]_i_5_n_0
                         LUT6 (Prop_LUT6_I2_O)        0.038     5.984 r  u_softmax/u_accuracy/u_sum/out_sum_reg[27]_i_2/O
                         net (fo=4, unplaced)         0.245     6.229    u_softmax/u_accuracy/u_sum/out_sum_reg[27]_i_2_n_0
                         LUT6 (Prop_LUT6_I2_O)        0.038     6.267 r  u_softmax/u_accuracy/u_sum/out_sum_reg[30]_i_22/O
                         net (fo=3, unplaced)         0.238     6.505    u_softmax/u_accuracy/u_sum/out_sum_reg[30]_i_22_n_0
                         LUT6 (Prop_LUT6_I2_O)        0.038     6.543 r  u_softmax/u_accuracy/u_sum/out_sum_reg[30]_i_5/O
                         net (fo=3, unplaced)         0.192     6.735    u_softmax/u_accuracy/u_sum/out_sum_reg[30]_i_5_n_0
                         LUT6 (Prop_LUT6_I2_O)        0.090     6.825 r  u_softmax/u_accuracy/u_sum/out_sum_reg[30]_i_29/O
                         net (fo=3, unplaced)         0.238     7.063    u_softmax/u_accuracy/u_sum/out_sum_reg[30]_i_29_n_0
                         LUT6 (Prop_LUT6_I5_O)        0.038     7.101 f  u_softmax/u_accuracy/u_sum/out_sum_reg[30]_i_8/O
                         net (fo=27, unplaced)        0.288     7.389    u_softmax/u_accuracy/u_sum/out_sum_reg[30]_i_8_n_0
                         LUT5 (Prop_LUT5_I4_O)        0.038     7.427 r  u_softmax/u_accuracy/u_sum/out_sum_reg[1]_i_1/O
                         net (fo=1, unplaced)         0.048     7.475    u_softmax/u_accuracy/u_sum/out_sum_reg__0[1]
                         FDCE                                         r  u_softmax/u_accuracy/u_sum/out_sum_reg_reg[1]/D
  -------------------------------------------------------------------    -------------------

                         (clock core_clk rise edge)
                                                      6.666     6.666 r  
                                                      0.000     6.666 r  clk (IN)
                         net (fo=59650, unset)        0.000     6.666    u_softmax/u_accuracy/u_sum/clk
                         FDCE                                         r  u_softmax/u_accuracy/u_sum/out_sum_reg_reg[1]/C
                         clock pessimism              0.000     6.666    
                         clock uncertainty           -0.035     6.631    
                         FDCE (Setup_FDCE_C_D)        0.025     6.656    u_softmax/u_accuracy/u_sum/out_sum_reg_reg[1]
  -------------------------------------------------------------------
                         required time                          6.656    
                         arrival time                          -7.475    
  -------------------------------------------------------------------
                         slack                                 -0.819    

Slack (VIOLATED) :        -0.819ns  (required time - arrival time)
  Source:                 u_softmax/clear_local_reg/C
                            (rising edge-triggered cell FDCE clocked by core_clk  {rise@0.000ns fall@3.333ns period=6.666ns})
  Destination:            u_softmax/u_accuracy/u_sum/out_sum_reg_reg[20]/D
                            (rising edge-triggered cell FDCE clocked by core_clk  {rise@0.000ns fall@3.333ns period=6.666ns})
  Path Group:             core_clk
  Path Type:              Setup (Max at Slow Process Corner)
  Requirement:            6.666ns  (core_clk rise@6.666ns - core_clk rise@0.000ns)
  Data Path Delay:        7.475ns  (logic 1.481ns (19.813%)  route 5.994ns (80.187%))
  Logic Levels:           28  (CARRY8=5 LUT2=2 LUT3=4 LUT4=2 LUT5=4 LUT6=11)
  Clock Uncertainty:      0.035ns  ((TSJ^2 + TIJ^2)^1/2 + DJ) / 2 + PE
    Total System Jitter     (TSJ):    0.071ns
    Total Input Jitter      (TIJ):    0.000ns
    Discrete Jitter          (DJ):    0.000ns
    Phase Error              (PE):    0.000ns

    Location             Delay type                Incr(ns)  Path(ns)    Netlist Resource(s)
  -------------------------------------------------------------------    -------------------
                         (clock core_clk rise edge)
                                                      0.000     0.000 r  
                                                      0.000     0.000 r  clk (IN)
                         net (fo=59650, unset)        0.000     0.000    u_softmax/clk
                         FDCE                                         r  u_softmax/clear_local_reg/C
  -------------------------------------------------------------------    -------------------
                         FDCE (Prop_FDCE_C_Q)         0.077     0.077 f  u_softmax/clear_local_reg/Q
                         net (fo=524, unplaced)       0.309     0.386    u_softmax/u_accuracy/u_reciprocal/clear
                         LUT4 (Prop_LUT4_I3_O)        0.038     0.424 r  u_softmax/u_accuracy/u_reciprocal/in_ready_INST_0/O
                         net (fo=6, unplaced)         0.254     0.678    u_softmax/u_accuracy/reciprocal_in_ready
                         LUT3 (Prop_LUT3_I2_O)        0.038     0.716 r  u_softmax/u_accuracy/slot_sum[2][30]_i_3/O
                         net (fo=5, unplaced)         0.250     0.966    u_softmax/u_accuracy/p_23_in
                         LUT5 (Prop_LUT5_I4_O)        0.038     1.004 r  u_softmax/u_accuracy/u_sum_i_34/O
                         net (fo=31, unplaced)        0.291     1.295    u_softmax/u_accuracy/add_bypass_same_slot
                         LUT3 (Prop_LUT3_I1_O)        0.038     1.333 r  u_softmax/u_accuracy/u_sum_i_8/O
                         net (fo=41, unplaced)        0.297     1.630    u_softmax/u_accuracy/u_sum/in_a_fp32[24]
                         LUT4 (Prop_LUT4_I3_O)        0.038     1.668 r  u_softmax/u_accuracy/u_sum/out_sum_reg[25]_i_11/O
                         net (fo=2, unplaced)         0.232     1.900    u_softmax/u_accuracy/u_sum/out_sum_reg[25]_i_11_n_0
                         LUT5 (Prop_LUT5_I1_O)        0.038     1.938 r  u_softmax/u_accuracy/u_sum/out_sum_reg[25]_i_6/O
                         net (fo=6, unplaced)         0.254     2.192    u_softmax/u_accuracy/u_sum/out_sum_reg[25]_i_6_n_0
                         LUT2 (Prop_LUT2_I0_O)        0.038     2.230 f  u_softmax/u_accuracy/u_sum/out_sum_reg[30]_i_74/O
                         net (fo=109, unplaced)       0.320     2.550    u_softmax/u_accuracy/u_sum/out_sum_reg[30]_i_74_n_0
                         LUT3 (Prop_LUT3_I2_O)        0.038     2.588 r  u_softmax/u_accuracy/u_sum/out_sum_reg[30]_i_57/O
                         net (fo=1, unplaced)         0.020     2.608    u_softmax/u_accuracy/u_sum/out_sum_reg[30]_i_57_n_0
                         CARRY8 (Prop_CARRY8_S[0]_CO[3])
                                                      0.186     2.794 r  u_softmax/u_accuracy/u_sum/out_sum_reg_reg[30]_i_23/CO[3]
                         net (fo=118, unplaced)       0.227     3.021    u_softmax/u_accuracy/u_sum/larger_significand1
                         LUT5 (Prop_LUT5_I4_O)        0.038     3.059 f  u_softmax/u_accuracy/u_sum/out_sum_reg[30]_i_115/O
                         net (fo=3, unplaced)         0.238     3.297    u_softmax/u_accuracy/u_sum/out_sum_reg[30]_i_115_n_0
                         LUT6 (Prop_LUT6_I2_O)        0.038     3.335 r  u_softmax/u_accuracy/u_sum/out_sum_reg[30]_i_117/O
                         net (fo=2, unplaced)         0.232     3.567    u_softmax/u_accuracy/u_sum/out_sum_reg[30]_i_117_n_0
                         LUT6 (Prop_LUT6_I1_O)        0.038     3.605 f  u_softmax/u_accuracy/u_sum/out_sum_reg[30]_i_72/O
                         net (fo=40, unplaced)        0.297     3.902    u_softmax/u_accuracy/u_sum/out_sum_reg[30]_i_72_n_0
                         LUT6 (Prop_LUT6_I2_O)        0.038     3.940 f  u_softmax/u_accuracy/u_sum/out_sum_reg[25]_i_40/O
                         net (fo=4, unplaced)         0.245     4.185    u_softmax/u_accuracy/u_sum/out_sum_reg[25]_i_40_n_0
                         LUT6 (Prop_LUT6_I0_O)        0.038     4.223 f  u_softmax/u_accuracy/u_sum/out_sum_reg[14]_i_22/O
                         net (fo=3, unplaced)         0.238     4.461    u_softmax/u_accuracy/u_sum/out_sum_reg[14]_i_22_n_0
                         LUT3 (Prop_LUT3_I0_O)        0.038     4.499 f  u_softmax/u_accuracy/u_sum/out_sum_reg[14]_i_31/O
                         net (fo=2, unplaced)         0.232     4.731    u_softmax/u_accuracy/u_sum/out_sum_reg[14]_i_31_n_0
                         LUT2 (Prop_LUT2_I1_O)        0.038     4.769 r  u_softmax/u_accuracy/u_sum/out_sum_reg[25]_i_38/O
                         net (fo=2, unplaced)         0.232     5.001    u_softmax/u_accuracy/u_sum/out_sum_reg[25]_i_38_n_0
                         LUT6 (Prop_LUT6_I5_O)        0.037     5.038 r  u_softmax/u_accuracy/u_sum/out_sum_reg[6]_i_17/O
                         net (fo=1, unplaced)         0.023     5.061    u_softmax/u_accuracy/u_sum/out_sum_reg[6]_i_17_n_0
                         CARRY8 (Prop_CARRY8_S[1]_CO[7])
                                                      0.197     5.258 r  u_softmax/u_accuracy/u_sum/out_sum_reg_reg[6]_i_3/CO[7]
                         net (fo=1, unplaced)         0.005     5.263    u_softmax/u_accuracy/u_sum/out_sum_reg_reg[6]_i_3_n_0
                         CARRY8 (Prop_CARRY8_CI_CO[7])
                                                      0.022     5.285 r  u_softmax/u_accuracy/u_sum/out_sum_reg_reg[14]_i_3/CO[7]
                         net (fo=1, unplaced)         0.005     5.290    u_softmax/u_accuracy/u_sum/out_sum_reg_reg[14]_i_3_n_0
                         CARRY8 (Prop_CARRY8_CI_CO[7])
                                                      0.022     5.312 r  u_softmax/u_accuracy/u_sum/out_sum_reg_reg[25]_i_8/CO[7]
                         net (fo=1, unplaced)         0.005     5.317    u_softmax/u_accuracy/u_sum/out_sum_reg_reg[25]_i_8_n_0
                         CARRY8 (Prop_CARRY8_CI_CO[0])
                                                      0.052     5.369 r  u_softmax/u_accuracy/u_sum/out_sum_reg_reg[25]_i_4/CO[0]
                         net (fo=63, unplaced)        0.307     5.676    u_softmax/u_accuracy/u_sum/p_0_in
                         LUT5 (Prop_LUT5_I4_O)        0.038     5.714 r  u_softmax/u_accuracy/u_sum/out_sum_reg[27]_i_5/O
                         net (fo=2, unplaced)         0.232     5.946    u_softmax/u_accuracy/u_sum/out_sum_reg[27]_i_5_n_0
                         LUT6 (Prop_LUT6_I2_O)        0.038     5.984 r  u_softmax/u_accuracy/u_sum/out_sum_reg[27]_i_2/O
                         net (fo=4, unplaced)         0.245     6.229    u_softmax/u_accuracy/u_sum/out_sum_reg[27]_i_2_n_0
                         LUT6 (Prop_LUT6_I2_O)        0.038     6.267 r  u_softmax/u_accuracy/u_sum/out_sum_reg[30]_i_22/O
                         net (fo=3, unplaced)         0.238     6.505    u_softmax/u_accuracy/u_sum/out_sum_reg[30]_i_22_n_0
                         LUT6 (Prop_LUT6_I2_O)        0.038     6.543 r  u_softmax/u_accuracy/u_sum/out_sum_reg[30]_i_5/O
                         net (fo=3, unplaced)         0.192     6.735    u_softmax/u_accuracy/u_sum/out_sum_reg[30]_i_5_n_0
                         LUT6 (Prop_LUT6_I2_O)        0.090     6.825 r  u_softmax/u_accuracy/u_sum/out_sum_reg[30]_i_29/O
                         net (fo=3, unplaced)         0.238     7.063    u_softmax/u_accuracy/u_sum/out_sum_reg[30]_i_29_n_0
                         LUT6 (Prop_LUT6_I5_O)        0.038     7.101 f  u_softmax/u_accuracy/u_sum/out_sum_reg[30]_i_8/O
                         net (fo=27, unplaced)        0.288     7.389    u_softmax/u_accuracy/u_sum/out_sum_reg[30]_i_8_n_0
                         LUT6 (Prop_LUT6_I5_O)        0.038     7.427 r  u_softmax/u_accuracy/u_sum/out_sum_reg[20]_i_1/O
                         net (fo=1, unplaced)         0.048     7.475    u_softmax/u_accuracy/u_sum/out_sum_reg__0[20]
                         FDCE                                         r  u_softmax/u_accuracy/u_sum/out_sum_reg_reg[20]/D
  -------------------------------------------------------------------    -------------------

                         (clock core_clk rise edge)
                                                      6.666     6.666 r  
                                                      0.000     6.666 r  clk (IN)
                         net (fo=59650, unset)        0.000     6.666    u_softmax/u_accuracy/u_sum/clk
                         FDCE                                         r  u_softmax/u_accuracy/u_sum/out_sum_reg_reg[20]/C
                         clock pessimism              0.000     6.666    
                         clock uncertainty           -0.035     6.631    
                         FDCE (Setup_FDCE_C_D)        0.025     6.656    u_softmax/u_accuracy/u_sum/out_sum_reg_reg[20]
  -------------------------------------------------------------------
                         required time                          6.656    
                         arrival time                          -7.475    
  -------------------------------------------------------------------
                         slack                                 -0.819    

Slack (VIOLATED) :        -0.819ns  (required time - arrival time)
  Source:                 u_softmax/clear_local_reg/C
                            (rising edge-triggered cell FDCE clocked by core_clk  {rise@0.000ns fall@3.333ns period=6.666ns})
  Destination:            u_softmax/u_accuracy/u_sum/out_sum_reg_reg[21]/D
                            (rising edge-triggered cell FDCE clocked by core_clk  {rise@0.000ns fall@3.333ns period=6.666ns})
  Path Group:             core_clk
  Path Type:              Setup (Max at Slow Process Corner)
  Requirement:            6.666ns  (core_clk rise@6.666ns - core_clk rise@0.000ns)
  Data Path Delay:        7.475ns  (logic 1.481ns (19.813%)  route 5.994ns (80.187%))
  Logic Levels:           28  (CARRY8=5 LUT2=2 LUT3=4 LUT4=2 LUT5=4 LUT6=11)
  Clock Uncertainty:      0.035ns  ((TSJ^2 + TIJ^2)^1/2 + DJ) / 2 + PE
    Total System Jitter     (TSJ):    0.071ns
    Total Input Jitter      (TIJ):    0.000ns
    Discrete Jitter          (DJ):    0.000ns
    Phase Error              (PE):    0.000ns

    Location             Delay type                Incr(ns)  Path(ns)    Netlist Resource(s)
  -------------------------------------------------------------------    -------------------
                         (clock core_clk rise edge)
                                                      0.000     0.000 r  
                                                      0.000     0.000 r  clk (IN)
                         net (fo=59650, unset)        0.000     0.000    u_softmax/clk
                         FDCE                                         r  u_softmax/clear_local_reg/C
  -------------------------------------------------------------------    -------------------
                         FDCE (Prop_FDCE_C_Q)         0.077     0.077 f  u_softmax/clear_local_reg/Q
                         net (fo=524, unplaced)       0.309     0.386    u_softmax/u_accuracy/u_reciprocal/clear
                         LUT4 (Prop_LUT4_I3_O)        0.038     0.424 r  u_softmax/u_accuracy/u_reciprocal/in_ready_INST_0/O
                         net (fo=6, unplaced)         0.254     0.678    u_softmax/u_accuracy/reciprocal_in_ready
                         LUT3 (Prop_LUT3_I2_O)        0.038     0.716 r  u_softmax/u_accuracy/slot_sum[2][30]_i_3/O
                         net (fo=5, unplaced)         0.250     0.966    u_softmax/u_accuracy/p_23_in
                         LUT5 (Prop_LUT5_I4_O)        0.038     1.004 r  u_softmax/u_accuracy/u_sum_i_34/O
                         net (fo=31, unplaced)        0.291     1.295    u_softmax/u_accuracy/add_bypass_same_slot
                         LUT3 (Prop_LUT3_I1_O)        0.038     1.333 r  u_softmax/u_accuracy/u_sum_i_8/O
                         net (fo=41, unplaced)        0.297     1.630    u_softmax/u_accuracy/u_sum/in_a_fp32[24]
                         LUT4 (Prop_LUT4_I3_O)        0.038     1.668 r  u_softmax/u_accuracy/u_sum/out_sum_reg[25]_i_11/O
                         net (fo=2, unplaced)         0.232     1.900    u_softmax/u_accuracy/u_sum/out_sum_reg[25]_i_11_n_0
                         LUT5 (Prop_LUT5_I1_O)        0.038     1.938 r  u_softmax/u_accuracy/u_sum/out_sum_reg[25]_i_6/O
                         net (fo=6, unplaced)         0.254     2.192    u_softmax/u_accuracy/u_sum/out_sum_reg[25]_i_6_n_0
                         LUT2 (Prop_LUT2_I0_O)        0.038     2.230 f  u_softmax/u_accuracy/u_sum/out_sum_reg[30]_i_74/O
                         net (fo=109, unplaced)       0.320     2.550    u_softmax/u_accuracy/u_sum/out_sum_reg[30]_i_74_n_0
                         LUT3 (Prop_LUT3_I2_O)        0.038     2.588 r  u_softmax/u_accuracy/u_sum/out_sum_reg[30]_i_57/O
                         net (fo=1, unplaced)         0.020     2.608    u_softmax/u_accuracy/u_sum/out_sum_reg[30]_i_57_n_0
                         CARRY8 (Prop_CARRY8_S[0]_CO[3])
                                                      0.186     2.794 r  u_softmax/u_accuracy/u_sum/out_sum_reg_reg[30]_i_23/CO[3]
                         net (fo=118, unplaced)       0.227     3.021    u_softmax/u_accuracy/u_sum/larger_significand1
                         LUT5 (Prop_LUT5_I4_O)        0.038     3.059 f  u_softmax/u_accuracy/u_sum/out_sum_reg[30]_i_115/O
                         net (fo=3, unplaced)         0.238     3.297    u_softmax/u_accuracy/u_sum/out_sum_reg[30]_i_115_n_0
                         LUT6 (Prop_LUT6_I2_O)        0.038     3.335 r  u_softmax/u_accuracy/u_sum/out_sum_reg[30]_i_117/O
                         net (fo=2, unplaced)         0.232     3.567    u_softmax/u_accuracy/u_sum/out_sum_reg[30]_i_117_n_0
                         LUT6 (Prop_LUT6_I1_O)        0.038     3.605 f  u_softmax/u_accuracy/u_sum/out_sum_reg[30]_i_72/O
                         net (fo=40, unplaced)        0.297     3.902    u_softmax/u_accuracy/u_sum/out_sum_reg[30]_i_72_n_0
                         LUT6 (Prop_LUT6_I2_O)        0.038     3.940 f  u_softmax/u_accuracy/u_sum/out_sum_reg[25]_i_40/O
                         net (fo=4, unplaced)         0.245     4.185    u_softmax/u_accuracy/u_sum/out_sum_reg[25]_i_40_n_0
                         LUT6 (Prop_LUT6_I0_O)        0.038     4.223 f  u_softmax/u_accuracy/u_sum/out_sum_reg[14]_i_22/O
                         net (fo=3, unplaced)         0.238     4.461    u_softmax/u_accuracy/u_sum/out_sum_reg[14]_i_22_n_0
                         LUT3 (Prop_LUT3_I0_O)        0.038     4.499 f  u_softmax/u_accuracy/u_sum/out_sum_reg[14]_i_31/O
                         net (fo=2, unplaced)         0.232     4.731    u_softmax/u_accuracy/u_sum/out_sum_reg[14]_i_31_n_0
                         LUT2 (Prop_LUT2_I1_O)        0.038     4.769 r  u_softmax/u_accuracy/u_sum/out_sum_reg[25]_i_38/O
                         net (fo=2, unplaced)         0.232     5.001    u_softmax/u_accuracy/u_sum/out_sum_reg[25]_i_38_n_0
                         LUT6 (Prop_LUT6_I5_O)        0.037     5.038 r  u_softmax/u_accuracy/u_sum/out_sum_reg[6]_i_17/O
                         net (fo=1, unplaced)         0.023     5.061    u_softmax/u_accuracy/u_sum/out_sum_reg[6]_i_17_n_0
                         CARRY8 (Prop_CARRY8_S[1]_CO[7])
                                                      0.197     5.258 r  u_softmax/u_accuracy/u_sum/out_sum_reg_reg[6]_i_3/CO[7]
                         net (fo=1, unplaced)         0.005     5.263    u_softmax/u_accuracy/u_sum/out_sum_reg_reg[6]_i_3_n_0
                         CARRY8 (Prop_CARRY8_CI_CO[7])
                                                      0.022     5.285 r  u_softmax/u_accuracy/u_sum/out_sum_reg_reg[14]_i_3/CO[7]
                         net (fo=1, unplaced)         0.005     5.290    u_softmax/u_accuracy/u_sum/out_sum_reg_reg[14]_i_3_n_0
                         CARRY8 (Prop_CARRY8_CI_CO[7])
                                                      0.022     5.312 r  u_softmax/u_accuracy/u_sum/out_sum_reg_reg[25]_i_8/CO[7]
                         net (fo=1, unplaced)         0.005     5.317    u_softmax/u_accuracy/u_sum/out_sum_reg_reg[25]_i_8_n_0
                         CARRY8 (Prop_CARRY8_CI_CO[0])
                                                      0.052     5.369 r  u_softmax/u_accuracy/u_sum/out_sum_reg_reg[25]_i_4/CO[0]
                         net (fo=63, unplaced)        0.307     5.676    u_softmax/u_accuracy/u_sum/p_0_in
                         LUT5 (Prop_LUT5_I4_O)        0.038     5.714 r  u_softmax/u_accuracy/u_sum/out_sum_reg[27]_i_5/O
                         net (fo=2, unplaced)         0.232     5.946    u_softmax/u_accuracy/u_sum/out_sum_reg[27]_i_5_n_0
                         LUT6 (Prop_LUT6_I2_O)        0.038     5.984 r  u_softmax/u_accuracy/u_sum/out_sum_reg[27]_i_2/O
                         net (fo=4, unplaced)         0.245     6.229    u_softmax/u_accuracy/u_sum/out_sum_reg[27]_i_2_n_0
                         LUT6 (Prop_LUT6_I2_O)        0.038     6.267 r  u_softmax/u_accuracy/u_sum/out_sum_reg[30]_i_22/O
                         net (fo=3, unplaced)         0.238     6.505    u_softmax/u_accuracy/u_sum/out_sum_reg[30]_i_22_n_0
                         LUT6 (Prop_LUT6_I2_O)        0.038     6.543 r  u_softmax/u_accuracy/u_sum/out_sum_reg[30]_i_5/O
                         net (fo=3, unplaced)         0.192     6.735    u_softmax/u_accuracy/u_sum/out_sum_reg[30]_i_5_n_0
                         LUT6 (Prop_LUT6_I2_O)        0.090     6.825 r  u_softmax/u_accuracy/u_sum/out_sum_reg[30]_i_29/O
                         net (fo=3, unplaced)         0.238     7.063    u_softmax/u_accuracy/u_sum/out_sum_reg[30]_i_29_n_0
                         LUT6 (Prop_LUT6_I5_O)        0.038     7.101 f  u_softmax/u_accuracy/u_sum/out_sum_reg[30]_i_8/O
                         net (fo=27, unplaced)        0.288     7.389    u_softmax/u_accuracy/u_sum/out_sum_reg[30]_i_8_n_0
                         LUT6 (Prop_LUT6_I5_O)        0.038     7.427 r  u_softmax/u_accuracy/u_sum/out_sum_reg[21]_i_1/O
                         net (fo=1, unplaced)         0.048     7.475    u_softmax/u_accuracy/u_sum/out_sum_reg__0[21]
                         FDCE                                         r  u_softmax/u_accuracy/u_sum/out_sum_reg_reg[21]/D
  -------------------------------------------------------------------    -------------------

                         (clock core_clk rise edge)
                                                      6.666     6.666 r  
                                                      0.000     6.666 r  clk (IN)
                         net (fo=59650, unset)        0.000     6.666    u_softmax/u_accuracy/u_sum/clk
                         FDCE                                         r  u_softmax/u_accuracy/u_sum/out_sum_reg_reg[21]/C
                         clock pessimism              0.000     6.666    
                         clock uncertainty           -0.035     6.631    
                         FDCE (Setup_FDCE_C_D)        0.025     6.656    u_softmax/u_accuracy/u_sum/out_sum_reg_reg[21]
  -------------------------------------------------------------------
                         required time                          6.656    
                         arrival time                          -7.475    
  -------------------------------------------------------------------
                         slack                                 -0.819    

Slack (VIOLATED) :        -0.819ns  (required time - arrival time)
  Source:                 u_softmax/clear_local_reg/C
                            (rising edge-triggered cell FDCE clocked by core_clk  {rise@0.000ns fall@3.333ns period=6.666ns})
  Destination:            u_softmax/u_accuracy/u_sum/out_sum_reg_reg[22]/D
                            (rising edge-triggered cell FDCE clocked by core_clk  {rise@0.000ns fall@3.333ns period=6.666ns})
  Path Group:             core_clk
  Path Type:              Setup (Max at Slow Process Corner)
  Requirement:            6.666ns  (core_clk rise@6.666ns - core_clk rise@0.000ns)
  Data Path Delay:        7.475ns  (logic 1.481ns (19.813%)  route 5.994ns (80.187%))
  Logic Levels:           28  (CARRY8=5 LUT2=2 LUT3=4 LUT4=2 LUT5=4 LUT6=11)
  Clock Uncertainty:      0.035ns  ((TSJ^2 + TIJ^2)^1/2 + DJ) / 2 + PE
    Total System Jitter     (TSJ):    0.071ns
    Total Input Jitter      (TIJ):    0.000ns
    Discrete Jitter          (DJ):    0.000ns
    Phase Error              (PE):    0.000ns

    Location             Delay type                Incr(ns)  Path(ns)    Netlist Resource(s)
  -------------------------------------------------------------------    -------------------
                         (clock core_clk rise edge)
                                                      0.000     0.000 r  
                                                      0.000     0.000 r  clk (IN)
                         net (fo=59650, unset)        0.000     0.000    u_softmax/clk
                         FDCE                                         r  u_softmax/clear_local_reg/C
  -------------------------------------------------------------------    -------------------
                         FDCE (Prop_FDCE_C_Q)         0.077     0.077 f  u_softmax/clear_local_reg/Q
                         net (fo=524, unplaced)       0.309     0.386    u_softmax/u_accuracy/u_reciprocal/clear
                         LUT4 (Prop_LUT4_I3_O)        0.038     0.424 r  u_softmax/u_accuracy/u_reciprocal/in_ready_INST_0/O
                         net (fo=6, unplaced)         0.254     0.678    u_softmax/u_accuracy/reciprocal_in_ready
                         LUT3 (Prop_LUT3_I2_O)        0.038     0.716 r  u_softmax/u_accuracy/slot_sum[2][30]_i_3/O
                         net (fo=5, unplaced)         0.250     0.966    u_softmax/u_accuracy/p_23_in
                         LUT5 (Prop_LUT5_I4_O)        0.038     1.004 r  u_softmax/u_accuracy/u_sum_i_34/O
                         net (fo=31, unplaced)        0.291     1.295    u_softmax/u_accuracy/add_bypass_same_slot
                         LUT3 (Prop_LUT3_I1_O)        0.038     1.333 r  u_softmax/u_accuracy/u_sum_i_8/O
                         net (fo=41, unplaced)        0.297     1.630    u_softmax/u_accuracy/u_sum/in_a_fp32[24]
                         LUT4 (Prop_LUT4_I3_O)        0.038     1.668 r  u_softmax/u_accuracy/u_sum/out_sum_reg[25]_i_11/O
                         net (fo=2, unplaced)         0.232     1.900    u_softmax/u_accuracy/u_sum/out_sum_reg[25]_i_11_n_0
                         LUT5 (Prop_LUT5_I1_O)        0.038     1.938 r  u_softmax/u_accuracy/u_sum/out_sum_reg[25]_i_6/O
                         net (fo=6, unplaced)         0.254     2.192    u_softmax/u_accuracy/u_sum/out_sum_reg[25]_i_6_n_0
                         LUT2 (Prop_LUT2_I0_O)        0.038     2.230 f  u_softmax/u_accuracy/u_sum/out_sum_reg[30]_i_74/O
                         net (fo=109, unplaced)       0.320     2.550    u_softmax/u_accuracy/u_sum/out_sum_reg[30]_i_74_n_0
                         LUT3 (Prop_LUT3_I2_O)        0.038     2.588 r  u_softmax/u_accuracy/u_sum/out_sum_reg[30]_i_57/O
                         net (fo=1, unplaced)         0.020     2.608    u_softmax/u_accuracy/u_sum/out_sum_reg[30]_i_57_n_0
                         CARRY8 (Prop_CARRY8_S[0]_CO[3])
                                                      0.186     2.794 r  u_softmax/u_accuracy/u_sum/out_sum_reg_reg[30]_i_23/CO[3]
                         net (fo=118, unplaced)       0.227     3.021    u_softmax/u_accuracy/u_sum/larger_significand1
                         LUT5 (Prop_LUT5_I4_O)        0.038     3.059 f  u_softmax/u_accuracy/u_sum/out_sum_reg[30]_i_115/O
                         net (fo=3, unplaced)         0.238     3.297    u_softmax/u_accuracy/u_sum/out_sum_reg[30]_i_115_n_0
                         LUT6 (Prop_LUT6_I2_O)        0.038     3.335 r  u_softmax/u_accuracy/u_sum/out_sum_reg[30]_i_117/O
                         net (fo=2, unplaced)         0.232     3.567    u_softmax/u_accuracy/u_sum/out_sum_reg[30]_i_117_n_0
                         LUT6 (Prop_LUT6_I1_O)        0.038     3.605 f  u_softmax/u_accuracy/u_sum/out_sum_reg[30]_i_72/O
                         net (fo=40, unplaced)        0.297     3.902    u_softmax/u_accuracy/u_sum/out_sum_reg[30]_i_72_n_0
                         LUT6 (Prop_LUT6_I2_O)        0.038     3.940 f  u_softmax/u_accuracy/u_sum/out_sum_reg[25]_i_40/O
                         net (fo=4, unplaced)         0.245     4.185    u_softmax/u_accuracy/u_sum/out_sum_reg[25]_i_40_n_0
                         LUT6 (Prop_LUT6_I0_O)        0.038     4.223 f  u_softmax/u_accuracy/u_sum/out_sum_reg[14]_i_22/O
                         net (fo=3, unplaced)         0.238     4.461    u_softmax/u_accuracy/u_sum/out_sum_reg[14]_i_22_n_0
                         LUT3 (Prop_LUT3_I0_O)        0.038     4.499 f  u_softmax/u_accuracy/u_sum/out_sum_reg[14]_i_31/O
                         net (fo=2, unplaced)         0.232     4.731    u_softmax/u_accuracy/u_sum/out_sum_reg[14]_i_31_n_0
                         LUT2 (Prop_LUT2_I1_O)        0.038     4.769 r  u_softmax/u_accuracy/u_sum/out_sum_reg[25]_i_38/O
                         net (fo=2, unplaced)         0.232     5.001    u_softmax/u_accuracy/u_sum/out_sum_reg[25]_i_38_n_0
                         LUT6 (Prop_LUT6_I5_O)        0.037     5.038 r  u_softmax/u_accuracy/u_sum/out_sum_reg[6]_i_17/O
                         net (fo=1, unplaced)         0.023     5.061    u_softmax/u_accuracy/u_sum/out_sum_reg[6]_i_17_n_0
                         CARRY8 (Prop_CARRY8_S[1]_CO[7])
                                                      0.197     5.258 r  u_softmax/u_accuracy/u_sum/out_sum_reg_reg[6]_i_3/CO[7]
                         net (fo=1, unplaced)         0.005     5.263    u_softmax/u_accuracy/u_sum/out_sum_reg_reg[6]_i_3_n_0
                         CARRY8 (Prop_CARRY8_CI_CO[7])
                                                      0.022     5.285 r  u_softmax/u_accuracy/u_sum/out_sum_reg_reg[14]_i_3/CO[7]
                         net (fo=1, unplaced)         0.005     5.290    u_softmax/u_accuracy/u_sum/out_sum_reg_reg[14]_i_3_n_0
                         CARRY8 (Prop_CARRY8_CI_CO[7])
                                                      0.022     5.312 r  u_softmax/u_accuracy/u_sum/out_sum_reg_reg[25]_i_8/CO[7]
                         net (fo=1, unplaced)         0.005     5.317    u_softmax/u_accuracy/u_sum/out_sum_reg_reg[25]_i_8_n_0
                         CARRY8 (Prop_CARRY8_CI_CO[0])
                                                      0.052     5.369 r  u_softmax/u_accuracy/u_sum/out_sum_reg_reg[25]_i_4/CO[0]
                         net (fo=63, unplaced)        0.307     5.676    u_softmax/u_accuracy/u_sum/p_0_in
                         LUT5 (Prop_LUT5_I4_O)        0.038     5.714 r  u_softmax/u_accuracy/u_sum/out_sum_reg[27]_i_5/O
                         net (fo=2, unplaced)         0.232     5.946    u_softmax/u_accuracy/u_sum/out_sum_reg[27]_i_5_n_0
                         LUT6 (Prop_LUT6_I2_O)        0.038     5.984 r  u_softmax/u_accuracy/u_sum/out_sum_reg[27]_i_2/O
                         net (fo=4, unplaced)         0.245     6.229    u_softmax/u_accuracy/u_sum/out_sum_reg[27]_i_2_n_0
                         LUT6 (Prop_LUT6_I2_O)        0.038     6.267 r  u_softmax/u_accuracy/u_sum/out_sum_reg[30]_i_22/O
                         net (fo=3, unplaced)         0.238     6.505    u_softmax/u_accuracy/u_sum/out_sum_reg[30]_i_22_n_0
                         LUT6 (Prop_LUT6_I2_O)        0.038     6.543 r  u_softmax/u_accuracy/u_sum/out_sum_reg[30]_i_5/O
                         net (fo=3, unplaced)         0.192     6.735    u_softmax/u_accuracy/u_sum/out_sum_reg[30]_i_5_n_0
                         LUT6 (Prop_LUT6_I2_O)        0.090     6.825 r  u_softmax/u_accuracy/u_sum/out_sum_reg[30]_i_29/O
                         net (fo=3, unplaced)         0.238     7.063    u_softmax/u_accuracy/u_sum/out_sum_reg[30]_i_29_n_0
                         LUT6 (Prop_LUT6_I5_O)        0.038     7.101 f  u_softmax/u_accuracy/u_sum/out_sum_reg[30]_i_8/O
                         net (fo=27, unplaced)        0.288     7.389    u_softmax/u_accuracy/u_sum/out_sum_reg[30]_i_8_n_0
                         LUT6 (Prop_LUT6_I5_O)        0.038     7.427 r  u_softmax/u_accuracy/u_sum/out_sum_reg[22]_i_1/O
                         net (fo=1, unplaced)         0.048     7.475    u_softmax/u_accuracy/u_sum/out_sum_reg__0[22]
                         FDCE                                         r  u_softmax/u_accuracy/u_sum/out_sum_reg_reg[22]/D
  -------------------------------------------------------------------    -------------------

                         (clock core_clk rise edge)
                                                      6.666     6.666 r  
                                                      0.000     6.666 r  clk (IN)
                         net (fo=59650, unset)        0.000     6.666    u_softmax/u_accuracy/u_sum/clk
                         FDCE                                         r  u_softmax/u_accuracy/u_sum/out_sum_reg_reg[22]/C
                         clock pessimism              0.000     6.666    
                         clock uncertainty           -0.035     6.631    
                         FDCE (Setup_FDCE_C_D)        0.025     6.656    u_softmax/u_accuracy/u_sum/out_sum_reg_reg[22]
  -------------------------------------------------------------------
                         required time                          6.656    
                         arrival time                          -7.475    
  -------------------------------------------------------------------
                         slack                                 -0.819    

Slack (VIOLATED) :        -0.819ns  (required time - arrival time)
  Source:                 u_softmax/clear_local_reg/C
                            (rising edge-triggered cell FDCE clocked by core_clk  {rise@0.000ns fall@3.333ns period=6.666ns})
  Destination:            u_softmax/u_accuracy/u_sum/out_sum_reg_reg[25]/D
                            (rising edge-triggered cell FDCE clocked by core_clk  {rise@0.000ns fall@3.333ns period=6.666ns})
  Path Group:             core_clk
  Path Type:              Setup (Max at Slow Process Corner)
  Requirement:            6.666ns  (core_clk rise@6.666ns - core_clk rise@0.000ns)
  Data Path Delay:        7.475ns  (logic 1.481ns (19.813%)  route 5.994ns (80.187%))
  Logic Levels:           28  (CARRY8=5 LUT2=2 LUT3=4 LUT4=2 LUT5=4 LUT6=11)
  Clock Uncertainty:      0.035ns  ((TSJ^2 + TIJ^2)^1/2 + DJ) / 2 + PE
    Total System Jitter     (TSJ):    0.071ns
    Total Input Jitter      (TIJ):    0.000ns
    Discrete Jitter          (DJ):    0.000ns
    Phase Error              (PE):    0.000ns

    Location             Delay type                Incr(ns)  Path(ns)    Netlist Resource(s)
  -------------------------------------------------------------------    -------------------
                         (clock core_clk rise edge)
                                                      0.000     0.000 r  
                                                      0.000     0.000 r  clk (IN)
                         net (fo=59650, unset)        0.000     0.000    u_softmax/clk
                         FDCE                                         r  u_softmax/clear_local_reg/C
  -------------------------------------------------------------------    -------------------
                         FDCE (Prop_FDCE_C_Q)         0.077     0.077 f  u_softmax/clear_local_reg/Q
                         net (fo=524, unplaced)       0.309     0.386    u_softmax/u_accuracy/u_reciprocal/clear
                         LUT4 (Prop_LUT4_I3_O)        0.038     0.424 r  u_softmax/u_accuracy/u_reciprocal/in_ready_INST_0/O
                         net (fo=6, unplaced)         0.254     0.678    u_softmax/u_accuracy/reciprocal_in_ready
                         LUT3 (Prop_LUT3_I2_O)        0.038     0.716 r  u_softmax/u_accuracy/slot_sum[2][30]_i_3/O
                         net (fo=5, unplaced)         0.250     0.966    u_softmax/u_accuracy/p_23_in
                         LUT5 (Prop_LUT5_I4_O)        0.038     1.004 r  u_softmax/u_accuracy/u_sum_i_34/O
                         net (fo=31, unplaced)        0.291     1.295    u_softmax/u_accuracy/add_bypass_same_slot
                         LUT3 (Prop_LUT3_I1_O)        0.038     1.333 r  u_softmax/u_accuracy/u_sum_i_8/O
                         net (fo=41, unplaced)        0.297     1.630    u_softmax/u_accuracy/u_sum/in_a_fp32[24]
                         LUT4 (Prop_LUT4_I3_O)        0.038     1.668 r  u_softmax/u_accuracy/u_sum/out_sum_reg[25]_i_11/O
                         net (fo=2, unplaced)         0.232     1.900    u_softmax/u_accuracy/u_sum/out_sum_reg[25]_i_11_n_0
                         LUT5 (Prop_LUT5_I1_O)        0.038     1.938 r  u_softmax/u_accuracy/u_sum/out_sum_reg[25]_i_6/O
                         net (fo=6, unplaced)         0.254     2.192    u_softmax/u_accuracy/u_sum/out_sum_reg[25]_i_6_n_0
                         LUT2 (Prop_LUT2_I0_O)        0.038     2.230 f  u_softmax/u_accuracy/u_sum/out_sum_reg[30]_i_74/O
                         net (fo=109, unplaced)       0.320     2.550    u_softmax/u_accuracy/u_sum/out_sum_reg[30]_i_74_n_0
                         LUT3 (Prop_LUT3_I2_O)        0.038     2.588 r  u_softmax/u_accuracy/u_sum/out_sum_reg[30]_i_57/O
                         net (fo=1, unplaced)         0.020     2.608    u_softmax/u_accuracy/u_sum/out_sum_reg[30]_i_57_n_0
                         CARRY8 (Prop_CARRY8_S[0]_CO[3])
                                                      0.186     2.794 r  u_softmax/u_accuracy/u_sum/out_sum_reg_reg[30]_i_23/CO[3]
                         net (fo=118, unplaced)       0.227     3.021    u_softmax/u_accuracy/u_sum/larger_significand1
                         LUT5 (Prop_LUT5_I4_O)        0.038     3.059 f  u_softmax/u_accuracy/u_sum/out_sum_reg[30]_i_115/O
                         net (fo=3, unplaced)         0.238     3.297    u_softmax/u_accuracy/u_sum/out_sum_reg[30]_i_115_n_0
                         LUT6 (Prop_LUT6_I2_O)        0.038     3.335 r  u_softmax/u_accuracy/u_sum/out_sum_reg[30]_i_117/O
                         net (fo=2, unplaced)         0.232     3.567    u_softmax/u_accuracy/u_sum/out_sum_reg[30]_i_117_n_0
                         LUT6 (Prop_LUT6_I1_O)        0.038     3.605 f  u_softmax/u_accuracy/u_sum/out_sum_reg[30]_i_72/O
                         net (fo=40, unplaced)        0.297     3.902    u_softmax/u_accuracy/u_sum/out_sum_reg[30]_i_72_n_0
                         LUT6 (Prop_LUT6_I2_O)        0.038     3.940 f  u_softmax/u_accuracy/u_sum/out_sum_reg[25]_i_40/O
                         net (fo=4, unplaced)         0.245     4.185    u_softmax/u_accuracy/u_sum/out_sum_reg[25]_i_40_n_0
                         LUT6 (Prop_LUT6_I0_O)        0.038     4.223 f  u_softmax/u_accuracy/u_sum/out_sum_reg[14]_i_22/O
                         net (fo=3, unplaced)         0.238     4.461    u_softmax/u_accuracy/u_sum/out_sum_reg[14]_i_22_n_0
                         LUT3 (Prop_LUT3_I0_O)        0.038     4.499 f  u_softmax/u_accuracy/u_sum/out_sum_reg[14]_i_31/O
                         net (fo=2, unplaced)         0.232     4.731    u_softmax/u_accuracy/u_sum/out_sum_reg[14]_i_31_n_0
                         LUT2 (Prop_LUT2_I1_O)        0.038     4.769 r  u_softmax/u_accuracy/u_sum/out_sum_reg[25]_i_38/O
                         net (fo=2, unplaced)         0.232     5.001    u_softmax/u_accuracy/u_sum/out_sum_reg[25]_i_38_n_0
                         LUT6 (Prop_LUT6_I5_O)        0.037     5.038 r  u_softmax/u_accuracy/u_sum/out_sum_reg[6]_i_17/O
                         net (fo=1, unplaced)         0.023     5.061    u_softmax/u_accuracy/u_sum/out_sum_reg[6]_i_17_n_0
                         CARRY8 (Prop_CARRY8_S[1]_CO[7])
                                                      0.197     5.258 r  u_softmax/u_accuracy/u_sum/out_sum_reg_reg[6]_i_3/CO[7]
                         net (fo=1, unplaced)         0.005     5.263    u_softmax/u_accuracy/u_sum/out_sum_reg_reg[6]_i_3_n_0
                         CARRY8 (Prop_CARRY8_CI_CO[7])
                                                      0.022     5.285 r  u_softmax/u_accuracy/u_sum/out_sum_reg_reg[14]_i_3/CO[7]
                         net (fo=1, unplaced)         0.005     5.290    u_softmax/u_accuracy/u_sum/out_sum_reg_reg[14]_i_3_n_0
                         CARRY8 (Prop_CARRY8_CI_CO[7])
                                                      0.022     5.312 r  u_softmax/u_accuracy/u_sum/out_sum_reg_reg[25]_i_8/CO[7]
                         net (fo=1, unplaced)         0.005     5.317    u_softmax/u_accuracy/u_sum/out_sum_reg_reg[25]_i_8_n_0
                         CARRY8 (Prop_CARRY8_CI_CO[0])
                                                      0.052     5.369 r  u_softmax/u_accuracy/u_sum/out_sum_reg_reg[25]_i_4/CO[0]
                         net (fo=63, unplaced)        0.307     5.676    u_softmax/u_accuracy/u_sum/p_0_in
                         LUT5 (Prop_LUT5_I4_O)        0.038     5.714 r  u_softmax/u_accuracy/u_sum/out_sum_reg[27]_i_5/O
                         net (fo=2, unplaced)         0.232     5.946    u_softmax/u_accuracy/u_sum/out_sum_reg[27]_i_5_n_0
                         LUT6 (Prop_LUT6_I2_O)        0.038     5.984 r  u_softmax/u_accuracy/u_sum/out_sum_reg[27]_i_2/O
                         net (fo=4, unplaced)         0.245     6.229    u_softmax/u_accuracy/u_sum/out_sum_reg[27]_i_2_n_0
                         LUT6 (Prop_LUT6_I2_O)        0.038     6.267 r  u_softmax/u_accuracy/u_sum/out_sum_reg[30]_i_22/O
                         net (fo=3, unplaced)         0.238     6.505    u_softmax/u_accuracy/u_sum/out_sum_reg[30]_i_22_n_0
                         LUT6 (Prop_LUT6_I2_O)        0.038     6.543 r  u_softmax/u_accuracy/u_sum/out_sum_reg[30]_i_5/O
                         net (fo=3, unplaced)         0.192     6.735    u_softmax/u_accuracy/u_sum/out_sum_reg[30]_i_5_n_0
                         LUT6 (Prop_LUT6_I2_O)        0.090     6.825 r  u_softmax/u_accuracy/u_sum/out_sum_reg[30]_i_29/O
                         net (fo=3, unplaced)         0.238     7.063    u_softmax/u_accuracy/u_sum/out_sum_reg[30]_i_29_n_0
                         LUT6 (Prop_LUT6_I5_O)        0.038     7.101 f  u_softmax/u_accuracy/u_sum/out_sum_reg[30]_i_8/O
                         net (fo=27, unplaced)        0.288     7.389    u_softmax/u_accuracy/u_sum/out_sum_reg[30]_i_8_n_0
                         LUT6 (Prop_LUT6_I5_O)        0.038     7.427 r  u_softmax/u_accuracy/u_sum/out_sum_reg[25]_i_1/O
                         net (fo=1, unplaced)         0.048     7.475    u_softmax/u_accuracy/u_sum/out_sum_reg__0[25]
                         FDCE                                         r  u_softmax/u_accuracy/u_sum/out_sum_reg_reg[25]/D
  -------------------------------------------------------------------    -------------------

                         (clock core_clk rise edge)
                                                      6.666     6.666 r  
                                                      0.000     6.666 r  clk (IN)
                         net (fo=59650, unset)        0.000     6.666    u_softmax/u_accuracy/u_sum/clk
                         FDCE                                         r  u_softmax/u_accuracy/u_sum/out_sum_reg_reg[25]/C
                         clock pessimism              0.000     6.666    
                         clock uncertainty           -0.035     6.631    
                         FDCE (Setup_FDCE_C_D)        0.025     6.656    u_softmax/u_accuracy/u_sum/out_sum_reg_reg[25]
  -------------------------------------------------------------------
                         required time                          6.656    
                         arrival time                          -7.475    
  -------------------------------------------------------------------
                         slack                                 -0.819    

Slack (VIOLATED) :        -0.819ns  (required time - arrival time)
  Source:                 u_softmax/clear_local_reg/C
                            (rising edge-triggered cell FDCE clocked by core_clk  {rise@0.000ns fall@3.333ns period=6.666ns})
  Destination:            u_softmax/u_accuracy/u_sum/out_sum_reg_reg[26]/D
                            (rising edge-triggered cell FDCE clocked by core_clk  {rise@0.000ns fall@3.333ns period=6.666ns})
  Path Group:             core_clk
  Path Type:              Setup (Max at Slow Process Corner)
  Requirement:            6.666ns  (core_clk rise@6.666ns - core_clk rise@0.000ns)
  Data Path Delay:        7.475ns  (logic 1.481ns (19.813%)  route 5.994ns (80.187%))
  Logic Levels:           28  (CARRY8=5 LUT2=2 LUT3=4 LUT4=2 LUT5=5 LUT6=10)
  Clock Uncertainty:      0.035ns  ((TSJ^2 + TIJ^2)^1/2 + DJ) / 2 + PE
    Total System Jitter     (TSJ):    0.071ns
    Total Input Jitter      (TIJ):    0.000ns
    Discrete Jitter          (DJ):    0.000ns
    Phase Error              (PE):    0.000ns

    Location             Delay type                Incr(ns)  Path(ns)    Netlist Resource(s)
  -------------------------------------------------------------------    -------------------
                         (clock core_clk rise edge)
                                                      0.000     0.000 r  
                                                      0.000     0.000 r  clk (IN)
                         net (fo=59650, unset)        0.000     0.000    u_softmax/clk
                         FDCE                                         r  u_softmax/clear_local_reg/C
  -------------------------------------------------------------------    -------------------
                         FDCE (Prop_FDCE_C_Q)         0.077     0.077 f  u_softmax/clear_local_reg/Q
                         net (fo=524, unplaced)       0.309     0.386    u_softmax/u_accuracy/u_reciprocal/clear
                         LUT4 (Prop_LUT4_I3_O)        0.038     0.424 r  u_softmax/u_accuracy/u_reciprocal/in_ready_INST_0/O
                         net (fo=6, unplaced)         0.254     0.678    u_softmax/u_accuracy/reciprocal_in_ready
                         LUT3 (Prop_LUT3_I2_O)        0.038     0.716 r  u_softmax/u_accuracy/slot_sum[2][30]_i_3/O
                         net (fo=5, unplaced)         0.250     0.966    u_softmax/u_accuracy/p_23_in
                         LUT5 (Prop_LUT5_I4_O)        0.038     1.004 r  u_softmax/u_accuracy/u_sum_i_34/O
                         net (fo=31, unplaced)        0.291     1.295    u_softmax/u_accuracy/add_bypass_same_slot
                         LUT3 (Prop_LUT3_I1_O)        0.038     1.333 r  u_softmax/u_accuracy/u_sum_i_8/O
                         net (fo=41, unplaced)        0.297     1.630    u_softmax/u_accuracy/u_sum/in_a_fp32[24]
                         LUT4 (Prop_LUT4_I3_O)        0.038     1.668 r  u_softmax/u_accuracy/u_sum/out_sum_reg[25]_i_11/O
                         net (fo=2, unplaced)         0.232     1.900    u_softmax/u_accuracy/u_sum/out_sum_reg[25]_i_11_n_0
                         LUT5 (Prop_LUT5_I1_O)        0.038     1.938 r  u_softmax/u_accuracy/u_sum/out_sum_reg[25]_i_6/O
                         net (fo=6, unplaced)         0.254     2.192    u_softmax/u_accuracy/u_sum/out_sum_reg[25]_i_6_n_0
                         LUT2 (Prop_LUT2_I0_O)        0.038     2.230 f  u_softmax/u_accuracy/u_sum/out_sum_reg[30]_i_74/O
                         net (fo=109, unplaced)       0.320     2.550    u_softmax/u_accuracy/u_sum/out_sum_reg[30]_i_74_n_0
                         LUT3 (Prop_LUT3_I2_O)        0.038     2.588 r  u_softmax/u_accuracy/u_sum/out_sum_reg[30]_i_57/O
                         net (fo=1, unplaced)         0.020     2.608    u_softmax/u_accuracy/u_sum/out_sum_reg[30]_i_57_n_0
                         CARRY8 (Prop_CARRY8_S[0]_CO[3])
                                                      0.186     2.794 r  u_softmax/u_accuracy/u_sum/out_sum_reg_reg[30]_i_23/CO[3]
                         net (fo=118, unplaced)       0.227     3.021    u_softmax/u_accuracy/u_sum/larger_significand1
                         LUT5 (Prop_LUT5_I4_O)        0.038     3.059 f  u_softmax/u_accuracy/u_sum/out_sum_reg[30]_i_115/O
                         net (fo=3, unplaced)         0.238     3.297    u_softmax/u_accuracy/u_sum/out_sum_reg[30]_i_115_n_0
                         LUT6 (Prop_LUT6_I2_O)        0.038     3.335 r  u_softmax/u_accuracy/u_sum/out_sum_reg[30]_i_117/O
                         net (fo=2, unplaced)         0.232     3.567    u_softmax/u_accuracy/u_sum/out_sum_reg[30]_i_117_n_0
                         LUT6 (Prop_LUT6_I1_O)        0.038     3.605 f  u_softmax/u_accuracy/u_sum/out_sum_reg[30]_i_72/O
                         net (fo=40, unplaced)        0.297     3.902    u_softmax/u_accuracy/u_sum/out_sum_reg[30]_i_72_n_0
                         LUT6 (Prop_LUT6_I2_O)        0.038     3.940 f  u_softmax/u_accuracy/u_sum/out_sum_reg[25]_i_40/O
                         net (fo=4, unplaced)         0.245     4.185    u_softmax/u_accuracy/u_sum/out_sum_reg[25]_i_40_n_0
                         LUT6 (Prop_LUT6_I0_O)        0.038     4.223 f  u_softmax/u_accuracy/u_sum/out_sum_reg[14]_i_22/O
                         net (fo=3, unplaced)         0.238     4.461    u_softmax/u_accuracy/u_sum/out_sum_reg[14]_i_22_n_0
                         LUT3 (Prop_LUT3_I0_O)        0.038     4.499 f  u_softmax/u_accuracy/u_sum/out_sum_reg[14]_i_31/O
                         net (fo=2, unplaced)         0.232     4.731    u_softmax/u_accuracy/u_sum/out_sum_reg[14]_i_31_n_0
                         LUT2 (Prop_LUT2_I1_O)        0.038     4.769 r  u_softmax/u_accuracy/u_sum/out_sum_reg[25]_i_38/O
                         net (fo=2, unplaced)         0.232     5.001    u_softmax/u_accuracy/u_sum/out_sum_reg[25]_i_38_n_0
                         LUT6 (Prop_LUT6_I5_O)        0.037     5.038 r  u_softmax/u_accuracy/u_sum/out_sum_reg[6]_i_17/O
                         net (fo=1, unplaced)         0.023     5.061    u_softmax/u_accuracy/u_sum/out_sum_reg[6]_i_17_n_0
                         CARRY8 (Prop_CARRY8_S[1]_CO[7])
                                                      0.197     5.258 r  u_softmax/u_accuracy/u_sum/out_sum_reg_reg[6]_i_3/CO[7]
                         net (fo=1, unplaced)         0.005     5.263    u_softmax/u_accuracy/u_sum/out_sum_reg_reg[6]_i_3_n_0
                         CARRY8 (Prop_CARRY8_CI_CO[7])
                                                      0.022     5.285 r  u_softmax/u_accuracy/u_sum/out_sum_reg_reg[14]_i_3/CO[7]
                         net (fo=1, unplaced)         0.005     5.290    u_softmax/u_accuracy/u_sum/out_sum_reg_reg[14]_i_3_n_0
                         CARRY8 (Prop_CARRY8_CI_CO[7])
                                                      0.022     5.312 r  u_softmax/u_accuracy/u_sum/out_sum_reg_reg[25]_i_8/CO[7]
                         net (fo=1, unplaced)         0.005     5.317    u_softmax/u_accuracy/u_sum/out_sum_reg_reg[25]_i_8_n_0
                         CARRY8 (Prop_CARRY8_CI_CO[0])
                                                      0.052     5.369 r  u_softmax/u_accuracy/u_sum/out_sum_reg_reg[25]_i_4/CO[0]
                         net (fo=63, unplaced)        0.307     5.676    u_softmax/u_accuracy/u_sum/p_0_in
                         LUT5 (Prop_LUT5_I4_O)        0.038     5.714 r  u_softmax/u_accuracy/u_sum/out_sum_reg[27]_i_5/O
                         net (fo=2, unplaced)         0.232     5.946    u_softmax/u_accuracy/u_sum/out_sum_reg[27]_i_5_n_0
                         LUT6 (Prop_LUT6_I2_O)        0.038     5.984 r  u_softmax/u_accuracy/u_sum/out_sum_reg[27]_i_2/O
                         net (fo=4, unplaced)         0.245     6.229    u_softmax/u_accuracy/u_sum/out_sum_reg[27]_i_2_n_0
                         LUT6 (Prop_LUT6_I2_O)        0.038     6.267 r  u_softmax/u_accuracy/u_sum/out_sum_reg[30]_i_22/O
                         net (fo=3, unplaced)         0.238     6.505    u_softmax/u_accuracy/u_sum/out_sum_reg[30]_i_22_n_0
                         LUT6 (Prop_LUT6_I2_O)        0.038     6.543 r  u_softmax/u_accuracy/u_sum/out_sum_reg[30]_i_5/O
                         net (fo=3, unplaced)         0.192     6.735    u_softmax/u_accuracy/u_sum/out_sum_reg[30]_i_5_n_0
                         LUT6 (Prop_LUT6_I2_O)        0.090     6.825 r  u_softmax/u_accuracy/u_sum/out_sum_reg[30]_i_29/O
                         net (fo=3, unplaced)         0.238     7.063    u_softmax/u_accuracy/u_sum/out_sum_reg[30]_i_29_n_0
                         LUT6 (Prop_LUT6_I5_O)        0.038     7.101 f  u_softmax/u_accuracy/u_sum/out_sum_reg[30]_i_8/O
                         net (fo=27, unplaced)        0.288     7.389    u_softmax/u_accuracy/u_sum/out_sum_reg[30]_i_8_n_0
                         LUT5 (Prop_LUT5_I4_O)        0.038     7.427 r  u_softmax/u_accuracy/u_sum/out_sum_reg[26]_i_1/O
                         net (fo=1, unplaced)         0.048     7.475    u_softmax/u_accuracy/u_sum/out_sum_reg[26]_i_1_n_0
                         FDCE                                         r  u_softmax/u_accuracy/u_sum/out_sum_reg_reg[26]/D
  -------------------------------------------------------------------    -------------------

                         (clock core_clk rise edge)
                                                      6.666     6.666 r  
                                                      0.000     6.666 r  clk (IN)
                         net (fo=59650, unset)        0.000     6.666    u_softmax/u_accuracy/u_sum/clk
                         FDCE                                         r  u_softmax/u_accuracy/u_sum/out_sum_reg_reg[26]/C
                         clock pessimism              0.000     6.666    
                         clock uncertainty           -0.035     6.631    
                         FDCE (Setup_FDCE_C_D)        0.025     6.656    u_softmax/u_accuracy/u_sum/out_sum_reg_reg[26]
  -------------------------------------------------------------------
                         required time                          6.656    
                         arrival time                          -7.475    
  -------------------------------------------------------------------
                         slack                                 -0.819    

Slack (VIOLATED) :        -0.819ns  (required time - arrival time)
  Source:                 u_softmax/clear_local_reg/C
                            (rising edge-triggered cell FDCE clocked by core_clk  {rise@0.000ns fall@3.333ns period=6.666ns})
  Destination:            u_softmax/u_accuracy/u_sum/out_sum_reg_reg[27]/D
                            (rising edge-triggered cell FDCE clocked by core_clk  {rise@0.000ns fall@3.333ns period=6.666ns})
  Path Group:             core_clk
  Path Type:              Setup (Max at Slow Process Corner)
  Requirement:            6.666ns  (core_clk rise@6.666ns - core_clk rise@0.000ns)
  Data Path Delay:        7.475ns  (logic 1.481ns (19.813%)  route 5.994ns (80.187%))
  Logic Levels:           28  (CARRY8=5 LUT2=2 LUT3=4 LUT4=2 LUT5=5 LUT6=10)
  Clock Uncertainty:      0.035ns  ((TSJ^2 + TIJ^2)^1/2 + DJ) / 2 + PE
    Total System Jitter     (TSJ):    0.071ns
    Total Input Jitter      (TIJ):    0.000ns
    Discrete Jitter          (DJ):    0.000ns
    Phase Error              (PE):    0.000ns

    Location             Delay type                Incr(ns)  Path(ns)    Netlist Resource(s)
  -------------------------------------------------------------------    -------------------
                         (clock core_clk rise edge)
                                                      0.000     0.000 r  
                                                      0.000     0.000 r  clk (IN)
                         net (fo=59650, unset)        0.000     0.000    u_softmax/clk
                         FDCE                                         r  u_softmax/clear_local_reg/C
  -------------------------------------------------------------------    -------------------
                         FDCE (Prop_FDCE_C_Q)         0.077     0.077 f  u_softmax/clear_local_reg/Q
                         net (fo=524, unplaced)       0.309     0.386    u_softmax/u_accuracy/u_reciprocal/clear
                         LUT4 (Prop_LUT4_I3_O)        0.038     0.424 r  u_softmax/u_accuracy/u_reciprocal/in_ready_INST_0/O
                         net (fo=6, unplaced)         0.254     0.678    u_softmax/u_accuracy/reciprocal_in_ready
                         LUT3 (Prop_LUT3_I2_O)        0.038     0.716 r  u_softmax/u_accuracy/slot_sum[2][30]_i_3/O
                         net (fo=5, unplaced)         0.250     0.966    u_softmax/u_accuracy/p_23_in
                         LUT5 (Prop_LUT5_I4_O)        0.038     1.004 r  u_softmax/u_accuracy/u_sum_i_34/O
                         net (fo=31, unplaced)        0.291     1.295    u_softmax/u_accuracy/add_bypass_same_slot
                         LUT3 (Prop_LUT3_I1_O)        0.038     1.333 r  u_softmax/u_accuracy/u_sum_i_8/O
                         net (fo=41, unplaced)        0.297     1.630    u_softmax/u_accuracy/u_sum/in_a_fp32[24]
                         LUT4 (Prop_LUT4_I3_O)        0.038     1.668 r  u_softmax/u_accuracy/u_sum/out_sum_reg[25]_i_11/O
                         net (fo=2, unplaced)         0.232     1.900    u_softmax/u_accuracy/u_sum/out_sum_reg[25]_i_11_n_0
                         LUT5 (Prop_LUT5_I1_O)        0.038     1.938 r  u_softmax/u_accuracy/u_sum/out_sum_reg[25]_i_6/O
                         net (fo=6, unplaced)         0.254     2.192    u_softmax/u_accuracy/u_sum/out_sum_reg[25]_i_6_n_0
                         LUT2 (Prop_LUT2_I0_O)        0.038     2.230 f  u_softmax/u_accuracy/u_sum/out_sum_reg[30]_i_74/O
                         net (fo=109, unplaced)       0.320     2.550    u_softmax/u_accuracy/u_sum/out_sum_reg[30]_i_74_n_0
                         LUT3 (Prop_LUT3_I2_O)        0.038     2.588 r  u_softmax/u_accuracy/u_sum/out_sum_reg[30]_i_57/O
                         net (fo=1, unplaced)         0.020     2.608    u_softmax/u_accuracy/u_sum/out_sum_reg[30]_i_57_n_0
                         CARRY8 (Prop_CARRY8_S[0]_CO[3])
                                                      0.186     2.794 r  u_softmax/u_accuracy/u_sum/out_sum_reg_reg[30]_i_23/CO[3]
                         net (fo=118, unplaced)       0.227     3.021    u_softmax/u_accuracy/u_sum/larger_significand1
                         LUT5 (Prop_LUT5_I4_O)        0.038     3.059 f  u_softmax/u_accuracy/u_sum/out_sum_reg[30]_i_115/O
                         net (fo=3, unplaced)         0.238     3.297    u_softmax/u_accuracy/u_sum/out_sum_reg[30]_i_115_n_0
                         LUT6 (Prop_LUT6_I2_O)        0.038     3.335 r  u_softmax/u_accuracy/u_sum/out_sum_reg[30]_i_117/O
                         net (fo=2, unplaced)         0.232     3.567    u_softmax/u_accuracy/u_sum/out_sum_reg[30]_i_117_n_0
                         LUT6 (Prop_LUT6_I1_O)        0.038     3.605 f  u_softmax/u_accuracy/u_sum/out_sum_reg[30]_i_72/O
                         net (fo=40, unplaced)        0.297     3.902    u_softmax/u_accuracy/u_sum/out_sum_reg[30]_i_72_n_0
                         LUT6 (Prop_LUT6_I2_O)        0.038     3.940 f  u_softmax/u_accuracy/u_sum/out_sum_reg[25]_i_40/O
                         net (fo=4, unplaced)         0.245     4.185    u_softmax/u_accuracy/u_sum/out_sum_reg[25]_i_40_n_0
                         LUT6 (Prop_LUT6_I0_O)        0.038     4.223 f  u_softmax/u_accuracy/u_sum/out_sum_reg[14]_i_22/O
                         net (fo=3, unplaced)         0.238     4.461    u_softmax/u_accuracy/u_sum/out_sum_reg[14]_i_22_n_0
                         LUT3 (Prop_LUT3_I0_O)        0.038     4.499 f  u_softmax/u_accuracy/u_sum/out_sum_reg[14]_i_31/O
                         net (fo=2, unplaced)         0.232     4.731    u_softmax/u_accuracy/u_sum/out_sum_reg[14]_i_31_n_0
                         LUT2 (Prop_LUT2_I1_O)        0.038     4.769 r  u_softmax/u_accuracy/u_sum/out_sum_reg[25]_i_38/O
                         net (fo=2, unplaced)         0.232     5.001    u_softmax/u_accuracy/u_sum/out_sum_reg[25]_i_38_n_0
                         LUT6 (Prop_LUT6_I5_O)        0.037     5.038 r  u_softmax/u_accuracy/u_sum/out_sum_reg[6]_i_17/O
                         net (fo=1, unplaced)         0.023     5.061    u_softmax/u_accuracy/u_sum/out_sum_reg[6]_i_17_n_0
                         CARRY8 (Prop_CARRY8_S[1]_CO[7])
                                                      0.197     5.258 r  u_softmax/u_accuracy/u_sum/out_sum_reg_reg[6]_i_3/CO[7]
                         net (fo=1, unplaced)         0.005     5.263    u_softmax/u_accuracy/u_sum/out_sum_reg_reg[6]_i_3_n_0
                         CARRY8 (Prop_CARRY8_CI_CO[7])
                                                      0.022     5.285 r  u_softmax/u_accuracy/u_sum/out_sum_reg_reg[14]_i_3/CO[7]
                         net (fo=1, unplaced)         0.005     5.290    u_softmax/u_accuracy/u_sum/out_sum_reg_reg[14]_i_3_n_0
                         CARRY8 (Prop_CARRY8_CI_CO[7])
                                                      0.022     5.312 r  u_softmax/u_accuracy/u_sum/out_sum_reg_reg[25]_i_8/CO[7]
                         net (fo=1, unplaced)         0.005     5.317    u_softmax/u_accuracy/u_sum/out_sum_reg_reg[25]_i_8_n_0
                         CARRY8 (Prop_CARRY8_CI_CO[0])
                                                      0.052     5.369 r  u_softmax/u_accuracy/u_sum/out_sum_reg_reg[25]_i_4/CO[0]
                         net (fo=63, unplaced)        0.307     5.676    u_softmax/u_accuracy/u_sum/p_0_in
                         LUT5 (Prop_LUT5_I4_O)        0.038     5.714 r  u_softmax/u_accuracy/u_sum/out_sum_reg[27]_i_5/O
                         net (fo=2, unplaced)         0.232     5.946    u_softmax/u_accuracy/u_sum/out_sum_reg[27]_i_5_n_0
                         LUT6 (Prop_LUT6_I2_O)        0.038     5.984 r  u_softmax/u_accuracy/u_sum/out_sum_reg[27]_i_2/O
                         net (fo=4, unplaced)         0.245     6.229    u_softmax/u_accuracy/u_sum/out_sum_reg[27]_i_2_n_0
                         LUT6 (Prop_LUT6_I2_O)        0.038     6.267 r  u_softmax/u_accuracy/u_sum/out_sum_reg[30]_i_22/O
                         net (fo=3, unplaced)         0.238     6.505    u_softmax/u_accuracy/u_sum/out_sum_reg[30]_i_22_n_0
                         LUT6 (Prop_LUT6_I2_O)        0.038     6.543 r  u_softmax/u_accuracy/u_sum/out_sum_reg[30]_i_5/O
                         net (fo=3, unplaced)         0.192     6.735    u_softmax/u_accuracy/u_sum/out_sum_reg[30]_i_5_n_0
                         LUT6 (Prop_LUT6_I2_O)        0.090     6.825 r  u_softmax/u_accuracy/u_sum/out_sum_reg[30]_i_29/O
                         net (fo=3, unplaced)         0.238     7.063    u_softmax/u_accuracy/u_sum/out_sum_reg[30]_i_29_n_0
                         LUT6 (Prop_LUT6_I5_O)        0.038     7.101 f  u_softmax/u_accuracy/u_sum/out_sum_reg[30]_i_8/O
                         net (fo=27, unplaced)        0.288     7.389    u_softmax/u_accuracy/u_sum/out_sum_reg[30]_i_8_n_0
                         LUT5 (Prop_LUT5_I4_O)        0.038     7.427 r  u_softmax/u_accuracy/u_sum/out_sum_reg[27]_i_1/O
                         net (fo=1, unplaced)         0.048     7.475    u_softmax/u_accuracy/u_sum/out_sum_reg__0[27]
                         FDCE                                         r  u_softmax/u_accuracy/u_sum/out_sum_reg_reg[27]/D
  -------------------------------------------------------------------    -------------------

                         (clock core_clk rise edge)
                                                      6.666     6.666 r  
                                                      0.000     6.666 r  clk (IN)
                         net (fo=59650, unset)        0.000     6.666    u_softmax/u_accuracy/u_sum/clk
                         FDCE                                         r  u_softmax/u_accuracy/u_sum/out_sum_reg_reg[27]/C
                         clock pessimism              0.000     6.666    
                         clock uncertainty           -0.035     6.631    
                         FDCE (Setup_FDCE_C_D)        0.025     6.656    u_softmax/u_accuracy/u_sum/out_sum_reg_reg[27]
  -------------------------------------------------------------------
                         required time                          6.656    
                         arrival time                          -7.475    
  -------------------------------------------------------------------
                         slack                                 -0.819    

Slack (VIOLATED) :        -0.819ns  (required time - arrival time)
  Source:                 u_softmax/clear_local_reg/C
                            (rising edge-triggered cell FDCE clocked by core_clk  {rise@0.000ns fall@3.333ns period=6.666ns})
  Destination:            u_softmax/u_accuracy/u_sum/out_sum_reg_reg[29]/D
                            (rising edge-triggered cell FDCE clocked by core_clk  {rise@0.000ns fall@3.333ns period=6.666ns})
  Path Group:             core_clk
  Path Type:              Setup (Max at Slow Process Corner)
  Requirement:            6.666ns  (core_clk rise@6.666ns - core_clk rise@0.000ns)
  Data Path Delay:        7.475ns  (logic 1.481ns (19.813%)  route 5.994ns (80.187%))
  Logic Levels:           28  (CARRY8=5 LUT2=3 LUT3=4 LUT4=2 LUT5=4 LUT6=10)
  Clock Uncertainty:      0.035ns  ((TSJ^2 + TIJ^2)^1/2 + DJ) / 2 + PE
    Total System Jitter     (TSJ):    0.071ns
    Total Input Jitter      (TIJ):    0.000ns
    Discrete Jitter          (DJ):    0.000ns
    Phase Error              (PE):    0.000ns

    Location             Delay type                Incr(ns)  Path(ns)    Netlist Resource(s)
  -------------------------------------------------------------------    -------------------
                         (clock core_clk rise edge)
                                                      0.000     0.000 r  
                                                      0.000     0.000 r  clk (IN)
                         net (fo=59650, unset)        0.000     0.000    u_softmax/clk
                         FDCE                                         r  u_softmax/clear_local_reg/C
  -------------------------------------------------------------------    -------------------
                         FDCE (Prop_FDCE_C_Q)         0.077     0.077 f  u_softmax/clear_local_reg/Q
                         net (fo=524, unplaced)       0.309     0.386    u_softmax/u_accuracy/u_reciprocal/clear
                         LUT4 (Prop_LUT4_I3_O)        0.038     0.424 r  u_softmax/u_accuracy/u_reciprocal/in_ready_INST_0/O
                         net (fo=6, unplaced)         0.254     0.678    u_softmax/u_accuracy/reciprocal_in_ready
                         LUT3 (Prop_LUT3_I2_O)        0.038     0.716 r  u_softmax/u_accuracy/slot_sum[2][30]_i_3/O
                         net (fo=5, unplaced)         0.250     0.966    u_softmax/u_accuracy/p_23_in
                         LUT5 (Prop_LUT5_I4_O)        0.038     1.004 r  u_softmax/u_accuracy/u_sum_i_34/O
                         net (fo=31, unplaced)        0.291     1.295    u_softmax/u_accuracy/add_bypass_same_slot
                         LUT3 (Prop_LUT3_I1_O)        0.038     1.333 r  u_softmax/u_accuracy/u_sum_i_8/O
                         net (fo=41, unplaced)        0.297     1.630    u_softmax/u_accuracy/u_sum/in_a_fp32[24]
                         LUT4 (Prop_LUT4_I3_O)        0.038     1.668 r  u_softmax/u_accuracy/u_sum/out_sum_reg[25]_i_11/O
                         net (fo=2, unplaced)         0.232     1.900    u_softmax/u_accuracy/u_sum/out_sum_reg[25]_i_11_n_0
                         LUT5 (Prop_LUT5_I1_O)        0.038     1.938 r  u_softmax/u_accuracy/u_sum/out_sum_reg[25]_i_6/O
                         net (fo=6, unplaced)         0.254     2.192    u_softmax/u_accuracy/u_sum/out_sum_reg[25]_i_6_n_0
                         LUT2 (Prop_LUT2_I0_O)        0.038     2.230 f  u_softmax/u_accuracy/u_sum/out_sum_reg[30]_i_74/O
                         net (fo=109, unplaced)       0.320     2.550    u_softmax/u_accuracy/u_sum/out_sum_reg[30]_i_74_n_0
                         LUT3 (Prop_LUT3_I2_O)        0.038     2.588 r  u_softmax/u_accuracy/u_sum/out_sum_reg[30]_i_57/O
                         net (fo=1, unplaced)         0.020     2.608    u_softmax/u_accuracy/u_sum/out_sum_reg[30]_i_57_n_0
                         CARRY8 (Prop_CARRY8_S[0]_CO[3])
                                                      0.186     2.794 r  u_softmax/u_accuracy/u_sum/out_sum_reg_reg[30]_i_23/CO[3]
                         net (fo=118, unplaced)       0.227     3.021    u_softmax/u_accuracy/u_sum/larger_significand1
                         LUT5 (Prop_LUT5_I4_O)        0.038     3.059 f  u_softmax/u_accuracy/u_sum/out_sum_reg[30]_i_115/O
                         net (fo=3, unplaced)         0.238     3.297    u_softmax/u_accuracy/u_sum/out_sum_reg[30]_i_115_n_0
                         LUT6 (Prop_LUT6_I2_O)        0.038     3.335 r  u_softmax/u_accuracy/u_sum/out_sum_reg[30]_i_117/O
                         net (fo=2, unplaced)         0.232     3.567    u_softmax/u_accuracy/u_sum/out_sum_reg[30]_i_117_n_0
                         LUT6 (Prop_LUT6_I1_O)        0.038     3.605 f  u_softmax/u_accuracy/u_sum/out_sum_reg[30]_i_72/O
                         net (fo=40, unplaced)        0.297     3.902    u_softmax/u_accuracy/u_sum/out_sum_reg[30]_i_72_n_0
                         LUT6 (Prop_LUT6_I2_O)        0.038     3.940 f  u_softmax/u_accuracy/u_sum/out_sum_reg[25]_i_40/O
                         net (fo=4, unplaced)         0.245     4.185    u_softmax/u_accuracy/u_sum/out_sum_reg[25]_i_40_n_0
                         LUT6 (Prop_LUT6_I0_O)        0.038     4.223 f  u_softmax/u_accuracy/u_sum/out_sum_reg[14]_i_22/O
                         net (fo=3, unplaced)         0.238     4.461    u_softmax/u_accuracy/u_sum/out_sum_reg[14]_i_22_n_0
                         LUT3 (Prop_LUT3_I0_O)        0.038     4.499 f  u_softmax/u_accuracy/u_sum/out_sum_reg[14]_i_31/O
                         net (fo=2, unplaced)         0.232     4.731    u_softmax/u_accuracy/u_sum/out_sum_reg[14]_i_31_n_0
                         LUT2 (Prop_LUT2_I1_O)        0.038     4.769 r  u_softmax/u_accuracy/u_sum/out_sum_reg[25]_i_38/O
                         net (fo=2, unplaced)         0.232     5.001    u_softmax/u_accuracy/u_sum/out_sum_reg[25]_i_38_n_0
                         LUT6 (Prop_LUT6_I5_O)        0.037     5.038 r  u_softmax/u_accuracy/u_sum/out_sum_reg[6]_i_17/O
                         net (fo=1, unplaced)         0.023     5.061    u_softmax/u_accuracy/u_sum/out_sum_reg[6]_i_17_n_0
                         CARRY8 (Prop_CARRY8_S[1]_CO[7])
                                                      0.197     5.258 r  u_softmax/u_accuracy/u_sum/out_sum_reg_reg[6]_i_3/CO[7]
                         net (fo=1, unplaced)         0.005     5.263    u_softmax/u_accuracy/u_sum/out_sum_reg_reg[6]_i_3_n_0
                         CARRY8 (Prop_CARRY8_CI_CO[7])
                                                      0.022     5.285 r  u_softmax/u_accuracy/u_sum/out_sum_reg_reg[14]_i_3/CO[7]
                         net (fo=1, unplaced)         0.005     5.290    u_softmax/u_accuracy/u_sum/out_sum_reg_reg[14]_i_3_n_0
                         CARRY8 (Prop_CARRY8_CI_CO[7])
                                                      0.022     5.312 r  u_softmax/u_accuracy/u_sum/out_sum_reg_reg[25]_i_8/CO[7]
                         net (fo=1, unplaced)         0.005     5.317    u_softmax/u_accuracy/u_sum/out_sum_reg_reg[25]_i_8_n_0
                         CARRY8 (Prop_CARRY8_CI_CO[0])
                                                      0.052     5.369 r  u_softmax/u_accuracy/u_sum/out_sum_reg_reg[25]_i_4/CO[0]
                         net (fo=63, unplaced)        0.307     5.676    u_softmax/u_accuracy/u_sum/p_0_in
                         LUT5 (Prop_LUT5_I4_O)        0.038     5.714 r  u_softmax/u_accuracy/u_sum/out_sum_reg[27]_i_5/O
                         net (fo=2, unplaced)         0.232     5.946    u_softmax/u_accuracy/u_sum/out_sum_reg[27]_i_5_n_0
                         LUT6 (Prop_LUT6_I2_O)        0.038     5.984 r  u_softmax/u_accuracy/u_sum/out_sum_reg[27]_i_2/O
                         net (fo=4, unplaced)         0.245     6.229    u_softmax/u_accuracy/u_sum/out_sum_reg[27]_i_2_n_0
                         LUT6 (Prop_LUT6_I2_O)        0.038     6.267 r  u_softmax/u_accuracy/u_sum/out_sum_reg[30]_i_22/O
                         net (fo=3, unplaced)         0.238     6.505    u_softmax/u_accuracy/u_sum/out_sum_reg[30]_i_22_n_0
                         LUT6 (Prop_LUT6_I2_O)        0.038     6.543 r  u_softmax/u_accuracy/u_sum/out_sum_reg[30]_i_5/O
                         net (fo=3, unplaced)         0.192     6.735    u_softmax/u_accuracy/u_sum/out_sum_reg[30]_i_5_n_0
                         LUT6 (Prop_LUT6_I2_O)        0.090     6.825 r  u_softmax/u_accuracy/u_sum/out_sum_reg[30]_i_29/O
                         net (fo=3, unplaced)         0.238     7.063    u_softmax/u_accuracy/u_sum/out_sum_reg[30]_i_29_n_0
                         LUT6 (Prop_LUT6_I5_O)        0.038     7.101 f  u_softmax/u_accuracy/u_sum/out_sum_reg[30]_i_8/O
                         net (fo=27, unplaced)        0.288     7.389    u_softmax/u_accuracy/u_sum/out_sum_reg[30]_i_8_n_0
                         LUT2 (Prop_LUT2_I1_O)        0.038     7.427 r  u_softmax/u_accuracy/u_sum/out_sum_reg[29]_i_1/O
                         net (fo=1, unplaced)         0.048     7.475    u_softmax/u_accuracy/u_sum/out_sum_reg__0[29]
                         FDCE                                         r  u_softmax/u_accuracy/u_sum/out_sum_reg_reg[29]/D
  -------------------------------------------------------------------    -------------------

                         (clock core_clk rise edge)
                                                      6.666     6.666 r  
                                                      0.000     6.666 r  clk (IN)
                         net (fo=59650, unset)        0.000     6.666    u_softmax/u_accuracy/u_sum/clk
                         FDCE                                         r  u_softmax/u_accuracy/u_sum/out_sum_reg_reg[29]/C
                         clock pessimism              0.000     6.666    
                         clock uncertainty           -0.035     6.631    
                         FDCE (Setup_FDCE_C_D)        0.025     6.656    u_softmax/u_accuracy/u_sum/out_sum_reg_reg[29]
  -------------------------------------------------------------------
                         required time                          6.656    
                         arrival time                          -7.475    
  -------------------------------------------------------------------
                         slack                                 -0.819    

Slack (VIOLATED) :        -0.819ns  (required time - arrival time)
  Source:                 u_softmax/clear_local_reg/C
                            (rising edge-triggered cell FDCE clocked by core_clk  {rise@0.000ns fall@3.333ns period=6.666ns})
  Destination:            u_softmax/u_accuracy/u_sum/out_sum_reg_reg[2]/D
                            (rising edge-triggered cell FDCE clocked by core_clk  {rise@0.000ns fall@3.333ns period=6.666ns})
  Path Group:             core_clk
  Path Type:              Setup (Max at Slow Process Corner)
  Requirement:            6.666ns  (core_clk rise@6.666ns - core_clk rise@0.000ns)
  Data Path Delay:        7.475ns  (logic 1.481ns (19.813%)  route 5.994ns (80.187%))
  Logic Levels:           28  (CARRY8=5 LUT2=2 LUT3=4 LUT4=2 LUT5=4 LUT6=11)
  Clock Uncertainty:      0.035ns  ((TSJ^2 + TIJ^2)^1/2 + DJ) / 2 + PE
    Total System Jitter     (TSJ):    0.071ns
    Total Input Jitter      (TIJ):    0.000ns
    Discrete Jitter          (DJ):    0.000ns
    Phase Error              (PE):    0.000ns

    Location             Delay type                Incr(ns)  Path(ns)    Netlist Resource(s)
  -------------------------------------------------------------------    -------------------
                         (clock core_clk rise edge)
                                                      0.000     0.000 r  
                                                      0.000     0.000 r  clk (IN)
                         net (fo=59650, unset)        0.000     0.000    u_softmax/clk
                         FDCE                                         r  u_softmax/clear_local_reg/C
  -------------------------------------------------------------------    -------------------
                         FDCE (Prop_FDCE_C_Q)         0.077     0.077 f  u_softmax/clear_local_reg/Q
                         net (fo=524, unplaced)       0.309     0.386    u_softmax/u_accuracy/u_reciprocal/clear
                         LUT4 (Prop_LUT4_I3_O)        0.038     0.424 r  u_softmax/u_accuracy/u_reciprocal/in_ready_INST_0/O
                         net (fo=6, unplaced)         0.254     0.678    u_softmax/u_accuracy/reciprocal_in_ready
                         LUT3 (Prop_LUT3_I2_O)        0.038     0.716 r  u_softmax/u_accuracy/slot_sum[2][30]_i_3/O
                         net (fo=5, unplaced)         0.250     0.966    u_softmax/u_accuracy/p_23_in
                         LUT5 (Prop_LUT5_I4_O)        0.038     1.004 r  u_softmax/u_accuracy/u_sum_i_34/O
                         net (fo=31, unplaced)        0.291     1.295    u_softmax/u_accuracy/add_bypass_same_slot
                         LUT3 (Prop_LUT3_I1_O)        0.038     1.333 r  u_softmax/u_accuracy/u_sum_i_8/O
                         net (fo=41, unplaced)        0.297     1.630    u_softmax/u_accuracy/u_sum/in_a_fp32[24]
                         LUT4 (Prop_LUT4_I3_O)        0.038     1.668 r  u_softmax/u_accuracy/u_sum/out_sum_reg[25]_i_11/O
                         net (fo=2, unplaced)         0.232     1.900    u_softmax/u_accuracy/u_sum/out_sum_reg[25]_i_11_n_0
                         LUT5 (Prop_LUT5_I1_O)        0.038     1.938 r  u_softmax/u_accuracy/u_sum/out_sum_reg[25]_i_6/O
                         net (fo=6, unplaced)         0.254     2.192    u_softmax/u_accuracy/u_sum/out_sum_reg[25]_i_6_n_0
                         LUT2 (Prop_LUT2_I0_O)        0.038     2.230 f  u_softmax/u_accuracy/u_sum/out_sum_reg[30]_i_74/O
                         net (fo=109, unplaced)       0.320     2.550    u_softmax/u_accuracy/u_sum/out_sum_reg[30]_i_74_n_0
                         LUT3 (Prop_LUT3_I2_O)        0.038     2.588 r  u_softmax/u_accuracy/u_sum/out_sum_reg[30]_i_57/O
                         net (fo=1, unplaced)         0.020     2.608    u_softmax/u_accuracy/u_sum/out_sum_reg[30]_i_57_n_0
                         CARRY8 (Prop_CARRY8_S[0]_CO[3])
                                                      0.186     2.794 r  u_softmax/u_accuracy/u_sum/out_sum_reg_reg[30]_i_23/CO[3]
                         net (fo=118, unplaced)       0.227     3.021    u_softmax/u_accuracy/u_sum/larger_significand1
                         LUT5 (Prop_LUT5_I4_O)        0.038     3.059 f  u_softmax/u_accuracy/u_sum/out_sum_reg[30]_i_115/O
                         net (fo=3, unplaced)         0.238     3.297    u_softmax/u_accuracy/u_sum/out_sum_reg[30]_i_115_n_0
                         LUT6 (Prop_LUT6_I2_O)        0.038     3.335 r  u_softmax/u_accuracy/u_sum/out_sum_reg[30]_i_117/O
                         net (fo=2, unplaced)         0.232     3.567    u_softmax/u_accuracy/u_sum/out_sum_reg[30]_i_117_n_0
                         LUT6 (Prop_LUT6_I1_O)        0.038     3.605 f  u_softmax/u_accuracy/u_sum/out_sum_reg[30]_i_72/O
                         net (fo=40, unplaced)        0.297     3.902    u_softmax/u_accuracy/u_sum/out_sum_reg[30]_i_72_n_0
                         LUT6 (Prop_LUT6_I2_O)        0.038     3.940 f  u_softmax/u_accuracy/u_sum/out_sum_reg[25]_i_40/O
                         net (fo=4, unplaced)         0.245     4.185    u_softmax/u_accuracy/u_sum/out_sum_reg[25]_i_40_n_0
                         LUT6 (Prop_LUT6_I0_O)        0.038     4.223 f  u_softmax/u_accuracy/u_sum/out_sum_reg[14]_i_22/O
                         net (fo=3, unplaced)         0.238     4.461    u_softmax/u_accuracy/u_sum/out_sum_reg[14]_i_22_n_0
                         LUT3 (Prop_LUT3_I0_O)        0.038     4.499 f  u_softmax/u_accuracy/u_sum/out_sum_reg[14]_i_31/O
                         net (fo=2, unplaced)         0.232     4.731    u_softmax/u_accuracy/u_sum/out_sum_reg[14]_i_31_n_0
                         LUT2 (Prop_LUT2_I1_O)        0.038     4.769 r  u_softmax/u_accuracy/u_sum/out_sum_reg[25]_i_38/O
                         net (fo=2, unplaced)         0.232     5.001    u_softmax/u_accuracy/u_sum/out_sum_reg[25]_i_38_n_0
                         LUT6 (Prop_LUT6_I5_O)        0.037     5.038 r  u_softmax/u_accuracy/u_sum/out_sum_reg[6]_i_17/O
                         net (fo=1, unplaced)         0.023     5.061    u_softmax/u_accuracy/u_sum/out_sum_reg[6]_i_17_n_0
                         CARRY8 (Prop_CARRY8_S[1]_CO[7])
                                                      0.197     5.258 r  u_softmax/u_accuracy/u_sum/out_sum_reg_reg[6]_i_3/CO[7]
                         net (fo=1, unplaced)         0.005     5.263    u_softmax/u_accuracy/u_sum/out_sum_reg_reg[6]_i_3_n_0
                         CARRY8 (Prop_CARRY8_CI_CO[7])
                                                      0.022     5.285 r  u_softmax/u_accuracy/u_sum/out_sum_reg_reg[14]_i_3/CO[7]
                         net (fo=1, unplaced)         0.005     5.290    u_softmax/u_accuracy/u_sum/out_sum_reg_reg[14]_i_3_n_0
                         CARRY8 (Prop_CARRY8_CI_CO[7])
                                                      0.022     5.312 r  u_softmax/u_accuracy/u_sum/out_sum_reg_reg[25]_i_8/CO[7]
                         net (fo=1, unplaced)         0.005     5.317    u_softmax/u_accuracy/u_sum/out_sum_reg_reg[25]_i_8_n_0
                         CARRY8 (Prop_CARRY8_CI_CO[0])
                                                      0.052     5.369 r  u_softmax/u_accuracy/u_sum/out_sum_reg_reg[25]_i_4/CO[0]
                         net (fo=63, unplaced)        0.307     5.676    u_softmax/u_accuracy/u_sum/p_0_in
                         LUT5 (Prop_LUT5_I4_O)        0.038     5.714 r  u_softmax/u_accuracy/u_sum/out_sum_reg[27]_i_5/O
                         net (fo=2, unplaced)         0.232     5.946    u_softmax/u_accuracy/u_sum/out_sum_reg[27]_i_5_n_0
                         LUT6 (Prop_LUT6_I2_O)        0.038     5.984 r  u_softmax/u_accuracy/u_sum/out_sum_reg[27]_i_2/O
                         net (fo=4, unplaced)         0.245     6.229    u_softmax/u_accuracy/u_sum/out_sum_reg[27]_i_2_n_0
                         LUT6 (Prop_LUT6_I2_O)        0.038     6.267 r  u_softmax/u_accuracy/u_sum/out_sum_reg[30]_i_22/O
                         net (fo=3, unplaced)         0.238     6.505    u_softmax/u_accuracy/u_sum/out_sum_reg[30]_i_22_n_0
                         LUT6 (Prop_LUT6_I2_O)        0.038     6.543 r  u_softmax/u_accuracy/u_sum/out_sum_reg[30]_i_5/O
                         net (fo=3, unplaced)         0.192     6.735    u_softmax/u_accuracy/u_sum/out_sum_reg[30]_i_5_n_0
                         LUT6 (Prop_LUT6_I2_O)        0.090     6.825 r  u_softmax/u_accuracy/u_sum/out_sum_reg[30]_i_29/O
                         net (fo=3, unplaced)         0.238     7.063    u_softmax/u_accuracy/u_sum/out_sum_reg[30]_i_29_n_0
                         LUT6 (Prop_LUT6_I5_O)        0.038     7.101 f  u_softmax/u_accuracy/u_sum/out_sum_reg[30]_i_8/O
                         net (fo=27, unplaced)        0.288     7.389    u_softmax/u_accuracy/u_sum/out_sum_reg[30]_i_8_n_0
                         LUT6 (Prop_LUT6_I5_O)        0.038     7.427 r  u_softmax/u_accuracy/u_sum/out_sum_reg[2]_i_1/O
                         net (fo=1, unplaced)         0.048     7.475    u_softmax/u_accuracy/u_sum/out_sum_reg__0[2]
                         FDCE                                         r  u_softmax/u_accuracy/u_sum/out_sum_reg_reg[2]/D
  -------------------------------------------------------------------    -------------------

                         (clock core_clk rise edge)
                                                      6.666     6.666 r  
                                                      0.000     6.666 r  clk (IN)
                         net (fo=59650, unset)        0.000     6.666    u_softmax/u_accuracy/u_sum/clk
                         FDCE                                         r  u_softmax/u_accuracy/u_sum/out_sum_reg_reg[2]/C
                         clock pessimism              0.000     6.666    
                         clock uncertainty           -0.035     6.631    
                         FDCE (Setup_FDCE_C_D)        0.025     6.656    u_softmax/u_accuracy/u_sum/out_sum_reg_reg[2]
  -------------------------------------------------------------------
                         required time                          6.656    
                         arrival time                          -7.475    
  -------------------------------------------------------------------
                         slack                                 -0.819    

Slack (VIOLATED) :        -0.819ns  (required time - arrival time)
  Source:                 u_softmax/clear_local_reg/C
                            (rising edge-triggered cell FDCE clocked by core_clk  {rise@0.000ns fall@3.333ns period=6.666ns})
  Destination:            u_softmax/u_accuracy/u_sum/out_sum_reg_reg[30]/D
                            (rising edge-triggered cell FDCE clocked by core_clk  {rise@0.000ns fall@3.333ns period=6.666ns})
  Path Group:             core_clk
  Path Type:              Setup (Max at Slow Process Corner)
  Requirement:            6.666ns  (core_clk rise@6.666ns - core_clk rise@0.000ns)
  Data Path Delay:        7.475ns  (logic 1.481ns (19.813%)  route 5.994ns (80.187%))
  Logic Levels:           28  (CARRY8=5 LUT2=2 LUT3=4 LUT4=2 LUT5=4 LUT6=11)
  Clock Uncertainty:      0.035ns  ((TSJ^2 + TIJ^2)^1/2 + DJ) / 2 + PE
    Total System Jitter     (TSJ):    0.071ns
    Total Input Jitter      (TIJ):    0.000ns
    Discrete Jitter          (DJ):    0.000ns
    Phase Error              (PE):    0.000ns

    Location             Delay type                Incr(ns)  Path(ns)    Netlist Resource(s)
  -------------------------------------------------------------------    -------------------
                         (clock core_clk rise edge)
                                                      0.000     0.000 r  
                                                      0.000     0.000 r  clk (IN)
                         net (fo=59650, unset)        0.000     0.000    u_softmax/clk
                         FDCE                                         r  u_softmax/clear_local_reg/C
  -------------------------------------------------------------------    -------------------
                         FDCE (Prop_FDCE_C_Q)         0.077     0.077 f  u_softmax/clear_local_reg/Q
                         net (fo=524, unplaced)       0.309     0.386    u_softmax/u_accuracy/u_reciprocal/clear
                         LUT4 (Prop_LUT4_I3_O)        0.038     0.424 r  u_softmax/u_accuracy/u_reciprocal/in_ready_INST_0/O
                         net (fo=6, unplaced)         0.254     0.678    u_softmax/u_accuracy/reciprocal_in_ready
                         LUT3 (Prop_LUT3_I2_O)        0.038     0.716 r  u_softmax/u_accuracy/slot_sum[2][30]_i_3/O
                         net (fo=5, unplaced)         0.250     0.966    u_softmax/u_accuracy/p_23_in
                         LUT5 (Prop_LUT5_I4_O)        0.038     1.004 r  u_softmax/u_accuracy/u_sum_i_34/O
                         net (fo=31, unplaced)        0.291     1.295    u_softmax/u_accuracy/add_bypass_same_slot
                         LUT3 (Prop_LUT3_I1_O)        0.038     1.333 r  u_softmax/u_accuracy/u_sum_i_8/O
                         net (fo=41, unplaced)        0.297     1.630    u_softmax/u_accuracy/u_sum/in_a_fp32[24]
                         LUT4 (Prop_LUT4_I3_O)        0.038     1.668 r  u_softmax/u_accuracy/u_sum/out_sum_reg[25]_i_11/O
                         net (fo=2, unplaced)         0.232     1.900    u_softmax/u_accuracy/u_sum/out_sum_reg[25]_i_11_n_0
                         LUT5 (Prop_LUT5_I1_O)        0.038     1.938 r  u_softmax/u_accuracy/u_sum/out_sum_reg[25]_i_6/O
                         net (fo=6, unplaced)         0.254     2.192    u_softmax/u_accuracy/u_sum/out_sum_reg[25]_i_6_n_0
                         LUT2 (Prop_LUT2_I0_O)        0.038     2.230 f  u_softmax/u_accuracy/u_sum/out_sum_reg[30]_i_74/O
                         net (fo=109, unplaced)       0.320     2.550    u_softmax/u_accuracy/u_sum/out_sum_reg[30]_i_74_n_0
                         LUT3 (Prop_LUT3_I2_O)        0.038     2.588 r  u_softmax/u_accuracy/u_sum/out_sum_reg[30]_i_57/O
                         net (fo=1, unplaced)         0.020     2.608    u_softmax/u_accuracy/u_sum/out_sum_reg[30]_i_57_n_0
                         CARRY8 (Prop_CARRY8_S[0]_CO[3])
                                                      0.186     2.794 r  u_softmax/u_accuracy/u_sum/out_sum_reg_reg[30]_i_23/CO[3]
                         net (fo=118, unplaced)       0.227     3.021    u_softmax/u_accuracy/u_sum/larger_significand1
                         LUT5 (Prop_LUT5_I4_O)        0.038     3.059 f  u_softmax/u_accuracy/u_sum/out_sum_reg[30]_i_115/O
                         net (fo=3, unplaced)         0.238     3.297    u_softmax/u_accuracy/u_sum/out_sum_reg[30]_i_115_n_0
                         LUT6 (Prop_LUT6_I2_O)        0.038     3.335 r  u_softmax/u_accuracy/u_sum/out_sum_reg[30]_i_117/O
                         net (fo=2, unplaced)         0.232     3.567    u_softmax/u_accuracy/u_sum/out_sum_reg[30]_i_117_n_0
                         LUT6 (Prop_LUT6_I1_O)        0.038     3.605 f  u_softmax/u_accuracy/u_sum/out_sum_reg[30]_i_72/O
                         net (fo=40, unplaced)        0.297     3.902    u_softmax/u_accuracy/u_sum/out_sum_reg[30]_i_72_n_0
                         LUT6 (Prop_LUT6_I2_O)        0.038     3.940 f  u_softmax/u_accuracy/u_sum/out_sum_reg[25]_i_40/O
                         net (fo=4, unplaced)         0.245     4.185    u_softmax/u_accuracy/u_sum/out_sum_reg[25]_i_40_n_0
                         LUT6 (Prop_LUT6_I0_O)        0.038     4.223 f  u_softmax/u_accuracy/u_sum/out_sum_reg[14]_i_22/O
                         net (fo=3, unplaced)         0.238     4.461    u_softmax/u_accuracy/u_sum/out_sum_reg[14]_i_22_n_0
                         LUT3 (Prop_LUT3_I0_O)        0.038     4.499 f  u_softmax/u_accuracy/u_sum/out_sum_reg[14]_i_31/O
                         net (fo=2, unplaced)         0.232     4.731    u_softmax/u_accuracy/u_sum/out_sum_reg[14]_i_31_n_0
                         LUT2 (Prop_LUT2_I1_O)        0.038     4.769 r  u_softmax/u_accuracy/u_sum/out_sum_reg[25]_i_38/O
                         net (fo=2, unplaced)         0.232     5.001    u_softmax/u_accuracy/u_sum/out_sum_reg[25]_i_38_n_0
                         LUT6 (Prop_LUT6_I5_O)        0.037     5.038 r  u_softmax/u_accuracy/u_sum/out_sum_reg[6]_i_17/O
                         net (fo=1, unplaced)         0.023     5.061    u_softmax/u_accuracy/u_sum/out_sum_reg[6]_i_17_n_0
                         CARRY8 (Prop_CARRY8_S[1]_CO[7])
                                                      0.197     5.258 r  u_softmax/u_accuracy/u_sum/out_sum_reg_reg[6]_i_3/CO[7]
                         net (fo=1, unplaced)         0.005     5.263    u_softmax/u_accuracy/u_sum/out_sum_reg_reg[6]_i_3_n_0
                         CARRY8 (Prop_CARRY8_CI_CO[7])
                                                      0.022     5.285 r  u_softmax/u_accuracy/u_sum/out_sum_reg_reg[14]_i_3/CO[7]
                         net (fo=1, unplaced)         0.005     5.290    u_softmax/u_accuracy/u_sum/out_sum_reg_reg[14]_i_3_n_0
                         CARRY8 (Prop_CARRY8_CI_CO[7])
                                                      0.022     5.312 r  u_softmax/u_accuracy/u_sum/out_sum_reg_reg[25]_i_8/CO[7]
                         net (fo=1, unplaced)         0.005     5.317    u_softmax/u_accuracy/u_sum/out_sum_reg_reg[25]_i_8_n_0
                         CARRY8 (Prop_CARRY8_CI_CO[0])
                                                      0.052     5.369 r  u_softmax/u_accuracy/u_sum/out_sum_reg_reg[25]_i_4/CO[0]
                         net (fo=63, unplaced)        0.307     5.676    u_softmax/u_accuracy/u_sum/p_0_in
                         LUT5 (Prop_LUT5_I4_O)        0.038     5.714 r  u_softmax/u_accuracy/u_sum/out_sum_reg[27]_i_5/O
                         net (fo=2, unplaced)         0.232     5.946    u_softmax/u_accuracy/u_sum/out_sum_reg[27]_i_5_n_0
                         LUT6 (Prop_LUT6_I2_O)        0.038     5.984 r  u_softmax/u_accuracy/u_sum/out_sum_reg[27]_i_2/O
                         net (fo=4, unplaced)         0.245     6.229    u_softmax/u_accuracy/u_sum/out_sum_reg[27]_i_2_n_0
                         LUT6 (Prop_LUT6_I2_O)        0.038     6.267 r  u_softmax/u_accuracy/u_sum/out_sum_reg[30]_i_22/O
                         net (fo=3, unplaced)         0.238     6.505    u_softmax/u_accuracy/u_sum/out_sum_reg[30]_i_22_n_0
                         LUT6 (Prop_LUT6_I2_O)        0.038     6.543 r  u_softmax/u_accuracy/u_sum/out_sum_reg[30]_i_5/O
                         net (fo=3, unplaced)         0.192     6.735    u_softmax/u_accuracy/u_sum/out_sum_reg[30]_i_5_n_0
                         LUT6 (Prop_LUT6_I2_O)        0.090     6.825 r  u_softmax/u_accuracy/u_sum/out_sum_reg[30]_i_29/O
                         net (fo=3, unplaced)         0.238     7.063    u_softmax/u_accuracy/u_sum/out_sum_reg[30]_i_29_n_0
                         LUT6 (Prop_LUT6_I5_O)        0.038     7.101 f  u_softmax/u_accuracy/u_sum/out_sum_reg[30]_i_8/O
                         net (fo=27, unplaced)        0.288     7.389    u_softmax/u_accuracy/u_sum/out_sum_reg[30]_i_8_n_0
                         LUT6 (Prop_LUT6_I5_O)        0.038     7.427 r  u_softmax/u_accuracy/u_sum/out_sum_reg[30]_i_2/O
                         net (fo=1, unplaced)         0.048     7.475    u_softmax/u_accuracy/u_sum/out_sum_reg__0[30]
                         FDCE                                         r  u_softmax/u_accuracy/u_sum/out_sum_reg_reg[30]/D
  -------------------------------------------------------------------    -------------------

                         (clock core_clk rise edge)
                                                      6.666     6.666 r  
                                                      0.000     6.666 r  clk (IN)
                         net (fo=59650, unset)        0.000     6.666    u_softmax/u_accuracy/u_sum/clk
                         FDCE                                         r  u_softmax/u_accuracy/u_sum/out_sum_reg_reg[30]/C
                         clock pessimism              0.000     6.666    
                         clock uncertainty           -0.035     6.631    
                         FDCE (Setup_FDCE_C_D)        0.025     6.656    u_softmax/u_accuracy/u_sum/out_sum_reg_reg[30]
  -------------------------------------------------------------------
                         required time                          6.656    
                         arrival time                          -7.475    
  -------------------------------------------------------------------
                         slack                                 -0.819    




